category,severity,book_id,title,date,description,suggestion
UNMAPPED_BOOK,WARNING,AM-KID-001,መዓዛ ቅዳሴ በአማርኛ,NONE,Book completely unmapped to calendar or season (Category=TSE),"Evaluate if this prayer should be mapped to ALWAYS, a specific season, or a saint feast"
UNMAPPED_BOOK,WARNING,AM-MEN-001,መንገደ ሰማይ በአማርኛ,NONE,Book completely unmapped to calendar or season (Category=TSE),"Evaluate if this prayer should be mapped to ALWAYS, a specific season, or a saint feast"
UNMAPPED_BOOK,WARNING,AM-SBT-001,የሰባት (፯) ቁጥር ምስጢራትና ምሉዕነት,NONE,Book completely unmapped to calendar or season (Category=TSE),"Evaluate if this prayer should be mapped to ALWAYS, a specific season, or a saint feast"
UNMAPPED_BOOK,WARNING,GZ-DRS-006,ድርሳን ዘብጹዕ ፊሳልጎስ በግእዝ,NONE,Book completely unmapped to calendar or season (Category=DRS),"Evaluate if this prayer should be mapped to ALWAYS, a specific season, or a saint feast"
UNMAPPED_BOOK,WARNING,GZ-MEL-067,መልክዐ ቍርባን በግዕዝ,NONE,Book completely unmapped to calendar or season (Category=MEL),"Evaluate if this prayer should be mapped to ALWAYS, a specific season, or a saint feast"
UNMAPPED_BOOK,WARNING,GZ-MTS-002,መጽሐፈ ሕይወት ዘትሰመይ ልፋፈ ጽድቅ በግእዝ,NONE,Book completely unmapped to calendar or season (Category=MTS),"Evaluate if this prayer should be mapped to ALWAYS, a specific season, or a saint feast"
UNMAPPED_BOOK,WARNING,GZ-TBB-001,ጥበበ ሰሎሞን በግእዝ,NONE,Book completely unmapped to calendar or season (Category=TBB),"Evaluate if this prayer should be mapped to ALWAYS, a specific season, or a saint feast"
UNMAPPED_BOOK,WARNING,GZ-TUL-001,መጽሐፈ ቱላዳን በግእዝ,NONE,Book completely unmapped to calendar or season (Category=MET),"Evaluate if this prayer should be mapped to ALWAYS, a specific season, or a saint feast"
UNMAPPED_BOOK,WARNING,GZ-ZNA-001,ዜናሁ ለንጉሠ ነገሥት በካፋ በግእዝ,NONE,Book completely unmapped to calendar or season (Category=ZNA),"Evaluate if this prayer should be mapped to ALWAYS, a specific season, or a saint feast"
UNMAPPED_BOOK,WARNING,GZ-ZNA-003,ዜና ሕይወቱ ለንጉሥ ላልይበላ በግእዝ,NONE,Book completely unmapped to calendar or season (Category=ZNA),"Evaluate if this prayer should be mapped to ALWAYS, a specific season, or a saint feast"
TRUNCATED_MONTHLY_CYCLE,ERROR,AM-GDL-005,ገድለ ቅድስት ክርስቶስ ሠምራ በአማርኛ,Day 12,"Matches monthly saint 'ክርስቶስ ሠምራ' but covers only 1/12 months. Missing months: [1, 2, 3, 4, 5, 6, 7, 8, 10, 11, 12]",Expand mapping to all 12 months for day 12
TRUNCATED_MONTHLY_CYCLE,ERROR,GZ-GDL-019,ገድለ ቅድስት ክርስቶስ ሠምራ በግእዝ,Day 12,"Matches monthly saint 'ክርስቶስ ሠምራ' but covers only 1/12 months. Missing months: [1, 2, 3, 4, 5, 6, 7, 8, 10, 11, 12]",Expand mapping to all 12 months for day 12
TRUNCATED_MONTHLY_CYCLE,ERROR,GZ-MEL-143,መልክዐ ክርስቶስ ሠምራ በግእዝ,Day 12,"Matches monthly saint 'ክርስቶስ ሠምራ' but covers only 1/12 months. Missing months: [1, 2, 3, 4, 5, 6, 7, 8, 10, 11, 12]",Expand mapping to all 12 months for day 12
TRUNCATED_MONTHLY_CYCLE,ERROR,GZ-MEL-153,መልክዐ ገብረ ክርስቶስ በግእዝ,Day 14,"Matches monthly saint 'ገብረ ክርስቶስ መርዓዊ' but covers only 1/12 months. Missing months: [1, 3, 4, 5, 6, 7, 8, 9, 10, 11, 12]",Expand mapping to all 12 months for day 14
TRUNCATED_MONTHLY_CYCLE,ERROR,GZ-MEL-014,መልክዐ ሊቀ መላእክት ቅዱስ ገብርኤል ካልዕ (ደቅስዮስ) በግእዝ,Day 22,"Matches monthly saint 'ደቅስዮስ' but covers only 1/12 months. Missing months: [1, 2, 3, 5, 6, 7, 8, 9, 10, 11, 12]",Expand mapping to all 12 months for day 22
TRUNCATED_MONTHLY_CYCLE,ERROR,GZ-MEL-084,መልክዐ አቡነ ሳሙኤል በግእዝ ሣልስ በግእዝ,Day 23,"Matches monthly saint 'ሳሙኤል' but covers only 1/12 months. Missing months: [1, 2, 3, 5, 6, 7, 8, 9, 10, 11, 12]",Expand mapping to all 12 months for day 23
TRUNCATED_MONTHLY_CYCLE,ERROR,GZ-ZNA-002,ዜናሁ ለንጉሥ ገላውዴዎስ በግእዝ,Day 27,"Matches monthly saint 'ገላውዴዎስ ሰማዕት' but covers only 1/12 months. Missing months: [1, 2, 3, 4, 5, 6, 8, 9, 10, 11, 12]",Expand mapping to all 12 months for day 27
TRUNCATED_MONTHLY_CYCLE,ERROR,AM-GDL-008,ገድለ ሰማዕት ቅድስት አርሴማ በአማርኛ,Day 29,"Matches monthly saint 'አርሴማ ድንግል' but covers only 1/12 months. Missing months: [2, 3, 4, 5, 6, 7, 8, 9, 10, 11, 12]",Expand mapping to all 12 months for day 29
TRUNCATED_MONTHLY_CYCLE,ERROR,GZ-GDL-033,ገድለ ሰማዕት ቅድስት አርሴማ በግእዝ,Day 29,"Matches monthly saint 'አርሴማ ድንግል' but covers only 1/12 months. Missing months: [2, 3, 4, 5, 6, 7, 8, 9, 10, 11, 12]",Expand mapping to all 12 months for day 29
TRUNCATED_MONTHLY_CYCLE,ERROR,GZ-MEL-042,መልክዐ ሰማዕት ቅድስት አርሴማ በግእዝ,Day 29,"Matches monthly saint 'አርሴማ ድንግል' but covers only 1/12 months. Missing months: [2, 3, 4, 5, 6, 7, 8, 9, 10, 11, 12]",Expand mapping to all 12 months for day 29
UNVERIFIED_ANNUAL_FEAST,WARNING,GZ-MEL-144,መልክዐ ዐቢብ ካልዕ በግእዝ,2/25,"Book marked annual on ጥቅምት 25, but Sinksar has no matching commemoration for this saint on this date",Verify theological calendar date for this annual feast
UNVERIFIED_ANNUAL_FEAST,WARNING,GZ-MEL-144,መልክዐ ዐቢብ ካልዕ በግእዝ,8/15,"Book marked annual on ሚያዝያ 15, but Sinksar has no matching commemoration for this saint on this date",Verify theological calendar date for this annual feast
UNVERIFIED_ANNUAL_FEAST,WARNING,GZ-MEL-060,መልክዐ ቅዱስ ዮሐንስ መጥምቅ በግእዝ,1/1,"Book marked annual on መስከረም 1, but Sinksar has no matching commemoration for this saint on this date",Verify theological calendar date for this annual feast
UNVERIFIED_ANNUAL_FEAST,WARNING,GZ-MEL-060,መልክዐ ቅዱስ ዮሐንስ መጥምቅ በግእዝ,1/2,"Book marked annual on መስከረም 2, but Sinksar has no matching commemoration for this saint on this date",Verify theological calendar date for this annual feast
UNVERIFIED_ANNUAL_FEAST,WARNING,GZ-MEL-060,መልክዐ ቅዱስ ዮሐንስ መጥምቅ በግእዝ,6/30,"Book marked annual on የካቲት 30, but Sinksar has no matching commemoration for this saint on this date",Verify theological calendar date for this annual feast
UNVERIFIED_ANNUAL_FEAST,WARNING,GZ-MEL-060,መልክዐ ቅዱስ ዮሐንስ መጥምቅ በግእዝ,8/15,"Book marked annual on ሚያዝያ 15, but Sinksar has no matching commemoration for this saint on this date",Verify theological calendar date for this annual feast
UNVERIFIED_ANNUAL_FEAST,WARNING,GZ-MEL-060,መልክዐ ቅዱስ ዮሐንስ መጥምቅ በግእዝ,10/2,"Book marked annual on ሰኔ 2, but Sinksar has no matching commemoration for this saint on this date",Verify theological calendar date for this annual feast
UNVERIFIED_ANNUAL_FEAST,WARNING,GZ-MEL-060,መልክዐ ቅዱስ ዮሐንስ መጥምቅ በግእዝ,10/30,"Book marked annual on ሰኔ 30, but Sinksar has no matching commemoration for this saint on this date",Verify theological calendar date for this annual feast
UNVERIFIED_ANNUAL_FEAST,WARNING,AM-MEL-048,የቅዱስ ዮሐንስ መጥምቅ መልክዕ በአማርኛ,1/1,"Book marked annual on መስከረም 1, but Sinksar has no matching commemoration for this saint on this date",Verify theological calendar date for this annual feast
UNVERIFIED_ANNUAL_FEAST,WARNING,AM-MEL-048,የቅዱስ ዮሐንስ መጥምቅ መልክዕ በአማርኛ,1/2,"Book marked annual on መስከረም 2, but Sinksar has no matching commemoration for this saint on this date",Verify theological calendar date for this annual feast
UNVERIFIED_ANNUAL_FEAST,WARNING,AM-MEL-048,የቅዱስ ዮሐንስ መጥምቅ መልክዕ በአማርኛ,6/30,"Book marked annual on የካቲት 30, but Sinksar has no matching commemoration for this saint on this date",Verify theological calendar date for this annual feast
UNVERIFIED_ANNUAL_FEAST,WARNING,AM-MEL-048,የቅዱስ ዮሐንስ መጥምቅ መልክዕ በአማርኛ,8/15,"Book marked annual on ሚያዝያ 15, but Sinksar has no matching commemoration for this saint on this date",Verify theological calendar date for this annual feast
UNVERIFIED_ANNUAL_FEAST,WARNING,AM-MEL-048,የቅዱስ ዮሐንስ መጥምቅ መልክዕ በአማርኛ,10/2,"Book marked annual on ሰኔ 2, but Sinksar has no matching commemoration for this saint on this date",Verify theological calendar date for this annual feast
UNVERIFIED_ANNUAL_FEAST,WARNING,AM-MEL-048,የቅዱስ ዮሐንስ መጥምቅ መልክዕ በአማርኛ,10/30,"Book marked annual on ሰኔ 30, but Sinksar has no matching commemoration for this saint on this date",Verify theological calendar date for this annual feast
UNVERIFIED_ANNUAL_FEAST,WARNING,GZ-MEL-091,መልክዐ አቡነ ተከስተ ብርሃን በግእዝ,7/10,"Book marked annual on መጋቢት 10, but Sinksar has no matching commemoration for this saint on this date",Verify theological calendar date for this annual feast
UNVERIFIED_ANNUAL_FEAST,WARNING,AM-MEL-056,የአቡነ ተከስተ ብርሃን መልክዕ በአማርኛ,7/10,"Book marked annual on መጋቢት 10, but Sinksar has no matching commemoration for this saint on this date",Verify theological calendar date for this annual feast
UNVERIFIED_ANNUAL_FEAST,WARNING,GZ-MEL-096,መልክዐ አቡነ አባለ ክርስቶስ በግእዝ,6/19,"Book marked annual on የካቲት 19, but Sinksar has no matching commemoration for this saint on this date",Verify theological calendar date for this annual feast
UNVERIFIED_ANNUAL_FEAST,WARNING,AM-MEL-060,የአቡነ አባለ ክርስቶስ ጻድቅ መልክዕ በአማርኛ,6/19,"Book marked annual on የካቲት 19, but Sinksar has no matching commemoration for this saint on this date",Verify theological calendar date for this annual feast
UNVERIFIED_ANNUAL_FEAST,WARNING,GZ-MEL-098,መልክዐ አቡነ አብርሃም በግእዝ,11/7,"Book marked annual on ሐምሌ 7, but Sinksar has no matching commemoration for this saint on this date",Verify theological calendar date for this annual feast
UNVERIFIED_ANNUAL_FEAST,WARNING,AM-MEL-063,የአባታችን አብርሃም መልክዕ በአማርኛ,11/7,"Book marked annual on ሐምሌ 7, but Sinksar has no matching commemoration for this saint on this date",Verify theological calendar date for this annual feast
UNVERIFIED_ANNUAL_FEAST,WARNING,GZ-GDL-011,ገድለ አቡነ ፊልጶስ በግእዝ,11/28,"Book marked annual on ሐምሌ 28, but Sinksar has no matching commemoration for this saint on this date",Verify theological calendar date for this annual feast
UNVERIFIED_ANNUAL_FEAST,WARNING,GZ-MEL-118,መልክዐ አቡነ ፊልጶስ በግእዝ,11/28,"Book marked annual on ሐምሌ 28, but Sinksar has no matching commemoration for this saint on this date",Verify theological calendar date for this annual feast
UNVERIFIED_ANNUAL_FEAST,WARNING,GZ-GDL-020,ገድለ አቡነ ፊልሞና በግእዝ,4/22,"Book marked annual on ታኅሣሥ 22, but Sinksar has no matching commemoration for this saint on this date",Verify theological calendar date for this annual feast
UNVERIFIED_ANNUAL_FEAST,WARNING,GZ-MEL-117,መልክዐ አቡነ ፊልሞና በግእዝ,4/22,"Book marked annual on ታኅሣሥ 22, but Sinksar has no matching commemoration for this saint on this date",Verify theological calendar date for this annual feast
UNVERIFIED_ANNUAL_FEAST,WARNING,GZ-GDL-028,ገድለ አቡነ ዳንኤል በግእዝ,3/6,"Book marked annual on ኅዳር 6, but Sinksar has no matching commemoration for this saint on this date",Verify theological calendar date for this annual feast
UNVERIFIED_ANNUAL_FEAST,WARNING,GZ-MEL-114,መልክዐ አቡነ ዳንኤል በግእዝ,3/6,"Book marked annual on ኅዳር 6, but Sinksar has no matching commemoration for this saint on this date",Verify theological calendar date for this annual feast
UNVERIFIED_ANNUAL_FEAST,WARNING,GZ-DRS-002,ድርሳነ መስቀል በግእዝ,3/8,"Book marked annual on ኅዳር 8, but Sinksar has no matching commemoration for this saint on this date",Verify theological calendar date for this annual feast
UNVERIFIED_ANNUAL_FEAST,WARNING,AM-DRS-008,ድርሳነ መስቀል በአማርኛ,3/8,"Book marked annual on ኅዳር 8, but Sinksar has no matching commemoration for this saint on this date",Verify theological calendar date for this annual feast
UNVERIFIED_ANNUAL_FEAST,WARNING,GZ-DRS-007,ድርሳን ዘቅዱስ ኢያቄም ወቅድስት ሐና በግእዝ,1/7,"Book marked annual on መስከረም 7, but Sinksar has no matching commemoration for this saint on this date",Verify theological calendar date for this annual feast
UNVERIFIED_ANNUAL_FEAST,WARNING,GZ-DRS-007,ድርሳን ዘቅዱስ ኢያቄም ወቅድስት ሐና በግእዝ,3/11,"Book marked annual on ኅዳር 11, but Sinksar has no matching commemoration for this saint on this date",Verify theological calendar date for this annual feast
UNVERIFIED_ANNUAL_FEAST,WARNING,GZ-DRS-007,ድርሳን ዘቅዱስ ኢያቄም ወቅድስት ሐና በግእዝ,4/13,"Book marked annual on ታኅሣሥ 13, but Sinksar has no matching commemoration for this saint on this date",Verify theological calendar date for this annual feast
UNVERIFIED_ANNUAL_FEAST,WARNING,AM-DRS-001,የቅዱስ ኢያቄምና- የቅድስት ሐና ድርሳን በአማርኛ,1/7,"Book marked annual on መስከረም 7, but Sinksar has no matching commemoration for this saint on this date",Verify theological calendar date for this annual feast
UNVERIFIED_ANNUAL_FEAST,WARNING,AM-DRS-001,የቅዱስ ኢያቄምና- የቅድስት ሐና ድርሳን በአማርኛ,1/12,"Book marked annual on መስከረም 12, but Sinksar has no matching commemoration for this saint on this date",Verify theological calendar date for this annual feast
UNVERIFIED_ANNUAL_FEAST,WARNING,AM-DRS-001,የቅዱስ ኢያቄምና- የቅድስት ሐና ድርሳን በአማርኛ,3/11,"Book marked annual on ኅዳር 11, but Sinksar has no matching commemoration for this saint on this date",Verify theological calendar date for this annual feast
UNVERIFIED_ANNUAL_FEAST,WARNING,AM-DRS-001,የቅዱስ ኢያቄምና- የቅድስት ሐና ድርሳን በአማርኛ,4/3,"Book marked annual on ታኅሣሥ 3, but Sinksar has no matching commemoration for this saint on this date",Verify theological calendar date for this annual feast
UNVERIFIED_ANNUAL_FEAST,WARNING,AM-DRS-001,የቅዱስ ኢያቄምና- የቅድስት ሐና ድርሳን በአማርኛ,4/13,"Book marked annual on ታኅሣሥ 13, but Sinksar has no matching commemoration for this saint on this date",Verify theological calendar date for this annual feast
UNVERIFIED_ANNUAL_FEAST,WARNING,AM-DRS-001,የቅዱስ ኢያቄምና- የቅድስት ሐና ድርሳን በአማርኛ,8/7,"Book marked annual on ሚያዝያ 7, but Sinksar has no matching commemoration for this saint on this date",Verify theological calendar date for this annual feast
UNVERIFIED_ANNUAL_FEAST,WARNING,AM-DRS-001,የቅዱስ ኢያቄምና- የቅድስት ሐና ድርሳን በአማርኛ,9/1,"Book marked annual on ግንቦት 1, but Sinksar has no matching commemoration for this saint on this date",Verify theological calendar date for this annual feast
UNVERIFIED_ANNUAL_FEAST,WARNING,AM-DRS-001,የቅዱስ ኢያቄምና- የቅድስት ሐና ድርሳን በአማርኛ,12/1,"Book marked annual on ነሐሴ 1, but Sinksar has no matching commemoration for this saint on this date",Verify theological calendar date for this annual feast
UNVERIFIED_ANNUAL_FEAST,WARNING,AM-DRS-001,የቅዱስ ኢያቄምና- የቅድስት ሐና ድርሳን በአማርኛ,12/7,"Book marked annual on ነሐሴ 7, but Sinksar has no matching commemoration for this saint on this date",Verify theological calendar date for this annual feast
UNVERIFIED_ANNUAL_FEAST,WARNING,GZ-MEL-051,መልክዐ ቅዱስ መስቀል በግእዝ,3/8,"Book marked annual on ኅዳር 8, but Sinksar has no matching commemoration for this saint on this date",Verify theological calendar date for this annual feast
UNVERIFIED_ANNUAL_FEAST,WARNING,AM-MEL-012,መልክዐ ቅዱስ መስቀል በአማርኛ,3/8,"Book marked annual on ኅዳር 8, but Sinksar has no matching commemoration for this saint on this date",Verify theological calendar date for this annual feast
UNVERIFIED_ANNUAL_FEAST,WARNING,GZ-MEL-050,መልክዐ ቅዱስ መስቀል ሣልስ በግእዝ,3/8,"Book marked annual on ኅዳር 8, but Sinksar has no matching commemoration for this saint on this date",Verify theological calendar date for this annual feast
UNVERIFIED_ANNUAL_FEAST,WARNING,AM-MEL-040,የቅዱስ መስቀል 3ኛ መልክዕ በአማርኛ,3/8,"Book marked annual on ኅዳር 8, but Sinksar has no matching commemoration for this saint on this date",Verify theological calendar date for this annual feast
UNVERIFIED_ANNUAL_FEAST,WARNING,GZ-MEL-049,መልክዐ ቅዱስ መርምሕናም በግእዝ,4/14,"Book marked annual on ታኅሣሥ 14, but Sinksar has no matching commemoration for this saint on this date",Verify theological calendar date for this annual feast
UNVERIFIED_ANNUAL_FEAST,WARNING,AM-MEL-039,የቅዱስ መርምሕናም መልክዕ በአማርኛ,4/14,"Book marked annual on ታኅሣሥ 14, but Sinksar has no matching commemoration for this saint on this date",Verify theological calendar date for this annual feast
UNVERIFIED_ANNUAL_FEAST,WARNING,GZ-MEL-101,መልክዐ አቡነ አፍጼ በግእዝ,9/29,"Book marked annual on ግንቦት 29, but Sinksar has no matching commemoration for this saint on this date",Verify theological calendar date for this annual feast
UNVERIFIED_ANNUAL_FEAST,WARNING,AM-MEL-024,መልክዐ አፍጼ በአማርኛ,9/29,"Book marked annual on ግንቦት 29, but Sinksar has no matching commemoration for this saint on this date",Verify theological calendar date for this annual feast
UNVERIFIED_ANNUAL_FEAST,WARNING,GZ-MEL-022,መልክዐ ሐና በግእዝ,1/7,"Book marked annual on መስከረም 7, but Sinksar has no matching commemoration for this saint on this date",Verify theological calendar date for this annual feast
UNVERIFIED_ANNUAL_FEAST,WARNING,GZ-MEL-022,መልክዐ ሐና በግእዝ,1/12,"Book marked annual on መስከረም 12, but Sinksar has no matching commemoration for this saint on this date",Verify theological calendar date for this annual feast
UNVERIFIED_ANNUAL_FEAST,WARNING,GZ-MEL-022,መልክዐ ሐና በግእዝ,3/11,"Book marked annual on ኅዳር 11, but Sinksar has no matching commemoration for this saint on this date",Verify theological calendar date for this annual feast
UNVERIFIED_ANNUAL_FEAST,WARNING,GZ-MEL-022,መልክዐ ሐና በግእዝ,4/3,"Book marked annual on ታኅሣሥ 3, but Sinksar has no matching commemoration for this saint on this date",Verify theological calendar date for this annual feast
UNVERIFIED_ANNUAL_FEAST,WARNING,GZ-MEL-022,መልክዐ ሐና በግእዝ,4/13,"Book marked annual on ታኅሣሥ 13, but Sinksar has no matching commemoration for this saint on this date",Verify theological calendar date for this annual feast
UNVERIFIED_ANNUAL_FEAST,WARNING,GZ-MEL-022,መልክዐ ሐና በግእዝ,8/7,"Book marked annual on ሚያዝያ 7, but Sinksar has no matching commemoration for this saint on this date",Verify theological calendar date for this annual feast
UNVERIFIED_ANNUAL_FEAST,WARNING,GZ-MEL-022,መልክዐ ሐና በግእዝ,9/1,"Book marked annual on ግንቦት 1, but Sinksar has no matching commemoration for this saint on this date",Verify theological calendar date for this annual feast
UNVERIFIED_ANNUAL_FEAST,WARNING,GZ-MEL-022,መልክዐ ሐና በግእዝ,12/1,"Book marked annual on ነሐሴ 1, but Sinksar has no matching commemoration for this saint on this date",Verify theological calendar date for this annual feast
UNVERIFIED_ANNUAL_FEAST,WARNING,GZ-MEL-022,መልክዐ ሐና በግእዝ,12/7,"Book marked annual on ነሐሴ 7, but Sinksar has no matching commemoration for this saint on this date",Verify theological calendar date for this annual feast
UNVERIFIED_ANNUAL_FEAST,WARNING,GZ-MEL-133,መልክዐ ኢያቄም በግእዝ,1/7,"Book marked annual on መስከረም 7, but Sinksar has no matching commemoration for this saint on this date",Verify theological calendar date for this annual feast
UNVERIFIED_ANNUAL_FEAST,WARNING,GZ-MEL-133,መልክዐ ኢያቄም በግእዝ,3/11,"Book marked annual on ኅዳር 11, but Sinksar has no matching commemoration for this saint on this date",Verify theological calendar date for this annual feast
UNVERIFIED_ANNUAL_FEAST,WARNING,GZ-MEL-133,መልክዐ ኢያቄም በግእዝ,4/13,"Book marked annual on ታኅሣሥ 13, but Sinksar has no matching commemoration for this saint on this date",Verify theological calendar date for this annual feast
UNVERIFIED_ANNUAL_FEAST,WARNING,GZ-MIK-001,ምክሐ ምእመናን በግእዝ,9/12,"Book marked annual on ግንቦት 12, but Sinksar has no matching commemoration for this saint on this date",Verify theological calendar date for this annual feast
UNVERIFIED_ANNUAL_FEAST,WARNING,GZ-MIK-002,ምክሓ ምእመናን በግእዝ,9/12,"Book marked annual on ግንቦት 12, but Sinksar has no matching commemoration for this saint on this date",Verify theological calendar date for this annual feast
UNVERIFIED_ANNUAL_FEAST,WARNING,GZ-GDL-013,ገድለ ዘርዐ አብርሃም በግእዝ,4/24,"Book marked annual on ታኅሣሥ 24, but Sinksar has no matching commemoration for this saint on this date",Verify theological calendar date for this annual feast
UNVERIFIED_ANNUAL_FEAST,WARNING,GZ-GDL-023,ገድለ አቡነ መዝራዕተ ክርስቶስ በግእዝ,9/29,"Book marked annual on ግንቦት 29, but Sinksar has no matching commemoration for this saint on this date",Verify theological calendar date for this annual feast
UNVERIFIED_ANNUAL_FEAST,WARNING,GZ-MEL-025,መልክዐ ሕፃን ሞዐ በግእዝ,11/25,"Book marked annual on ሐምሌ 25, but Sinksar has no matching commemoration for this saint on this date",Verify theological calendar date for this annual feast
UNVERIFIED_ANNUAL_FEAST,WARNING,GZ-MEL-045,መልክዐ ቁስቋም በግእዝ,3/6,"Book marked annual on ኅዳር 6, but Sinksar has no matching commemoration for this saint on this date",Verify theological calendar date for this annual feast
UNVERIFIED_ANNUAL_FEAST,WARNING,GZ-MEL-082,መልክዐ አቡነ ሠምረ ክርስቶስ በግእዝ,5/20,"Book marked annual on ጥር 20, but Sinksar has no matching commemoration for this saint on this date",Verify theological calendar date for this annual feast
UNVERIFIED_ANNUAL_FEAST,WARNING,GZ-MEL-087,መልክዐ አቡነ ሴት በግእዝ,3/24,"Book marked annual on ኅዳር 24, but Sinksar has no matching commemoration for this saint on this date",Verify theological calendar date for this annual feast
UNVERIFIED_ANNUAL_FEAST,WARNING,GZ-MEL-088,መልክዐ አቡነ ቡሩከ አምላክ ዘደብረ ኮል በግእዝ,12/14,"Book marked annual on ነሐሴ 14, but Sinksar has no matching commemoration for this saint on this date",Verify theological calendar date for this annual feast
UNVERIFIED_ANNUAL_FEAST,WARNING,GZ-MEL-089,መልክዐ አቡነ ብፁዓ አምላክ ዘደብረ ምዕዋን ወዘደብረ ኰዳዱ በግእዝ,4/1,"Book marked annual on ታኅሣሥ 1, but Sinksar has no matching commemoration for this saint on this date",Verify theological calendar date for this annual feast
UNVERIFIED_ANNUAL_FEAST,WARNING,GZ-MEL-089,መልክዐ አቡነ ብፁዓ አምላክ ዘደብረ ምዕዋን ወዘደብረ ኰዳዱ በግእዝ,9/9,"Book marked annual on ግንቦት 9, but Sinksar has no matching commemoration for this saint on this date",Verify theological calendar date for this annual feast
UNVERIFIED_ANNUAL_FEAST,WARNING,GZ-MEL-112,መልክዐ አቡነ ዮስጢኖስ በግእዝ,12/16,"Book marked annual on ነሐሴ 16, but Sinksar has no matching commemoration for this saint on this date",Verify theological calendar date for this annual feast
UNVERIFIED_ANNUAL_FEAST,WARNING,GZ-MEL-116,መልክዐ አቡነ ጼዋ ለጽድቅ በግእዝ,3/29,"Book marked annual on ኅዳር 29, but Sinksar has no matching commemoration for this saint on this date",Verify theological calendar date for this annual feast
UNVERIFIED_ANNUAL_FEAST,WARNING,GZ-MEL-122,መልክዐ አባ ኖብ ሰማዕት በግእዝ,1/18,"Book marked annual on መስከረም 18, but Sinksar has no matching commemoration for this saint on this date",Verify theological calendar date for this annual feast
UNVERIFIED_ANNUAL_FEAST,WARNING,GZ-MEL-122,መልክዐ አባ ኖብ ሰማዕት በግእዝ,3/7,"Book marked annual on ኅዳር 7, but Sinksar has no matching commemoration for this saint on this date",Verify theological calendar date for this annual feast
UNVERIFIED_ANNUAL_FEAST,WARNING,GZ-MEL-122,መልክዐ አባ ኖብ ሰማዕት በግእዝ,6/5,"Book marked annual on የካቲት 5, but Sinksar has no matching commemoration for this saint on this date",Verify theological calendar date for this annual feast
UNVERIFIED_ANNUAL_FEAST,WARNING,GZ-MEL-122,መልክዐ አባ ኖብ ሰማዕት በግእዝ,7/9,"Book marked annual on መጋቢት 9, but Sinksar has no matching commemoration for this saint on this date",Verify theological calendar date for this annual feast
UNVERIFIED_ANNUAL_FEAST,WARNING,GZ-MEL-122,መልክዐ አባ ኖብ ሰማዕት በግእዝ,10/19,"Book marked annual on ሰኔ 19, but Sinksar has no matching commemoration for this saint on this date",Verify theological calendar date for this annual feast
UNVERIFIED_ANNUAL_FEAST,WARNING,GZ-MEL-122,መልክዐ አባ ኖብ ሰማዕት በግእዝ,10/23,"Book marked annual on ሰኔ 23, but Sinksar has no matching commemoration for this saint on this date",Verify theological calendar date for this annual feast
UNVERIFIED_ANNUAL_FEAST,WARNING,GZ-MEL-122,መልክዐ አባ ኖብ ሰማዕት በግእዝ,11/24,"Book marked annual on ሐምሌ 24, but Sinksar has no matching commemoration for this saint on this date",Verify theological calendar date for this annual feast
UNVERIFIED_ANNUAL_FEAST,WARNING,GZ-MEL-145,መልክዐ ዓቢየ እግዚእ በግእዝ,9/19,"Book marked annual on ግንቦት 19, but Sinksar has no matching commemoration for this saint on this date",Verify theological calendar date for this annual feast
UNVERIFIED_ANNUAL_FEAST,WARNING,GZ-MEL-145,መልክዐ ዓቢየ እግዚእ በግእዝ,12/10,"Book marked annual on ነሐሴ 10, but Sinksar has no matching commemoration for this saint on this date",Verify theological calendar date for this annual feast
UNVERIFIED_ANNUAL_FEAST,WARNING,GZ-MEL-145,መልክዐ ዓቢየ እግዚእ በግእዝ,12/13,"Book marked annual on ነሐሴ 13, but Sinksar has no matching commemoration for this saint on this date",Verify theological calendar date for this annual feast
UNVERIFIED_ANNUAL_FEAST,WARNING,GZ-MEL-160,መልክዐ ጻድቃን ዘባርክናሃ በግእዝ,4/29,"Book marked annual on ታኅሣሥ 29, but Sinksar has no matching commemoration for this saint on this date",Verify theological calendar date for this annual feast
UNVERIFIED_ANNUAL_FEAST,WARNING,GZ-TSE-007,ጸሎቱ ለጴጥሮስ በግእዝ,4/1,"Book marked annual on ታኅሣሥ 1, but Sinksar has no matching commemoration for this saint on this date",Verify theological calendar date for this annual feast
UNVERIFIED_ANNUAL_FEAST,WARNING,GZ-TSE-007,ጸሎቱ ለጴጥሮስ በግእዝ,6/9,"Book marked annual on የካቲት 9, but Sinksar has no matching commemoration for this saint on this date",Verify theological calendar date for this annual feast
UNVERIFIED_ANNUAL_FEAST,WARNING,GZ-TSE-007,ጸሎቱ ለጴጥሮስ በግእዝ,10/21,"Book marked annual on ሰኔ 21, but Sinksar has no matching commemoration for this saint on this date",Verify theological calendar date for this annual feast
UNVERIFIED_ANNUAL_FEAST,WARNING,GZ-TSE-007,ጸሎቱ ለጴጥሮስ በግእዝ,11/5,"Book marked annual on ሐምሌ 5, but Sinksar has no matching commemoration for this saint on this date",Verify theological calendar date for this annual feast
UNVERIFIED_ANNUAL_FEAST,WARNING,GZ-TSE-007,ጸሎቱ ለጴጥሮስ በግእዝ,12/7,"Book marked annual on ነሐሴ 7, but Sinksar has no matching commemoration for this saint on this date",Verify theological calendar date for this annual feast
UNVERIFIED_ANNUAL_FEAST,WARNING,AM-DIR-001,የሰባቱ ሊቃነ መላእክት ድርሳን በአማርኛ,3/13,"Book marked annual on ኅዳር 13, but Sinksar has no matching commemoration for this saint on this date",Verify theological calendar date for this annual feast
UNVERIFIED_ANNUAL_FEAST,WARNING,AM-DRS-004,ድርሳነ መድኃኔ ዓለም በአማርኛ,3/27,"Book marked annual on ኅዳር 27, but Sinksar has no matching commemoration for this saint on this date",Verify theological calendar date for this annual feast
UNVERIFIED_ANNUAL_FEAST,WARNING,AM-DRS-004,ድርሳነ መድኃኔ ዓለም በአማርኛ,7/27,"Book marked annual on መጋቢት 27, but Sinksar has no matching commemoration for this saint on this date",Verify theological calendar date for this annual feast
UNVERIFIED_ANNUAL_FEAST,WARNING,AM-MEL-034,የመድኀኔ ዓለም 3ኛ መልክዕ በአማርኛ,3/27,"Book marked annual on ኅዳር 27, but Sinksar has no matching commemoration for this saint on this date",Verify theological calendar date for this annual feast
UNVERIFIED_ANNUAL_FEAST,WARNING,AM-MEL-034,የመድኀኔ ዓለም 3ኛ መልክዕ በአማርኛ,7/27,"Book marked annual on መጋቢት 27, but Sinksar has no matching commemoration for this saint on this date",Verify theological calendar date for this annual feast
UNVERIFIED_ANNUAL_FEAST,WARNING,AM-MEL-035,የመድኀኔ ዓለም መልክዕ በአማርኛ,3/27,"Book marked annual on ኅዳር 27, but Sinksar has no matching commemoration for this saint on this date",Verify theological calendar date for this annual feast
UNVERIFIED_ANNUAL_FEAST,WARNING,AM-MEL-035,የመድኀኔ ዓለም መልክዕ በአማርኛ,7/27,"Book marked annual on መጋቢት 27, but Sinksar has no matching commemoration for this saint on this date",Verify theological calendar date for this annual feast
UNVERIFIED_ANNUAL_FEAST,WARNING,AM-MIK-001,ምክሓ ምእመናን ክርስቶስ በአማርኛ,7/27,"Book marked annual on መጋቢት 27, but Sinksar has no matching commemoration for this saint on this date",Verify theological calendar date for this annual feast
UNVERIFIED_ANNUAL_FEAST,WARNING,GZ-DRS-005,ድርሳነ መድኃኔ ዓለም በግእዝ,3/27,"Book marked annual on ኅዳር 27, but Sinksar has no matching commemoration for this saint on this date",Verify theological calendar date for this annual feast
UNVERIFIED_ANNUAL_FEAST,WARNING,GZ-DRS-005,ድርሳነ መድኃኔ ዓለም በግእዝ,7/27,"Book marked annual on መጋቢት 27, but Sinksar has no matching commemoration for this saint on this date",Verify theological calendar date for this annual feast
UNVERIFIED_ANNUAL_FEAST,WARNING,GZ-MEL-001,ሐዲስ መልክዐ መድኃኔዓለም በግእዝ,3/27,"Book marked annual on ኅዳር 27, but Sinksar has no matching commemoration for this saint on this date",Verify theological calendar date for this annual feast
UNVERIFIED_ANNUAL_FEAST,WARNING,GZ-MEL-001,ሐዲስ መልክዐ መድኃኔዓለም በግእዝ,7/27,"Book marked annual on መጋቢት 27, but Sinksar has no matching commemoration for this saint on this date",Verify theological calendar date for this annual feast
UNVERIFIED_ANNUAL_FEAST,WARNING,GZ-MEL-027,መልክዐ መድኀኔ ዓለም ሣልስ በግዕዝ,3/27,"Book marked annual on ኅዳር 27, but Sinksar has no matching commemoration for this saint on this date",Verify theological calendar date for this annual feast
UNVERIFIED_ANNUAL_FEAST,WARNING,GZ-MEL-027,መልክዐ መድኀኔ ዓለም ሣልስ በግዕዝ,7/27,"Book marked annual on መጋቢት 27, but Sinksar has no matching commemoration for this saint on this date",Verify theological calendar date for this annual feast
UNVERIFIED_ANNUAL_FEAST,WARNING,GZ-MEL-028,መልክዐ መድኃኔ ዓለም በግእዝ,3/27,"Book marked annual on ኅዳር 27, but Sinksar has no matching commemoration for this saint on this date",Verify theological calendar date for this annual feast
UNVERIFIED_ANNUAL_FEAST,WARNING,GZ-MEL-028,መልክዐ መድኃኔ ዓለም በግእዝ,7/27,"Book marked annual on መጋቢት 27, but Sinksar has no matching commemoration for this saint on this date",Verify theological calendar date for this annual feast
UNVERIFIED_ANNUAL_FEAST,WARNING,AM-DRS-010,ድርሳነ ቅዱስ ራጉኤል በአማርኛ,13/6,"Book marked annual on ጳጉሜን 6, but Sinksar has no matching commemoration for this saint on this date",Verify theological calendar date for this annual feast
UNVERIFIED_ANNUAL_FEAST,WARNING,AM-MEL-014,መልክዐ ቅዱስ ራጉኤል በአማርኛ,13/6,"Book marked annual on ጳጉሜን 6, but Sinksar has no matching commemoration for this saint on this date",Verify theological calendar date for this annual feast
UNVERIFIED_ANNUAL_FEAST,WARNING,GZ-DRS-003,ድርሳነ ቅዱስ ራጉኤል በግእዝ,13/6,"Book marked annual on ጳጉሜን 6, but Sinksar has no matching commemoration for this saint on this date",Verify theological calendar date for this annual feast
UNVERIFIED_ANNUAL_FEAST,WARNING,GZ-MEL-007,መልክዐ ሊቀ መላእክት ቅዱስ ራጉኤል በግእዝ,13/6,"Book marked annual on ጳጉሜን 6, but Sinksar has no matching commemoration for this saint on this date",Verify theological calendar date for this annual feast
UNVERIFIED_ANNUAL_FEAST,WARNING,AM-GDL-001,ገድለ ቅዱስ አባ ጊዮርጊስ ዘጋሥጫ በአማርኛ,11/7,"Book marked annual on ሐምሌ 7, but Sinksar has no matching commemoration for this saint on this date",Verify theological calendar date for this annual feast
UNVERIFIED_ANNUAL_FEAST,WARNING,GZ-GDL-007,ገድለ ቅዱስ አባ ጊዮርጊስ ዘጋሥጫ በግእዝ,11/7,"Book marked annual on ሐምሌ 7, but Sinksar has no matching commemoration for this saint on this date",Verify theological calendar date for this annual feast
UNVERIFIED_ANNUAL_FEAST,WARNING,GZ-MEL-123,መልክዐ አባ ጊዮርጊስ ዘጋሥጫ በግእዝ,11/7,"Book marked annual on ሐምሌ 7, but Sinksar has no matching commemoration for this saint on this date",Verify theological calendar date for this annual feast
UNVERIFIED_ANNUAL_FEAST,WARNING,AM-GDL-004,ገድለ ተክለ ሃይማኖት በአማርኛ,9/12,"Book marked annual on ግንቦት 12, but Sinksar has no matching commemoration for this saint on this date",Verify theological calendar date for this annual feast
UNVERIFIED_ANNUAL_FEAST,WARNING,AM-MEL-057,የአቡነ ተክለ ሃይማኖት 2ኛ መልክዕ በአማርኛ,9/12,"Book marked annual on ግንቦት 12, but Sinksar has no matching commemoration for this saint on this date",Verify theological calendar date for this annual feast
UNVERIFIED_ANNUAL_FEAST,WARNING,AM-MEL-058,የአቡነ ተክለ ሃይማኖት መልክዕ በአማርኛ,9/12,"Book marked annual on ግንቦት 12, but Sinksar has no matching commemoration for this saint on this date",Verify theological calendar date for this annual feast
UNVERIFIED_ANNUAL_FEAST,WARNING,GZ-MEL-068,መልክዐ ተክለ ሃይማኖት በግእዝ,9/12,"Book marked annual on ግንቦት 12, but Sinksar has no matching commemoration for this saint on this date",Verify theological calendar date for this annual feast
UNVERIFIED_ANNUAL_FEAST,WARNING,GZ-MEL-069,መልክዐ ተክለ ሃይማኖት ካልእ በግእዝ,9/12,"Book marked annual on ግንቦት 12, but Sinksar has no matching commemoration for this saint on this date",Verify theological calendar date for this annual feast
UNVERIFIED_ANNUAL_FEAST,WARNING,GZ-MEL-092,መልክዐ አቡነ ተክለ ሃይማኖት በግእዝ,9/12,"Book marked annual on ግንቦት 12, but Sinksar has no matching commemoration for this saint on this date",Verify theological calendar date for this annual feast
UNVERIFIED_ANNUAL_FEAST,WARNING,AM-GDL-005,ገድለ ቅድስት ክርስቶስ ሠምራ በአማርኛ,9/12,"Book marked annual on ግንቦት 12, but Sinksar has no matching commemoration for this saint on this date",Verify theological calendar date for this annual feast
UNVERIFIED_ANNUAL_FEAST,WARNING,GZ-GDL-019,ገድለ ቅድስት ክርስቶስ ሠምራ በግእዝ,9/12,"Book marked annual on ግንቦት 12, but Sinksar has no matching commemoration for this saint on this date",Verify theological calendar date for this annual feast
UNVERIFIED_ANNUAL_FEAST,WARNING,GZ-MEL-143,መልክዐ ክርስቶስ ሠምራ በግእዝ,9/12,"Book marked annual on ግንቦት 12, but Sinksar has no matching commemoration for this saint on this date",Verify theological calendar date for this annual feast
UNVERIFIED_ANNUAL_FEAST,WARNING,AM-MEL-002,መልክአ ኢየሱስ በአማርኛ,4/29,"Book marked annual on ታኅሣሥ 29, but Sinksar has no matching commemoration for this saint on this date",Verify theological calendar date for this annual feast
UNVERIFIED_ANNUAL_FEAST,WARNING,AM-TAM-001,ተአምረ ኢየሱስ በአማርኛ,4/29,"Book marked annual on ታኅሣሥ 29, but Sinksar has no matching commemoration for this saint on this date",Verify theological calendar date for this annual feast
UNVERIFIED_ANNUAL_FEAST,WARNING,GZ-MEL-131,መልክዐ ኢየሱስ በግእዝ,4/29,"Book marked annual on ታኅሣሥ 29, but Sinksar has no matching commemoration for this saint on this date",Verify theological calendar date for this annual feast
UNVERIFIED_ANNUAL_FEAST,WARNING,GZ-MEL-132,መልክዐ ኢየሱስ ካልዕ በግእዝ,4/29,"Book marked annual on ታኅሣሥ 29, but Sinksar has no matching commemoration for this saint on this date",Verify theological calendar date for this annual feast
UNVERIFIED_ANNUAL_FEAST,WARNING,GZ-TAM-002,ተአምረ ኢየሱስ በግእዝ,4/29,"Book marked annual on ታኅሣሥ 29, but Sinksar has no matching commemoration for this saint on this date",Verify theological calendar date for this annual feast
UNVERIFIED_ANNUAL_FEAST,WARNING,TI-TAM-001,ተአምረ ኢየሱስ ብትግርኛ,4/29,"Book marked annual on ታኅሣሥ 29, but Sinksar has no matching commemoration for this saint on this date",Verify theological calendar date for this annual feast
UNVERIFIED_ANNUAL_FEAST,WARNING,GZ-MEL-036,መልክዐ ሥቃዩ ለጊዮርጊስ በግእዝ,3/7,"Book marked annual on ኅዳር 7, but Sinksar has no matching commemoration for this saint on this date",Verify theological calendar date for this annual feast
UNVERIFIED_ANNUAL_FEAST,WARNING,GZ-MEL-036,መልክዐ ሥቃዩ ለጊዮርጊስ በግእዝ,5/18,"Book marked annual on ጥር 18, but Sinksar has no matching commemoration for this saint on this date",Verify theological calendar date for this annual feast
UNVERIFIED_ANNUAL_FEAST,WARNING,GZ-MEL-036,መልክዐ ሥቃዩ ለጊዮርጊስ በግእዝ,6/23,"Book marked annual on የካቲት 23, but Sinksar has no matching commemoration for this saint on this date",Verify theological calendar date for this annual feast
UNVERIFIED_ANNUAL_FEAST,WARNING,GZ-MEL-036,መልክዐ ሥቃዩ ለጊዮርጊስ በግእዝ,8/23,"Book marked annual on ሚያዝያ 23, but Sinksar has no matching commemoration for this saint on this date",Verify theological calendar date for this annual feast
UNVERIFIED_ANNUAL_FEAST,WARNING,GZ-MEL-036,መልክዐ ሥቃዩ ለጊዮርጊስ በግእዝ,12/16,"Book marked annual on ነሐሴ 16, but Sinksar has no matching commemoration for this saint on this date",Verify theological calendar date for this annual feast
UNVERIFIED_ANNUAL_FEAST,WARNING,AM-GDL-013,የቅዱስ ዮሐንስ ገድል በአማርኛ,1/4,"Book marked annual on መስከረም 4, but Sinksar has no matching commemoration for this saint on this date",Verify theological calendar date for this annual feast
UNVERIFIED_ANNUAL_FEAST,WARNING,AM-GDL-013,የቅዱስ ዮሐንስ ገድል በአማርኛ,1/29,"Book marked annual on መስከረም 29, but Sinksar has no matching commemoration for this saint on this date",Verify theological calendar date for this annual feast
UNVERIFIED_ANNUAL_FEAST,WARNING,AM-GDL-013,የቅዱስ ዮሐንስ ገድል በአማርኛ,9/16,"Book marked annual on ግንቦት 16, but Sinksar has no matching commemoration for this saint on this date",Verify theological calendar date for this annual feast
UNVERIFIED_ANNUAL_FEAST,WARNING,AM-GDL-013,የቅዱስ ዮሐንስ ገድል በአማርኛ,11/27,"Book marked annual on ሐምሌ 27, but Sinksar has no matching commemoration for this saint on this date",Verify theological calendar date for this annual feast
UNVERIFIED_ANNUAL_FEAST,WARNING,AM-MEL-047,የቅዱስ ዮሐንስ 2ኛ መልክዕ በአማርኛ,1/4,"Book marked annual on መስከረም 4, but Sinksar has no matching commemoration for this saint on this date",Verify theological calendar date for this annual feast
UNVERIFIED_ANNUAL_FEAST,WARNING,AM-MEL-047,የቅዱስ ዮሐንስ 2ኛ መልክዕ በአማርኛ,1/29,"Book marked annual on መስከረም 29, but Sinksar has no matching commemoration for this saint on this date",Verify theological calendar date for this annual feast
UNVERIFIED_ANNUAL_FEAST,WARNING,AM-MEL-047,የቅዱስ ዮሐንስ 2ኛ መልክዕ በአማርኛ,9/16,"Book marked annual on ግንቦት 16, but Sinksar has no matching commemoration for this saint on this date",Verify theological calendar date for this annual feast
UNVERIFIED_ANNUAL_FEAST,WARNING,AM-MEL-047,የቅዱስ ዮሐንስ 2ኛ መልክዕ በአማርኛ,11/27,"Book marked annual on ሐምሌ 27, but Sinksar has no matching commemoration for this saint on this date",Verify theological calendar date for this annual feast
UNVERIFIED_ANNUAL_FEAST,WARNING,GZ-MEL-061,መልክዐ ቅዱስ ዮሐንስ ካልእ በግእዝ,1/4,"Book marked annual on መስከረም 4, but Sinksar has no matching commemoration for this saint on this date",Verify theological calendar date for this annual feast
UNVERIFIED_ANNUAL_FEAST,WARNING,GZ-MEL-061,መልክዐ ቅዱስ ዮሐንስ ካልእ በግእዝ,1/29,"Book marked annual on መስከረም 29, but Sinksar has no matching commemoration for this saint on this date",Verify theological calendar date for this annual feast
UNVERIFIED_ANNUAL_FEAST,WARNING,GZ-MEL-061,መልክዐ ቅዱስ ዮሐንስ ካልእ በግእዝ,9/16,"Book marked annual on ግንቦት 16, but Sinksar has no matching commemoration for this saint on this date",Verify theological calendar date for this annual feast
UNVERIFIED_ANNUAL_FEAST,WARNING,GZ-MEL-061,መልክዐ ቅዱስ ዮሐንስ ካልእ በግእዝ,11/27,"Book marked annual on ሐምሌ 27, but Sinksar has no matching commemoration for this saint on this date",Verify theological calendar date for this annual feast
UNVERIFIED_ANNUAL_FEAST,WARNING,GZ-MEL-149,መልክዐ ዮሐንስ ወልደ ነጎድጓድ በግእዝ,1/4,"Book marked annual on መስከረም 4, but Sinksar has no matching commemoration for this saint on this date",Verify theological calendar date for this annual feast
UNVERIFIED_ANNUAL_FEAST,WARNING,GZ-MEL-149,መልክዐ ዮሐንስ ወልደ ነጎድጓድ በግእዝ,1/29,"Book marked annual on መስከረም 29, but Sinksar has no matching commemoration for this saint on this date",Verify theological calendar date for this annual feast
UNVERIFIED_ANNUAL_FEAST,WARNING,GZ-MEL-149,መልክዐ ዮሐንስ ወልደ ነጎድጓድ በግእዝ,9/16,"Book marked annual on ግንቦት 16, but Sinksar has no matching commemoration for this saint on this date",Verify theological calendar date for this annual feast
UNVERIFIED_ANNUAL_FEAST,WARNING,GZ-MEL-149,መልክዐ ዮሐንስ ወልደ ነጎድጓድ በግእዝ,11/27,"Book marked annual on ሐምሌ 27, but Sinksar has no matching commemoration for this saint on this date",Verify theological calendar date for this annual feast
UNVERIFIED_ANNUAL_FEAST,WARNING,GZ-MEL-150,መልክዐ ዮሐንስ ፍቁረ እግዚእ በግእዝ,1/4,"Book marked annual on መስከረም 4, but Sinksar has no matching commemoration for this saint on this date",Verify theological calendar date for this annual feast
UNVERIFIED_ANNUAL_FEAST,WARNING,GZ-MEL-150,መልክዐ ዮሐንስ ፍቁረ እግዚእ በግእዝ,1/29,"Book marked annual on መስከረም 29, but Sinksar has no matching commemoration for this saint on this date",Verify theological calendar date for this annual feast
UNVERIFIED_ANNUAL_FEAST,WARNING,GZ-MEL-150,መልክዐ ዮሐንስ ፍቁረ እግዚእ በግእዝ,9/16,"Book marked annual on ግንቦት 16, but Sinksar has no matching commemoration for this saint on this date",Verify theological calendar date for this annual feast
UNVERIFIED_ANNUAL_FEAST,WARNING,GZ-MEL-150,መልክዐ ዮሐንስ ፍቁረ እግዚእ በግእዝ,11/27,"Book marked annual on ሐምሌ 27, but Sinksar has no matching commemoration for this saint on this date",Verify theological calendar date for this annual feast
UNVERIFIED_ANNUAL_FEAST,WARNING,AM-GDL-012,ገድለ አቡነ ዘርዐ ቡሩከ በአማርኛ,4/13,"Book marked annual on ታኅሣሥ 13, but Sinksar has no matching commemoration for this saint on this date",Verify theological calendar date for this annual feast
UNVERIFIED_ANNUAL_FEAST,WARNING,AM-GDL-012,ገድለ አቡነ ዘርዐ ቡሩከ በአማርኛ,5/13,"Book marked annual on ጥር 13, but Sinksar has no matching commemoration for this saint on this date",Verify theological calendar date for this annual feast
UNVERIFIED_ANNUAL_FEAST,WARNING,GZ-GDL-004,ገድለ አቡነ ዘርዐ ቡሩከ በግእዝ,4/13,"Book marked annual on ታኅሣሥ 13, but Sinksar has no matching commemoration for this saint on this date",Verify theological calendar date for this annual feast
UNVERIFIED_ANNUAL_FEAST,WARNING,GZ-GDL-004,ገድለ አቡነ ዘርዐ ቡሩከ በግእዝ,5/13,"Book marked annual on ጥር 13, but Sinksar has no matching commemoration for this saint on this date",Verify theological calendar date for this annual feast
UNVERIFIED_ANNUAL_FEAST,WARNING,TI-GDL-001,ገድሊ ኣቡነ ዘርኣ ቡሩክን ብትግርኛ,4/13,"Book marked annual on ታኅሣሥ 13, but Sinksar has no matching commemoration for this saint on this date",Verify theological calendar date for this annual feast
UNVERIFIED_ANNUAL_FEAST,WARNING,TI-GDL-001,ገድሊ ኣቡነ ዘርኣ ቡሩክን ብትግርኛ,5/13,"Book marked annual on ጥር 13, but Sinksar has no matching commemoration for this saint on this date",Verify theological calendar date for this annual feast
UNVERIFIED_ANNUAL_FEAST,WARNING,AM-MEL-015,መልክዐ ቅዱስ ቂርቆስ በአማርኛ,5/15,"Book marked annual on ጥር 15, but Sinksar has no matching commemoration for this saint on this date",Verify theological calendar date for this annual feast
UNVERIFIED_ANNUAL_FEAST,WARNING,GZ-MEL-054,መልክዐ ቅዱስ ቂርቆስ በግእዝ,5/15,"Book marked annual on ጥር 15, but Sinksar has no matching commemoration for this saint on this date",Verify theological calendar date for this annual feast
UNVERIFIED_ANNUAL_FEAST,WARNING,AM-GDL-019,ገድለ አዳም በአማርኛ,8/6,"Book marked annual on ሚያዝያ 6, but Sinksar has no matching commemoration for this saint on this date",Verify theological calendar date for this annual feast
UNVERIFIED_ANNUAL_FEAST,WARNING,AM-GDL-020,ገድለ እምነ ወለተ ጴጥሮስ በአማርኛ,3/17,"Book marked annual on ኅዳር 17, but Sinksar has no matching commemoration for this saint on this date",Verify theological calendar date for this annual feast
UNVERIFIED_ANNUAL_FEAST,WARNING,GZ-GDL-003,ገድለ እምነ ወለተ ጴጥሮስ በግእዝ,3/17,"Book marked annual on ኅዳር 17, but Sinksar has no matching commemoration for this saint on this date",Verify theological calendar date for this annual feast
UNVERIFIED_ANNUAL_FEAST,WARNING,AM-MEL-005,መልክዐ መቃርዮስ በአማርኛ,5/8,"Book marked annual on ጥር 8, but Sinksar has no matching commemoration for this saint on this date",Verify theological calendar date for this annual feast
UNVERIFIED_ANNUAL_FEAST,WARNING,AM-MEL-005,መልክዐ መቃርዮስ በአማርኛ,7/27,"Book marked annual on መጋቢት 27, but Sinksar has no matching commemoration for this saint on this date",Verify theological calendar date for this annual feast
UNVERIFIED_ANNUAL_FEAST,WARNING,AM-MEL-005,መልክዐ መቃርዮስ በአማርኛ,11/14,"Book marked annual on ሐምሌ 14, but Sinksar has no matching commemoration for this saint on this date",Verify theological calendar date for this annual feast
UNVERIFIED_ANNUAL_FEAST,WARNING,AM-MEL-005,መልክዐ መቃርዮስ በአማርኛ,12/19,"Book marked annual on ነሐሴ 19, but Sinksar has no matching commemoration for this saint on this date",Verify theological calendar date for this annual feast
UNVERIFIED_ANNUAL_FEAST,WARNING,GZ-MEL-026,መልክዐ መቃርዮስ በግእዝ,5/8,"Book marked annual on ጥር 8, but Sinksar has no matching commemoration for this saint on this date",Verify theological calendar date for this annual feast
UNVERIFIED_ANNUAL_FEAST,WARNING,GZ-MEL-026,መልክዐ መቃርዮስ በግእዝ,7/27,"Book marked annual on መጋቢት 27, but Sinksar has no matching commemoration for this saint on this date",Verify theological calendar date for this annual feast
UNVERIFIED_ANNUAL_FEAST,WARNING,GZ-MEL-026,መልክዐ መቃርዮስ በግእዝ,11/14,"Book marked annual on ሐምሌ 14, but Sinksar has no matching commemoration for this saint on this date",Verify theological calendar date for this annual feast
UNVERIFIED_ANNUAL_FEAST,WARNING,GZ-MEL-026,መልክዐ መቃርዮስ በግእዝ,12/19,"Book marked annual on ነሐሴ 19, but Sinksar has no matching commemoration for this saint on this date",Verify theological calendar date for this annual feast
UNVERIFIED_ANNUAL_FEAST,WARNING,AM-GDL-010,ገድለ ሰማዕታት በአማርኛ,3/4,"Book marked annual on ኅዳር 4, but Sinksar has no matching commemoration for this saint on this date",Verify theological calendar date for this annual feast
UNVERIFIED_ANNUAL_FEAST,WARNING,AM-GDL-010,ገድለ ሰማዕታት በአማርኛ,6/12,"Book marked annual on የካቲት 12, but Sinksar has no matching commemoration for this saint on this date",Verify theological calendar date for this annual feast
UNVERIFIED_ANNUAL_FEAST,WARNING,AM-MEL-021,መልክዐ አቡነ ዮሐንስ ጻድቅ በአማርኛ,5/20,"Book marked annual on ጥር 20, but Sinksar has no matching commemoration for this saint on this date",Verify theological calendar date for this annual feast
UNVERIFIED_ANNUAL_FEAST,WARNING,AM-MEL-025,መልክዐ ኢትዮጵያ በአማርኛ,1/1,"Book marked annual on መስከረም 1, but Sinksar has no matching commemoration for this saint on this date",Verify theological calendar date for this annual feast
UNVERIFIED_ANNUAL_FEAST,WARNING,GZ-MEL-129,መልክዐ ኢትዮጵያ በግዕዝ,1/1,"Book marked annual on መስከረም 1, but Sinksar has no matching commemoration for this saint on this date",Verify theological calendar date for this annual feast
UNVERIFIED_ANNUAL_FEAST,WARNING,AM-MEL-030,መልክዐ ፍልሰታ በአማርኛ,12/1,"Book marked annual on ነሐሴ 1, but Sinksar has no matching commemoration for this saint on this date",Verify theological calendar date for this annual feast
UNVERIFIED_ANNUAL_FEAST,WARNING,AM-MEL-030,መልክዐ ፍልሰታ በአማርኛ,12/2,"Book marked annual on ነሐሴ 2, but Sinksar has no matching commemoration for this saint on this date",Verify theological calendar date for this annual feast
UNVERIFIED_ANNUAL_FEAST,WARNING,AM-MEL-030,መልክዐ ፍልሰታ በአማርኛ,12/3,"Book marked annual on ነሐሴ 3, but Sinksar has no matching commemoration for this saint on this date",Verify theological calendar date for this annual feast
UNVERIFIED_ANNUAL_FEAST,WARNING,AM-MEL-030,መልክዐ ፍልሰታ በአማርኛ,12/4,"Book marked annual on ነሐሴ 4, but Sinksar has no matching commemoration for this saint on this date",Verify theological calendar date for this annual feast
UNVERIFIED_ANNUAL_FEAST,WARNING,AM-MEL-030,መልክዐ ፍልሰታ በአማርኛ,12/5,"Book marked annual on ነሐሴ 5, but Sinksar has no matching commemoration for this saint on this date",Verify theological calendar date for this annual feast
UNVERIFIED_ANNUAL_FEAST,WARNING,AM-MEL-030,መልክዐ ፍልሰታ በአማርኛ,12/6,"Book marked annual on ነሐሴ 6, but Sinksar has no matching commemoration for this saint on this date",Verify theological calendar date for this annual feast
UNVERIFIED_ANNUAL_FEAST,WARNING,AM-MEL-030,መልክዐ ፍልሰታ በአማርኛ,12/7,"Book marked annual on ነሐሴ 7, but Sinksar has no matching commemoration for this saint on this date",Verify theological calendar date for this annual feast
UNVERIFIED_ANNUAL_FEAST,WARNING,AM-MEL-030,መልክዐ ፍልሰታ በአማርኛ,12/8,"Book marked annual on ነሐሴ 8, but Sinksar has no matching commemoration for this saint on this date",Verify theological calendar date for this annual feast
UNVERIFIED_ANNUAL_FEAST,WARNING,AM-MEL-030,መልክዐ ፍልሰታ በአማርኛ,12/9,"Book marked annual on ነሐሴ 9, but Sinksar has no matching commemoration for this saint on this date",Verify theological calendar date for this annual feast
UNVERIFIED_ANNUAL_FEAST,WARNING,AM-MEL-030,መልክዐ ፍልሰታ በአማርኛ,12/10,"Book marked annual on ነሐሴ 10, but Sinksar has no matching commemoration for this saint on this date",Verify theological calendar date for this annual feast
UNVERIFIED_ANNUAL_FEAST,WARNING,AM-MEL-030,መልክዐ ፍልሰታ በአማርኛ,12/11,"Book marked annual on ነሐሴ 11, but Sinksar has no matching commemoration for this saint on this date",Verify theological calendar date for this annual feast
UNVERIFIED_ANNUAL_FEAST,WARNING,AM-MEL-030,መልክዐ ፍልሰታ በአማርኛ,12/12,"Book marked annual on ነሐሴ 12, but Sinksar has no matching commemoration for this saint on this date",Verify theological calendar date for this annual feast
UNVERIFIED_ANNUAL_FEAST,WARNING,AM-MEL-030,መልክዐ ፍልሰታ በአማርኛ,12/13,"Book marked annual on ነሐሴ 13, but Sinksar has no matching commemoration for this saint on this date",Verify theological calendar date for this annual feast
UNVERIFIED_ANNUAL_FEAST,WARNING,AM-MEL-030,መልክዐ ፍልሰታ በአማርኛ,12/14,"Book marked annual on ነሐሴ 14, but Sinksar has no matching commemoration for this saint on this date",Verify theological calendar date for this annual feast
UNVERIFIED_ANNUAL_FEAST,WARNING,AM-MEL-030,መልክዐ ፍልሰታ በአማርኛ,12/15,"Book marked annual on ነሐሴ 15, but Sinksar has no matching commemoration for this saint on this date",Verify theological calendar date for this annual feast
UNVERIFIED_ANNUAL_FEAST,WARNING,AM-MEL-030,መልክዐ ፍልሰታ በአማርኛ,12/16,"Book marked annual on ነሐሴ 16, but Sinksar has no matching commemoration for this saint on this date",Verify theological calendar date for this annual feast
UNVERIFIED_ANNUAL_FEAST,WARNING,AM-SEL-001,ሰላም ለፍልሰተ ሥጋኪ በአማርኛ,12/1,"Book marked annual on ነሐሴ 1, but Sinksar has no matching commemoration for this saint on this date",Verify theological calendar date for this annual feast
UNVERIFIED_ANNUAL_FEAST,WARNING,AM-SEL-001,ሰላም ለፍልሰተ ሥጋኪ በአማርኛ,12/2,"Book marked annual on ነሐሴ 2, but Sinksar has no matching commemoration for this saint on this date",Verify theological calendar date for this annual feast
UNVERIFIED_ANNUAL_FEAST,WARNING,AM-SEL-001,ሰላም ለፍልሰተ ሥጋኪ በአማርኛ,12/3,"Book marked annual on ነሐሴ 3, but Sinksar has no matching commemoration for this saint on this date",Verify theological calendar date for this annual feast
UNVERIFIED_ANNUAL_FEAST,WARNING,AM-SEL-001,ሰላም ለፍልሰተ ሥጋኪ በአማርኛ,12/4,"Book marked annual on ነሐሴ 4, but Sinksar has no matching commemoration for this saint on this date",Verify theological calendar date for this annual feast
UNVERIFIED_ANNUAL_FEAST,WARNING,AM-SEL-001,ሰላም ለፍልሰተ ሥጋኪ በአማርኛ,12/5,"Book marked annual on ነሐሴ 5, but Sinksar has no matching commemoration for this saint on this date",Verify theological calendar date for this annual feast
UNVERIFIED_ANNUAL_FEAST,WARNING,AM-SEL-001,ሰላም ለፍልሰተ ሥጋኪ በአማርኛ,12/6,"Book marked annual on ነሐሴ 6, but Sinksar has no matching commemoration for this saint on this date",Verify theological calendar date for this annual feast
UNVERIFIED_ANNUAL_FEAST,WARNING,AM-SEL-001,ሰላም ለፍልሰተ ሥጋኪ በአማርኛ,12/7,"Book marked annual on ነሐሴ 7, but Sinksar has no matching commemoration for this saint on this date",Verify theological calendar date for this annual feast
UNVERIFIED_ANNUAL_FEAST,WARNING,AM-SEL-001,ሰላም ለፍልሰተ ሥጋኪ በአማርኛ,12/8,"Book marked annual on ነሐሴ 8, but Sinksar has no matching commemoration for this saint on this date",Verify theological calendar date for this annual feast
UNVERIFIED_ANNUAL_FEAST,WARNING,AM-SEL-001,ሰላም ለፍልሰተ ሥጋኪ በአማርኛ,12/9,"Book marked annual on ነሐሴ 9, but Sinksar has no matching commemoration for this saint on this date",Verify theological calendar date for this annual feast
UNVERIFIED_ANNUAL_FEAST,WARNING,AM-SEL-001,ሰላም ለፍልሰተ ሥጋኪ በአማርኛ,12/10,"Book marked annual on ነሐሴ 10, but Sinksar has no matching commemoration for this saint on this date",Verify theological calendar date for this annual feast
UNVERIFIED_ANNUAL_FEAST,WARNING,AM-SEL-001,ሰላም ለፍልሰተ ሥጋኪ በአማርኛ,12/11,"Book marked annual on ነሐሴ 11, but Sinksar has no matching commemoration for this saint on this date",Verify theological calendar date for this annual feast
UNVERIFIED_ANNUAL_FEAST,WARNING,AM-SEL-001,ሰላም ለፍልሰተ ሥጋኪ በአማርኛ,12/12,"Book marked annual on ነሐሴ 12, but Sinksar has no matching commemoration for this saint on this date",Verify theological calendar date for this annual feast
UNVERIFIED_ANNUAL_FEAST,WARNING,AM-SEL-001,ሰላም ለፍልሰተ ሥጋኪ በአማርኛ,12/13,"Book marked annual on ነሐሴ 13, but Sinksar has no matching commemoration for this saint on this date",Verify theological calendar date for this annual feast
UNVERIFIED_ANNUAL_FEAST,WARNING,AM-SEL-001,ሰላም ለፍልሰተ ሥጋኪ በአማርኛ,12/14,"Book marked annual on ነሐሴ 14, but Sinksar has no matching commemoration for this saint on this date",Verify theological calendar date for this annual feast
UNVERIFIED_ANNUAL_FEAST,WARNING,AM-SEL-001,ሰላም ለፍልሰተ ሥጋኪ በአማርኛ,12/15,"Book marked annual on ነሐሴ 15, but Sinksar has no matching commemoration for this saint on this date",Verify theological calendar date for this annual feast
UNVERIFIED_ANNUAL_FEAST,WARNING,AM-SEL-001,ሰላም ለፍልሰተ ሥጋኪ በአማርኛ,12/16,"Book marked annual on ነሐሴ 16, but Sinksar has no matching commemoration for this saint on this date",Verify theological calendar date for this annual feast
UNVERIFIED_ANNUAL_FEAST,WARNING,GZ-SEL-001,ሰላም ለፍልሰተ ሥጋኪ በግእዝ,12/1,"Book marked annual on ነሐሴ 1, but Sinksar has no matching commemoration for this saint on this date",Verify theological calendar date for this annual feast
UNVERIFIED_ANNUAL_FEAST,WARNING,GZ-SEL-001,ሰላም ለፍልሰተ ሥጋኪ በግእዝ,12/2,"Book marked annual on ነሐሴ 2, but Sinksar has no matching commemoration for this saint on this date",Verify theological calendar date for this annual feast
UNVERIFIED_ANNUAL_FEAST,WARNING,GZ-SEL-001,ሰላም ለፍልሰተ ሥጋኪ በግእዝ,12/3,"Book marked annual on ነሐሴ 3, but Sinksar has no matching commemoration for this saint on this date",Verify theological calendar date for this annual feast
UNVERIFIED_ANNUAL_FEAST,WARNING,GZ-SEL-001,ሰላም ለፍልሰተ ሥጋኪ በግእዝ,12/4,"Book marked annual on ነሐሴ 4, but Sinksar has no matching commemoration for this saint on this date",Verify theological calendar date for this annual feast
UNVERIFIED_ANNUAL_FEAST,WARNING,GZ-SEL-001,ሰላም ለፍልሰተ ሥጋኪ በግእዝ,12/5,"Book marked annual on ነሐሴ 5, but Sinksar has no matching commemoration for this saint on this date",Verify theological calendar date for this annual feast
UNVERIFIED_ANNUAL_FEAST,WARNING,GZ-SEL-001,ሰላም ለፍልሰተ ሥጋኪ በግእዝ,12/6,"Book marked annual on ነሐሴ 6, but Sinksar has no matching commemoration for this saint on this date",Verify theological calendar date for this annual feast
UNVERIFIED_ANNUAL_FEAST,WARNING,GZ-SEL-001,ሰላም ለፍልሰተ ሥጋኪ በግእዝ,12/7,"Book marked annual on ነሐሴ 7, but Sinksar has no matching commemoration for this saint on this date",Verify theological calendar date for this annual feast
UNVERIFIED_ANNUAL_FEAST,WARNING,GZ-SEL-001,ሰላም ለፍልሰተ ሥጋኪ በግእዝ,12/8,"Book marked annual on ነሐሴ 8, but Sinksar has no matching commemoration for this saint on this date",Verify theological calendar date for this annual feast
UNVERIFIED_ANNUAL_FEAST,WARNING,GZ-SEL-001,ሰላም ለፍልሰተ ሥጋኪ በግእዝ,12/9,"Book marked annual on ነሐሴ 9, but Sinksar has no matching commemoration for this saint on this date",Verify theological calendar date for this annual feast
UNVERIFIED_ANNUAL_FEAST,WARNING,GZ-SEL-001,ሰላም ለፍልሰተ ሥጋኪ በግእዝ,12/10,"Book marked annual on ነሐሴ 10, but Sinksar has no matching commemoration for this saint on this date",Verify theological calendar date for this annual feast
UNVERIFIED_ANNUAL_FEAST,WARNING,GZ-SEL-001,ሰላም ለፍልሰተ ሥጋኪ በግእዝ,12/11,"Book marked annual on ነሐሴ 11, but Sinksar has no matching commemoration for this saint on this date",Verify theological calendar date for this annual feast
UNVERIFIED_ANNUAL_FEAST,WARNING,GZ-SEL-001,ሰላም ለፍልሰተ ሥጋኪ በግእዝ,12/12,"Book marked annual on ነሐሴ 12, but Sinksar has no matching commemoration for this saint on this date",Verify theological calendar date for this annual feast
UNVERIFIED_ANNUAL_FEAST,WARNING,GZ-SEL-001,ሰላም ለፍልሰተ ሥጋኪ በግእዝ,12/13,"Book marked annual on ነሐሴ 13, but Sinksar has no matching commemoration for this saint on this date",Verify theological calendar date for this annual feast
UNVERIFIED_ANNUAL_FEAST,WARNING,GZ-SEL-001,ሰላም ለፍልሰተ ሥጋኪ በግእዝ,12/14,"Book marked annual on ነሐሴ 14, but Sinksar has no matching commemoration for this saint on this date",Verify theological calendar date for this annual feast
UNVERIFIED_ANNUAL_FEAST,WARNING,GZ-SEL-001,ሰላም ለፍልሰተ ሥጋኪ በግእዝ,12/15,"Book marked annual on ነሐሴ 15, but Sinksar has no matching commemoration for this saint on this date",Verify theological calendar date for this annual feast
UNVERIFIED_ANNUAL_FEAST,WARNING,GZ-SEL-001,ሰላም ለፍልሰተ ሥጋኪ በግእዝ,12/16,"Book marked annual on ነሐሴ 16, but Sinksar has no matching commemoration for this saint on this date",Verify theological calendar date for this annual feast
UNVERIFIED_ANNUAL_FEAST,WARNING,GZ-MEL-163,መልክዐ ፍልሰታ በግእዝ,12/1,"Book marked annual on ነሐሴ 1, but Sinksar has no matching commemoration for this saint on this date",Verify theological calendar date for this annual feast
UNVERIFIED_ANNUAL_FEAST,WARNING,GZ-MEL-163,መልክዐ ፍልሰታ በግእዝ,12/2,"Book marked annual on ነሐሴ 2, but Sinksar has no matching commemoration for this saint on this date",Verify theological calendar date for this annual feast
UNVERIFIED_ANNUAL_FEAST,WARNING,GZ-MEL-163,መልክዐ ፍልሰታ በግእዝ,12/3,"Book marked annual on ነሐሴ 3, but Sinksar has no matching commemoration for this saint on this date",Verify theological calendar date for this annual feast
UNVERIFIED_ANNUAL_FEAST,WARNING,GZ-MEL-163,መልክዐ ፍልሰታ በግእዝ,12/4,"Book marked annual on ነሐሴ 4, but Sinksar has no matching commemoration for this saint on this date",Verify theological calendar date for this annual feast
UNVERIFIED_ANNUAL_FEAST,WARNING,GZ-MEL-163,መልክዐ ፍልሰታ በግእዝ,12/5,"Book marked annual on ነሐሴ 5, but Sinksar has no matching commemoration for this saint on this date",Verify theological calendar date for this annual feast
UNVERIFIED_ANNUAL_FEAST,WARNING,GZ-MEL-163,መልክዐ ፍልሰታ በግእዝ,12/6,"Book marked annual on ነሐሴ 6, but Sinksar has no matching commemoration for this saint on this date",Verify theological calendar date for this annual feast
UNVERIFIED_ANNUAL_FEAST,WARNING,GZ-MEL-163,መልክዐ ፍልሰታ በግእዝ,12/7,"Book marked annual on ነሐሴ 7, but Sinksar has no matching commemoration for this saint on this date",Verify theological calendar date for this annual feast
UNVERIFIED_ANNUAL_FEAST,WARNING,GZ-MEL-163,መልክዐ ፍልሰታ በግእዝ,12/8,"Book marked annual on ነሐሴ 8, but Sinksar has no matching commemoration for this saint on this date",Verify theological calendar date for this annual feast
UNVERIFIED_ANNUAL_FEAST,WARNING,GZ-MEL-163,መልክዐ ፍልሰታ በግእዝ,12/9,"Book marked annual on ነሐሴ 9, but Sinksar has no matching commemoration for this saint on this date",Verify theological calendar date for this annual feast
UNVERIFIED_ANNUAL_FEAST,WARNING,GZ-MEL-163,መልክዐ ፍልሰታ በግእዝ,12/10,"Book marked annual on ነሐሴ 10, but Sinksar has no matching commemoration for this saint on this date",Verify theological calendar date for this annual feast
UNVERIFIED_ANNUAL_FEAST,WARNING,GZ-MEL-163,መልክዐ ፍልሰታ በግእዝ,12/11,"Book marked annual on ነሐሴ 11, but Sinksar has no matching commemoration for this saint on this date",Verify theological calendar date for this annual feast
UNVERIFIED_ANNUAL_FEAST,WARNING,GZ-MEL-163,መልክዐ ፍልሰታ በግእዝ,12/12,"Book marked annual on ነሐሴ 12, but Sinksar has no matching commemoration for this saint on this date",Verify theological calendar date for this annual feast
UNVERIFIED_ANNUAL_FEAST,WARNING,GZ-MEL-163,መልክዐ ፍልሰታ በግእዝ,12/13,"Book marked annual on ነሐሴ 13, but Sinksar has no matching commemoration for this saint on this date",Verify theological calendar date for this annual feast
UNVERIFIED_ANNUAL_FEAST,WARNING,GZ-MEL-163,መልክዐ ፍልሰታ በግእዝ,12/14,"Book marked annual on ነሐሴ 14, but Sinksar has no matching commemoration for this saint on this date",Verify theological calendar date for this annual feast
UNVERIFIED_ANNUAL_FEAST,WARNING,GZ-MEL-163,መልክዐ ፍልሰታ በግእዝ,12/15,"Book marked annual on ነሐሴ 15, but Sinksar has no matching commemoration for this saint on this date",Verify theological calendar date for this annual feast
UNVERIFIED_ANNUAL_FEAST,WARNING,GZ-MEL-163,መልክዐ ፍልሰታ በግእዝ,12/16,"Book marked annual on ነሐሴ 16, but Sinksar has no matching commemoration for this saint on this date",Verify theological calendar date for this annual feast
UNVERIFIED_ANNUAL_FEAST,WARNING,AM-MEL-032,ኹለተኛ መልክዐ ሥዕል በአማርኛ,1/26,"Book marked annual on መስከረም 26, but Sinksar has no matching commemoration for this saint on this date",Verify theological calendar date for this annual feast
UNVERIFIED_ANNUAL_FEAST,WARNING,AM-MEL-032,ኹለተኛ መልክዐ ሥዕል በአማርኛ,3/5,"Book marked annual on ኅዳር 5, but Sinksar has no matching commemoration for this saint on this date",Verify theological calendar date for this annual feast
UNVERIFIED_ANNUAL_FEAST,WARNING,GZ-MEL-037,መልክዐ ሥዕል ካልእ በግእዝ,1/26,"Book marked annual on መስከረም 26, but Sinksar has no matching commemoration for this saint on this date",Verify theological calendar date for this annual feast
UNVERIFIED_ANNUAL_FEAST,WARNING,GZ-MEL-037,መልክዐ ሥዕል ካልእ በግእዝ,3/5,"Book marked annual on ኅዳር 5, but Sinksar has no matching commemoration for this saint on this date",Verify theological calendar date for this annual feast
UNVERIFIED_ANNUAL_FEAST,WARNING,TI-MEL-001,መልክአ ሥዕል ብትግርኛ,1/26,"Book marked annual on መስከረም 26, but Sinksar has no matching commemoration for this saint on this date",Verify theological calendar date for this annual feast
UNVERIFIED_ANNUAL_FEAST,WARNING,TI-MEL-001,መልክአ ሥዕል ብትግርኛ,3/5,"Book marked annual on ኅዳር 5, but Sinksar has no matching commemoration for this saint on this date",Verify theological calendar date for this annual feast
UNVERIFIED_ANNUAL_FEAST,WARNING,AM-MEL-037,የቅዱሳን ሠለስቱ ደቂቅ መልክዕ በአማርኛ,4/19,"Book marked annual on ታኅሣሥ 19, but Sinksar has no matching commemoration for this saint on this date",Verify theological calendar date for this annual feast
UNVERIFIED_ANNUAL_FEAST,WARNING,GZ-MEL-047,መልክዐ ቅዱሳን ሠለስቱ ደቂቅ በግእዝ,4/19,"Book marked annual on ታኅሣሥ 19, but Sinksar has no matching commemoration for this saint on this date",Verify theological calendar date for this annual feast
UNVERIFIED_ANNUAL_FEAST,WARNING,AM-ZNA-002,ዜና አበው በአማርኛ,3/4,"Book marked annual on ኅዳር 4, but Sinksar has no matching commemoration for this saint on this date",Verify theological calendar date for this annual feast
UNVERIFIED_ANNUAL_FEAST,WARNING,AM-ZNA-002,ዜና አበው በአማርኛ,5/26,"Book marked annual on ጥር 26, but Sinksar has no matching commemoration for this saint on this date",Verify theological calendar date for this annual feast
UNVERIFIED_ANNUAL_FEAST,WARNING,GZ-GDL-001,ገድለ አቡነ ፊልጶስ ዘደብረ ሊባኖስ በግእዝ,7/23,"Book marked annual on መጋቢት 23, but Sinksar has no matching commemoration for this saint on this date",Verify theological calendar date for this annual feast
UNVERIFIED_ANNUAL_FEAST,WARNING,GZ-GDL-001,ገድለ አቡነ ፊልጶስ ዘደብረ ሊባኖስ በግእዝ,11/28,"Book marked annual on ሐምሌ 28, but Sinksar has no matching commemoration for this saint on this date",Verify theological calendar date for this annual feast
UNVERIFIED_ANNUAL_FEAST,WARNING,GZ-GDL-012,ገድለ ቅዱስ ቈጵርያኖስ ወቅድስት ኢዩስጣ በግእዝ,1/21,"Book marked annual on መስከረም 21, but Sinksar has no matching commemoration for this saint on this date",Verify theological calendar date for this annual feast
UNVERIFIED_ANNUAL_FEAST,WARNING,GZ-MEL-009,መልክዐ ሊቀ መላእክት ቅዱስ በግእዝ,3/12,"Book marked annual on ኅዳር 12, but Sinksar has no matching commemoration for this saint on this date",Verify theological calendar date for this annual feast
UNVERIFIED_ANNUAL_FEAST,WARNING,GZ-MEL-009,መልክዐ ሊቀ መላእክት ቅዱስ በግእዝ,5/12,"Book marked annual on ጥር 12, but Sinksar has no matching commemoration for this saint on this date",Verify theological calendar date for this annual feast
UNVERIFIED_ANNUAL_FEAST,WARNING,GZ-MEL-009,መልክዐ ሊቀ መላእክት ቅዱስ በግእዝ,10/12,"Book marked annual on ሰኔ 12, but Sinksar has no matching commemoration for this saint on this date",Verify theological calendar date for this annual feast
UNVERIFIED_ANNUAL_FEAST,WARNING,GZ-MEL-009,መልክዐ ሊቀ መላእክት ቅዱስ በግእዝ,11/12,"Book marked annual on ሐምሌ 12, but Sinksar has no matching commemoration for this saint on this date",Verify theological calendar date for this annual feast
UNVERIFIED_ANNUAL_FEAST,WARNING,GZ-MEL-020,መልክዐ ልደታ በግእዝ,9/1,"Book marked annual on ግንቦት 1, but Sinksar has no matching commemoration for this saint on this date",Verify theological calendar date for this annual feast
UNVERIFIED_ANNUAL_FEAST,WARNING,GZ-MTS-001,መጽሐፈ ልደታ ለማርያም በግእዝ,9/1,"Book marked annual on ግንቦት 1, but Sinksar has no matching commemoration for this saint on this date",Verify theological calendar date for this annual feast
UNVERIFIED_ANNUAL_FEAST,WARNING,GZ-MEL-038,መልክዐ ሰላማ በግእዝ,4/18,"Book marked annual on ታኅሣሥ 18, but Sinksar has no matching commemoration for this saint on this date",Verify theological calendar date for this annual feast
UNVERIFIED_ANNUAL_FEAST,WARNING,GZ-MEL-038,መልክዐ ሰላማ በግእዝ,11/26,"Book marked annual on ሐምሌ 26, but Sinksar has no matching commemoration for this saint on this date",Verify theological calendar date for this annual feast
UNVERIFIED_ANNUAL_FEAST,WARNING,GZ-MEL-158,መልክዐ ጴጥሮስ ወጳውሎስ በግእዝ,11/5,"Book marked annual on ሐምሌ 5, but Sinksar has no matching commemoration for this saint on this date",Verify theological calendar date for this annual feast
UNVERIFIED_ANNUAL_FEAST,WARNING,GZ-MEL-048,መልክዐ ቅዱሳን ዘመጠራ በግእዝ,2/19,"Book marked annual on ጥቅምት 19, but Sinksar has no matching commemoration for this saint on this date",Verify theological calendar date for this annual feast
UNVERIFIED_ANNUAL_FEAST,WARNING,GZ-MEL-100,መልክዐ አቡነ አፍቅረነ እግዚእ በግእዝ,9/19,"Book marked annual on ግንቦት 19, but Sinksar has no matching commemoration for this saint on this date",Verify theological calendar date for this annual feast
UNVERIFIED_ANNUAL_FEAST,WARNING,GZ-MEL-083,መልክዐ አቡነ ሰይፈ ሚካኤል በግእዝ,2/19,"Book marked annual on ጥቅምት 19, but Sinksar has no matching commemoration for this saint on this date",Verify theological calendar date for this annual feast
UNVERIFIED_ANNUAL_FEAST,WARNING,GZ-MEL-108,መልክዐ አቡነ ይምአታ በግእዝ,2/28,"Book marked annual on ጥቅምት 28, but Sinksar has no matching commemoration for this saint on this date",Verify theological calendar date for this annual feast
UNVERIFIED_ANNUAL_FEAST,WARNING,GZ-MEL-113,መልክዐ አቡነ ዮናስ ዘደብረ ድኁኃን ዘደብረ ጽጌ ወዘደብረ ጽዮን በግእዝ,3/17,"Book marked annual on ኅዳር 17, but Sinksar has no matching commemoration for this saint on this date",Verify theological calendar date for this annual feast
UNVERIFIED_ANNUAL_FEAST,WARNING,GZ-MEL-113,መልክዐ አቡነ ዮናስ ዘደብረ ድኁኃን ዘደብረ ጽጌ ወዘደብረ ጽዮን በግእዝ,7/17,"Book marked annual on መጋቢት 17, but Sinksar has no matching commemoration for this saint on this date",Verify theological calendar date for this annual feast
UNVERIFIED_ANNUAL_FEAST,WARNING,GZ-MEL-115,መልክዐ አቡነ ጰንጠሌዎን በግእዝ,2/6,"Book marked annual on ጥቅምት 6, but Sinksar has no matching commemoration for this saint on this date",Verify theological calendar date for this annual feast
UNVERIFIED_ANNUAL_FEAST,WARNING,GZ-MEL-033,መልክዐ ሠለስቱ ምዕት በግእዝ,3/9,"Book marked annual on ኅዳር 9, but Sinksar has no matching commemoration for this saint on this date",Verify theological calendar date for this annual feast
UNVERIFIED_ANNUAL_FEAST,WARNING,GZ-MEL-070,መልክዐ ተክለ ማርያም ዘይሰመይ መብዓ ጽዮን በግእዝ,12/13,"Book marked annual on ነሐሴ 13, but Sinksar has no matching commemoration for this saint on this date",Verify theological calendar date for this annual feast
UNVERIFIED_ANNUAL_FEAST,WARNING,GZ-GDL-005,ገድለ አቡነ አበክረዙን በግእዝ,11/3,"Book marked annual on ሐምሌ 3, but Sinksar has no matching commemoration for this saint on this date",Verify theological calendar date for this annual feast
UNVERIFIED_ANNUAL_FEAST,WARNING,GZ-MEL-090,መልክዐ አቡነ ተንሥአ መድኅን በግእዝ,5/19,"Book marked annual on ጥር 19, but Sinksar has no matching commemoration for this saint on this date",Verify theological calendar date for this annual feast
UNVERIFIED_ANNUAL_FEAST,WARNING,GZ-MEL-138,መልክዐ እንጦንዮስ በግእዝ,5/22,"Book marked annual on ጥር 22, but Sinksar has no matching commemoration for this saint on this date",Verify theological calendar date for this annual feast
UNVERIFIED_ANNUAL_FEAST,WARNING,GZ-MEL-138,መልክዐ እንጦንዮስ በግእዝ,7/6,"Book marked annual on መጋቢት 6, but Sinksar has no matching commemoration for this saint on this date",Verify theological calendar date for this annual feast
UNVERIFIED_ANNUAL_FEAST,WARNING,GZ-MEL-138,መልክዐ እንጦንዮስ በግእዝ,11/22,"Book marked annual on ሐምሌ 22, but Sinksar has no matching commemoration for this saint on this date",Verify theological calendar date for this annual feast
UNVERIFIED_ANNUAL_FEAST,WARNING,GZ-MEL-079,መልክዐ አቡነ ሙሴ በግእዝ,1/4,"Book marked annual on መስከረም 4, but Sinksar has no matching commemoration for this saint on this date",Verify theological calendar date for this annual feast
UNVERIFIED_ANNUAL_FEAST,WARNING,GZ-MEL-110,መልክዐ አቡነ ዮሐንስ ዘድብረ ዳጋ በግእዝ,12/8,"Book marked annual on ነሐሴ 8, but Sinksar has no matching commemoration for this saint on this date",Verify theological calendar date for this annual feast
UNVERIFIED_ANNUAL_FEAST,WARNING,GZ-MEL-094,መልክዐ አቡነ ቶማስ ዘዘናቁዴ በግእዝ,3/3,"Book marked annual on ኅዳር 3, but Sinksar has no matching commemoration for this saint on this date",Verify theological calendar date for this annual feast
UNVERIFIED_ANNUAL_FEAST,WARNING,GZ-MEL-081,መልክዐ አቡነ ማቴዎስ ዘደብረ በርበሬ በግእዝ ካልእ,3/13,"Book marked annual on ኅዳር 13, but Sinksar has no matching commemoration for this saint on this date",Verify theological calendar date for this annual feast
UNVERIFIED_ANNUAL_FEAST,WARNING,GZ-MEL-080,መልክዐ አቡነ ማቴዎስ ዘደብረ በርበሬ በግእዝ,5/14,"Book marked annual on ጥር 14, but Sinksar has no matching commemoration for this saint on this date",Verify theological calendar date for this annual feast
UNVERIFIED_ANNUAL_FEAST,WARNING,GZ-MEL-076,መልክዐ አቡነ መርቆሬዎስ ዘደብረ ድማኅ በግእዝ,4/16,"Book marked annual on ታኅሣሥ 16, but Sinksar has no matching commemoration for this saint on this date",Verify theological calendar date for this annual feast
UNVERIFIED_ANNUAL_FEAST,WARNING,GZ-MEL-103,መልክዐ አቡነ እንድርያስ ዘደብረ ጽጌ በግእዝ,6/1,"Book marked annual on የካቲት 1, but Sinksar has no matching commemoration for this saint on this date",Verify theological calendar date for this annual feast
UNVERIFIED_ANNUAL_FEAST,WARNING,GZ-MEL-102,መልክዐ አቡነ እንድርያስ ዘደብረ ስኂን (ፅፉን) በግእዝ,7/29,"Book marked annual on መጋቢት 29, but Sinksar has no matching commemoration for this saint on this date",Verify theological calendar date for this annual feast
SHIFTED_DAY_FEAST,WARNING,GZ-GDL-027,ገድለ ቅዱስ ፊቅጦር በግእዝ,3/16 vs day [13],"Sinksar commemorates 'ቅዱስ ፊቅጦር ምዑዝ' on 3/16, but app maps on day [13]",Check whether GZ-GDL-027 should be on day 16
SHIFTED_DAY_FEAST,WARNING,GZ-GDL-027,ገድለ ቅዱስ ፊቅጦር በግእዝ,8/4 vs day [5],"Sinksar commemorates 'ቅዱሳን ፊቅጦር ዳኬዎስና ኤርሞ (ሰማዕታት)' on 8/4, but app maps on day [5]",Check whether GZ-GDL-027 should be on day 4
SHIFTED_DAY_FEAST,WARNING,AM-GDL-029,ገድለ ቅዱስ ፊቅጦር በአማርኛ,3/16 vs day [13],"Sinksar commemorates 'ቅዱስ ፊቅጦር ምዑዝ' on 3/16, but app maps on day [13]",Check whether AM-GDL-029 should be on day 16
SHIFTED_DAY_FEAST,WARNING,AM-GDL-029,ገድለ ቅዱስ ፊቅጦር በአማርኛ,8/4 vs day [5],"Sinksar commemorates 'ቅዱሳን ፊቅጦር ዳኬዎስና ኤርሞ (ሰማዕታት)' on 8/4, but app maps on day [5]",Check whether AM-GDL-029 should be on day 4
SHIFTED_DAY_FEAST,WARNING,GZ-MEL-162,መልክዐ ፊቅጦር በግእዝ,3/16 vs day [13],"Sinksar commemorates 'ቅዱስ ፊቅጦር ምዑዝ' on 3/16, but app maps on day [13]",Check whether GZ-MEL-162 should be on day 16
SHIFTED_DAY_FEAST,WARNING,GZ-MEL-162,መልክዐ ፊቅጦር በግእዝ,8/4 vs day [5],"Sinksar commemorates 'ቅዱሳን ፊቅጦር ዳኬዎስና ኤርሞ (ሰማዕታት)' on 8/4, but app maps on day [5]",Check whether GZ-MEL-162 should be on day 4
SHIFTED_DAY_FEAST,WARNING,AM-DRS-005,ድርሳነ ኤልያስ ነቢይ በአማርኛ,6/8 vs day [6],"Sinksar commemorates 'አባ ኤልያስ ገዳማዊ (በትህትና ያጌጠ ቅዱስ ሰው)' on 6/8, but app maps on day [6]",Check whether AM-DRS-005 should be on day 8
SHIFTED_DAY_FEAST,WARNING,AM-DRS-005,ድርሳነ ኤልያስ ነቢይ በአማርኛ,7/11 vs day [13],"Sinksar commemorates 'አባ ኤልያስ ሰማዕት' on 7/11, but app maps on day [13]",Check whether AM-DRS-005 should be on day 11
SHIFTED_DAY_FEAST,WARNING,GZ-MEL-134,መልክዐ ኤልያስ በግእዝ,6/8 vs day [6],"Sinksar commemorates 'አባ ኤልያስ ገዳማዊ (በትህትና ያጌጠ ቅዱስ ሰው)' on 6/8, but app maps on day [6]",Check whether GZ-MEL-134 should be on day 8
SHIFTED_DAY_FEAST,WARNING,GZ-MEL-134,መልክዐ ኤልያስ በግእዝ,7/11 vs day [13],"Sinksar commemorates 'አባ ኤልያስ ሰማዕት' on 7/11, but app maps on day [13]",Check whether GZ-MEL-134 should be on day 11
SHIFTED_DAY_FEAST,WARNING,GZ-MEL-059,መልክዐ ቅዱስ ኤልያስ ነቢይ ሣልስ በግእዝ,6/8 vs day [6],"Sinksar commemorates 'አባ ኤልያስ ገዳማዊ (በትህትና ያጌጠ ቅዱስ ሰው)' on 6/8, but app maps on day [6]",Check whether GZ-MEL-059 should be on day 8
SHIFTED_DAY_FEAST,WARNING,GZ-MEL-059,መልክዐ ቅዱስ ኤልያስ ነቢይ ሣልስ በግእዝ,7/11 vs day [13],"Sinksar commemorates 'አባ ኤልያስ ሰማዕት' on 7/11, but app maps on day [13]",Check whether GZ-MEL-059 should be on day 11
SHIFTED_DAY_FEAST,WARNING,AM-MEL-052,የነቢዩ የቅዱስ ኤልያስ 3ኛ መልክዕ በአማርኛ,6/8 vs day [6],"Sinksar commemorates 'አባ ኤልያስ ገዳማዊ (በትህትና ያጌጠ ቅዱስ ሰው)' on 6/8, but app maps on day [6]",Check whether AM-MEL-052 should be on day 8
SHIFTED_DAY_FEAST,WARNING,AM-MEL-052,የነቢዩ የቅዱስ ኤልያስ 3ኛ መልክዕ በአማርኛ,7/11 vs day [13],"Sinksar commemorates 'አባ ኤልያስ ሰማዕት' on 7/11, but app maps on day [13]",Check whether AM-MEL-052 should be on day 11
SHIFTED_DAY_FEAST,WARNING,GZ-MEL-060,መልክዐ ቅዱስ ዮሐንስ መጥምቅ በግእዝ,"3/12 vs day [11, 15]","Sinksar commemorates 'ቅዱስ ዮሐንስ መጥምቅ' on 3/12, but app maps on day [11, 15]",Check whether GZ-MEL-060 should be on day 12
SHIFTED_DAY_FEAST,WARNING,AM-MEL-048,የቅዱስ ዮሐንስ መጥምቅ መልክዕ በአማርኛ,"3/12 vs day [11, 15]","Sinksar commemorates 'ቅዱስ ዮሐንስ መጥምቅ' on 3/12, but app maps on day [11, 15]",Check whether AM-MEL-048 should be on day 12
SHIFTED_DAY_FEAST,WARNING,GZ-MEL-091,መልክዐ አቡነ ተከስተ ብርሃን በግእዝ,1/7 vs day [10],"Sinksar commemorates 'ቅድስት ሐና (የእመ ብርሃን እናት-ልደቷ ነው)' on 1/7, but app maps on day [10]",Check whether GZ-MEL-091 should be on day 7
SHIFTED_DAY_FEAST,WARNING,GZ-MEL-091,መልክዐ አቡነ ተከስተ ብርሃን በግእዝ,4/14 vs day [10],"Sinksar commemorates 'ዕለተ ብርሃን' on 4/14, but app maps on day [10]",Check whether GZ-MEL-091 should be on day 14
SHIFTED_DAY_FEAST,WARNING,AM-MEL-056,የአቡነ ተከስተ ብርሃን መልክዕ በአማርኛ,1/7 vs day [10],"Sinksar commemorates 'ቅድስት ሐና (የእመ ብርሃን እናት-ልደቷ ነው)' on 1/7, but app maps on day [10]",Check whether AM-MEL-056 should be on day 7
SHIFTED_DAY_FEAST,WARNING,AM-MEL-056,የአቡነ ተከስተ ብርሃን መልክዕ በአማርኛ,4/14 vs day [10],"Sinksar commemorates 'ዕለተ ብርሃን' on 4/14, but app maps on day [10]",Check whether AM-MEL-056 should be on day 14
SHIFTED_DAY_FEAST,WARNING,GZ-MEL-096,መልክዐ አቡነ አባለ ክርስቶስ በግእዝ,3/17 vs day [19],"Sinksar commemorates 'ቅድስት ወለተ ዻውሎስና ወለተ ክርስቶስ' on 3/17, but app maps on day [19]",Check whether GZ-MEL-096 should be on day 17
SHIFTED_DAY_FEAST,WARNING,GZ-MEL-096,መልክዐ አቡነ አባለ ክርስቶስ በግእዝ,12/18 vs day [19],"Sinksar commemorates 'አባ ዘ ክርስቶስ ዘወሎ (ኢትዮዽያዊ ጻድቅ)' on 12/18, but app maps on day [19]",Check whether GZ-MEL-096 should be on day 18
SHIFTED_DAY_FEAST,WARNING,AM-MEL-060,የአቡነ አባለ ክርስቶስ ጻድቅ መልክዕ በአማርኛ,3/17 vs day [19],"Sinksar commemorates 'ቅድስት ወለተ ዻውሎስና ወለተ ክርስቶስ' on 3/17, but app maps on day [19]",Check whether AM-MEL-060 should be on day 17
SHIFTED_DAY_FEAST,WARNING,AM-MEL-060,የአቡነ አባለ ክርስቶስ ጻድቅ መልክዕ በአማርኛ,12/18 vs day [19],"Sinksar commemorates 'አባ ዘ ክርስቶስ ዘወሎ (ኢትዮዽያዊ ጻድቅ)' on 12/18, but app maps on day [19]",Check whether AM-MEL-060 should be on day 18
SHIFTED_DAY_FEAST,WARNING,GZ-MEL-098,መልክዐ አቡነ አብርሃም በግእዝ,2/30 vs day [28],"Sinksar commemorates 'አባ አብርሃም ገዳማዊ' on 2/30, but app maps on day [28]",Check whether GZ-MEL-098 should be on day 30
SHIFTED_DAY_FEAST,WARNING,GZ-MEL-098,መልክዐ አቡነ አብርሃም በግእዝ,4/6 vs day [7],"Sinksar commemorates 'አባ አብርሃም ሶርያዊ' on 4/6, but app maps on day [7]",Check whether GZ-MEL-098 should be on day 6
SHIFTED_DAY_FEAST,WARNING,GZ-MEL-098,መልክዐ አቡነ አብርሃም በግእዝ,5/9 vs day [7],"Sinksar commemorates 'አባ አብርሃም ገዳማዊ' on 5/9, but app maps on day [7]",Check whether GZ-MEL-098 should be on day 9
SHIFTED_DAY_FEAST,WARNING,GZ-MEL-098,መልክዐ አቡነ አብርሃም በግእዝ,6/11 vs day [7],"Sinksar commemorates 'አባ አብርሃም ኤዺስ ቆዾስ' on 6/11, but app maps on day [7]",Check whether GZ-MEL-098 should be on day 11
SHIFTED_DAY_FEAST,WARNING,GZ-MEL-098,መልክዐ አቡነ አብርሃም በግእዝ,9/10 vs day [7],"Sinksar commemorates 'ቅዱስ አብርሃም ጸራቢ (ሰማዕት)' on 9/10, but app maps on day [7]",Check whether GZ-MEL-098 should be on day 10
SHIFTED_DAY_FEAST,WARNING,GZ-MEL-098,መልክዐ አቡነ አብርሃም በግእዝ,12/5 vs day [7],"Sinksar commemorates 'ቅዱስ አባ አብርሃም ገዳማዊ' on 12/5, but app maps on day [7]",Check whether GZ-MEL-098 should be on day 5
SHIFTED_DAY_FEAST,WARNING,GZ-MEL-098,መልክዐ አቡነ አብርሃም በግእዝ,12/24 vs day [28],"Sinksar commemorates 'አበው አብርሃም ይስሐቅና ያዕቆብ' on 12/24, but app maps on day [28]",Check whether GZ-MEL-098 should be on day 24
SHIFTED_DAY_FEAST,WARNING,AM-MEL-063,የአባታችን አብርሃም መልክዕ በአማርኛ,2/30 vs day [28],"Sinksar commemorates 'አባ አብርሃም ገዳማዊ' on 2/30, but app maps on day [28]",Check whether AM-MEL-063 should be on day 30
SHIFTED_DAY_FEAST,WARNING,AM-MEL-063,የአባታችን አብርሃም መልክዕ በአማርኛ,4/6 vs day [7],"Sinksar commemorates 'አባ አብርሃም ሶርያዊ' on 4/6, but app maps on day [7]",Check whether AM-MEL-063 should be on day 6
SHIFTED_DAY_FEAST,WARNING,AM-MEL-063,የአባታችን አብርሃም መልክዕ በአማርኛ,5/9 vs day [7],"Sinksar commemorates 'አባ አብርሃም ገዳማዊ' on 5/9, but app maps on day [7]",Check whether AM-MEL-063 should be on day 9
SHIFTED_DAY_FEAST,WARNING,AM-MEL-063,የአባታችን አብርሃም መልክዕ በአማርኛ,6/11 vs day [7],"Sinksar commemorates 'አባ አብርሃም ኤዺስ ቆዾስ' on 6/11, but app maps on day [7]",Check whether AM-MEL-063 should be on day 11
SHIFTED_DAY_FEAST,WARNING,AM-MEL-063,የአባታችን አብርሃም መልክዕ በአማርኛ,8/6 vs day [7],"Sinksar commemorates 'አባታችን ቅዱስ ኖኅ (ልደቱ)' on 8/6, but app maps on day [7]",Check whether AM-MEL-063 should be on day 6
SHIFTED_DAY_FEAST,WARNING,AM-MEL-063,የአባታችን አብርሃም መልክዕ በአማርኛ,9/10 vs day [7],"Sinksar commemorates 'ቅዱስ አብርሃም ጸራቢ (ሰማዕት)' on 9/10, but app maps on day [7]",Check whether AM-MEL-063 should be on day 10
SHIFTED_DAY_FEAST,WARNING,AM-MEL-063,የአባታችን አብርሃም መልክዕ በአማርኛ,12/5 vs day [7],"Sinksar commemorates 'ቅዱስ አባ አብርሃም ገዳማዊ' on 12/5, but app maps on day [7]",Check whether AM-MEL-063 should be on day 5
SHIFTED_DAY_FEAST,WARNING,AM-MEL-063,የአባታችን አብርሃም መልክዕ በአማርኛ,12/24 vs day [28],"Sinksar commemorates 'አበው አብርሃም ይስሐቅና ያዕቆብ' on 12/24, but app maps on day [28]",Check whether AM-MEL-063 should be on day 24
SHIFTED_DAY_FEAST,WARNING,GZ-GDL-010,ገድለ ቅዱስ ዮስጦስ በግእዝ,10/12 vs day [10],"Sinksar commemorates 'አባ ዮስጦስ ሊቀ ዻዻሳት (የሐዋርያው ቅዱስ ማርቆስ ደቀ መዝሙር)' on 10/12, but app maps on day [10]",Check whether GZ-GDL-010 should be on day 12
SHIFTED_DAY_FEAST,WARNING,GZ-MEL-063,መልክዐ ቅዱስ ዮስጦስ በግእዝ,10/12 vs day [10],"Sinksar commemorates 'አባ ዮስጦስ ሊቀ ዻዻሳት (የሐዋርያው ቅዱስ ማርቆስ ደቀ መዝሙር)' on 10/12, but app maps on day [10]",Check whether GZ-MEL-063 should be on day 12
SHIFTED_DAY_FEAST,WARNING,GZ-GDL-020,ገድለ አቡነ ፊልሞና በግእዝ,4/18 vs day [22],"Sinksar commemorates 'ቅዱስ ፊልሞና ባሕታዊ' on 4/18, but app maps on day [22]",Check whether GZ-GDL-020 should be on day 18
SHIFTED_DAY_FEAST,WARNING,GZ-MEL-117,መልክዐ አቡነ ፊልሞና በግእዝ,4/18 vs day [22],"Sinksar commemorates 'ቅዱስ ፊልሞና ባሕታዊ' on 4/18, but app maps on day [22]",Check whether GZ-MEL-117 should be on day 18
SHIFTED_DAY_FEAST,WARNING,GZ-GDL-028,ገድለ አቡነ ዳንኤል በግእዝ,4/7 vs day [6],"Sinksar commemorates 'አባ ዳንኤል ገዳማዊ' on 4/7, but app maps on day [6]",Check whether GZ-GDL-028 should be on day 7
SHIFTED_DAY_FEAST,WARNING,GZ-MEL-114,መልክዐ አቡነ ዳንኤል በግእዝ,4/7 vs day [6],"Sinksar commemorates 'አባ ዳንኤል ገዳማዊ' on 4/7, but app maps on day [6]",Check whether GZ-MEL-114 should be on day 7
SHIFTED_DAY_FEAST,WARNING,GZ-GDL-029,ገድለ አቡነ ዮሴፍ በግእዝ,2/23 vs day [19],"Sinksar commemorates 'አባ ዮሴፍ ጻድቅ ሊቀ ዻዻሳት' on 2/23, but app maps on day [19]",Check whether GZ-GDL-029 should be on day 23
SHIFTED_DAY_FEAST,WARNING,GZ-GDL-029,ገድለ አቡነ ዮሴፍ በግእዝ,7/17 vs day [19],"Sinksar commemorates 'ቅዱስ ዮሴፍ ኤዺስ ቆዾስ' on 7/17, but app maps on day [19]",Check whether GZ-GDL-029 should be on day 17
SHIFTED_DAY_FEAST,WARNING,GZ-MEL-111,መልክዐ አቡነ ዮሴፍ በግእዝ,2/23 vs day [19],"Sinksar commemorates 'አባ ዮሴፍ ጻድቅ ሊቀ ዻዻሳት' on 2/23, but app maps on day [19]",Check whether GZ-MEL-111 should be on day 23
SHIFTED_DAY_FEAST,WARNING,GZ-MEL-111,መልክዐ አቡነ ዮሴፍ በግእዝ,7/17 vs day [19],"Sinksar commemorates 'ቅዱስ ዮሴፍ ኤዺስ ቆዾስ' on 7/17, but app maps on day [19]",Check whether GZ-MEL-111 should be on day 17
SHIFTED_DAY_FEAST,WARNING,GZ-DRS-002,ድርሳነ መስቀል በግእዝ,3/30 vs day [27],"Sinksar commemorates 'አፄ ገብረ መስቀል ጻድቅ (ንጉሠ ኢትዮዽያ)' on 3/30, but app maps on day [27]",Check whether GZ-DRS-002 should be on day 30
SHIFTED_DAY_FEAST,WARNING,GZ-DRS-002,ድርሳነ መስቀል በግእዝ,"7/6 vs day [8, 10]","Sinksar commemorates 'ጻድቁ ዐፄ ገብረ መስቀል (የኢትዮዽያ ንጉሥ)' on 7/6, but app maps on day [8, 10]",Check whether GZ-DRS-002 should be on day 6
SHIFTED_DAY_FEAST,WARNING,GZ-DRS-002,ድርሳነ መስቀል በግእዝ,11/5 vs day [8],"Sinksar commemorates 'ቅድስት መስቀል ክብራ (የቅዱስ ላሊበላ ሚስት)' on 11/5, but app maps on day [8]",Check whether GZ-DRS-002 should be on day 5
SHIFTED_DAY_FEAST,WARNING,AM-DRS-008,ድርሳነ መስቀል በአማርኛ,3/30 vs day [27],"Sinksar commemorates 'አፄ ገብረ መስቀል ጻድቅ (ንጉሠ ኢትዮዽያ)' on 3/30, but app maps on day [27]",Check whether AM-DRS-008 should be on day 30
SHIFTED_DAY_FEAST,WARNING,AM-DRS-008,ድርሳነ መስቀል በአማርኛ,"7/6 vs day [8, 10]","Sinksar commemorates 'ጻድቁ ዐፄ ገብረ መስቀል (የኢትዮዽያ ንጉሥ)' on 7/6, but app maps on day [8, 10]",Check whether AM-DRS-008 should be on day 6
SHIFTED_DAY_FEAST,WARNING,AM-DRS-008,ድርሳነ መስቀል በአማርኛ,11/5 vs day [8],"Sinksar commemorates 'ቅድስት መስቀል ክብራ (የቅዱስ ላሊበላ ሚስት)' on 11/5, but app maps on day [8]",Check whether AM-DRS-008 should be on day 5
SHIFTED_DAY_FEAST,WARNING,GZ-MEL-051,መልክዐ ቅዱስ መስቀል በግእዝ,3/30 vs day [27],"Sinksar commemorates 'አፄ ገብረ መስቀል ጻድቅ (ንጉሠ ኢትዮዽያ)' on 3/30, but app maps on day [27]",Check whether GZ-MEL-051 should be on day 30
SHIFTED_DAY_FEAST,WARNING,GZ-MEL-051,መልክዐ ቅዱስ መስቀል በግእዝ,"7/6 vs day [8, 10]","Sinksar commemorates 'ጻድቁ ዐፄ ገብረ መስቀል (የኢትዮዽያ ንጉሥ)' on 7/6, but app maps on day [8, 10]",Check whether GZ-MEL-051 should be on day 6
SHIFTED_DAY_FEAST,WARNING,GZ-MEL-051,መልክዐ ቅዱስ መስቀል በግእዝ,11/5 vs day [8],"Sinksar commemorates 'ቅድስት መስቀል ክብራ (የቅዱስ ላሊበላ ሚስት)' on 11/5, but app maps on day [8]",Check whether GZ-MEL-051 should be on day 5
SHIFTED_DAY_FEAST,WARNING,AM-MEL-012,መልክዐ ቅዱስ መስቀል በአማርኛ,3/30 vs day [27],"Sinksar commemorates 'አፄ ገብረ መስቀል ጻድቅ (ንጉሠ ኢትዮዽያ)' on 3/30, but app maps on day [27]",Check whether AM-MEL-012 should be on day 30
SHIFTED_DAY_FEAST,WARNING,AM-MEL-012,መልክዐ ቅዱስ መስቀል በአማርኛ,"7/6 vs day [8, 10]","Sinksar commemorates 'ጻድቁ ዐፄ ገብረ መስቀል (የኢትዮዽያ ንጉሥ)' on 7/6, but app maps on day [8, 10]",Check whether AM-MEL-012 should be on day 6
SHIFTED_DAY_FEAST,WARNING,AM-MEL-012,መልክዐ ቅዱስ መስቀል በአማርኛ,11/5 vs day [8],"Sinksar commemorates 'ቅድስት መስቀል ክብራ (የቅዱስ ላሊበላ ሚስት)' on 11/5, but app maps on day [8]",Check whether AM-MEL-012 should be on day 5
SHIFTED_DAY_FEAST,WARNING,GZ-MEL-050,መልክዐ ቅዱስ መስቀል ሣልስ በግእዝ,3/30 vs day [27],"Sinksar commemorates 'አፄ ገብረ መስቀል ጻድቅ (ንጉሠ ኢትዮዽያ)' on 3/30, but app maps on day [27]",Check whether GZ-MEL-050 should be on day 30
SHIFTED_DAY_FEAST,WARNING,GZ-MEL-050,መልክዐ ቅዱስ መስቀል ሣልስ በግእዝ,"7/6 vs day [8, 10]","Sinksar commemorates 'ጻድቁ ዐፄ ገብረ መስቀል (የኢትዮዽያ ንጉሥ)' on 7/6, but app maps on day [8, 10]",Check whether GZ-MEL-050 should be on day 6
SHIFTED_DAY_FEAST,WARNING,GZ-MEL-050,መልክዐ ቅዱስ መስቀል ሣልስ በግእዝ,11/5 vs day [8],"Sinksar commemorates 'ቅድስት መስቀል ክብራ (የቅዱስ ላሊበላ ሚስት)' on 11/5, but app maps on day [8]",Check whether GZ-MEL-050 should be on day 5
SHIFTED_DAY_FEAST,WARNING,AM-MEL-040,የቅዱስ መስቀል 3ኛ መልክዕ በአማርኛ,3/30 vs day [27],"Sinksar commemorates 'አፄ ገብረ መስቀል ጻድቅ (ንጉሠ ኢትዮዽያ)' on 3/30, but app maps on day [27]",Check whether AM-MEL-040 should be on day 30
SHIFTED_DAY_FEAST,WARNING,AM-MEL-040,የቅዱስ መስቀል 3ኛ መልክዕ በአማርኛ,"7/6 vs day [8, 10]","Sinksar commemorates 'ጻድቁ ዐፄ ገብረ መስቀል (የኢትዮዽያ ንጉሥ)' on 7/6, but app maps on day [8, 10]",Check whether AM-MEL-040 should be on day 6
SHIFTED_DAY_FEAST,WARNING,AM-MEL-040,የቅዱስ መስቀል 3ኛ መልክዕ በአማርኛ,11/5 vs day [8],"Sinksar commemorates 'ቅድስት መስቀል ክብራ (የቅዱስ ላሊበላ ሚስት)' on 11/5, but app maps on day [8]",Check whether AM-MEL-040 should be on day 5
SHIFTED_DAY_FEAST,WARNING,GZ-MEL-021,መልክዐ ሐራ ድንግል በግእዝ,1/10 vs day [11],"Sinksar commemorates 'ቅድስት ድንግል እግዝእትነ ማርያም' on 1/10, but app maps on day [11]",Check whether GZ-MEL-021 should be on day 10
SHIFTED_DAY_FEAST,WARNING,GZ-MEL-021,መልክዐ ሐራ ድንግል በግእዝ,10/8 vs day [11],"Sinksar commemorates 'የእመቤታችን ድንግል ማርያም ቅዳሴ ቤት' on 10/8, but app maps on day [11]",Check whether GZ-MEL-021 should be on day 8
SHIFTED_DAY_FEAST,WARNING,AM-MEL-019,መልክዐ አቡነ ሐራ ድንግል በአማርኛ,1/10 vs day [11],"Sinksar commemorates 'ቅድስት ድንግል እግዝእትነ ማርያም' on 1/10, but app maps on day [11]",Check whether AM-MEL-019 should be on day 10
SHIFTED_DAY_FEAST,WARNING,AM-MEL-019,መልክዐ አቡነ ሐራ ድንግል በአማርኛ,10/8 vs day [11],"Sinksar commemorates 'የእመቤታችን ድንግል ማርያም ቅዳሴ ቤት' on 10/8, but app maps on day [11]",Check whether AM-MEL-019 should be on day 8
SHIFTED_DAY_FEAST,WARNING,GZ-MEL-104,መልክዐ አቡነ ዕጨጌ ዮሐንስ በግእዝ,1/27 vs day [29],"Sinksar commemorates 'አባ ዮሐንስ ዘደብረ ጽጌ' on 1/27, but app maps on day [29]",Check whether GZ-MEL-104 should be on day 27
SHIFTED_DAY_FEAST,WARNING,GZ-MEL-104,መልክዐ አቡነ ዕጨጌ ዮሐንስ በግእዝ,1/30 vs day [29],"Sinksar commemorates 'ቅዱሳን ያዕቆብና ዮሐንስ ሐዋርያት (ለወንጌል የተጠሩበት)' on 1/30, but app maps on day [29]",Check whether GZ-MEL-104 should be on day 30
SHIFTED_DAY_FEAST,WARNING,GZ-MEL-104,መልክዐ አቡነ ዕጨጌ ዮሐንስ በግእዝ,2/30 vs day [29],"Sinksar commemorates 'ቅዱስ ዮሐንስ መጥምቀ መለኮት' on 2/30, but app maps on day [29]",Check whether GZ-MEL-104 should be on day 30
SHIFTED_DAY_FEAST,WARNING,GZ-MEL-104,መልክዐ አቡነ ዕጨጌ ዮሐንስ በግእዝ,3/27 vs day [29],"Sinksar commemorates 'አባ ገብረ ዮሐንስ ጻድቅ' on 3/27, but app maps on day [29]",Check whether GZ-MEL-104 should be on day 27
SHIFTED_DAY_FEAST,WARNING,GZ-MEL-104,መልክዐ አቡነ ዕጨጌ ዮሐንስ በግእዝ,4/25 vs day [29],"Sinksar commemorates 'ቅዱስ ዮሐንስ ከማ (እና የተቀደሰች ሚስቱ)' on 4/25, but app maps on day [29]",Check whether GZ-MEL-104 should be on day 25
SHIFTED_DAY_FEAST,WARNING,GZ-MEL-104,መልክዐ አቡነ ዕጨጌ ዮሐንስ በግእዝ,4/30 vs day [29],"Sinksar commemorates 'አባ ዮሐንስ አበ ምኔት' on 4/30, but app maps on day [29]",Check whether GZ-MEL-104 should be on day 30
SHIFTED_DAY_FEAST,WARNING,GZ-MEL-104,መልክዐ አቡነ ዕጨጌ ዮሐንስ በግእዝ,4/30 vs day [29],"Sinksar commemorates 'አባ ዮሐንስ ብጹዕ' on 4/30, but app maps on day [29]",Check whether GZ-MEL-104 should be on day 30
SHIFTED_DAY_FEAST,WARNING,GZ-MEL-104,መልክዐ አቡነ ዕጨጌ ዮሐንስ በግእዝ,6/30 vs day [29],"Sinksar commemorates 'ቅዱስ ዮሐንስ መጥምቀ መለኮት' on 6/30, but app maps on day [29]",Check whether GZ-MEL-104 should be on day 30
SHIFTED_DAY_FEAST,WARNING,GZ-MEL-104,መልክዐ አቡነ ዕጨጌ ዮሐንስ በግእዝ,7/27 vs day [29],"Sinksar commemorates 'ቅዱስ ዮሐንስ (ፍቁረ እግዚእ)' on 7/27, but app maps on day [29]",Check whether GZ-MEL-104 should be on day 27
SHIFTED_DAY_FEAST,WARNING,GZ-MEL-104,መልክዐ አቡነ ዕጨጌ ዮሐንስ በግእዝ,8/26 vs day [29],"Sinksar commemorates 'ቅዱስ ዮሐንስ ሰማዕት (ወልደ ፀራቢ)' on 8/26, but app maps on day [29]",Check whether GZ-MEL-104 should be on day 26
SHIFTED_DAY_FEAST,WARNING,GZ-MEL-104,መልክዐ አቡነ ዕጨጌ ዮሐንስ በግእዝ,9/27 vs day [29],"Sinksar commemorates 'አባ ዮሐንስ ሊቀ ዻዻሳት' on 9/27, but app maps on day [29]",Check whether GZ-MEL-104 should be on day 27
SHIFTED_DAY_FEAST,WARNING,GZ-MEL-104,መልክዐ አቡነ ዕጨጌ ዮሐንስ በግእዝ,10/30 vs day [29],"Sinksar commemorates 'ቅዱስ ዮሐንስ መጥምቀ መለኮት (ልደቱ)' on 10/30, but app maps on day [29]",Check whether GZ-MEL-104 should be on day 30
SHIFTED_DAY_FEAST,WARNING,AM-MEL-020,መልክዐ አቡነ ዕጨጌ ዮሐንስ በአማርኛ,1/27 vs day [29],"Sinksar commemorates 'አባ ዮሐንስ ዘደብረ ጽጌ' on 1/27, but app maps on day [29]",Check whether AM-MEL-020 should be on day 27
SHIFTED_DAY_FEAST,WARNING,AM-MEL-020,መልክዐ አቡነ ዕጨጌ ዮሐንስ በአማርኛ,1/30 vs day [29],"Sinksar commemorates 'ቅዱሳን ያዕቆብና ዮሐንስ ሐዋርያት (ለወንጌል የተጠሩበት)' on 1/30, but app maps on day [29]",Check whether AM-MEL-020 should be on day 30
SHIFTED_DAY_FEAST,WARNING,AM-MEL-020,መልክዐ አቡነ ዕጨጌ ዮሐንስ በአማርኛ,2/30 vs day [29],"Sinksar commemorates 'ቅዱስ ዮሐንስ መጥምቀ መለኮት' on 2/30, but app maps on day [29]",Check whether AM-MEL-020 should be on day 30
SHIFTED_DAY_FEAST,WARNING,AM-MEL-020,መልክዐ አቡነ ዕጨጌ ዮሐንስ በአማርኛ,3/27 vs day [29],"Sinksar commemorates 'አባ ገብረ ዮሐንስ ጻድቅ' on 3/27, but app maps on day [29]",Check whether AM-MEL-020 should be on day 27
SHIFTED_DAY_FEAST,WARNING,AM-MEL-020,መልክዐ አቡነ ዕጨጌ ዮሐንስ በአማርኛ,4/25 vs day [29],"Sinksar commemorates 'ቅዱስ ዮሐንስ ከማ (እና የተቀደሰች ሚስቱ)' on 4/25, but app maps on day [29]",Check whether AM-MEL-020 should be on day 25
SHIFTED_DAY_FEAST,WARNING,AM-MEL-020,መልክዐ አቡነ ዕጨጌ ዮሐንስ በአማርኛ,4/30 vs day [29],"Sinksar commemorates 'አባ ዮሐንስ አበ ምኔት' on 4/30, but app maps on day [29]",Check whether AM-MEL-020 should be on day 30
SHIFTED_DAY_FEAST,WARNING,AM-MEL-020,መልክዐ አቡነ ዕጨጌ ዮሐንስ በአማርኛ,4/30 vs day [29],"Sinksar commemorates 'አባ ዮሐንስ ብጹዕ' on 4/30, but app maps on day [29]",Check whether AM-MEL-020 should be on day 30
SHIFTED_DAY_FEAST,WARNING,AM-MEL-020,መልክዐ አቡነ ዕጨጌ ዮሐንስ በአማርኛ,6/30 vs day [29],"Sinksar commemorates 'ቅዱስ ዮሐንስ መጥምቀ መለኮት' on 6/30, but app maps on day [29]",Check whether AM-MEL-020 should be on day 30
SHIFTED_DAY_FEAST,WARNING,AM-MEL-020,መልክዐ አቡነ ዕጨጌ ዮሐንስ በአማርኛ,7/27 vs day [29],"Sinksar commemorates 'ቅዱስ ዮሐንስ (ፍቁረ እግዚእ)' on 7/27, but app maps on day [29]",Check whether AM-MEL-020 should be on day 27
SHIFTED_DAY_FEAST,WARNING,AM-MEL-020,መልክዐ አቡነ ዕጨጌ ዮሐንስ በአማርኛ,8/26 vs day [29],"Sinksar commemorates 'ቅዱስ ዮሐንስ ሰማዕት (ወልደ ፀራቢ)' on 8/26, but app maps on day [29]",Check whether AM-MEL-020 should be on day 26
SHIFTED_DAY_FEAST,WARNING,AM-MEL-020,መልክዐ አቡነ ዕጨጌ ዮሐንስ በአማርኛ,9/27 vs day [29],"Sinksar commemorates 'አባ ዮሐንስ ሊቀ ዻዻሳት' on 9/27, but app maps on day [29]",Check whether AM-MEL-020 should be on day 27
SHIFTED_DAY_FEAST,WARNING,AM-MEL-020,መልክዐ አቡነ ዕጨጌ ዮሐንስ በአማርኛ,10/30 vs day [29],"Sinksar commemorates 'ቅዱስ ዮሐንስ መጥምቀ መለኮት (ልደቱ)' on 10/30, but app maps on day [29]",Check whether AM-MEL-020 should be on day 30
SHIFTED_DAY_FEAST,WARNING,GZ-GDL-013,ገድለ ዘርዐ አብርሃም በግእዝ,1/20 vs day [24],"Sinksar commemorates 'ቅዱስ አብርሃም መነኮስ' on 1/20, but app maps on day [24]",Check whether GZ-GDL-013 should be on day 20
SHIFTED_DAY_FEAST,WARNING,GZ-GDL-013,ገድለ ዘርዐ አብርሃም በግእዝ,12/28 vs day [24],"Sinksar commemorates 'ቅዱስ አብርሃም (የአባቶች አለቃ)' on 12/28, but app maps on day [24]",Check whether GZ-GDL-013 should be on day 28
SHIFTED_DAY_FEAST,WARNING,GZ-GDL-017,ገድለ አቡነ ተክለ ሐዋርያት በግእዝ,1/25 vs day [27],"Sinksar commemorates 'ሐዋርያት ዼጥሮስ ወዻውሎስ' on 1/25, but app maps on day [27]",Check whether GZ-GDL-017 should be on day 25
SHIFTED_DAY_FEAST,WARNING,GZ-GDL-017,ገድለ አቡነ ተክለ ሐዋርያት በግእዝ,1/30 vs day [27],"Sinksar commemorates 'ቅዱሳን ያዕቆብና ዮሐንስ ሐዋርያት (ለወንጌል የተጠሩበት)' on 1/30, but app maps on day [27]",Check whether GZ-GDL-017 should be on day 30
SHIFTED_DAY_FEAST,WARNING,GZ-MEL-025,መልክዐ ሕፃን ሞዐ በግእዝ,6/29 vs day [25],"Sinksar commemorates 'ቅዱሱ ሕፃን (የፍቅርተ ክርስቶስ ልጅ)' on 6/29, but app maps on day [25]",Check whether GZ-MEL-025 should be on day 29
SHIFTED_DAY_FEAST,WARNING,GZ-MEL-084,መልክዐ አቡነ ሳሙኤል በግእዝ ሣልስ በግእዝ,4/8 vs day [12],"Sinksar commemorates 'አባ ሳሙኤል ዘደብረ ቀልሞን' on 4/8, but app maps on day [12]",Check whether GZ-MEL-084 should be on day 8
SHIFTED_DAY_FEAST,WARNING,GZ-MEL-084,መልክዐ አቡነ ሳሙኤል በግእዝ ሣልስ በግእዝ,10/9 vs day [12],"Sinksar commemorates 'ቅዱስ ሳሙኤል ነቢይ' on 10/9, but app maps on day [12]",Check whether GZ-MEL-084 should be on day 9
SHIFTED_DAY_FEAST,WARNING,GZ-MEL-084,መልክዐ አቡነ ሳሙኤል በግእዝ ሣልስ በግእዝ,"12/27 vs day [29, 23]","Sinksar commemorates 'ቅዱስ ሳሙኤል ነቢይ (የተጠራበት)' on 12/27, but app maps on day [29, 23]",Check whether GZ-MEL-084 should be on day 27
SHIFTED_DAY_FEAST,WARNING,GZ-MEL-088,መልክዐ አቡነ ቡሩከ አምላክ ዘደብረ ኮል በግእዝ,2/12 vs day [14],"Sinksar commemorates 'ቅዱስ ዳዊት ልበ አምላክ (የነገሠበት)' on 2/12, but app maps on day [14]",Check whether GZ-MEL-088 should be on day 12
SHIFTED_DAY_FEAST,WARNING,GZ-MEL-088,መልክዐ አቡነ ቡሩከ አምላክ ዘደብረ ኮል በግእዝ,10/16 vs day [14],"Sinksar commemorates 'አፄ ይኩኖ አምላክ (ንጉሠ ኢትዮጵያ)' on 10/16, but app maps on day [14]",Check whether GZ-MEL-088 should be on day 16
SHIFTED_DAY_FEAST,WARNING,GZ-MEL-089,መልክዐ አቡነ ብፁዓ አምላክ ዘደብረ ምዕዋን ወዘደብረ ኰዳዱ በግእዝ,2/12 vs day [9],"Sinksar commemorates 'ቅዱስ ዳዊት ልበ አምላክ (የነገሠበት)' on 2/12, but app maps on day [9]",Check whether GZ-MEL-089 should be on day 12
SHIFTED_DAY_FEAST,WARNING,GZ-MEL-089,መልክዐ አቡነ ብፁዓ አምላክ ዘደብረ ምዕዋን ወዘደብረ ኰዳዱ በግእዝ,8/6 vs day [9],"Sinksar commemorates 'ልበ አምላክ ቅዱስ ዳዊት (ልደቱ)' on 8/6, but app maps on day [9]",Check whether GZ-MEL-089 should be on day 6
SHIFTED_DAY_FEAST,WARNING,AM-DRS-003,ድርሳነ ገብርኤል በአማርኛ,"4/23 vs day [19, 22, 26]","Sinksar commemorates 'አባ ገብርኤል ጻድቅ' on 4/23, but app maps on day [19, 22, 26]",Check whether AM-DRS-003 should be on day 23
SHIFTED_DAY_FEAST,WARNING,AM-DRS-003,ድርሳነ ገብርኤል በአማርኛ,"6/21 vs day [19, 22]","Sinksar commemorates 'አባ ገብርኤል ሊቀ ዻዻሳት' on 6/21, but app maps on day [19, 22]",Check whether AM-DRS-003 should be on day 21
SHIFTED_DAY_FEAST,WARNING,AM-DRS-003,ድርሳነ ገብርኤል በአማርኛ,"6/21 vs day [19, 22]","Sinksar commemorates 'አባ ገብርኤል (የኢትዮዽያ ጳጳስ የነበሩ)' on 6/21, but app maps on day [19, 22]",Check whether AM-DRS-003 should be on day 21
SHIFTED_DAY_FEAST,WARNING,AM-DRS-003,ድርሳነ ገብርኤል በአማርኛ,"8/10 vs day [7, 13]","Sinksar commemorates 'አባ ገብርኤል ሊቀ ዻዻሳት' on 8/10, but app maps on day [7, 13]",Check whether AM-DRS-003 should be on day 10
SHIFTED_DAY_FEAST,WARNING,AM-DRS-003,ድርሳነ ገብርኤል በአማርኛ,"11/11 vs day [7, 13]","Sinksar commemorates 'አባ ገብርኤል ሊቀ ዻዻሳት' on 11/11, but app maps on day [7, 13]",Check whether AM-DRS-003 should be on day 11
SHIFTED_DAY_FEAST,WARNING,AM-MEL-050,የቅዱስ ገብርኤል መልክዕ በአማርኛ,"4/23 vs day [19, 22, 26]","Sinksar commemorates 'አባ ገብርኤል ጻድቅ' on 4/23, but app maps on day [19, 22, 26]",Check whether AM-MEL-050 should be on day 23
SHIFTED_DAY_FEAST,WARNING,AM-MEL-050,የቅዱስ ገብርኤል መልክዕ በአማርኛ,"6/21 vs day [19, 22]","Sinksar commemorates 'አባ ገብርኤል ሊቀ ዻዻሳት' on 6/21, but app maps on day [19, 22]",Check whether AM-MEL-050 should be on day 21
SHIFTED_DAY_FEAST,WARNING,AM-MEL-050,የቅዱስ ገብርኤል መልክዕ በአማርኛ,"6/21 vs day [19, 22]","Sinksar commemorates 'አባ ገብርኤል (የኢትዮዽያ ጳጳስ የነበሩ)' on 6/21, but app maps on day [19, 22]",Check whether AM-MEL-050 should be on day 21
SHIFTED_DAY_FEAST,WARNING,AM-MEL-050,የቅዱስ ገብርኤል መልክዕ በአማርኛ,"8/10 vs day [7, 13]","Sinksar commemorates 'አባ ገብርኤል ሊቀ ዻዻሳት' on 8/10, but app maps on day [7, 13]",Check whether AM-MEL-050 should be on day 10
SHIFTED_DAY_FEAST,WARNING,AM-MEL-050,የቅዱስ ገብርኤል መልክዕ በአማርኛ,"11/11 vs day [7, 13]","Sinksar commemorates 'አባ ገብርኤል ሊቀ ዻዻሳት' on 11/11, but app maps on day [7, 13]",Check whether AM-MEL-050 should be on day 11
SHIFTED_DAY_FEAST,WARNING,GZ-DRS-010,ድርሳነ ገብርኤል በግእዝ,"4/23 vs day [19, 22, 26]","Sinksar commemorates 'አባ ገብርኤል ጻድቅ' on 4/23, but app maps on day [19, 22, 26]",Check whether GZ-DRS-010 should be on day 23
SHIFTED_DAY_FEAST,WARNING,GZ-DRS-010,ድርሳነ ገብርኤል በግእዝ,"6/21 vs day [19, 22]","Sinksar commemorates 'አባ ገብርኤል ሊቀ ዻዻሳት' on 6/21, but app maps on day [19, 22]",Check whether GZ-DRS-010 should be on day 21
SHIFTED_DAY_FEAST,WARNING,GZ-DRS-010,ድርሳነ ገብርኤል በግእዝ,"6/21 vs day [19, 22]","Sinksar commemorates 'አባ ገብርኤል (የኢትዮዽያ ጳጳስ የነበሩ)' on 6/21, but app maps on day [19, 22]",Check whether GZ-DRS-010 should be on day 21
SHIFTED_DAY_FEAST,WARNING,GZ-DRS-010,ድርሳነ ገብርኤል በግእዝ,"8/10 vs day [7, 13]","Sinksar commemorates 'አባ ገብርኤል ሊቀ ዻዻሳት' on 8/10, but app maps on day [7, 13]",Check whether GZ-DRS-010 should be on day 10
SHIFTED_DAY_FEAST,WARNING,GZ-DRS-010,ድርሳነ ገብርኤል በግእዝ,"11/11 vs day [7, 13]","Sinksar commemorates 'አባ ገብርኤል ሊቀ ዻዻሳት' on 11/11, but app maps on day [7, 13]",Check whether GZ-DRS-010 should be on day 11
SHIFTED_DAY_FEAST,WARNING,GZ-MEL-013,መልክዐ ሊቀ መላእክት ቅዱስ ገብርኤል በግእዝ,"4/23 vs day [19, 22, 26]","Sinksar commemorates 'አባ ገብርኤል ጻድቅ' on 4/23, but app maps on day [19, 22, 26]",Check whether GZ-MEL-013 should be on day 23
SHIFTED_DAY_FEAST,WARNING,GZ-MEL-013,መልክዐ ሊቀ መላእክት ቅዱስ ገብርኤል በግእዝ,"6/21 vs day [19, 22]","Sinksar commemorates 'አባ ገብርኤል ሊቀ ዻዻሳት' on 6/21, but app maps on day [19, 22]",Check whether GZ-MEL-013 should be on day 21
SHIFTED_DAY_FEAST,WARNING,GZ-MEL-013,መልክዐ ሊቀ መላእክት ቅዱስ ገብርኤል በግእዝ,"6/21 vs day [19, 22]","Sinksar commemorates 'አባ ገብርኤል (የኢትዮዽያ ጳጳስ የነበሩ)' on 6/21, but app maps on day [19, 22]",Check whether GZ-MEL-013 should be on day 21
SHIFTED_DAY_FEAST,WARNING,GZ-MEL-013,መልክዐ ሊቀ መላእክት ቅዱስ ገብርኤል በግእዝ,"8/10 vs day [7, 13]","Sinksar commemorates 'አባ ገብርኤል ሊቀ ዻዻሳት' on 8/10, but app maps on day [7, 13]",Check whether GZ-MEL-013 should be on day 10
SHIFTED_DAY_FEAST,WARNING,GZ-MEL-013,መልክዐ ሊቀ መላእክት ቅዱስ ገብርኤል በግእዝ,"11/11 vs day [7, 13]","Sinksar commemorates 'አባ ገብርኤል ሊቀ ዻዻሳት' on 11/11, but app maps on day [7, 13]",Check whether GZ-MEL-013 should be on day 11
SHIFTED_DAY_FEAST,WARNING,GZ-MEL-014,መልክዐ ሊቀ መላእክት ቅዱስ ገብርኤል ካልዕ (ደቅስዮስ) በግእዝ,"4/23 vs day [19, 22, 26]","Sinksar commemorates 'አባ ገብርኤል ጻድቅ' on 4/23, but app maps on day [19, 22, 26]",Check whether GZ-MEL-014 should be on day 23
SHIFTED_DAY_FEAST,WARNING,GZ-MEL-014,መልክዐ ሊቀ መላእክት ቅዱስ ገብርኤል ካልዕ (ደቅስዮስ) በግእዝ,"6/21 vs day [19, 22]","Sinksar commemorates 'አባ ገብርኤል ሊቀ ዻዻሳት' on 6/21, but app maps on day [19, 22]",Check whether GZ-MEL-014 should be on day 21
SHIFTED_DAY_FEAST,WARNING,GZ-MEL-014,መልክዐ ሊቀ መላእክት ቅዱስ ገብርኤል ካልዕ (ደቅስዮስ) በግእዝ,"6/21 vs day [19, 22]","Sinksar commemorates 'አባ ገብርኤል (የኢትዮዽያ ጳጳስ የነበሩ)' on 6/21, but app maps on day [19, 22]",Check whether GZ-MEL-014 should be on day 21
SHIFTED_DAY_FEAST,WARNING,GZ-MEL-014,መልክዐ ሊቀ መላእክት ቅዱስ ገብርኤል ካልዕ (ደቅስዮስ) በግእዝ,"8/10 vs day [7, 13]","Sinksar commemorates 'አባ ገብርኤል ሊቀ ዻዻሳት' on 8/10, but app maps on day [7, 13]",Check whether GZ-MEL-014 should be on day 10
SHIFTED_DAY_FEAST,WARNING,GZ-MEL-014,መልክዐ ሊቀ መላእክት ቅዱስ ገብርኤል ካልዕ (ደቅስዮስ) በግእዝ,"11/11 vs day [7, 13]","Sinksar commemorates 'አባ ገብርኤል ሊቀ ዻዻሳት' on 11/11, but app maps on day [7, 13]",Check whether GZ-MEL-014 should be on day 11
SHIFTED_DAY_FEAST,WARNING,AM-MIK-001,ምክሓ ምእመናን ክርስቶስ በአማርኛ,1/29 vs day [27],"Sinksar commemorates 'ቅድስት ክርስቶስ ክብራ ኢትዮዽያዊት (በዚህ ቀን ነፍሳትን ከሲዖል ታወጣለች)' on 1/29, but app maps on day [27]",Check whether AM-MIK-001 should be on day 29
SHIFTED_DAY_FEAST,WARNING,AM-MIK-001,ምክሓ ምእመናን ክርስቶስ በአማርኛ,3/29 vs day [27],"Sinksar commemorates 'ቅዱሳን ሰማዕታተ ክርስቶስ (ሁሉም)' on 3/29, but app maps on day [27]",Check whether AM-MIK-001 should be on day 29
SHIFTED_DAY_FEAST,WARNING,AM-MIK-001,ምክሓ ምእመናን ክርስቶስ በአማርኛ,4/29 vs day [27],"Sinksar commemorates 'ልደተ ክርስቶስ ስቡሕ' on 4/29, but app maps on day [27]",Check whether AM-MIK-001 should be on day 29
SHIFTED_DAY_FEAST,WARNING,AM-MIK-001,ምክሓ ምእመናን ክርስቶስ በአማርኛ,6/29 vs day [27],"Sinksar commemorates 'ቅድስት ፍቅርተ ክርስቶስ ኢትዮዽያዊት' on 6/29, but app maps on day [27]",Check whether AM-MIK-001 should be on day 29
SHIFTED_DAY_FEAST,WARNING,AM-MIK-001,ምክሓ ምእመናን ክርስቶስ በአማርኛ,7/29 vs day [27],"Sinksar commemorates 'ቅድስት ፍቅርተ ክርስቶስ (ጽንሰታ)' on 7/29, but app maps on day [27]",Check whether AM-MIK-001 should be on day 29
SHIFTED_DAY_FEAST,WARNING,AM-MIK-001,ምክሓ ምእመናን ክርስቶስ በአማርኛ,9/28 vs day [27],"Sinksar commemorates 'ቅድስት ዓመተ ክርስቶስ ተጋዳሊት (ገዳማዊት)' on 9/28, but app maps on day [27]",Check whether AM-MIK-001 should be on day 28
SHIFTED_DAY_FEAST,WARNING,AM-DRS-009,ድርሳነ ሚካኤል በአማርኛ,2/6 vs day [9],"Sinksar commemorates 'አቡነ በጸሎተ ሚካኤል ኢትዮዽያዊ (ፍልሠቱ)' on 2/6, but app maps on day [9]",Check whether AM-DRS-009 should be on day 6
SHIFTED_DAY_FEAST,WARNING,AM-DRS-009,ድርሳነ ሚካኤል በአማርኛ,"4/13 vs day [9, 12]","Sinksar commemorates 'አባ ሚካኤል ዘቀልሞን' on 4/13, but app maps on day [9, 12]",Check whether AM-DRS-009 should be on day 13
SHIFTED_DAY_FEAST,WARNING,AM-DRS-009,ድርሳነ ሚካኤል በአማርኛ,7/16 vs day [12],"Sinksar commemorates 'ቅዱስ አባ ሚካኤል ሊቀ ዻዻሳት' on 7/16, but app maps on day [12]",Check whether AM-DRS-009 should be on day 16
SHIFTED_DAY_FEAST,WARNING,AM-DRS-009,ድርሳነ ሚካኤል በአማርኛ,"9/10 vs day [9, 12]","Sinksar commemorates 'አባ ሚካኤል ገዳማዊ' on 9/10, but app maps on day [9, 12]",Check whether AM-DRS-009 should be on day 10
SHIFTED_DAY_FEAST,WARNING,AM-DRS-009,ድርሳነ ሚካኤል በአማርኛ,9/16 vs day [12],"Sinksar commemorates 'ቅድስት እናታችን ዐስበ ሚካኤል (ኢትዮዽያዊት)' on 9/16, but app maps on day [12]",Check whether AM-DRS-009 should be on day 16
SHIFTED_DAY_FEAST,WARNING,AM-MEL-006,መልክዐ ሚካኤል በአማርኛ,2/6 vs day [9],"Sinksar commemorates 'አቡነ በጸሎተ ሚካኤል ኢትዮዽያዊ (ፍልሠቱ)' on 2/6, but app maps on day [9]",Check whether AM-MEL-006 should be on day 6
SHIFTED_DAY_FEAST,WARNING,AM-MEL-006,መልክዐ ሚካኤል በአማርኛ,"4/13 vs day [9, 12]","Sinksar commemorates 'አባ ሚካኤል ዘቀልሞን' on 4/13, but app maps on day [9, 12]",Check whether AM-MEL-006 should be on day 13
SHIFTED_DAY_FEAST,WARNING,AM-MEL-006,መልክዐ ሚካኤል በአማርኛ,7/16 vs day [12],"Sinksar commemorates 'ቅዱስ አባ ሚካኤል ሊቀ ዻዻሳት' on 7/16, but app maps on day [12]",Check whether AM-MEL-006 should be on day 16
SHIFTED_DAY_FEAST,WARNING,AM-MEL-006,መልክዐ ሚካኤል በአማርኛ,"9/10 vs day [9, 12]","Sinksar commemorates 'አባ ሚካኤል ገዳማዊ' on 9/10, but app maps on day [9, 12]",Check whether AM-MEL-006 should be on day 10
SHIFTED_DAY_FEAST,WARNING,AM-MEL-006,መልክዐ ሚካኤል በአማርኛ,9/16 vs day [12],"Sinksar commemorates 'ቅድስት እናታችን ዐስበ ሚካኤል (ኢትዮዽያዊት)' on 9/16, but app maps on day [12]",Check whether AM-MEL-006 should be on day 16
SHIFTED_DAY_FEAST,WARNING,AM-MEL-041,የቅዱስ ሚካኤል 3ኛ መልክዕ በአማርኛ,2/6 vs day [9],"Sinksar commemorates 'አቡነ በጸሎተ ሚካኤል ኢትዮዽያዊ (ፍልሠቱ)' on 2/6, but app maps on day [9]",Check whether AM-MEL-041 should be on day 6
SHIFTED_DAY_FEAST,WARNING,AM-MEL-041,የቅዱስ ሚካኤል 3ኛ መልክዕ በአማርኛ,"4/13 vs day [9, 12]","Sinksar commemorates 'አባ ሚካኤል ዘቀልሞን' on 4/13, but app maps on day [9, 12]",Check whether AM-MEL-041 should be on day 13
SHIFTED_DAY_FEAST,WARNING,AM-MEL-041,የቅዱስ ሚካኤል 3ኛ መልክዕ በአማርኛ,7/16 vs day [12],"Sinksar commemorates 'ቅዱስ አባ ሚካኤል ሊቀ ዻዻሳት' on 7/16, but app maps on day [12]",Check whether AM-MEL-041 should be on day 16
SHIFTED_DAY_FEAST,WARNING,AM-MEL-041,የቅዱስ ሚካኤል 3ኛ መልክዕ በአማርኛ,"9/10 vs day [9, 12]","Sinksar commemorates 'አባ ሚካኤል ገዳማዊ' on 9/10, but app maps on day [9, 12]",Check whether AM-MEL-041 should be on day 10
SHIFTED_DAY_FEAST,WARNING,AM-MEL-041,የቅዱስ ሚካኤል 3ኛ መልክዕ በአማርኛ,9/16 vs day [12],"Sinksar commemorates 'ቅድስት እናታችን ዐስበ ሚካኤል (ኢትዮዽያዊት)' on 9/16, but app maps on day [12]",Check whether AM-MEL-041 should be on day 16
SHIFTED_DAY_FEAST,WARNING,GZ-DRS-008,ድርሳነ ሚካኤል በግእዝ,2/6 vs day [9],"Sinksar commemorates 'አቡነ በጸሎተ ሚካኤል ኢትዮዽያዊ (ፍልሠቱ)' on 2/6, but app maps on day [9]",Check whether GZ-DRS-008 should be on day 6
SHIFTED_DAY_FEAST,WARNING,GZ-DRS-008,ድርሳነ ሚካኤል በግእዝ,"4/13 vs day [9, 12]","Sinksar commemorates 'አባ ሚካኤል ዘቀልሞን' on 4/13, but app maps on day [9, 12]",Check whether GZ-DRS-008 should be on day 13
SHIFTED_DAY_FEAST,WARNING,GZ-DRS-008,ድርሳነ ሚካኤል በግእዝ,7/16 vs day [12],"Sinksar commemorates 'ቅዱስ አባ ሚካኤል ሊቀ ዻዻሳት' on 7/16, but app maps on day [12]",Check whether GZ-DRS-008 should be on day 16
SHIFTED_DAY_FEAST,WARNING,GZ-DRS-008,ድርሳነ ሚካኤል በግእዝ,"9/10 vs day [9, 12]","Sinksar commemorates 'አባ ሚካኤል ገዳማዊ' on 9/10, but app maps on day [9, 12]",Check whether GZ-DRS-008 should be on day 10
SHIFTED_DAY_FEAST,WARNING,GZ-DRS-008,ድርሳነ ሚካኤል በግእዝ,9/16 vs day [12],"Sinksar commemorates 'ቅድስት እናታችን ዐስበ ሚካኤል (ኢትዮዽያዊት)' on 9/16, but app maps on day [12]",Check whether GZ-DRS-008 should be on day 16
SHIFTED_DAY_FEAST,WARNING,GZ-MEL-004,መልክዐ ሊቀ መላእክት ቅዱስ ሚካኤል ሣልስ በግእዝ,2/6 vs day [9],"Sinksar commemorates 'አቡነ በጸሎተ ሚካኤል ኢትዮዽያዊ (ፍልሠቱ)' on 2/6, but app maps on day [9]",Check whether GZ-MEL-004 should be on day 6
SHIFTED_DAY_FEAST,WARNING,GZ-MEL-004,መልክዐ ሊቀ መላእክት ቅዱስ ሚካኤል ሣልስ በግእዝ,"4/13 vs day [9, 12]","Sinksar commemorates 'አባ ሚካኤል ዘቀልሞን' on 4/13, but app maps on day [9, 12]",Check whether GZ-MEL-004 should be on day 13
SHIFTED_DAY_FEAST,WARNING,GZ-MEL-004,መልክዐ ሊቀ መላእክት ቅዱስ ሚካኤል ሣልስ በግእዝ,7/16 vs day [12],"Sinksar commemorates 'ቅዱስ አባ ሚካኤል ሊቀ ዻዻሳት' on 7/16, but app maps on day [12]",Check whether GZ-MEL-004 should be on day 16
SHIFTED_DAY_FEAST,WARNING,GZ-MEL-004,መልክዐ ሊቀ መላእክት ቅዱስ ሚካኤል ሣልስ በግእዝ,"9/10 vs day [9, 12]","Sinksar commemorates 'አባ ሚካኤል ገዳማዊ' on 9/10, but app maps on day [9, 12]",Check whether GZ-MEL-004 should be on day 10
SHIFTED_DAY_FEAST,WARNING,GZ-MEL-004,መልክዐ ሊቀ መላእክት ቅዱስ ሚካኤል ሣልስ በግእዝ,9/16 vs day [12],"Sinksar commemorates 'ቅድስት እናታችን ዐስበ ሚካኤል (ኢትዮዽያዊት)' on 9/16, but app maps on day [12]",Check whether GZ-MEL-004 should be on day 16
SHIFTED_DAY_FEAST,WARNING,GZ-MEL-005,መልክዐ ሊቀ መላእክት ቅዱስ ሚካኤል ካልዕ በግእዝ,2/6 vs day [9],"Sinksar commemorates 'አቡነ በጸሎተ ሚካኤል ኢትዮዽያዊ (ፍልሠቱ)' on 2/6, but app maps on day [9]",Check whether GZ-MEL-005 should be on day 6
SHIFTED_DAY_FEAST,WARNING,GZ-MEL-005,መልክዐ ሊቀ መላእክት ቅዱስ ሚካኤል ካልዕ በግእዝ,"4/13 vs day [9, 12]","Sinksar commemorates 'አባ ሚካኤል ዘቀልሞን' on 4/13, but app maps on day [9, 12]",Check whether GZ-MEL-005 should be on day 13
SHIFTED_DAY_FEAST,WARNING,GZ-MEL-005,መልክዐ ሊቀ መላእክት ቅዱስ ሚካኤል ካልዕ በግእዝ,7/16 vs day [12],"Sinksar commemorates 'ቅዱስ አባ ሚካኤል ሊቀ ዻዻሳት' on 7/16, but app maps on day [12]",Check whether GZ-MEL-005 should be on day 16
SHIFTED_DAY_FEAST,WARNING,GZ-MEL-005,መልክዐ ሊቀ መላእክት ቅዱስ ሚካኤል ካልዕ በግእዝ,"9/10 vs day [9, 12]","Sinksar commemorates 'አባ ሚካኤል ገዳማዊ' on 9/10, but app maps on day [9, 12]",Check whether GZ-MEL-005 should be on day 10
SHIFTED_DAY_FEAST,WARNING,GZ-MEL-005,መልክዐ ሊቀ መላእክት ቅዱስ ሚካኤል ካልዕ በግእዝ,9/16 vs day [12],"Sinksar commemorates 'ቅድስት እናታችን ዐስበ ሚካኤል (ኢትዮዽያዊት)' on 9/16, but app maps on day [12]",Check whether GZ-MEL-005 should be on day 16
SHIFTED_DAY_FEAST,WARNING,GZ-MEL-165,መልክዐ ሊቀ መላእክት ቅዱስ ሚካኤል ካልዕ በግእ,2/6 vs day [9],"Sinksar commemorates 'አቡነ በጸሎተ ሚካኤል ኢትዮዽያዊ (ፍልሠቱ)' on 2/6, but app maps on day [9]",Check whether GZ-MEL-165 should be on day 6
SHIFTED_DAY_FEAST,WARNING,GZ-MEL-165,መልክዐ ሊቀ መላእክት ቅዱስ ሚካኤል ካልዕ በግእ,"4/13 vs day [9, 12]","Sinksar commemorates 'አባ ሚካኤል ዘቀልሞን' on 4/13, but app maps on day [9, 12]",Check whether GZ-MEL-165 should be on day 13
SHIFTED_DAY_FEAST,WARNING,GZ-MEL-165,መልክዐ ሊቀ መላእክት ቅዱስ ሚካኤል ካልዕ በግእ,7/16 vs day [12],"Sinksar commemorates 'ቅዱስ አባ ሚካኤል ሊቀ ዻዻሳት' on 7/16, but app maps on day [12]",Check whether GZ-MEL-165 should be on day 16
SHIFTED_DAY_FEAST,WARNING,GZ-MEL-165,መልክዐ ሊቀ መላእክት ቅዱስ ሚካኤል ካልዕ በግእ,"9/10 vs day [9, 12]","Sinksar commemorates 'አባ ሚካኤል ገዳማዊ' on 9/10, but app maps on day [9, 12]",Check whether GZ-MEL-165 should be on day 10
SHIFTED_DAY_FEAST,WARNING,GZ-MEL-165,መልክዐ ሊቀ መላእክት ቅዱስ ሚካኤል ካልዕ በግእ,9/16 vs day [12],"Sinksar commemorates 'ቅድስት እናታችን ዐስበ ሚካኤል (ኢትዮዽያዊት)' on 9/16, but app maps on day [12]",Check whether GZ-MEL-165 should be on day 16
SHIFTED_DAY_FEAST,WARNING,AM-GDL-001,ገድለ ቅዱስ አባ ጊዮርጊስ ዘጋሥጫ በአማርኛ,2/3 vs day [7],"Sinksar commemorates 'ቅዱስ ጊዮርጊስ ሐዲስ (ሰማዕት)' on 2/3, but app maps on day [7]",Check whether AM-GDL-001 should be on day 3
SHIFTED_DAY_FEAST,WARNING,AM-GDL-001,ገድለ ቅዱስ አባ ጊዮርጊስ ዘጋሥጫ በአማርኛ,5/4 vs day [7],"Sinksar commemorates 'ቅዱስ ጊዮርጊስ' on 5/4, but app maps on day [7]",Check whether AM-GDL-001 should be on day 4
SHIFTED_DAY_FEAST,WARNING,GZ-GDL-007,ገድለ ቅዱስ አባ ጊዮርጊስ ዘጋሥጫ በግእዝ,2/3 vs day [7],"Sinksar commemorates 'ቅዱስ ጊዮርጊስ ሐዲስ (ሰማዕት)' on 2/3, but app maps on day [7]",Check whether GZ-GDL-007 should be on day 3
SHIFTED_DAY_FEAST,WARNING,GZ-GDL-007,ገድለ ቅዱስ አባ ጊዮርጊስ ዘጋሥጫ በግእዝ,5/4 vs day [7],"Sinksar commemorates 'ቅዱስ ጊዮርጊስ' on 5/4, but app maps on day [7]",Check whether GZ-GDL-007 should be on day 4
SHIFTED_DAY_FEAST,WARNING,GZ-MEL-123,መልክዐ አባ ጊዮርጊስ ዘጋሥጫ በግእዝ,2/3 vs day [7],"Sinksar commemorates 'ቅዱስ ጊዮርጊስ ሐዲስ (ሰማዕት)' on 2/3, but app maps on day [7]",Check whether GZ-MEL-123 should be on day 3
SHIFTED_DAY_FEAST,WARNING,GZ-MEL-123,መልክዐ አባ ጊዮርጊስ ዘጋሥጫ በግእዝ,5/4 vs day [7],"Sinksar commemorates 'ቅዱስ ጊዮርጊስ' on 5/4, but app maps on day [7]",Check whether GZ-MEL-123 should be on day 4
SHIFTED_DAY_FEAST,WARNING,AM-GDL-002,ገድለ ማርያም እንተ ዕፍረት በአማርኛ,"1/4 vs day [1, 6]","Sinksar commemorates 'ቅዱሳን ዘብዴዎስና ማርያም ባውፍልያ' on 1/4, but app maps on day [1, 6]",Check whether AM-GDL-002 should be on day 4
SHIFTED_DAY_FEAST,WARNING,AM-GDL-002,ገድለ ማርያም እንተ ዕፍረት በአማርኛ,1/10 vs day [6],"Sinksar commemorates 'ቅድስት ድንግል እግዝእትነ ማርያም' on 1/10, but app maps on day [6]",Check whether AM-GDL-002 should be on day 10
SHIFTED_DAY_FEAST,WARNING,AM-GDL-002,ገድለ ማርያም እንተ ዕፍረት በአማርኛ,"4/3 vs day [1, 6]","Sinksar commemorates 'በዓታ ለእግዝእትነ ማርያም' on 4/3, but app maps on day [1, 6]",Check whether AM-GDL-002 should be on day 3
SHIFTED_DAY_FEAST,WARNING,AM-GDL-002,ገድለ ማርያም እንተ ዕፍረት በአማርኛ,4/8 vs day [6],"Sinksar commemorates 'ቅዱስ ገብረ ማርያም ተአማኒ' on 4/8, but app maps on day [6]",Check whether AM-GDL-002 should be on day 8
SHIFTED_DAY_FEAST,WARNING,AM-GDL-002,ገድለ ማርያም እንተ ዕፍረት በአማርኛ,"7/2 vs day [1, 6]","Sinksar commemorates 'አቡነ መክፈልተ ማርያም ጻድቅ (ኢትዮዽያዊ)' on 7/2, but app maps on day [1, 6]",Check whether AM-GDL-002 should be on day 2
SHIFTED_DAY_FEAST,WARNING,AM-GDL-002,ገድለ ማርያም እንተ ዕፍረት በአማርኛ,"9/3 vs day [1, 6]","Sinksar commemorates 'ቡርክት ወለተ ማርያም ንግሥት (የዐፄ ልብነ ድንግል እናት)' on 9/3, but app maps on day [1, 6]",Check whether AM-GDL-002 should be on day 3
SHIFTED_DAY_FEAST,WARNING,AM-GDL-002,ገድለ ማርያም እንተ ዕፍረት በአማርኛ,10/8 vs day [6],"Sinksar commemorates 'የእመቤታችን ድንግል ማርያም ቅዳሴ ቤት' on 10/8, but app maps on day [6]",Check whether AM-GDL-002 should be on day 8
SHIFTED_DAY_FEAST,WARNING,AM-GDL-002,ገድለ ማርያም እንተ ዕፍረት በአማርኛ,12/7 vs day [6],"Sinksar commemorates 'በዓለ ጽንሰታ ለእግዝእትነ ማርያም' on 12/7, but app maps on day [6]",Check whether AM-GDL-002 should be on day 7
SHIFTED_DAY_FEAST,WARNING,AM-GDL-003,ገድለ ማርያም መግደላዊት በአማርኛ,1/4 vs day [6],"Sinksar commemorates 'ቅዱሳን ዘብዴዎስና ማርያም ባውፍልያ' on 1/4, but app maps on day [6]",Check whether AM-GDL-003 should be on day 4
SHIFTED_DAY_FEAST,WARNING,AM-GDL-003,ገድለ ማርያም መግደላዊት በአማርኛ,1/10 vs day [6],"Sinksar commemorates 'ቅድስት ድንግል እግዝእትነ ማርያም' on 1/10, but app maps on day [6]",Check whether AM-GDL-003 should be on day 10
SHIFTED_DAY_FEAST,WARNING,AM-GDL-003,ገድለ ማርያም መግደላዊት በአማርኛ,1/26 vs day [29],"Sinksar commemorates 'ቅድስት ድንግል ማርያም' on 1/26, but app maps on day [29]",Check whether AM-GDL-003 should be on day 26
SHIFTED_DAY_FEAST,WARNING,AM-GDL-003,ገድለ ማርያም መግደላዊት በአማርኛ,1/30 vs day [29],"Sinksar commemorates 'አባ አብሳዲ ዘደብረ ማርያም' on 1/30, but app maps on day [29]",Check whether AM-GDL-003 should be on day 30
SHIFTED_DAY_FEAST,WARNING,AM-GDL-003,ገድለ ማርያም መግደላዊት በአማርኛ,2/30 vs day [29],"Sinksar commemorates 'ቅድስት ማርያም (እናቱ)' on 2/30, but app maps on day [29]",Check whether AM-GDL-003 should be on day 30
SHIFTED_DAY_FEAST,WARNING,AM-GDL-003,ገድለ ማርያም መግደላዊት በአማርኛ,3/26 vs day [29],"Sinksar commemorates 'አቡነ ሃብተ ማርያም ንጹሕ' on 3/26, but app maps on day [29]",Check whether AM-GDL-003 should be on day 26
SHIFTED_DAY_FEAST,WARNING,AM-GDL-003,ገድለ ማርያም መግደላዊት በአማርኛ,4/3 vs day [6],"Sinksar commemorates 'በዓታ ለእግዝእትነ ማርያም' on 4/3, but app maps on day [6]",Check whether AM-GDL-003 should be on day 3
SHIFTED_DAY_FEAST,WARNING,AM-GDL-003,ገድለ ማርያም መግደላዊት በአማርኛ,4/8 vs day [6],"Sinksar commemorates 'ቅዱስ ገብረ ማርያም ተአማኒ' on 4/8, but app maps on day [6]",Check whether AM-GDL-003 should be on day 8
SHIFTED_DAY_FEAST,WARNING,AM-GDL-003,ገድለ ማርያም መግደላዊት በአማርኛ,4/28 vs day [29],"Sinksar commemorates 'ዕለተ ማርያም ድንግል' on 4/28, but app maps on day [29]",Check whether AM-GDL-003 should be on day 28
SHIFTED_DAY_FEAST,WARNING,AM-GDL-003,ገድለ ማርያም መግደላዊት በአማርኛ,7/2 vs day [6],"Sinksar commemorates 'አቡነ መክፈልተ ማርያም ጻድቅ (ኢትዮዽያዊ)' on 7/2, but app maps on day [6]",Check whether AM-GDL-003 should be on day 2
SHIFTED_DAY_FEAST,WARNING,AM-GDL-003,ገድለ ማርያም መግደላዊት በአማርኛ,8/25 vs day [29],"Sinksar commemorates 'አቡነ ገብረ ማርያም ጻድቅ-ዘልሆኝ (ኢትዮዽያዊ)' on 8/25, but app maps on day [29]",Check whether AM-GDL-003 should be on day 25
SHIFTED_DAY_FEAST,WARNING,AM-GDL-003,ገድለ ማርያም መግደላዊት በአማርኛ,8/30 vs day [29],"Sinksar commemorates 'ቅድስት ማርያም (እናቱ)' on 8/30, but app maps on day [29]",Check whether AM-GDL-003 should be on day 30
SHIFTED_DAY_FEAST,WARNING,AM-GDL-003,ገድለ ማርያም መግደላዊት በአማርኛ,9/3 vs day [6],"Sinksar commemorates 'ቡርክት ወለተ ማርያም ንግሥት (የዐፄ ልብነ ድንግል እናት)' on 9/3, but app maps on day [6]",Check whether AM-GDL-003 should be on day 3
SHIFTED_DAY_FEAST,WARNING,AM-GDL-003,ገድለ ማርያም መግደላዊት በአማርኛ,10/8 vs day [6],"Sinksar commemorates 'የእመቤታችን ድንግል ማርያም ቅዳሴ ቤት' on 10/8, but app maps on day [6]",Check whether AM-GDL-003 should be on day 8
SHIFTED_DAY_FEAST,WARNING,AM-GDL-003,ገድለ ማርያም መግደላዊት በአማርኛ,11/30 vs day [29],"Sinksar commemorates 'እናታችን ማርያም ክብራ ኢትዮዽያዊት (የዐፄ ናዖድ ሚስት)' on 11/30, but app maps on day [29]",Check whether AM-GDL-003 should be on day 30
SHIFTED_DAY_FEAST,WARNING,AM-GDL-003,ገድለ ማርያም መግደላዊት በአማርኛ,12/7 vs day [6],"Sinksar commemorates 'በዓለ ጽንሰታ ለእግዝእትነ ማርያም' on 12/7, but app maps on day [6]",Check whether AM-GDL-003 should be on day 7
SHIFTED_DAY_FEAST,WARNING,AM-LAH-001,ላሐ ማርያም በአማርኛ,1/4 vs day [1],"Sinksar commemorates 'ቅዱሳን ዘብዴዎስና ማርያም ባውፍልያ' on 1/4, but app maps on day [1]",Check whether AM-LAH-001 should be on day 4
SHIFTED_DAY_FEAST,WARNING,AM-LAH-001,ላሐ ማርያም በአማርኛ,1/15 vs day [16],"Sinksar commemorates 'አቡነ ገብረ ማርያም ዘሐንታ' on 1/15, but app maps on day [16]",Check whether AM-LAH-001 should be on day 15
SHIFTED_DAY_FEAST,WARNING,AM-LAH-001,ላሐ ማርያም በአማርኛ,3/12 vs day [16],"Sinksar commemorates 'አፄ በዕደ ማርያም ጻድቅ' on 3/12, but app maps on day [16]",Check whether AM-LAH-001 should be on day 12
SHIFTED_DAY_FEAST,WARNING,AM-LAH-001,ላሐ ማርያም በአማርኛ,4/3 vs day [1],"Sinksar commemorates 'በዓታ ለእግዝእትነ ማርያም' on 4/3, but app maps on day [1]",Check whether AM-LAH-001 should be on day 3
SHIFTED_DAY_FEAST,WARNING,AM-LAH-001,ላሐ ማርያም በአማርኛ,4/22 vs day [21],"Sinksar commemorates 'ተአምረ ማርያም' on 4/22, but app maps on day [21]",Check whether AM-LAH-001 should be on day 22
SHIFTED_DAY_FEAST,WARNING,AM-LAH-001,ላሐ ማርያም በአማርኛ,"6/20 vs day [16, 21]","Sinksar commemorates 'አቡነ ክፍለ- ማርያም ዘዲባጋ (የተሰወረበት)' on 6/20, but app maps on day [16, 21]",Check whether AM-LAH-001 should be on day 20
SHIFTED_DAY_FEAST,WARNING,AM-LAH-001,ላሐ ማርያም በአማርኛ,7/2 vs day [1],"Sinksar commemorates 'አቡነ መክፈልተ ማርያም ጻድቅ (ኢትዮዽያዊ)' on 7/2, but app maps on day [1]",Check whether AM-LAH-001 should be on day 2
SHIFTED_DAY_FEAST,WARNING,AM-LAH-001,ላሐ ማርያም በአማርኛ,8/25 vs day [21],"Sinksar commemorates 'አቡነ ገብረ ማርያም ጻድቅ-ዘልሆኝ (ኢትዮዽያዊ)' on 8/25, but app maps on day [21]",Check whether AM-LAH-001 should be on day 25
SHIFTED_DAY_FEAST,WARNING,AM-LAH-001,ላሐ ማርያም በአማርኛ,9/3 vs day [1],"Sinksar commemorates 'ቡርክት ወለተ ማርያም ንግሥት (የዐፄ ልብነ ድንግል እናት)' on 9/3, but app maps on day [1]",Check whether AM-LAH-001 should be on day 3
SHIFTED_DAY_FEAST,WARNING,AM-LAH-001,ላሐ ማርያም በአማርኛ,"10/20 vs day [16, 21]","Sinksar commemorates 'እመቤታችን ቅድስት ድንግል ማርያም' on 10/20, but app maps on day [16, 21]",Check whether AM-LAH-001 should be on day 20
SHIFTED_DAY_FEAST,WARNING,AM-LAH-001,ላሐ ማርያም በአማርኛ,"11/20 vs day [16, 21]","Sinksar commemorates 'በዓታ ለእግዝእትነ ማርያም (በ፰0 ዕለት)' on 11/20, but app maps on day [16, 21]",Check whether AM-LAH-001 should be on day 20
SHIFTED_DAY_FEAST,WARNING,AM-MEL-008,መልክዐ ማርያም ሣልሲት በአማርኛ,1/4 vs day [1],"Sinksar commemorates 'ቅዱሳን ዘብዴዎስና ማርያም ባውፍልያ' on 1/4, but app maps on day [1]",Check whether AM-MEL-008 should be on day 4
SHIFTED_DAY_FEAST,WARNING,AM-MEL-008,መልክዐ ማርያም ሣልሲት በአማርኛ,1/15 vs day [16],"Sinksar commemorates 'አቡነ ገብረ ማርያም ዘሐንታ' on 1/15, but app maps on day [16]",Check whether AM-MEL-008 should be on day 15
SHIFTED_DAY_FEAST,WARNING,AM-MEL-008,መልክዐ ማርያም ሣልሲት በአማርኛ,3/12 vs day [16],"Sinksar commemorates 'አፄ በዕደ ማርያም ጻድቅ' on 3/12, but app maps on day [16]",Check whether AM-MEL-008 should be on day 12
SHIFTED_DAY_FEAST,WARNING,AM-MEL-008,መልክዐ ማርያም ሣልሲት በአማርኛ,4/3 vs day [1],"Sinksar commemorates 'በዓታ ለእግዝእትነ ማርያም' on 4/3, but app maps on day [1]",Check whether AM-MEL-008 should be on day 3
SHIFTED_DAY_FEAST,WARNING,AM-MEL-008,መልክዐ ማርያም ሣልሲት በአማርኛ,4/22 vs day [21],"Sinksar commemorates 'ተአምረ ማርያም' on 4/22, but app maps on day [21]",Check whether AM-MEL-008 should be on day 22
SHIFTED_DAY_FEAST,WARNING,AM-MEL-008,መልክዐ ማርያም ሣልሲት በአማርኛ,"6/20 vs day [16, 21]","Sinksar commemorates 'አቡነ ክፍለ- ማርያም ዘዲባጋ (የተሰወረበት)' on 6/20, but app maps on day [16, 21]",Check whether AM-MEL-008 should be on day 20
SHIFTED_DAY_FEAST,WARNING,AM-MEL-008,መልክዐ ማርያም ሣልሲት በአማርኛ,7/2 vs day [1],"Sinksar commemorates 'አቡነ መክፈልተ ማርያም ጻድቅ (ኢትዮዽያዊ)' on 7/2, but app maps on day [1]",Check whether AM-MEL-008 should be on day 2
SHIFTED_DAY_FEAST,WARNING,AM-MEL-008,መልክዐ ማርያም ሣልሲት በአማርኛ,8/25 vs day [21],"Sinksar commemorates 'አቡነ ገብረ ማርያም ጻድቅ-ዘልሆኝ (ኢትዮዽያዊ)' on 8/25, but app maps on day [21]",Check whether AM-MEL-008 should be on day 25
SHIFTED_DAY_FEAST,WARNING,AM-MEL-008,መልክዐ ማርያም ሣልሲት በአማርኛ,9/3 vs day [1],"Sinksar commemorates 'ቡርክት ወለተ ማርያም ንግሥት (የዐፄ ልብነ ድንግል እናት)' on 9/3, but app maps on day [1]",Check whether AM-MEL-008 should be on day 3
SHIFTED_DAY_FEAST,WARNING,AM-MEL-008,መልክዐ ማርያም ሣልሲት በአማርኛ,"10/20 vs day [16, 21]","Sinksar commemorates 'እመቤታችን ቅድስት ድንግል ማርያም' on 10/20, but app maps on day [16, 21]",Check whether AM-MEL-008 should be on day 20
SHIFTED_DAY_FEAST,WARNING,AM-MEL-008,መልክዐ ማርያም ሣልሲት በአማርኛ,"11/20 vs day [16, 21]","Sinksar commemorates 'በዓታ ለእግዝእትነ ማርያም (በ፰0 ዕለት)' on 11/20, but app maps on day [16, 21]",Check whether AM-MEL-008 should be on day 20
SHIFTED_DAY_FEAST,WARNING,AM-MEL-009,መልክዐ ማርያም በአማርኛ,1/4 vs day [1],"Sinksar commemorates 'ቅዱሳን ዘብዴዎስና ማርያም ባውፍልያ' on 1/4, but app maps on day [1]",Check whether AM-MEL-009 should be on day 4
SHIFTED_DAY_FEAST,WARNING,AM-MEL-009,መልክዐ ማርያም በአማርኛ,1/15 vs day [16],"Sinksar commemorates 'አቡነ ገብረ ማርያም ዘሐንታ' on 1/15, but app maps on day [16]",Check whether AM-MEL-009 should be on day 15
SHIFTED_DAY_FEAST,WARNING,AM-MEL-009,መልክዐ ማርያም በአማርኛ,3/12 vs day [16],"Sinksar commemorates 'አፄ በዕደ ማርያም ጻድቅ' on 3/12, but app maps on day [16]",Check whether AM-MEL-009 should be on day 12
SHIFTED_DAY_FEAST,WARNING,AM-MEL-009,መልክዐ ማርያም በአማርኛ,4/3 vs day [1],"Sinksar commemorates 'በዓታ ለእግዝእትነ ማርያም' on 4/3, but app maps on day [1]",Check whether AM-MEL-009 should be on day 3
SHIFTED_DAY_FEAST,WARNING,AM-MEL-009,መልክዐ ማርያም በአማርኛ,4/22 vs day [21],"Sinksar commemorates 'ተአምረ ማርያም' on 4/22, but app maps on day [21]",Check whether AM-MEL-009 should be on day 22
SHIFTED_DAY_FEAST,WARNING,AM-MEL-009,መልክዐ ማርያም በአማርኛ,"6/20 vs day [16, 21]","Sinksar commemorates 'አቡነ ክፍለ- ማርያም ዘዲባጋ (የተሰወረበት)' on 6/20, but app maps on day [16, 21]",Check whether AM-MEL-009 should be on day 20
SHIFTED_DAY_FEAST,WARNING,AM-MEL-009,መልክዐ ማርያም በአማርኛ,7/2 vs day [1],"Sinksar commemorates 'አቡነ መክፈልተ ማርያም ጻድቅ (ኢትዮዽያዊ)' on 7/2, but app maps on day [1]",Check whether AM-MEL-009 should be on day 2
SHIFTED_DAY_FEAST,WARNING,AM-MEL-009,መልክዐ ማርያም በአማርኛ,8/25 vs day [21],"Sinksar commemorates 'አቡነ ገብረ ማርያም ጻድቅ-ዘልሆኝ (ኢትዮዽያዊ)' on 8/25, but app maps on day [21]",Check whether AM-MEL-009 should be on day 25
SHIFTED_DAY_FEAST,WARNING,AM-MEL-009,መልክዐ ማርያም በአማርኛ,9/3 vs day [1],"Sinksar commemorates 'ቡርክት ወለተ ማርያም ንግሥት (የዐፄ ልብነ ድንግል እናት)' on 9/3, but app maps on day [1]",Check whether AM-MEL-009 should be on day 3
SHIFTED_DAY_FEAST,WARNING,AM-MEL-009,መልክዐ ማርያም በአማርኛ,"10/20 vs day [16, 21]","Sinksar commemorates 'እመቤታችን ቅድስት ድንግል ማርያም' on 10/20, but app maps on day [16, 21]",Check whether AM-MEL-009 should be on day 20
SHIFTED_DAY_FEAST,WARNING,AM-MEL-009,መልክዐ ማርያም በአማርኛ,"11/20 vs day [16, 21]","Sinksar commemorates 'በዓታ ለእግዝእትነ ማርያም (በ፰0 ዕለት)' on 11/20, but app maps on day [16, 21]",Check whether AM-MEL-009 should be on day 20
SHIFTED_DAY_FEAST,WARNING,AM-MEL-064,የጽዮን ማርያም 3ኛ መልክዕ በአማርኛ,1/4 vs day [1],"Sinksar commemorates 'ቅዱሳን ዘብዴዎስና ማርያም ባውፍልያ' on 1/4, but app maps on day [1]",Check whether AM-MEL-064 should be on day 4
SHIFTED_DAY_FEAST,WARNING,AM-MEL-064,የጽዮን ማርያም 3ኛ መልክዕ በአማርኛ,1/15 vs day [16],"Sinksar commemorates 'አቡነ ገብረ ማርያም ዘሐንታ' on 1/15, but app maps on day [16]",Check whether AM-MEL-064 should be on day 15
SHIFTED_DAY_FEAST,WARNING,AM-MEL-064,የጽዮን ማርያም 3ኛ መልክዕ በአማርኛ,3/12 vs day [16],"Sinksar commemorates 'አፄ በዕደ ማርያም ጻድቅ' on 3/12, but app maps on day [16]",Check whether AM-MEL-064 should be on day 12
SHIFTED_DAY_FEAST,WARNING,AM-MEL-064,የጽዮን ማርያም 3ኛ መልክዕ በአማርኛ,4/3 vs day [1],"Sinksar commemorates 'በዓታ ለእግዝእትነ ማርያም' on 4/3, but app maps on day [1]",Check whether AM-MEL-064 should be on day 3
SHIFTED_DAY_FEAST,WARNING,AM-MEL-064,የጽዮን ማርያም 3ኛ መልክዕ በአማርኛ,4/22 vs day [21],"Sinksar commemorates 'ተአምረ ማርያም' on 4/22, but app maps on day [21]",Check whether AM-MEL-064 should be on day 22
SHIFTED_DAY_FEAST,WARNING,AM-MEL-064,የጽዮን ማርያም 3ኛ መልክዕ በአማርኛ,"6/20 vs day [16, 21]","Sinksar commemorates 'አቡነ ክፍለ- ማርያም ዘዲባጋ (የተሰወረበት)' on 6/20, but app maps on day [16, 21]",Check whether AM-MEL-064 should be on day 20
SHIFTED_DAY_FEAST,WARNING,AM-MEL-064,የጽዮን ማርያም 3ኛ መልክዕ በአማርኛ,7/2 vs day [1],"Sinksar commemorates 'አቡነ መክፈልተ ማርያም ጻድቅ (ኢትዮዽያዊ)' on 7/2, but app maps on day [1]",Check whether AM-MEL-064 should be on day 2
SHIFTED_DAY_FEAST,WARNING,AM-MEL-064,የጽዮን ማርያም 3ኛ መልክዕ በአማርኛ,8/25 vs day [21],"Sinksar commemorates 'አቡነ ገብረ ማርያም ጻድቅ-ዘልሆኝ (ኢትዮዽያዊ)' on 8/25, but app maps on day [21]",Check whether AM-MEL-064 should be on day 25
SHIFTED_DAY_FEAST,WARNING,AM-MEL-064,የጽዮን ማርያም 3ኛ መልክዕ በአማርኛ,9/3 vs day [1],"Sinksar commemorates 'ቡርክት ወለተ ማርያም ንግሥት (የዐፄ ልብነ ድንግል እናት)' on 9/3, but app maps on day [1]",Check whether AM-MEL-064 should be on day 3
SHIFTED_DAY_FEAST,WARNING,AM-MEL-064,የጽዮን ማርያም 3ኛ መልክዕ በአማርኛ,"10/20 vs day [16, 21]","Sinksar commemorates 'እመቤታችን ቅድስት ድንግል ማርያም' on 10/20, but app maps on day [16, 21]",Check whether AM-MEL-064 should be on day 20
SHIFTED_DAY_FEAST,WARNING,AM-MEL-064,የጽዮን ማርያም 3ኛ መልክዕ በአማርኛ,"11/20 vs day [16, 21]","Sinksar commemorates 'በዓታ ለእግዝእትነ ማርያም (በ፰0 ዕለት)' on 11/20, but app maps on day [16, 21]",Check whether AM-MEL-064 should be on day 20
SHIFTED_DAY_FEAST,WARNING,AM-RAY-001,ራዕየ ማርያም በአማርኛ,1/4 vs day [1],"Sinksar commemorates 'ቅዱሳን ዘብዴዎስና ማርያም ባውፍልያ' on 1/4, but app maps on day [1]",Check whether AM-RAY-001 should be on day 4
SHIFTED_DAY_FEAST,WARNING,AM-RAY-001,ራዕየ ማርያም በአማርኛ,1/15 vs day [16],"Sinksar commemorates 'አቡነ ገብረ ማርያም ዘሐንታ' on 1/15, but app maps on day [16]",Check whether AM-RAY-001 should be on day 15
SHIFTED_DAY_FEAST,WARNING,AM-RAY-001,ራዕየ ማርያም በአማርኛ,3/12 vs day [16],"Sinksar commemorates 'አፄ በዕደ ማርያም ጻድቅ' on 3/12, but app maps on day [16]",Check whether AM-RAY-001 should be on day 12
SHIFTED_DAY_FEAST,WARNING,AM-RAY-001,ራዕየ ማርያም በአማርኛ,4/3 vs day [1],"Sinksar commemorates 'በዓታ ለእግዝእትነ ማርያም' on 4/3, but app maps on day [1]",Check whether AM-RAY-001 should be on day 3
SHIFTED_DAY_FEAST,WARNING,AM-RAY-001,ራዕየ ማርያም በአማርኛ,4/22 vs day [21],"Sinksar commemorates 'ተአምረ ማርያም' on 4/22, but app maps on day [21]",Check whether AM-RAY-001 should be on day 22
SHIFTED_DAY_FEAST,WARNING,AM-RAY-001,ራዕየ ማርያም በአማርኛ,"6/20 vs day [16, 21]","Sinksar commemorates 'አቡነ ክፍለ- ማርያም ዘዲባጋ (የተሰወረበት)' on 6/20, but app maps on day [16, 21]",Check whether AM-RAY-001 should be on day 20
SHIFTED_DAY_FEAST,WARNING,AM-RAY-001,ራዕየ ማርያም በአማርኛ,7/2 vs day [1],"Sinksar commemorates 'አቡነ መክፈልተ ማርያም ጻድቅ (ኢትዮዽያዊ)' on 7/2, but app maps on day [1]",Check whether AM-RAY-001 should be on day 2
SHIFTED_DAY_FEAST,WARNING,AM-RAY-001,ራዕየ ማርያም በአማርኛ,8/25 vs day [21],"Sinksar commemorates 'አቡነ ገብረ ማርያም ጻድቅ-ዘልሆኝ (ኢትዮዽያዊ)' on 8/25, but app maps on day [21]",Check whether AM-RAY-001 should be on day 25
SHIFTED_DAY_FEAST,WARNING,AM-RAY-001,ራዕየ ማርያም በአማርኛ,9/3 vs day [1],"Sinksar commemorates 'ቡርክት ወለተ ማርያም ንግሥት (የዐፄ ልብነ ድንግል እናት)' on 9/3, but app maps on day [1]",Check whether AM-RAY-001 should be on day 3
SHIFTED_DAY_FEAST,WARNING,AM-RAY-001,ራዕየ ማርያም በአማርኛ,"10/20 vs day [16, 21]","Sinksar commemorates 'እመቤታችን ቅድስት ድንግል ማርያም' on 10/20, but app maps on day [16, 21]",Check whether AM-RAY-001 should be on day 20
SHIFTED_DAY_FEAST,WARNING,AM-RAY-001,ራዕየ ማርያም በአማርኛ,"11/20 vs day [16, 21]","Sinksar commemorates 'በዓታ ለእግዝእትነ ማርያም (በ፰0 ዕለት)' on 11/20, but app maps on day [16, 21]",Check whether AM-RAY-001 should be on day 20
SHIFTED_DAY_FEAST,WARNING,AM-TAM-002,ተአምረ ማርያም በአማርኛ,1/4 vs day [1],"Sinksar commemorates 'ቅዱሳን ዘብዴዎስና ማርያም ባውፍልያ' on 1/4, but app maps on day [1]",Check whether AM-TAM-002 should be on day 4
SHIFTED_DAY_FEAST,WARNING,AM-TAM-002,ተአምረ ማርያም በአማርኛ,1/15 vs day [16],"Sinksar commemorates 'አቡነ ገብረ ማርያም ዘሐንታ' on 1/15, but app maps on day [16]",Check whether AM-TAM-002 should be on day 15
SHIFTED_DAY_FEAST,WARNING,AM-TAM-002,ተአምረ ማርያም በአማርኛ,3/12 vs day [16],"Sinksar commemorates 'አፄ በዕደ ማርያም ጻድቅ' on 3/12, but app maps on day [16]",Check whether AM-TAM-002 should be on day 12
SHIFTED_DAY_FEAST,WARNING,AM-TAM-002,ተአምረ ማርያም በአማርኛ,4/3 vs day [1],"Sinksar commemorates 'በዓታ ለእግዝእትነ ማርያም' on 4/3, but app maps on day [1]",Check whether AM-TAM-002 should be on day 3
SHIFTED_DAY_FEAST,WARNING,AM-TAM-002,ተአምረ ማርያም በአማርኛ,4/22 vs day [21],"Sinksar commemorates 'ተአምረ ማርያም' on 4/22, but app maps on day [21]",Check whether AM-TAM-002 should be on day 22
SHIFTED_DAY_FEAST,WARNING,AM-TAM-002,ተአምረ ማርያም በአማርኛ,"6/20 vs day [16, 21]","Sinksar commemorates 'አቡነ ክፍለ- ማርያም ዘዲባጋ (የተሰወረበት)' on 6/20, but app maps on day [16, 21]",Check whether AM-TAM-002 should be on day 20
SHIFTED_DAY_FEAST,WARNING,AM-TAM-002,ተአምረ ማርያም በአማርኛ,7/2 vs day [1],"Sinksar commemorates 'አቡነ መክፈልተ ማርያም ጻድቅ (ኢትዮዽያዊ)' on 7/2, but app maps on day [1]",Check whether AM-TAM-002 should be on day 2
SHIFTED_DAY_FEAST,WARNING,AM-TAM-002,ተአምረ ማርያም በአማርኛ,8/25 vs day [21],"Sinksar commemorates 'አቡነ ገብረ ማርያም ጻድቅ-ዘልሆኝ (ኢትዮዽያዊ)' on 8/25, but app maps on day [21]",Check whether AM-TAM-002 should be on day 25
SHIFTED_DAY_FEAST,WARNING,AM-TAM-002,ተአምረ ማርያም በአማርኛ,9/3 vs day [1],"Sinksar commemorates 'ቡርክት ወለተ ማርያም ንግሥት (የዐፄ ልብነ ድንግል እናት)' on 9/3, but app maps on day [1]",Check whether AM-TAM-002 should be on day 3
SHIFTED_DAY_FEAST,WARNING,AM-TAM-002,ተአምረ ማርያም በአማርኛ,"10/20 vs day [16, 21]","Sinksar commemorates 'እመቤታችን ቅድስት ድንግል ማርያም' on 10/20, but app maps on day [16, 21]",Check whether AM-TAM-002 should be on day 20
SHIFTED_DAY_FEAST,WARNING,AM-TAM-002,ተአምረ ማርያም በአማርኛ,"11/20 vs day [16, 21]","Sinksar commemorates 'በዓታ ለእግዝእትነ ማርያም (በ፰0 ዕለት)' on 11/20, but app maps on day [16, 21]",Check whether AM-TAM-002 should be on day 20
SHIFTED_DAY_FEAST,WARNING,GZ-ETA-001,እትአመነኪ ማርያም በሰማይ ወበምድር በግእዝ,1/4 vs day [1],"Sinksar commemorates 'ቅዱሳን ዘብዴዎስና ማርያም ባውፍልያ' on 1/4, but app maps on day [1]",Check whether GZ-ETA-001 should be on day 4
SHIFTED_DAY_FEAST,WARNING,GZ-ETA-001,እትአመነኪ ማርያም በሰማይ ወበምድር በግእዝ,1/15 vs day [16],"Sinksar commemorates 'አቡነ ገብረ ማርያም ዘሐንታ' on 1/15, but app maps on day [16]",Check whether GZ-ETA-001 should be on day 15
SHIFTED_DAY_FEAST,WARNING,GZ-ETA-001,እትአመነኪ ማርያም በሰማይ ወበምድር በግእዝ,3/12 vs day [16],"Sinksar commemorates 'አፄ በዕደ ማርያም ጻድቅ' on 3/12, but app maps on day [16]",Check whether GZ-ETA-001 should be on day 12
SHIFTED_DAY_FEAST,WARNING,GZ-ETA-001,እትአመነኪ ማርያም በሰማይ ወበምድር በግእዝ,4/3 vs day [1],"Sinksar commemorates 'በዓታ ለእግዝእትነ ማርያም' on 4/3, but app maps on day [1]",Check whether GZ-ETA-001 should be on day 3
SHIFTED_DAY_FEAST,WARNING,GZ-ETA-001,እትአመነኪ ማርያም በሰማይ ወበምድር በግእዝ,4/22 vs day [21],"Sinksar commemorates 'ተአምረ ማርያም' on 4/22, but app maps on day [21]",Check whether GZ-ETA-001 should be on day 22
SHIFTED_DAY_FEAST,WARNING,GZ-ETA-001,እትአመነኪ ማርያም በሰማይ ወበምድር በግእዝ,"6/20 vs day [16, 21]","Sinksar commemorates 'አቡነ ክፍለ- ማርያም ዘዲባጋ (የተሰወረበት)' on 6/20, but app maps on day [16, 21]",Check whether GZ-ETA-001 should be on day 20
SHIFTED_DAY_FEAST,WARNING,GZ-ETA-001,እትአመነኪ ማርያም በሰማይ ወበምድር በግእዝ,7/2 vs day [1],"Sinksar commemorates 'አቡነ መክፈልተ ማርያም ጻድቅ (ኢትዮዽያዊ)' on 7/2, but app maps on day [1]",Check whether GZ-ETA-001 should be on day 2
SHIFTED_DAY_FEAST,WARNING,GZ-ETA-001,እትአመነኪ ማርያም በሰማይ ወበምድር በግእዝ,8/25 vs day [21],"Sinksar commemorates 'አቡነ ገብረ ማርያም ጻድቅ-ዘልሆኝ (ኢትዮዽያዊ)' on 8/25, but app maps on day [21]",Check whether GZ-ETA-001 should be on day 25
SHIFTED_DAY_FEAST,WARNING,GZ-ETA-001,እትአመነኪ ማርያም በሰማይ ወበምድር በግእዝ,9/3 vs day [1],"Sinksar commemorates 'ቡርክት ወለተ ማርያም ንግሥት (የዐፄ ልብነ ድንግል እናት)' on 9/3, but app maps on day [1]",Check whether GZ-ETA-001 should be on day 3
SHIFTED_DAY_FEAST,WARNING,GZ-ETA-001,እትአመነኪ ማርያም በሰማይ ወበምድር በግእዝ,"10/20 vs day [16, 21]","Sinksar commemorates 'እመቤታችን ቅድስት ድንግል ማርያም' on 10/20, but app maps on day [16, 21]",Check whether GZ-ETA-001 should be on day 20
SHIFTED_DAY_FEAST,WARNING,GZ-ETA-001,እትአመነኪ ማርያም በሰማይ ወበምድር በግእዝ,"11/20 vs day [16, 21]","Sinksar commemorates 'በዓታ ለእግዝእትነ ማርያም (በ፰0 ዕለት)' on 11/20, but app maps on day [16, 21]",Check whether GZ-ETA-001 should be on day 20
SHIFTED_DAY_FEAST,WARNING,GZ-LAH-001,ላሐ ማርያም በግእዝ,1/4 vs day [1],"Sinksar commemorates 'ቅዱሳን ዘብዴዎስና ማርያም ባውፍልያ' on 1/4, but app maps on day [1]",Check whether GZ-LAH-001 should be on day 4
SHIFTED_DAY_FEAST,WARNING,GZ-LAH-001,ላሐ ማርያም በግእዝ,1/15 vs day [16],"Sinksar commemorates 'አቡነ ገብረ ማርያም ዘሐንታ' on 1/15, but app maps on day [16]",Check whether GZ-LAH-001 should be on day 15
SHIFTED_DAY_FEAST,WARNING,GZ-LAH-001,ላሐ ማርያም በግእዝ,3/12 vs day [16],"Sinksar commemorates 'አፄ በዕደ ማርያም ጻድቅ' on 3/12, but app maps on day [16]",Check whether GZ-LAH-001 should be on day 12
SHIFTED_DAY_FEAST,WARNING,GZ-LAH-001,ላሐ ማርያም በግእዝ,4/3 vs day [1],"Sinksar commemorates 'በዓታ ለእግዝእትነ ማርያም' on 4/3, but app maps on day [1]",Check whether GZ-LAH-001 should be on day 3
SHIFTED_DAY_FEAST,WARNING,GZ-LAH-001,ላሐ ማርያም በግእዝ,4/22 vs day [21],"Sinksar commemorates 'ተአምረ ማርያም' on 4/22, but app maps on day [21]",Check whether GZ-LAH-001 should be on day 22
SHIFTED_DAY_FEAST,WARNING,GZ-LAH-001,ላሐ ማርያም በግእዝ,"6/20 vs day [16, 21]","Sinksar commemorates 'አቡነ ክፍለ- ማርያም ዘዲባጋ (የተሰወረበት)' on 6/20, but app maps on day [16, 21]",Check whether GZ-LAH-001 should be on day 20
SHIFTED_DAY_FEAST,WARNING,GZ-LAH-001,ላሐ ማርያም በግእዝ,7/2 vs day [1],"Sinksar commemorates 'አቡነ መክፈልተ ማርያም ጻድቅ (ኢትዮዽያዊ)' on 7/2, but app maps on day [1]",Check whether GZ-LAH-001 should be on day 2
SHIFTED_DAY_FEAST,WARNING,GZ-LAH-001,ላሐ ማርያም በግእዝ,8/25 vs day [21],"Sinksar commemorates 'አቡነ ገብረ ማርያም ጻድቅ-ዘልሆኝ (ኢትዮዽያዊ)' on 8/25, but app maps on day [21]",Check whether GZ-LAH-001 should be on day 25
SHIFTED_DAY_FEAST,WARNING,GZ-LAH-001,ላሐ ማርያም በግእዝ,9/3 vs day [1],"Sinksar commemorates 'ቡርክት ወለተ ማርያም ንግሥት (የዐፄ ልብነ ድንግል እናት)' on 9/3, but app maps on day [1]",Check whether GZ-LAH-001 should be on day 3
SHIFTED_DAY_FEAST,WARNING,GZ-LAH-001,ላሐ ማርያም በግእዝ,"10/20 vs day [16, 21]","Sinksar commemorates 'እመቤታችን ቅድስት ድንግል ማርያም' on 10/20, but app maps on day [16, 21]",Check whether GZ-LAH-001 should be on day 20
SHIFTED_DAY_FEAST,WARNING,GZ-LAH-001,ላሐ ማርያም በግእዝ,"11/20 vs day [16, 21]","Sinksar commemorates 'በዓታ ለእግዝእትነ ማርያም (በ፰0 ዕለት)' on 11/20, but app maps on day [16, 21]",Check whether GZ-LAH-001 should be on day 20
SHIFTED_DAY_FEAST,WARNING,GZ-MEL-002,መልከዐ ማርያም ዳግሚት በግእዝ,1/4 vs day [1],"Sinksar commemorates 'ቅዱሳን ዘብዴዎስና ማርያም ባውፍልያ' on 1/4, but app maps on day [1]",Check whether GZ-MEL-002 should be on day 4
SHIFTED_DAY_FEAST,WARNING,GZ-MEL-002,መልከዐ ማርያም ዳግሚት በግእዝ,1/15 vs day [16],"Sinksar commemorates 'አቡነ ገብረ ማርያም ዘሐንታ' on 1/15, but app maps on day [16]",Check whether GZ-MEL-002 should be on day 15
SHIFTED_DAY_FEAST,WARNING,GZ-MEL-002,መልከዐ ማርያም ዳግሚት በግእዝ,3/12 vs day [16],"Sinksar commemorates 'አፄ በዕደ ማርያም ጻድቅ' on 3/12, but app maps on day [16]",Check whether GZ-MEL-002 should be on day 12
SHIFTED_DAY_FEAST,WARNING,GZ-MEL-002,መልከዐ ማርያም ዳግሚት በግእዝ,4/3 vs day [1],"Sinksar commemorates 'በዓታ ለእግዝእትነ ማርያም' on 4/3, but app maps on day [1]",Check whether GZ-MEL-002 should be on day 3
SHIFTED_DAY_FEAST,WARNING,GZ-MEL-002,መልከዐ ማርያም ዳግሚት በግእዝ,4/22 vs day [21],"Sinksar commemorates 'ተአምረ ማርያም' on 4/22, but app maps on day [21]",Check whether GZ-MEL-002 should be on day 22
SHIFTED_DAY_FEAST,WARNING,GZ-MEL-002,መልከዐ ማርያም ዳግሚት በግእዝ,"6/20 vs day [16, 21]","Sinksar commemorates 'አቡነ ክፍለ- ማርያም ዘዲባጋ (የተሰወረበት)' on 6/20, but app maps on day [16, 21]",Check whether GZ-MEL-002 should be on day 20
SHIFTED_DAY_FEAST,WARNING,GZ-MEL-002,መልከዐ ማርያም ዳግሚት በግእዝ,7/2 vs day [1],"Sinksar commemorates 'አቡነ መክፈልተ ማርያም ጻድቅ (ኢትዮዽያዊ)' on 7/2, but app maps on day [1]",Check whether GZ-MEL-002 should be on day 2
SHIFTED_DAY_FEAST,WARNING,GZ-MEL-002,መልከዐ ማርያም ዳግሚት በግእዝ,8/25 vs day [21],"Sinksar commemorates 'አቡነ ገብረ ማርያም ጻድቅ-ዘልሆኝ (ኢትዮዽያዊ)' on 8/25, but app maps on day [21]",Check whether GZ-MEL-002 should be on day 25
SHIFTED_DAY_FEAST,WARNING,GZ-MEL-002,መልከዐ ማርያም ዳግሚት በግእዝ,9/3 vs day [1],"Sinksar commemorates 'ቡርክት ወለተ ማርያም ንግሥት (የዐፄ ልብነ ድንግል እናት)' on 9/3, but app maps on day [1]",Check whether GZ-MEL-002 should be on day 3
SHIFTED_DAY_FEAST,WARNING,GZ-MEL-002,መልከዐ ማርያም ዳግሚት በግእዝ,"10/20 vs day [16, 21]","Sinksar commemorates 'እመቤታችን ቅድስት ድንግል ማርያም' on 10/20, but app maps on day [16, 21]",Check whether GZ-MEL-002 should be on day 20
SHIFTED_DAY_FEAST,WARNING,GZ-MEL-002,መልከዐ ማርያም ዳግሚት በግእዝ,"11/20 vs day [16, 21]","Sinksar commemorates 'በዓታ ለእግዝእትነ ማርያም (በ፰0 ዕለት)' on 11/20, but app maps on day [16, 21]",Check whether GZ-MEL-002 should be on day 20
SHIFTED_DAY_FEAST,WARNING,GZ-MEL-031,መልክዐ ማርያም ሣልሲት በግእዝ,1/4 vs day [1],"Sinksar commemorates 'ቅዱሳን ዘብዴዎስና ማርያም ባውፍልያ' on 1/4, but app maps on day [1]",Check whether GZ-MEL-031 should be on day 4
SHIFTED_DAY_FEAST,WARNING,GZ-MEL-031,መልክዐ ማርያም ሣልሲት በግእዝ,1/15 vs day [16],"Sinksar commemorates 'አቡነ ገብረ ማርያም ዘሐንታ' on 1/15, but app maps on day [16]",Check whether GZ-MEL-031 should be on day 15
SHIFTED_DAY_FEAST,WARNING,GZ-MEL-031,መልክዐ ማርያም ሣልሲት በግእዝ,3/12 vs day [16],"Sinksar commemorates 'አፄ በዕደ ማርያም ጻድቅ' on 3/12, but app maps on day [16]",Check whether GZ-MEL-031 should be on day 12
SHIFTED_DAY_FEAST,WARNING,GZ-MEL-031,መልክዐ ማርያም ሣልሲት በግእዝ,4/3 vs day [1],"Sinksar commemorates 'በዓታ ለእግዝእትነ ማርያም' on 4/3, but app maps on day [1]",Check whether GZ-MEL-031 should be on day 3
SHIFTED_DAY_FEAST,WARNING,GZ-MEL-031,መልክዐ ማርያም ሣልሲት በግእዝ,4/22 vs day [21],"Sinksar commemorates 'ተአምረ ማርያም' on 4/22, but app maps on day [21]",Check whether GZ-MEL-031 should be on day 22
SHIFTED_DAY_FEAST,WARNING,GZ-MEL-031,መልክዐ ማርያም ሣልሲት በግእዝ,"6/20 vs day [16, 21]","Sinksar commemorates 'አቡነ ክፍለ- ማርያም ዘዲባጋ (የተሰወረበት)' on 6/20, but app maps on day [16, 21]",Check whether GZ-MEL-031 should be on day 20
SHIFTED_DAY_FEAST,WARNING,GZ-MEL-031,መልክዐ ማርያም ሣልሲት በግእዝ,7/2 vs day [1],"Sinksar commemorates 'አቡነ መክፈልተ ማርያም ጻድቅ (ኢትዮዽያዊ)' on 7/2, but app maps on day [1]",Check whether GZ-MEL-031 should be on day 2
SHIFTED_DAY_FEAST,WARNING,GZ-MEL-031,መልክዐ ማርያም ሣልሲት በግእዝ,8/25 vs day [21],"Sinksar commemorates 'አቡነ ገብረ ማርያም ጻድቅ-ዘልሆኝ (ኢትዮዽያዊ)' on 8/25, but app maps on day [21]",Check whether GZ-MEL-031 should be on day 25
SHIFTED_DAY_FEAST,WARNING,GZ-MEL-031,መልክዐ ማርያም ሣልሲት በግእዝ,9/3 vs day [1],"Sinksar commemorates 'ቡርክት ወለተ ማርያም ንግሥት (የዐፄ ልብነ ድንግል እናት)' on 9/3, but app maps on day [1]",Check whether GZ-MEL-031 should be on day 3
SHIFTED_DAY_FEAST,WARNING,GZ-MEL-031,መልክዐ ማርያም ሣልሲት በግእዝ,"10/20 vs day [16, 21]","Sinksar commemorates 'እመቤታችን ቅድስት ድንግል ማርያም' on 10/20, but app maps on day [16, 21]",Check whether GZ-MEL-031 should be on day 20
SHIFTED_DAY_FEAST,WARNING,GZ-MEL-031,መልክዐ ማርያም ሣልሲት በግእዝ,"11/20 vs day [16, 21]","Sinksar commemorates 'በዓታ ለእግዝእትነ ማርያም (በ፰0 ዕለት)' on 11/20, but app maps on day [16, 21]",Check whether GZ-MEL-031 should be on day 20
SHIFTED_DAY_FEAST,WARNING,GZ-MEL-032,መልክዐ ማርያም በግእዝ,1/4 vs day [1],"Sinksar commemorates 'ቅዱሳን ዘብዴዎስና ማርያም ባውፍልያ' on 1/4, but app maps on day [1]",Check whether GZ-MEL-032 should be on day 4
SHIFTED_DAY_FEAST,WARNING,GZ-MEL-032,መልክዐ ማርያም በግእዝ,1/15 vs day [16],"Sinksar commemorates 'አቡነ ገብረ ማርያም ዘሐንታ' on 1/15, but app maps on day [16]",Check whether GZ-MEL-032 should be on day 15
SHIFTED_DAY_FEAST,WARNING,GZ-MEL-032,መልክዐ ማርያም በግእዝ,3/12 vs day [16],"Sinksar commemorates 'አፄ በዕደ ማርያም ጻድቅ' on 3/12, but app maps on day [16]",Check whether GZ-MEL-032 should be on day 12
SHIFTED_DAY_FEAST,WARNING,GZ-MEL-032,መልክዐ ማርያም በግእዝ,4/3 vs day [1],"Sinksar commemorates 'በዓታ ለእግዝእትነ ማርያም' on 4/3, but app maps on day [1]",Check whether GZ-MEL-032 should be on day 3
SHIFTED_DAY_FEAST,WARNING,GZ-MEL-032,መልክዐ ማርያም በግእዝ,4/22 vs day [21],"Sinksar commemorates 'ተአምረ ማርያም' on 4/22, but app maps on day [21]",Check whether GZ-MEL-032 should be on day 22
SHIFTED_DAY_FEAST,WARNING,GZ-MEL-032,መልክዐ ማርያም በግእዝ,"6/20 vs day [16, 21]","Sinksar commemorates 'አቡነ ክፍለ- ማርያም ዘዲባጋ (የተሰወረበት)' on 6/20, but app maps on day [16, 21]",Check whether GZ-MEL-032 should be on day 20
SHIFTED_DAY_FEAST,WARNING,GZ-MEL-032,መልክዐ ማርያም በግእዝ,7/2 vs day [1],"Sinksar commemorates 'አቡነ መክፈልተ ማርያም ጻድቅ (ኢትዮዽያዊ)' on 7/2, but app maps on day [1]",Check whether GZ-MEL-032 should be on day 2
SHIFTED_DAY_FEAST,WARNING,GZ-MEL-032,መልክዐ ማርያም በግእዝ,8/25 vs day [21],"Sinksar commemorates 'አቡነ ገብረ ማርያም ጻድቅ-ዘልሆኝ (ኢትዮዽያዊ)' on 8/25, but app maps on day [21]",Check whether GZ-MEL-032 should be on day 25
SHIFTED_DAY_FEAST,WARNING,GZ-MEL-032,መልክዐ ማርያም በግእዝ,9/3 vs day [1],"Sinksar commemorates 'ቡርክት ወለተ ማርያም ንግሥት (የዐፄ ልብነ ድንግል እናት)' on 9/3, but app maps on day [1]",Check whether GZ-MEL-032 should be on day 3
SHIFTED_DAY_FEAST,WARNING,GZ-MEL-032,መልክዐ ማርያም በግእዝ,"10/20 vs day [16, 21]","Sinksar commemorates 'እመቤታችን ቅድስት ድንግል ማርያም' on 10/20, but app maps on day [16, 21]",Check whether GZ-MEL-032 should be on day 20
SHIFTED_DAY_FEAST,WARNING,GZ-MEL-032,መልክዐ ማርያም በግእዝ,"11/20 vs day [16, 21]","Sinksar commemorates 'በዓታ ለእግዝእትነ ማርያም (በ፰0 ዕለት)' on 11/20, but app maps on day [16, 21]",Check whether GZ-MEL-032 should be on day 20
SHIFTED_DAY_FEAST,WARNING,GZ-MEL-161,መልክዐ ጽዮን ማርያም ሣልስ በግእዝ,1/4 vs day [1],"Sinksar commemorates 'ቅዱሳን ዘብዴዎስና ማርያም ባውፍልያ' on 1/4, but app maps on day [1]",Check whether GZ-MEL-161 should be on day 4
SHIFTED_DAY_FEAST,WARNING,GZ-MEL-161,መልክዐ ጽዮን ማርያም ሣልስ በግእዝ,1/15 vs day [16],"Sinksar commemorates 'አቡነ ገብረ ማርያም ዘሐንታ' on 1/15, but app maps on day [16]",Check whether GZ-MEL-161 should be on day 15
SHIFTED_DAY_FEAST,WARNING,GZ-MEL-161,መልክዐ ጽዮን ማርያም ሣልስ በግእዝ,3/12 vs day [16],"Sinksar commemorates 'አፄ በዕደ ማርያም ጻድቅ' on 3/12, but app maps on day [16]",Check whether GZ-MEL-161 should be on day 12
SHIFTED_DAY_FEAST,WARNING,GZ-MEL-161,መልክዐ ጽዮን ማርያም ሣልስ በግእዝ,4/3 vs day [1],"Sinksar commemorates 'በዓታ ለእግዝእትነ ማርያም' on 4/3, but app maps on day [1]",Check whether GZ-MEL-161 should be on day 3
SHIFTED_DAY_FEAST,WARNING,GZ-MEL-161,መልክዐ ጽዮን ማርያም ሣልስ በግእዝ,4/22 vs day [21],"Sinksar commemorates 'ተአምረ ማርያም' on 4/22, but app maps on day [21]",Check whether GZ-MEL-161 should be on day 22
SHIFTED_DAY_FEAST,WARNING,GZ-MEL-161,መልክዐ ጽዮን ማርያም ሣልስ በግእዝ,"6/20 vs day [16, 21]","Sinksar commemorates 'አቡነ ክፍለ- ማርያም ዘዲባጋ (የተሰወረበት)' on 6/20, but app maps on day [16, 21]",Check whether GZ-MEL-161 should be on day 20
SHIFTED_DAY_FEAST,WARNING,GZ-MEL-161,መልክዐ ጽዮን ማርያም ሣልስ በግእዝ,7/2 vs day [1],"Sinksar commemorates 'አቡነ መክፈልተ ማርያም ጻድቅ (ኢትዮዽያዊ)' on 7/2, but app maps on day [1]",Check whether GZ-MEL-161 should be on day 2
SHIFTED_DAY_FEAST,WARNING,GZ-MEL-161,መልክዐ ጽዮን ማርያም ሣልስ በግእዝ,8/25 vs day [21],"Sinksar commemorates 'አቡነ ገብረ ማርያም ጻድቅ-ዘልሆኝ (ኢትዮዽያዊ)' on 8/25, but app maps on day [21]",Check whether GZ-MEL-161 should be on day 25
SHIFTED_DAY_FEAST,WARNING,GZ-MEL-161,መልክዐ ጽዮን ማርያም ሣልስ በግእዝ,9/3 vs day [1],"Sinksar commemorates 'ቡርክት ወለተ ማርያም ንግሥት (የዐፄ ልብነ ድንግል እናት)' on 9/3, but app maps on day [1]",Check whether GZ-MEL-161 should be on day 3
SHIFTED_DAY_FEAST,WARNING,GZ-MEL-161,መልክዐ ጽዮን ማርያም ሣልስ በግእዝ,"10/20 vs day [16, 21]","Sinksar commemorates 'እመቤታችን ቅድስት ድንግል ማርያም' on 10/20, but app maps on day [16, 21]",Check whether GZ-MEL-161 should be on day 20
SHIFTED_DAY_FEAST,WARNING,GZ-MEL-161,መልክዐ ጽዮን ማርያም ሣልስ በግእዝ,"11/20 vs day [16, 21]","Sinksar commemorates 'በዓታ ለእግዝእትነ ማርያም (በ፰0 ዕለት)' on 11/20, but app maps on day [16, 21]",Check whether GZ-MEL-161 should be on day 20
SHIFTED_DAY_FEAST,WARNING,GZ-TAM-001,ተአምረ ማርያም በግእዝ,1/4 vs day [1],"Sinksar commemorates 'ቅዱሳን ዘብዴዎስና ማርያም ባውፍልያ' on 1/4, but app maps on day [1]",Check whether GZ-TAM-001 should be on day 4
SHIFTED_DAY_FEAST,WARNING,GZ-TAM-001,ተአምረ ማርያም በግእዝ,1/15 vs day [16],"Sinksar commemorates 'አቡነ ገብረ ማርያም ዘሐንታ' on 1/15, but app maps on day [16]",Check whether GZ-TAM-001 should be on day 15
SHIFTED_DAY_FEAST,WARNING,GZ-TAM-001,ተአምረ ማርያም በግእዝ,3/12 vs day [16],"Sinksar commemorates 'አፄ በዕደ ማርያም ጻድቅ' on 3/12, but app maps on day [16]",Check whether GZ-TAM-001 should be on day 12
SHIFTED_DAY_FEAST,WARNING,GZ-TAM-001,ተአምረ ማርያም በግእዝ,4/3 vs day [1],"Sinksar commemorates 'በዓታ ለእግዝእትነ ማርያም' on 4/3, but app maps on day [1]",Check whether GZ-TAM-001 should be on day 3
SHIFTED_DAY_FEAST,WARNING,GZ-TAM-001,ተአምረ ማርያም በግእዝ,4/22 vs day [21],"Sinksar commemorates 'ተአምረ ማርያም' on 4/22, but app maps on day [21]",Check whether GZ-TAM-001 should be on day 22
SHIFTED_DAY_FEAST,WARNING,GZ-TAM-001,ተአምረ ማርያም በግእዝ,"6/20 vs day [16, 21]","Sinksar commemorates 'አቡነ ክፍለ- ማርያም ዘዲባጋ (የተሰወረበት)' on 6/20, but app maps on day [16, 21]",Check whether GZ-TAM-001 should be on day 20
SHIFTED_DAY_FEAST,WARNING,GZ-TAM-001,ተአምረ ማርያም በግእዝ,7/2 vs day [1],"Sinksar commemorates 'አቡነ መክፈልተ ማርያም ጻድቅ (ኢትዮዽያዊ)' on 7/2, but app maps on day [1]",Check whether GZ-TAM-001 should be on day 2
SHIFTED_DAY_FEAST,WARNING,GZ-TAM-001,ተአምረ ማርያም በግእዝ,8/25 vs day [21],"Sinksar commemorates 'አቡነ ገብረ ማርያም ጻድቅ-ዘልሆኝ (ኢትዮዽያዊ)' on 8/25, but app maps on day [21]",Check whether GZ-TAM-001 should be on day 25
SHIFTED_DAY_FEAST,WARNING,GZ-TAM-001,ተአምረ ማርያም በግእዝ,9/3 vs day [1],"Sinksar commemorates 'ቡርክት ወለተ ማርያም ንግሥት (የዐፄ ልብነ ድንግል እናት)' on 9/3, but app maps on day [1]",Check whether GZ-TAM-001 should be on day 3
SHIFTED_DAY_FEAST,WARNING,GZ-TAM-001,ተአምረ ማርያም በግእዝ,"10/20 vs day [16, 21]","Sinksar commemorates 'እመቤታችን ቅድስት ድንግል ማርያም' on 10/20, but app maps on day [16, 21]",Check whether GZ-TAM-001 should be on day 20
SHIFTED_DAY_FEAST,WARNING,GZ-TAM-001,ተአምረ ማርያም በግእዝ,"11/20 vs day [16, 21]","Sinksar commemorates 'በዓታ ለእግዝእትነ ማርያም (በ፰0 ዕለት)' on 11/20, but app maps on day [16, 21]",Check whether GZ-TAM-001 should be on day 20
SHIFTED_DAY_FEAST,WARNING,TI-RAY-001,ራእየ ማርያም ብትግርኛ,1/4 vs day [1],"Sinksar commemorates 'ቅዱሳን ዘብዴዎስና ማርያም ባውፍልያ' on 1/4, but app maps on day [1]",Check whether TI-RAY-001 should be on day 4
SHIFTED_DAY_FEAST,WARNING,TI-RAY-001,ራእየ ማርያም ብትግርኛ,1/15 vs day [16],"Sinksar commemorates 'አቡነ ገብረ ማርያም ዘሐንታ' on 1/15, but app maps on day [16]",Check whether TI-RAY-001 should be on day 15
SHIFTED_DAY_FEAST,WARNING,TI-RAY-001,ራእየ ማርያም ብትግርኛ,3/12 vs day [16],"Sinksar commemorates 'አፄ በዕደ ማርያም ጻድቅ' on 3/12, but app maps on day [16]",Check whether TI-RAY-001 should be on day 12
SHIFTED_DAY_FEAST,WARNING,TI-RAY-001,ራእየ ማርያም ብትግርኛ,4/3 vs day [1],"Sinksar commemorates 'በዓታ ለእግዝእትነ ማርያም' on 4/3, but app maps on day [1]",Check whether TI-RAY-001 should be on day 3
SHIFTED_DAY_FEAST,WARNING,TI-RAY-001,ራእየ ማርያም ብትግርኛ,4/22 vs day [21],"Sinksar commemorates 'ተአምረ ማርያም' on 4/22, but app maps on day [21]",Check whether TI-RAY-001 should be on day 22
SHIFTED_DAY_FEAST,WARNING,TI-RAY-001,ራእየ ማርያም ብትግርኛ,"6/20 vs day [16, 21]","Sinksar commemorates 'አቡነ ክፍለ- ማርያም ዘዲባጋ (የተሰወረበት)' on 6/20, but app maps on day [16, 21]",Check whether TI-RAY-001 should be on day 20
SHIFTED_DAY_FEAST,WARNING,TI-RAY-001,ራእየ ማርያም ብትግርኛ,7/2 vs day [1],"Sinksar commemorates 'አቡነ መክፈልተ ማርያም ጻድቅ (ኢትዮዽያዊ)' on 7/2, but app maps on day [1]",Check whether TI-RAY-001 should be on day 2
SHIFTED_DAY_FEAST,WARNING,TI-RAY-001,ራእየ ማርያም ብትግርኛ,8/25 vs day [21],"Sinksar commemorates 'አቡነ ገብረ ማርያም ጻድቅ-ዘልሆኝ (ኢትዮዽያዊ)' on 8/25, but app maps on day [21]",Check whether TI-RAY-001 should be on day 25
SHIFTED_DAY_FEAST,WARNING,TI-RAY-001,ራእየ ማርያም ብትግርኛ,9/3 vs day [1],"Sinksar commemorates 'ቡርክት ወለተ ማርያም ንግሥት (የዐፄ ልብነ ድንግል እናት)' on 9/3, but app maps on day [1]",Check whether TI-RAY-001 should be on day 3
SHIFTED_DAY_FEAST,WARNING,TI-RAY-001,ራእየ ማርያም ብትግርኛ,"10/20 vs day [16, 21]","Sinksar commemorates 'እመቤታችን ቅድስት ድንግል ማርያም' on 10/20, but app maps on day [16, 21]",Check whether TI-RAY-001 should be on day 20
SHIFTED_DAY_FEAST,WARNING,TI-RAY-001,ራእየ ማርያም ብትግርኛ,"11/20 vs day [16, 21]","Sinksar commemorates 'በዓታ ለእግዝእትነ ማርያም (በ፰0 ዕለት)' on 11/20, but app maps on day [16, 21]",Check whether TI-RAY-001 should be on day 20
SHIFTED_DAY_FEAST,WARNING,AM-MEL-002,መልክአ ኢየሱስ በአማርኛ,2/27 vs day [29],"Sinksar commemorates 'ጌታችን ኢየሱስ ክርስቶስ' on 2/27, but app maps on day [29]",Check whether AM-MEL-002 should be on day 27
SHIFTED_DAY_FEAST,WARNING,AM-TAM-001,ተአምረ ኢየሱስ በአማርኛ,2/27 vs day [29],"Sinksar commemorates 'ጌታችን ኢየሱስ ክርስቶስ' on 2/27, but app maps on day [29]",Check whether AM-TAM-001 should be on day 27
SHIFTED_DAY_FEAST,WARNING,GZ-MEL-131,መልክዐ ኢየሱስ በግእዝ,2/27 vs day [29],"Sinksar commemorates 'ጌታችን ኢየሱስ ክርስቶስ' on 2/27, but app maps on day [29]",Check whether GZ-MEL-131 should be on day 27
SHIFTED_DAY_FEAST,WARNING,GZ-MEL-132,መልክዐ ኢየሱስ ካልዕ በግእዝ,2/27 vs day [29],"Sinksar commemorates 'ጌታችን ኢየሱስ ክርስቶስ' on 2/27, but app maps on day [29]",Check whether GZ-MEL-132 should be on day 27
SHIFTED_DAY_FEAST,WARNING,GZ-MZM-001,መዝሙረ ክርስቶስ በግእዝ,2/27 vs day [29],"Sinksar commemorates 'ጌታችን ኢየሱስ ክርስቶስ' on 2/27, but app maps on day [29]",Check whether GZ-MZM-001 should be on day 27
SHIFTED_DAY_FEAST,WARNING,GZ-MZM-001,መዝሙረ ክርስቶስ በግእዝ,9/28 vs day [29],"Sinksar commemorates 'ቅድስት ዓመተ ክርስቶስ ተጋዳሊት (ገዳማዊት)' on 9/28, but app maps on day [29]",Check whether GZ-MZM-001 should be on day 28
SHIFTED_DAY_FEAST,WARNING,GZ-MZM-002,መዝሙረ ክርስቶስ ካልዕ በግእዝ,2/27 vs day [29],"Sinksar commemorates 'ጌታችን ኢየሱስ ክርስቶስ' on 2/27, but app maps on day [29]",Check whether GZ-MZM-002 should be on day 27
SHIFTED_DAY_FEAST,WARNING,GZ-MZM-002,መዝሙረ ክርስቶስ ካልዕ በግእዝ,9/28 vs day [29],"Sinksar commemorates 'ቅድስት ዓመተ ክርስቶስ ተጋዳሊት (ገዳማዊት)' on 9/28, but app maps on day [29]",Check whether GZ-MZM-002 should be on day 28
SHIFTED_DAY_FEAST,WARNING,GZ-MZM-003,መዝሙረ ክርስቶስ ዘመኃልየ መኃልይ። በግእዝ,2/27 vs day [29],"Sinksar commemorates 'ጌታችን ኢየሱስ ክርስቶስ' on 2/27, but app maps on day [29]",Check whether GZ-MZM-003 should be on day 27
SHIFTED_DAY_FEAST,WARNING,GZ-MZM-003,መዝሙረ ክርስቶስ ዘመኃልየ መኃልይ። በግእዝ,9/28 vs day [29],"Sinksar commemorates 'ቅድስት ዓመተ ክርስቶስ ተጋዳሊት (ገዳማዊት)' on 9/28, but app maps on day [29]",Check whether GZ-MZM-003 should be on day 28
SHIFTED_DAY_FEAST,WARNING,GZ-TAM-002,ተአምረ ኢየሱስ በግእዝ,2/27 vs day [29],"Sinksar commemorates 'ጌታችን ኢየሱስ ክርስቶስ' on 2/27, but app maps on day [29]",Check whether GZ-TAM-002 should be on day 27
SHIFTED_DAY_FEAST,WARNING,TI-TAM-001,ተአምረ ኢየሱስ ብትግርኛ,2/27 vs day [29],"Sinksar commemorates 'ጌታችን ኢየሱስ ክርስቶስ' on 2/27, but app maps on day [29]",Check whether TI-TAM-001 should be on day 27
SHIFTED_DAY_FEAST,WARNING,AM-GDL-018,ገድለ ቅዱስ ጊዮርጊስ ሰማዕት በአማርኛ,2/3 vs day [7],"Sinksar commemorates 'ቅዱስ ጊዮርጊስ ሐዲስ (ሰማዕት)' on 2/3, but app maps on day [7]",Check whether AM-GDL-018 should be on day 3
SHIFTED_DAY_FEAST,WARNING,AM-GDL-018,ገድለ ቅዱስ ጊዮርጊስ ሰማዕት በአማርኛ,5/4 vs day [7],"Sinksar commemorates 'ቅዱስ ጊዮርጊስ' on 5/4, but app maps on day [7]",Check whether AM-GDL-018 should be on day 4
SHIFTED_DAY_FEAST,WARNING,AM-GDL-018,ገድለ ቅዱስ ጊዮርጊስ ሰማዕት በአማርኛ,"7/15 vs day [16, 18]","Sinksar commemorates 'ቅዱስ ጊዮርጊስ ሐዲስ' on 7/15, but app maps on day [16, 18]",Check whether AM-GDL-018 should be on day 15
SHIFTED_DAY_FEAST,WARNING,AM-GDL-018,ገድለ ቅዱስ ጊዮርጊስ ሰማዕት በአማርኛ,"7/17 vs day [16, 18]","Sinksar commemorates 'ቅዱስ ጊዮርጊስ መስተጋድል' on 7/17, but app maps on day [16, 18]",Check whether AM-GDL-018 should be on day 17
SHIFTED_DAY_FEAST,WARNING,AM-GDL-018,ገድለ ቅዱስ ጊዮርጊስ ሰማዕት በአማርኛ,"10/19 vs day [16, 18, 23]","Sinksar commemorates 'ቅዱስ ጊዮርጊስ ሐዲስ ሰማዕት' on 10/19, but app maps on day [16, 18, 23]",Check whether AM-GDL-018 should be on day 19
SHIFTED_DAY_FEAST,WARNING,AM-MEL-051,የቅዱስ ጊዮርጊስ መልክዕ በአማርኛ,2/3 vs day [7],"Sinksar commemorates 'ቅዱስ ጊዮርጊስ ሐዲስ (ሰማዕት)' on 2/3, but app maps on day [7]",Check whether AM-MEL-051 should be on day 3
SHIFTED_DAY_FEAST,WARNING,AM-MEL-051,የቅዱስ ጊዮርጊስ መልክዕ በአማርኛ,5/4 vs day [7],"Sinksar commemorates 'ቅዱስ ጊዮርጊስ' on 5/4, but app maps on day [7]",Check whether AM-MEL-051 should be on day 4
SHIFTED_DAY_FEAST,WARNING,AM-MEL-051,የቅዱስ ጊዮርጊስ መልክዕ በአማርኛ,"7/15 vs day [16, 18]","Sinksar commemorates 'ቅዱስ ጊዮርጊስ ሐዲስ' on 7/15, but app maps on day [16, 18]",Check whether AM-MEL-051 should be on day 15
SHIFTED_DAY_FEAST,WARNING,AM-MEL-051,የቅዱስ ጊዮርጊስ መልክዕ በአማርኛ,"7/17 vs day [16, 18]","Sinksar commemorates 'ቅዱስ ጊዮርጊስ መስተጋድል' on 7/17, but app maps on day [16, 18]",Check whether AM-MEL-051 should be on day 17
SHIFTED_DAY_FEAST,WARNING,AM-MEL-051,የቅዱስ ጊዮርጊስ መልክዕ በአማርኛ,"10/19 vs day [16, 18, 23]","Sinksar commemorates 'ቅዱስ ጊዮርጊስ ሐዲስ ሰማዕት' on 10/19, but app maps on day [16, 18, 23]",Check whether AM-MEL-051 should be on day 19
SHIFTED_DAY_FEAST,WARNING,AM-MEL-065,ጸሎተ መልክዐ ሥቃዩ ለቅዱስ ጊዮርጊስ ሊቀ ሰማዕታት በአማርኛ,2/3 vs day [7],"Sinksar commemorates 'ቅዱስ ጊዮርጊስ ሐዲስ (ሰማዕት)' on 2/3, but app maps on day [7]",Check whether AM-MEL-065 should be on day 3
SHIFTED_DAY_FEAST,WARNING,AM-MEL-065,ጸሎተ መልክዐ ሥቃዩ ለቅዱስ ጊዮርጊስ ሊቀ ሰማዕታት በአማርኛ,5/4 vs day [7],"Sinksar commemorates 'ቅዱስ ጊዮርጊስ' on 5/4, but app maps on day [7]",Check whether AM-MEL-065 should be on day 4
SHIFTED_DAY_FEAST,WARNING,AM-MEL-065,ጸሎተ መልክዐ ሥቃዩ ለቅዱስ ጊዮርጊስ ሊቀ ሰማዕታት በአማርኛ,"7/15 vs day [16, 18]","Sinksar commemorates 'ቅዱስ ጊዮርጊስ ሐዲስ' on 7/15, but app maps on day [16, 18]",Check whether AM-MEL-065 should be on day 15
SHIFTED_DAY_FEAST,WARNING,AM-MEL-065,ጸሎተ መልክዐ ሥቃዩ ለቅዱስ ጊዮርጊስ ሊቀ ሰማዕታት በአማርኛ,"7/17 vs day [16, 18]","Sinksar commemorates 'ቅዱስ ጊዮርጊስ መስተጋድል' on 7/17, but app maps on day [16, 18]",Check whether AM-MEL-065 should be on day 17
SHIFTED_DAY_FEAST,WARNING,AM-MEL-065,ጸሎተ መልክዐ ሥቃዩ ለቅዱስ ጊዮርጊስ ሊቀ ሰማዕታት በአማርኛ,"10/19 vs day [16, 18, 23]","Sinksar commemorates 'ቅዱስ ጊዮርጊስ ሐዲስ ሰማዕት' on 10/19, but app maps on day [16, 18, 23]",Check whether AM-MEL-065 should be on day 19
SHIFTED_DAY_FEAST,WARNING,AM-MEL-066,ጸሎተ መልክዕ ዘቅዱስ ጊዮርጊስ ሊቀ ሰማዕታት በአማርኛ,2/3 vs day [7],"Sinksar commemorates 'ቅዱስ ጊዮርጊስ ሐዲስ (ሰማዕት)' on 2/3, but app maps on day [7]",Check whether AM-MEL-066 should be on day 3
SHIFTED_DAY_FEAST,WARNING,AM-MEL-066,ጸሎተ መልክዕ ዘቅዱስ ጊዮርጊስ ሊቀ ሰማዕታት በአማርኛ,5/4 vs day [7],"Sinksar commemorates 'ቅዱስ ጊዮርጊስ' on 5/4, but app maps on day [7]",Check whether AM-MEL-066 should be on day 4
SHIFTED_DAY_FEAST,WARNING,AM-MEL-066,ጸሎተ መልክዕ ዘቅዱስ ጊዮርጊስ ሊቀ ሰማዕታት በአማርኛ,"7/15 vs day [16, 18]","Sinksar commemorates 'ቅዱስ ጊዮርጊስ ሐዲስ' on 7/15, but app maps on day [16, 18]",Check whether AM-MEL-066 should be on day 15
SHIFTED_DAY_FEAST,WARNING,AM-MEL-066,ጸሎተ መልክዕ ዘቅዱስ ጊዮርጊስ ሊቀ ሰማዕታት በአማርኛ,"7/17 vs day [16, 18]","Sinksar commemorates 'ቅዱስ ጊዮርጊስ መስተጋድል' on 7/17, but app maps on day [16, 18]",Check whether AM-MEL-066 should be on day 17
SHIFTED_DAY_FEAST,WARNING,AM-MEL-066,ጸሎተ መልክዕ ዘቅዱስ ጊዮርጊስ ሊቀ ሰማዕታት በአማርኛ,"10/19 vs day [16, 18, 23]","Sinksar commemorates 'ቅዱስ ጊዮርጊስ ሐዲስ ሰማዕት' on 10/19, but app maps on day [16, 18, 23]",Check whether AM-MEL-066 should be on day 19
SHIFTED_DAY_FEAST,WARNING,AM-MEL-067,ጸሎተ መልክዕ ዘቅዱስ ጊዮርጊስ ሊቀ ሰማዕታት ካልዕ በአማርኛ,2/3 vs day [7],"Sinksar commemorates 'ቅዱስ ጊዮርጊስ ሐዲስ (ሰማዕት)' on 2/3, but app maps on day [7]",Check whether AM-MEL-067 should be on day 3
SHIFTED_DAY_FEAST,WARNING,AM-MEL-067,ጸሎተ መልክዕ ዘቅዱስ ጊዮርጊስ ሊቀ ሰማዕታት ካልዕ በአማርኛ,5/4 vs day [7],"Sinksar commemorates 'ቅዱስ ጊዮርጊስ' on 5/4, but app maps on day [7]",Check whether AM-MEL-067 should be on day 4
SHIFTED_DAY_FEAST,WARNING,AM-MEL-067,ጸሎተ መልክዕ ዘቅዱስ ጊዮርጊስ ሊቀ ሰማዕታት ካልዕ በአማርኛ,"7/15 vs day [16, 18]","Sinksar commemorates 'ቅዱስ ጊዮርጊስ ሐዲስ' on 7/15, but app maps on day [16, 18]",Check whether AM-MEL-067 should be on day 15
SHIFTED_DAY_FEAST,WARNING,AM-MEL-067,ጸሎተ መልክዕ ዘቅዱስ ጊዮርጊስ ሊቀ ሰማዕታት ካልዕ በአማርኛ,"7/17 vs day [16, 18]","Sinksar commemorates 'ቅዱስ ጊዮርጊስ መስተጋድል' on 7/17, but app maps on day [16, 18]",Check whether AM-MEL-067 should be on day 17
SHIFTED_DAY_FEAST,WARNING,AM-MEL-067,ጸሎተ መልክዕ ዘቅዱስ ጊዮርጊስ ሊቀ ሰማዕታት ካልዕ በአማርኛ,"10/19 vs day [16, 18, 23]","Sinksar commemorates 'ቅዱስ ጊዮርጊስ ሐዲስ ሰማዕት' on 10/19, but app maps on day [16, 18, 23]",Check whether AM-MEL-067 should be on day 19
SHIFTED_DAY_FEAST,WARNING,AM-SIB-001,ስብሐተ ፍቁር ዘቅዱስ ጊዮርጊስ ሊቀ ሰማዕታት በአማርኛ,2/3 vs day [7],"Sinksar commemorates 'ቅዱስ ጊዮርጊስ ሐዲስ (ሰማዕት)' on 2/3, but app maps on day [7]",Check whether AM-SIB-001 should be on day 3
SHIFTED_DAY_FEAST,WARNING,AM-SIB-001,ስብሐተ ፍቁር ዘቅዱስ ጊዮርጊስ ሊቀ ሰማዕታት በአማርኛ,5/4 vs day [7],"Sinksar commemorates 'ቅዱስ ጊዮርጊስ' on 5/4, but app maps on day [7]",Check whether AM-SIB-001 should be on day 4
SHIFTED_DAY_FEAST,WARNING,AM-SIB-001,ስብሐተ ፍቁር ዘቅዱስ ጊዮርጊስ ሊቀ ሰማዕታት በአማርኛ,"7/15 vs day [16, 18]","Sinksar commemorates 'ቅዱስ ጊዮርጊስ ሐዲስ' on 7/15, but app maps on day [16, 18]",Check whether AM-SIB-001 should be on day 15
SHIFTED_DAY_FEAST,WARNING,AM-SIB-001,ስብሐተ ፍቁር ዘቅዱስ ጊዮርጊስ ሊቀ ሰማዕታት በአማርኛ,"7/17 vs day [16, 18]","Sinksar commemorates 'ቅዱስ ጊዮርጊስ መስተጋድል' on 7/17, but app maps on day [16, 18]",Check whether AM-SIB-001 should be on day 17
SHIFTED_DAY_FEAST,WARNING,AM-SIB-001,ስብሐተ ፍቁር ዘቅዱስ ጊዮርጊስ ሊቀ ሰማዕታት በአማርኛ,"10/19 vs day [16, 18, 23]","Sinksar commemorates 'ቅዱስ ጊዮርጊስ ሐዲስ ሰማዕት' on 10/19, but app maps on day [16, 18, 23]",Check whether AM-SIB-001 should be on day 19
SHIFTED_DAY_FEAST,WARNING,GZ-GDL-014,ገድለ ቅዱስ ጊዮርጊስ ሰማዕት በግእዝ,2/3 vs day [7],"Sinksar commemorates 'ቅዱስ ጊዮርጊስ ሐዲስ (ሰማዕት)' on 2/3, but app maps on day [7]",Check whether GZ-GDL-014 should be on day 3
SHIFTED_DAY_FEAST,WARNING,GZ-GDL-014,ገድለ ቅዱስ ጊዮርጊስ ሰማዕት በግእዝ,5/4 vs day [7],"Sinksar commemorates 'ቅዱስ ጊዮርጊስ' on 5/4, but app maps on day [7]",Check whether GZ-GDL-014 should be on day 4
SHIFTED_DAY_FEAST,WARNING,GZ-GDL-014,ገድለ ቅዱስ ጊዮርጊስ ሰማዕት በግእዝ,"7/15 vs day [16, 18]","Sinksar commemorates 'ቅዱስ ጊዮርጊስ ሐዲስ' on 7/15, but app maps on day [16, 18]",Check whether GZ-GDL-014 should be on day 15
SHIFTED_DAY_FEAST,WARNING,GZ-GDL-014,ገድለ ቅዱስ ጊዮርጊስ ሰማዕት በግእዝ,"7/17 vs day [16, 18]","Sinksar commemorates 'ቅዱስ ጊዮርጊስ መስተጋድል' on 7/17, but app maps on day [16, 18]",Check whether GZ-GDL-014 should be on day 17
SHIFTED_DAY_FEAST,WARNING,GZ-GDL-014,ገድለ ቅዱስ ጊዮርጊስ ሰማዕት በግእዝ,"10/19 vs day [16, 18, 23]","Sinksar commemorates 'ቅዱስ ጊዮርጊስ ሐዲስ ሰማዕት' on 10/19, but app maps on day [16, 18, 23]",Check whether GZ-GDL-014 should be on day 19
SHIFTED_DAY_FEAST,WARNING,GZ-MEL-065,መልክዐ ቅዱስ ጊዮርጊስ በግእዝ,2/3 vs day [7],"Sinksar commemorates 'ቅዱስ ጊዮርጊስ ሐዲስ (ሰማዕት)' on 2/3, but app maps on day [7]",Check whether GZ-MEL-065 should be on day 3
SHIFTED_DAY_FEAST,WARNING,GZ-MEL-065,መልክዐ ቅዱስ ጊዮርጊስ በግእዝ,5/4 vs day [7],"Sinksar commemorates 'ቅዱስ ጊዮርጊስ' on 5/4, but app maps on day [7]",Check whether GZ-MEL-065 should be on day 4
SHIFTED_DAY_FEAST,WARNING,GZ-MEL-065,መልክዐ ቅዱስ ጊዮርጊስ በግእዝ,"7/15 vs day [16, 18]","Sinksar commemorates 'ቅዱስ ጊዮርጊስ ሐዲስ' on 7/15, but app maps on day [16, 18]",Check whether GZ-MEL-065 should be on day 15
SHIFTED_DAY_FEAST,WARNING,GZ-MEL-065,መልክዐ ቅዱስ ጊዮርጊስ በግእዝ,"7/17 vs day [16, 18]","Sinksar commemorates 'ቅዱስ ጊዮርጊስ መስተጋድል' on 7/17, but app maps on day [16, 18]",Check whether GZ-MEL-065 should be on day 17
SHIFTED_DAY_FEAST,WARNING,GZ-MEL-065,መልክዐ ቅዱስ ጊዮርጊስ በግእዝ,"10/19 vs day [16, 18, 23]","Sinksar commemorates 'ቅዱስ ጊዮርጊስ ሐዲስ ሰማዕት' on 10/19, but app maps on day [16, 18, 23]",Check whether GZ-MEL-065 should be on day 19
SHIFTED_DAY_FEAST,WARNING,GZ-MEL-154,መልክዐ ጊዮርጊስ በግእዝ,2/3 vs day [7],"Sinksar commemorates 'ቅዱስ ጊዮርጊስ ሐዲስ (ሰማዕት)' on 2/3, but app maps on day [7]",Check whether GZ-MEL-154 should be on day 3
SHIFTED_DAY_FEAST,WARNING,GZ-MEL-154,መልክዐ ጊዮርጊስ በግእዝ,5/4 vs day [7],"Sinksar commemorates 'ቅዱስ ጊዮርጊስ' on 5/4, but app maps on day [7]",Check whether GZ-MEL-154 should be on day 4
SHIFTED_DAY_FEAST,WARNING,GZ-MEL-154,መልክዐ ጊዮርጊስ በግእዝ,"7/15 vs day [16, 18]","Sinksar commemorates 'ቅዱስ ጊዮርጊስ ሐዲስ' on 7/15, but app maps on day [16, 18]",Check whether GZ-MEL-154 should be on day 15
SHIFTED_DAY_FEAST,WARNING,GZ-MEL-154,መልክዐ ጊዮርጊስ በግእዝ,"7/17 vs day [16, 18]","Sinksar commemorates 'ቅዱስ ጊዮርጊስ መስተጋድል' on 7/17, but app maps on day [16, 18]",Check whether GZ-MEL-154 should be on day 17
SHIFTED_DAY_FEAST,WARNING,GZ-MEL-154,መልክዐ ጊዮርጊስ በግእዝ,"10/19 vs day [16, 18, 23]","Sinksar commemorates 'ቅዱስ ጊዮርጊስ ሐዲስ ሰማዕት' on 10/19, but app maps on day [16, 18, 23]",Check whether GZ-MEL-154 should be on day 19
SHIFTED_DAY_FEAST,WARNING,GZ-MEL-155,መልክዐ ጊዮርጊስ ካልዕ ወሥቃዩ በግእዝ,2/3 vs day [7],"Sinksar commemorates 'ቅዱስ ጊዮርጊስ ሐዲስ (ሰማዕት)' on 2/3, but app maps on day [7]",Check whether GZ-MEL-155 should be on day 3
SHIFTED_DAY_FEAST,WARNING,GZ-MEL-155,መልክዐ ጊዮርጊስ ካልዕ ወሥቃዩ በግእዝ,5/4 vs day [7],"Sinksar commemorates 'ቅዱስ ጊዮርጊስ' on 5/4, but app maps on day [7]",Check whether GZ-MEL-155 should be on day 4
SHIFTED_DAY_FEAST,WARNING,GZ-MEL-155,መልክዐ ጊዮርጊስ ካልዕ ወሥቃዩ በግእዝ,"7/15 vs day [16, 18]","Sinksar commemorates 'ቅዱስ ጊዮርጊስ ሐዲስ' on 7/15, but app maps on day [16, 18]",Check whether GZ-MEL-155 should be on day 15
SHIFTED_DAY_FEAST,WARNING,GZ-MEL-155,መልክዐ ጊዮርጊስ ካልዕ ወሥቃዩ በግእዝ,"7/17 vs day [16, 18]","Sinksar commemorates 'ቅዱስ ጊዮርጊስ መስተጋድል' on 7/17, but app maps on day [16, 18]",Check whether GZ-MEL-155 should be on day 17
SHIFTED_DAY_FEAST,WARNING,GZ-MEL-155,መልክዐ ጊዮርጊስ ካልዕ ወሥቃዩ በግእዝ,"10/19 vs day [16, 18, 23]","Sinksar commemorates 'ቅዱስ ጊዮርጊስ ሐዲስ ሰማዕት' on 10/19, but app maps on day [16, 18, 23]",Check whether GZ-MEL-155 should be on day 19
SHIFTED_DAY_FEAST,WARNING,AM-GDL-013,የቅዱስ ዮሐንስ ገድል በአማርኛ,1/2 vs day [4],"Sinksar commemorates 'ቅዱስ ዮሐንስ ነቢይ (መጥምቀ መለኮት)' on 1/2, but app maps on day [4]",Check whether AM-GDL-013 should be on day 2
SHIFTED_DAY_FEAST,WARNING,AM-GDL-013,የቅዱስ ዮሐንስ ገድል በአማርኛ,1/7 vs day [4],"Sinksar commemorates 'ቅዱሳን አጋቶን ዼጥሮስ ዮሐንስ አሞንና እናታቸው ራፊቃ (ሰማዕታት)' on 1/7, but app maps on day [4]",Check whether AM-GDL-013 should be on day 7
SHIFTED_DAY_FEAST,WARNING,AM-GDL-013,የቅዱስ ዮሐንስ ገድል በአማርኛ,"1/30 vs day [27, 29]","Sinksar commemorates 'ቅዱሳን ያዕቆብና ዮሐንስ ሐዋርያት (ለወንጌል የተጠሩበት)' on 1/30, but app maps on day [27, 29]",Check whether AM-GDL-013 should be on day 30
SHIFTED_DAY_FEAST,WARNING,AM-GDL-013,የቅዱስ ዮሐንስ ገድል በአማርኛ,2/13 vs day [16],"Sinksar commemorates 'ቅዱስ ዮሐንስ አፈ ወርቅ' on 2/13, but app maps on day [16]",Check whether AM-GDL-013 should be on day 13
SHIFTED_DAY_FEAST,WARNING,AM-GDL-013,የቅዱስ ዮሐንስ ገድል በአማርኛ,2/18 vs day [16],"Sinksar commemorates 'ቅዱስ ዮሐንስ ሰማዕት' on 2/18, but app maps on day [16]",Check whether AM-GDL-013 should be on day 18
SHIFTED_DAY_FEAST,WARNING,AM-GDL-013,የቅዱስ ዮሐንስ ገድል በአማርኛ,2/19 vs day [16],"Sinksar commemorates 'ቅዱስ ዮሐንስ ዘጸይለም' on 2/19, but app maps on day [16]",Check whether AM-GDL-013 should be on day 19
SHIFTED_DAY_FEAST,WARNING,AM-GDL-013,የቅዱስ ዮሐንስ ገድል በአማርኛ,2/20 vs day [16],"Sinksar commemorates 'ቅዱስ አባ ዮሐንስ ሐጺር' on 2/20, but app maps on day [16]",Check whether AM-GDL-013 should be on day 20
SHIFTED_DAY_FEAST,WARNING,AM-GDL-013,የቅዱስ ዮሐንስ ገድል በአማርኛ,"2/30 vs day [27, 29]","Sinksar commemorates 'ቅዱስ ዮሐንስ መጥምቀ መለኮት' on 2/30, but app maps on day [27, 29]",Check whether AM-GDL-013 should be on day 30
SHIFTED_DAY_FEAST,WARNING,AM-GDL-013,የቅዱስ ዮሐንስ ገድል በአማርኛ,3/7 vs day [4],"Sinksar commemorates 'ቅዱሳን መርቆሬዎስና ዮሐንስ (ጻድቃን ወሰማዕት)' on 3/7, but app maps on day [4]",Check whether AM-GDL-013 should be on day 7
SHIFTED_DAY_FEAST,WARNING,AM-GDL-013,የቅዱስ ዮሐንስ ገድል በአማርኛ,3/14 vs day [16],"Sinksar commemorates 'አባ ዮሐንስ ዘደብረ ቢዘን (ኤርትራ)' on 3/14, but app maps on day [16]",Check whether AM-GDL-013 should be on day 14
SHIFTED_DAY_FEAST,WARNING,AM-GDL-013,የቅዱስ ዮሐንስ ገድል በአማርኛ,3/17 vs day [16],"Sinksar commemorates 'ቅዱስ ዮሐንስ አፈ ወርቅ (ፍልሠቱ)' on 3/17, but app maps on day [16]",Check whether AM-GDL-013 should be on day 17
SHIFTED_DAY_FEAST,WARNING,AM-GDL-013,የቅዱስ ዮሐንስ ገድል በአማርኛ,4/1 vs day [4],"Sinksar commemorates 'አባ ዮሐንስ ሊቀ ጳጳሳት' on 4/1, but app maps on day [4]",Check whether AM-GDL-013 should be on day 1
SHIFTED_DAY_FEAST,WARNING,AM-GDL-013,የቅዱስ ዮሐንስ ገድል በአማርኛ,4/8 vs day [4],"Sinksar commemorates 'አባ ዮሐንስ ዘደማስቆ (ሊቁ)' on 4/8, but app maps on day [4]",Check whether AM-GDL-013 should be on day 8
SHIFTED_DAY_FEAST,WARNING,AM-GDL-013,የቅዱስ ዮሐንስ ገድል በአማርኛ,4/12 vs day [16],"Sinksar commemorates 'ቅዱስ ዮሐንስ ተአማኒ' on 4/12, but app maps on day [16]",Check whether AM-GDL-013 should be on day 12
SHIFTED_DAY_FEAST,WARNING,AM-GDL-013,የቅዱስ ዮሐንስ ገድል በአማርኛ,4/19 vs day [16],"Sinksar commemorates 'ቅዱስ ዮሐንስ ዘቡርልስ' on 4/19, but app maps on day [16]",Check whether AM-GDL-013 should be on day 19
SHIFTED_DAY_FEAST,WARNING,AM-GDL-013,የቅዱስ ዮሐንስ ገድል በአማርኛ,"4/25 vs day [27, 29]","Sinksar commemorates 'ቅዱስ ዮሐንስ ከማ (እና የተቀደሰች ሚስቱ)' on 4/25, but app maps on day [27, 29]",Check whether AM-GDL-013 should be on day 25
SHIFTED_DAY_FEAST,WARNING,AM-GDL-013,የቅዱስ ዮሐንስ ገድል በአማርኛ,"4/30 vs day [27, 29]","Sinksar commemorates 'አባ ዮሐንስ አበ ምኔት' on 4/30, but app maps on day [27, 29]",Check whether AM-GDL-013 should be on day 30
SHIFTED_DAY_FEAST,WARNING,AM-GDL-013,የቅዱስ ዮሐንስ ገድል በአማርኛ,"4/30 vs day [27, 29]","Sinksar commemorates 'አባ ዮሐንስ ብጹዕ' on 4/30, but app maps on day [27, 29]",Check whether AM-GDL-013 should be on day 30
SHIFTED_DAY_FEAST,WARNING,AM-GDL-013,የቅዱስ ዮሐንስ ገድል በአማርኛ,6/6 vs day [4],"Sinksar commemorates 'ቅዱሳን አቡቂርና ዮሐንስ (ሰማዕታት)' on 6/6, but app maps on day [4]",Check whether AM-GDL-013 should be on day 6
SHIFTED_DAY_FEAST,WARNING,AM-GDL-013,የቅዱስ ዮሐንስ ገድል በአማርኛ,"6/30 vs day [27, 29]","Sinksar commemorates 'ቅዱስ ዮሐንስ መጥምቀ መለኮት' on 6/30, but app maps on day [27, 29]",Check whether AM-GDL-013 should be on day 30
SHIFTED_DAY_FEAST,WARNING,AM-GDL-013,የቅዱስ ዮሐንስ ገድል በአማርኛ,7/1 vs day [4],"Sinksar commemorates 'አባ ሚካኤል ዘሀገረ አትሪብና አባ ዮሐንስ ዘሀገረ ቡርልስ (፪ቱ አባቶች ሃይማኖተ አበውን ግፃዌንና ስንክሳርን ያዘጋጁ ናቸው)' on 7/1, but app maps on day [4]",Check whether AM-GDL-013 should be on day 1
SHIFTED_DAY_FEAST,WARNING,AM-GDL-013,የቅዱስ ዮሐንስ ገድል በአማርኛ,7/19 vs day [16],"Sinksar commemorates 'ቅዱስ አስከናፍር ሚስቱ ማርታ ልጆቹ አርቃድዮስና ዮሐንስ' on 7/19, but app maps on day [16]",Check whether AM-GDL-013 should be on day 19
SHIFTED_DAY_FEAST,WARNING,AM-GDL-013,የቅዱስ ዮሐንስ ገድል በአማርኛ,8/3 vs day [4],"Sinksar commemorates 'ቅዱስ ዮሐንስ ዘኢየሩሳሌም' on 8/3, but app maps on day [4]",Check whether AM-GDL-013 should be on day 3
SHIFTED_DAY_FEAST,WARNING,AM-GDL-013,የቅዱስ ዮሐንስ ገድል በአማርኛ,8/15 vs day [16],"Sinksar commemorates 'ቅዱስ ዮሐንስ መጥምቀ መለኮት (ጸዐተ ነፍሱ)' on 8/15, but app maps on day [16]",Check whether AM-GDL-013 should be on day 15
SHIFTED_DAY_FEAST,WARNING,AM-GDL-013,የቅዱስ ዮሐንስ ገድል በአማርኛ,"8/26 vs day [27, 29]","Sinksar commemorates 'ቅዱስ ዮሐንስ ሰማዕት (ወልደ ፀራቢ)' on 8/26, but app maps on day [27, 29]",Check whether AM-GDL-013 should be on day 26
SHIFTED_DAY_FEAST,WARNING,AM-GDL-013,የቅዱስ ዮሐንስ ገድል በአማርኛ,9/12 vs day [16],"Sinksar commemorates 'ቅዱስ ዮሐንስ አፈ ወርቅ (የዓለም ሁሉ መምሕር)' on 9/12, but app maps on day [16]",Check whether AM-GDL-013 should be on day 12
SHIFTED_DAY_FEAST,WARNING,AM-GDL-013,የቅዱስ ዮሐንስ ገድል በአማርኛ,10/2 vs day [4],"Sinksar commemorates 'ቅዱስ ዮሐንስ መጥምቀ መለኮት (ፍልሠቱ)' on 10/2, but app maps on day [4]",Check whether AM-GDL-013 should be on day 2
SHIFTED_DAY_FEAST,WARNING,AM-GDL-013,የቅዱስ ዮሐንስ ገድል በአማርኛ,10/13 vs day [16],"Sinksar commemorates 'አባ ዮሐንስ ዘኢየሩሳሌም' on 10/13, but app maps on day [16]",Check whether AM-GDL-013 should be on day 13
SHIFTED_DAY_FEAST,WARNING,AM-GDL-013,የቅዱስ ዮሐንስ ገድል በአማርኛ,"10/30 vs day [27, 29]","Sinksar commemorates 'ቅዱስ ዮሐንስ መጥምቀ መለኮት (ልደቱ)' on 10/30, but app maps on day [27, 29]",Check whether AM-GDL-013 should be on day 30
SHIFTED_DAY_FEAST,WARNING,AM-GDL-013,የቅዱስ ዮሐንስ ገድል በአማርኛ,12/5 vs day [4],"Sinksar commemorates 'ቅዱስ ዮሐንስ ጻድቅ' on 12/5, but app maps on day [4]",Check whether AM-GDL-013 should be on day 5
SHIFTED_DAY_FEAST,WARNING,AM-GDL-013,የቅዱስ ዮሐንስ ገድል በአማርኛ,12/14 vs day [16],"Sinksar commemorates 'ጻድቃን ቅዱሳን (አባ ስምዖንና አባ ዮሐንስ)' on 12/14, but app maps on day [16]",Check whether AM-GDL-013 should be on day 14
SHIFTED_DAY_FEAST,WARNING,AM-GDL-013,የቅዱስ ዮሐንስ ገድል በአማርኛ,13/3 vs day [4],"Sinksar commemorates 'አባ ዮሐንስ' on 13/3, but app maps on day [4]",Check whether AM-GDL-013 should be on day 3
SHIFTED_DAY_FEAST,WARNING,AM-MEL-047,የቅዱስ ዮሐንስ 2ኛ መልክዕ በአማርኛ,1/2 vs day [4],"Sinksar commemorates 'ቅዱስ ዮሐንስ ነቢይ (መጥምቀ መለኮት)' on 1/2, but app maps on day [4]",Check whether AM-MEL-047 should be on day 2
SHIFTED_DAY_FEAST,WARNING,AM-MEL-047,የቅዱስ ዮሐንስ 2ኛ መልክዕ በአማርኛ,1/7 vs day [4],"Sinksar commemorates 'ቅዱሳን አጋቶን ዼጥሮስ ዮሐንስ አሞንና እናታቸው ራፊቃ (ሰማዕታት)' on 1/7, but app maps on day [4]",Check whether AM-MEL-047 should be on day 7
SHIFTED_DAY_FEAST,WARNING,AM-MEL-047,የቅዱስ ዮሐንስ 2ኛ መልክዕ በአማርኛ,"1/30 vs day [27, 29]","Sinksar commemorates 'ቅዱሳን ያዕቆብና ዮሐንስ ሐዋርያት (ለወንጌል የተጠሩበት)' on 1/30, but app maps on day [27, 29]",Check whether AM-MEL-047 should be on day 30
SHIFTED_DAY_FEAST,WARNING,AM-MEL-047,የቅዱስ ዮሐንስ 2ኛ መልክዕ በአማርኛ,2/13 vs day [16],"Sinksar commemorates 'ቅዱስ ዮሐንስ አፈ ወርቅ' on 2/13, but app maps on day [16]",Check whether AM-MEL-047 should be on day 13
SHIFTED_DAY_FEAST,WARNING,AM-MEL-047,የቅዱስ ዮሐንስ 2ኛ መልክዕ በአማርኛ,2/18 vs day [16],"Sinksar commemorates 'ቅዱስ ዮሐንስ ሰማዕት' on 2/18, but app maps on day [16]",Check whether AM-MEL-047 should be on day 18
SHIFTED_DAY_FEAST,WARNING,AM-MEL-047,የቅዱስ ዮሐንስ 2ኛ መልክዕ በአማርኛ,2/19 vs day [16],"Sinksar commemorates 'ቅዱስ ዮሐንስ ዘጸይለም' on 2/19, but app maps on day [16]",Check whether AM-MEL-047 should be on day 19
SHIFTED_DAY_FEAST,WARNING,AM-MEL-047,የቅዱስ ዮሐንስ 2ኛ መልክዕ በአማርኛ,2/20 vs day [16],"Sinksar commemorates 'ቅዱስ አባ ዮሐንስ ሐጺር' on 2/20, but app maps on day [16]",Check whether AM-MEL-047 should be on day 20
SHIFTED_DAY_FEAST,WARNING,AM-MEL-047,የቅዱስ ዮሐንስ 2ኛ መልክዕ በአማርኛ,"2/30 vs day [27, 29]","Sinksar commemorates 'ቅዱስ ዮሐንስ መጥምቀ መለኮት' on 2/30, but app maps on day [27, 29]",Check whether AM-MEL-047 should be on day 30
SHIFTED_DAY_FEAST,WARNING,AM-MEL-047,የቅዱስ ዮሐንስ 2ኛ መልክዕ በአማርኛ,3/7 vs day [4],"Sinksar commemorates 'ቅዱሳን መርቆሬዎስና ዮሐንስ (ጻድቃን ወሰማዕት)' on 3/7, but app maps on day [4]",Check whether AM-MEL-047 should be on day 7
SHIFTED_DAY_FEAST,WARNING,AM-MEL-047,የቅዱስ ዮሐንስ 2ኛ መልክዕ በአማርኛ,3/14 vs day [16],"Sinksar commemorates 'አባ ዮሐንስ ዘደብረ ቢዘን (ኤርትራ)' on 3/14, but app maps on day [16]",Check whether AM-MEL-047 should be on day 14
SHIFTED_DAY_FEAST,WARNING,AM-MEL-047,የቅዱስ ዮሐንስ 2ኛ መልክዕ በአማርኛ,3/17 vs day [16],"Sinksar commemorates 'ቅዱስ ዮሐንስ አፈ ወርቅ (ፍልሠቱ)' on 3/17, but app maps on day [16]",Check whether AM-MEL-047 should be on day 17
SHIFTED_DAY_FEAST,WARNING,AM-MEL-047,የቅዱስ ዮሐንስ 2ኛ መልክዕ በአማርኛ,4/1 vs day [4],"Sinksar commemorates 'አባ ዮሐንስ ሊቀ ጳጳሳት' on 4/1, but app maps on day [4]",Check whether AM-MEL-047 should be on day 1
SHIFTED_DAY_FEAST,WARNING,AM-MEL-047,የቅዱስ ዮሐንስ 2ኛ መልክዕ በአማርኛ,4/8 vs day [4],"Sinksar commemorates 'አባ ዮሐንስ ዘደማስቆ (ሊቁ)' on 4/8, but app maps on day [4]",Check whether AM-MEL-047 should be on day 8
SHIFTED_DAY_FEAST,WARNING,AM-MEL-047,የቅዱስ ዮሐንስ 2ኛ መልክዕ በአማርኛ,4/12 vs day [16],"Sinksar commemorates 'ቅዱስ ዮሐንስ ተአማኒ' on 4/12, but app maps on day [16]",Check whether AM-MEL-047 should be on day 12
SHIFTED_DAY_FEAST,WARNING,AM-MEL-047,የቅዱስ ዮሐንስ 2ኛ መልክዕ በአማርኛ,4/19 vs day [16],"Sinksar commemorates 'ቅዱስ ዮሐንስ ዘቡርልስ' on 4/19, but app maps on day [16]",Check whether AM-MEL-047 should be on day 19
SHIFTED_DAY_FEAST,WARNING,AM-MEL-047,የቅዱስ ዮሐንስ 2ኛ መልክዕ በአማርኛ,"4/25 vs day [27, 29]","Sinksar commemorates 'ቅዱስ ዮሐንስ ከማ (እና የተቀደሰች ሚስቱ)' on 4/25, but app maps on day [27, 29]",Check whether AM-MEL-047 should be on day 25
SHIFTED_DAY_FEAST,WARNING,AM-MEL-047,የቅዱስ ዮሐንስ 2ኛ መልክዕ በአማርኛ,"4/30 vs day [27, 29]","Sinksar commemorates 'አባ ዮሐንስ አበ ምኔት' on 4/30, but app maps on day [27, 29]",Check whether AM-MEL-047 should be on day 30
SHIFTED_DAY_FEAST,WARNING,AM-MEL-047,የቅዱስ ዮሐንስ 2ኛ መልክዕ በአማርኛ,"4/30 vs day [27, 29]","Sinksar commemorates 'አባ ዮሐንስ ብጹዕ' on 4/30, but app maps on day [27, 29]",Check whether AM-MEL-047 should be on day 30
SHIFTED_DAY_FEAST,WARNING,AM-MEL-047,የቅዱስ ዮሐንስ 2ኛ መልክዕ በአማርኛ,6/6 vs day [4],"Sinksar commemorates 'ቅዱሳን አቡቂርና ዮሐንስ (ሰማዕታት)' on 6/6, but app maps on day [4]",Check whether AM-MEL-047 should be on day 6
SHIFTED_DAY_FEAST,WARNING,AM-MEL-047,የቅዱስ ዮሐንስ 2ኛ መልክዕ በአማርኛ,"6/30 vs day [27, 29]","Sinksar commemorates 'ቅዱስ ዮሐንስ መጥምቀ መለኮት' on 6/30, but app maps on day [27, 29]",Check whether AM-MEL-047 should be on day 30
SHIFTED_DAY_FEAST,WARNING,AM-MEL-047,የቅዱስ ዮሐንስ 2ኛ መልክዕ በአማርኛ,7/1 vs day [4],"Sinksar commemorates 'አባ ሚካኤል ዘሀገረ አትሪብና አባ ዮሐንስ ዘሀገረ ቡርልስ (፪ቱ አባቶች ሃይማኖተ አበውን ግፃዌንና ስንክሳርን ያዘጋጁ ናቸው)' on 7/1, but app maps on day [4]",Check whether AM-MEL-047 should be on day 1
SHIFTED_DAY_FEAST,WARNING,AM-MEL-047,የቅዱስ ዮሐንስ 2ኛ መልክዕ በአማርኛ,7/19 vs day [16],"Sinksar commemorates 'ቅዱስ አስከናፍር ሚስቱ ማርታ ልጆቹ አርቃድዮስና ዮሐንስ' on 7/19, but app maps on day [16]",Check whether AM-MEL-047 should be on day 19
SHIFTED_DAY_FEAST,WARNING,AM-MEL-047,የቅዱስ ዮሐንስ 2ኛ መልክዕ በአማርኛ,8/3 vs day [4],"Sinksar commemorates 'ቅዱስ ዮሐንስ ዘኢየሩሳሌም' on 8/3, but app maps on day [4]",Check whether AM-MEL-047 should be on day 3
SHIFTED_DAY_FEAST,WARNING,AM-MEL-047,የቅዱስ ዮሐንስ 2ኛ መልክዕ በአማርኛ,8/15 vs day [16],"Sinksar commemorates 'ቅዱስ ዮሐንስ መጥምቀ መለኮት (ጸዐተ ነፍሱ)' on 8/15, but app maps on day [16]",Check whether AM-MEL-047 should be on day 15
SHIFTED_DAY_FEAST,WARNING,AM-MEL-047,የቅዱስ ዮሐንስ 2ኛ መልክዕ በአማርኛ,"8/26 vs day [27, 29]","Sinksar commemorates 'ቅዱስ ዮሐንስ ሰማዕት (ወልደ ፀራቢ)' on 8/26, but app maps on day [27, 29]",Check whether AM-MEL-047 should be on day 26
SHIFTED_DAY_FEAST,WARNING,AM-MEL-047,የቅዱስ ዮሐንስ 2ኛ መልክዕ በአማርኛ,9/12 vs day [16],"Sinksar commemorates 'ቅዱስ ዮሐንስ አፈ ወርቅ (የዓለም ሁሉ መምሕር)' on 9/12, but app maps on day [16]",Check whether AM-MEL-047 should be on day 12
SHIFTED_DAY_FEAST,WARNING,AM-MEL-047,የቅዱስ ዮሐንስ 2ኛ መልክዕ በአማርኛ,10/2 vs day [4],"Sinksar commemorates 'ቅዱስ ዮሐንስ መጥምቀ መለኮት (ፍልሠቱ)' on 10/2, but app maps on day [4]",Check whether AM-MEL-047 should be on day 2
SHIFTED_DAY_FEAST,WARNING,AM-MEL-047,የቅዱስ ዮሐንስ 2ኛ መልክዕ በአማርኛ,10/13 vs day [16],"Sinksar commemorates 'አባ ዮሐንስ ዘኢየሩሳሌም' on 10/13, but app maps on day [16]",Check whether AM-MEL-047 should be on day 13
SHIFTED_DAY_FEAST,WARNING,AM-MEL-047,የቅዱስ ዮሐንስ 2ኛ መልክዕ በአማርኛ,"10/30 vs day [27, 29]","Sinksar commemorates 'ቅዱስ ዮሐንስ መጥምቀ መለኮት (ልደቱ)' on 10/30, but app maps on day [27, 29]",Check whether AM-MEL-047 should be on day 30
SHIFTED_DAY_FEAST,WARNING,AM-MEL-047,የቅዱስ ዮሐንስ 2ኛ መልክዕ በአማርኛ,12/5 vs day [4],"Sinksar commemorates 'ቅዱስ ዮሐንስ ጻድቅ' on 12/5, but app maps on day [4]",Check whether AM-MEL-047 should be on day 5
SHIFTED_DAY_FEAST,WARNING,AM-MEL-047,የቅዱስ ዮሐንስ 2ኛ መልክዕ በአማርኛ,12/14 vs day [16],"Sinksar commemorates 'ጻድቃን ቅዱሳን (አባ ስምዖንና አባ ዮሐንስ)' on 12/14, but app maps on day [16]",Check whether AM-MEL-047 should be on day 14
SHIFTED_DAY_FEAST,WARNING,AM-MEL-047,የቅዱስ ዮሐንስ 2ኛ መልክዕ በአማርኛ,13/3 vs day [4],"Sinksar commemorates 'አባ ዮሐንስ' on 13/3, but app maps on day [4]",Check whether AM-MEL-047 should be on day 3
SHIFTED_DAY_FEAST,WARNING,GZ-MEL-061,መልክዐ ቅዱስ ዮሐንስ ካልእ በግእዝ,1/2 vs day [4],"Sinksar commemorates 'ቅዱስ ዮሐንስ ነቢይ (መጥምቀ መለኮት)' on 1/2, but app maps on day [4]",Check whether GZ-MEL-061 should be on day 2
SHIFTED_DAY_FEAST,WARNING,GZ-MEL-061,መልክዐ ቅዱስ ዮሐንስ ካልእ በግእዝ,1/7 vs day [4],"Sinksar commemorates 'ቅዱሳን አጋቶን ዼጥሮስ ዮሐንስ አሞንና እናታቸው ራፊቃ (ሰማዕታት)' on 1/7, but app maps on day [4]",Check whether GZ-MEL-061 should be on day 7
SHIFTED_DAY_FEAST,WARNING,GZ-MEL-061,መልክዐ ቅዱስ ዮሐንስ ካልእ በግእዝ,"1/30 vs day [27, 29]","Sinksar commemorates 'ቅዱሳን ያዕቆብና ዮሐንስ ሐዋርያት (ለወንጌል የተጠሩበት)' on 1/30, but app maps on day [27, 29]",Check whether GZ-MEL-061 should be on day 30
SHIFTED_DAY_FEAST,WARNING,GZ-MEL-061,መልክዐ ቅዱስ ዮሐንስ ካልእ በግእዝ,2/13 vs day [16],"Sinksar commemorates 'ቅዱስ ዮሐንስ አፈ ወርቅ' on 2/13, but app maps on day [16]",Check whether GZ-MEL-061 should be on day 13
SHIFTED_DAY_FEAST,WARNING,GZ-MEL-061,መልክዐ ቅዱስ ዮሐንስ ካልእ በግእዝ,2/18 vs day [16],"Sinksar commemorates 'ቅዱስ ዮሐንስ ሰማዕት' on 2/18, but app maps on day [16]",Check whether GZ-MEL-061 should be on day 18
SHIFTED_DAY_FEAST,WARNING,GZ-MEL-061,መልክዐ ቅዱስ ዮሐንስ ካልእ በግእዝ,2/19 vs day [16],"Sinksar commemorates 'ቅዱስ ዮሐንስ ዘጸይለም' on 2/19, but app maps on day [16]",Check whether GZ-MEL-061 should be on day 19
SHIFTED_DAY_FEAST,WARNING,GZ-MEL-061,መልክዐ ቅዱስ ዮሐንስ ካልእ በግእዝ,2/20 vs day [16],"Sinksar commemorates 'ቅዱስ አባ ዮሐንስ ሐጺር' on 2/20, but app maps on day [16]",Check whether GZ-MEL-061 should be on day 20
SHIFTED_DAY_FEAST,WARNING,GZ-MEL-061,መልክዐ ቅዱስ ዮሐንስ ካልእ በግእዝ,"2/30 vs day [27, 29]","Sinksar commemorates 'ቅዱስ ዮሐንስ መጥምቀ መለኮት' on 2/30, but app maps on day [27, 29]",Check whether GZ-MEL-061 should be on day 30
SHIFTED_DAY_FEAST,WARNING,GZ-MEL-061,መልክዐ ቅዱስ ዮሐንስ ካልእ በግእዝ,3/7 vs day [4],"Sinksar commemorates 'ቅዱሳን መርቆሬዎስና ዮሐንስ (ጻድቃን ወሰማዕት)' on 3/7, but app maps on day [4]",Check whether GZ-MEL-061 should be on day 7
SHIFTED_DAY_FEAST,WARNING,GZ-MEL-061,መልክዐ ቅዱስ ዮሐንስ ካልእ በግእዝ,3/14 vs day [16],"Sinksar commemorates 'አባ ዮሐንስ ዘደብረ ቢዘን (ኤርትራ)' on 3/14, but app maps on day [16]",Check whether GZ-MEL-061 should be on day 14
SHIFTED_DAY_FEAST,WARNING,GZ-MEL-061,መልክዐ ቅዱስ ዮሐንስ ካልእ በግእዝ,3/17 vs day [16],"Sinksar commemorates 'ቅዱስ ዮሐንስ አፈ ወርቅ (ፍልሠቱ)' on 3/17, but app maps on day [16]",Check whether GZ-MEL-061 should be on day 17
SHIFTED_DAY_FEAST,WARNING,GZ-MEL-061,መልክዐ ቅዱስ ዮሐንስ ካልእ በግእዝ,4/1 vs day [4],"Sinksar commemorates 'አባ ዮሐንስ ሊቀ ጳጳሳት' on 4/1, but app maps on day [4]",Check whether GZ-MEL-061 should be on day 1
SHIFTED_DAY_FEAST,WARNING,GZ-MEL-061,መልክዐ ቅዱስ ዮሐንስ ካልእ በግእዝ,4/8 vs day [4],"Sinksar commemorates 'አባ ዮሐንስ ዘደማስቆ (ሊቁ)' on 4/8, but app maps on day [4]",Check whether GZ-MEL-061 should be on day 8
SHIFTED_DAY_FEAST,WARNING,GZ-MEL-061,መልክዐ ቅዱስ ዮሐንስ ካልእ በግእዝ,4/12 vs day [16],"Sinksar commemorates 'ቅዱስ ዮሐንስ ተአማኒ' on 4/12, but app maps on day [16]",Check whether GZ-MEL-061 should be on day 12
SHIFTED_DAY_FEAST,WARNING,GZ-MEL-061,መልክዐ ቅዱስ ዮሐንስ ካልእ በግእዝ,4/19 vs day [16],"Sinksar commemorates 'ቅዱስ ዮሐንስ ዘቡርልስ' on 4/19, but app maps on day [16]",Check whether GZ-MEL-061 should be on day 19
SHIFTED_DAY_FEAST,WARNING,GZ-MEL-061,መልክዐ ቅዱስ ዮሐንስ ካልእ በግእዝ,"4/25 vs day [27, 29]","Sinksar commemorates 'ቅዱስ ዮሐንስ ከማ (እና የተቀደሰች ሚስቱ)' on 4/25, but app maps on day [27, 29]",Check whether GZ-MEL-061 should be on day 25
SHIFTED_DAY_FEAST,WARNING,GZ-MEL-061,መልክዐ ቅዱስ ዮሐንስ ካልእ በግእዝ,"4/30 vs day [27, 29]","Sinksar commemorates 'አባ ዮሐንስ አበ ምኔት' on 4/30, but app maps on day [27, 29]",Check whether GZ-MEL-061 should be on day 30
SHIFTED_DAY_FEAST,WARNING,GZ-MEL-061,መልክዐ ቅዱስ ዮሐንስ ካልእ በግእዝ,"4/30 vs day [27, 29]","Sinksar commemorates 'አባ ዮሐንስ ብጹዕ' on 4/30, but app maps on day [27, 29]",Check whether GZ-MEL-061 should be on day 30
SHIFTED_DAY_FEAST,WARNING,GZ-MEL-061,መልክዐ ቅዱስ ዮሐንስ ካልእ በግእዝ,6/6 vs day [4],"Sinksar commemorates 'ቅዱሳን አቡቂርና ዮሐንስ (ሰማዕታት)' on 6/6, but app maps on day [4]",Check whether GZ-MEL-061 should be on day 6
SHIFTED_DAY_FEAST,WARNING,GZ-MEL-061,መልክዐ ቅዱስ ዮሐንስ ካልእ በግእዝ,"6/30 vs day [27, 29]","Sinksar commemorates 'ቅዱስ ዮሐንስ መጥምቀ መለኮት' on 6/30, but app maps on day [27, 29]",Check whether GZ-MEL-061 should be on day 30
SHIFTED_DAY_FEAST,WARNING,GZ-MEL-061,መልክዐ ቅዱስ ዮሐንስ ካልእ በግእዝ,7/1 vs day [4],"Sinksar commemorates 'አባ ሚካኤል ዘሀገረ አትሪብና አባ ዮሐንስ ዘሀገረ ቡርልስ (፪ቱ አባቶች ሃይማኖተ አበውን ግፃዌንና ስንክሳርን ያዘጋጁ ናቸው)' on 7/1, but app maps on day [4]",Check whether GZ-MEL-061 should be on day 1
SHIFTED_DAY_FEAST,WARNING,GZ-MEL-061,መልክዐ ቅዱስ ዮሐንስ ካልእ በግእዝ,7/19 vs day [16],"Sinksar commemorates 'ቅዱስ አስከናፍር ሚስቱ ማርታ ልጆቹ አርቃድዮስና ዮሐንስ' on 7/19, but app maps on day [16]",Check whether GZ-MEL-061 should be on day 19
SHIFTED_DAY_FEAST,WARNING,GZ-MEL-061,መልክዐ ቅዱስ ዮሐንስ ካልእ በግእዝ,8/3 vs day [4],"Sinksar commemorates 'ቅዱስ ዮሐንስ ዘኢየሩሳሌም' on 8/3, but app maps on day [4]",Check whether GZ-MEL-061 should be on day 3
SHIFTED_DAY_FEAST,WARNING,GZ-MEL-061,መልክዐ ቅዱስ ዮሐንስ ካልእ በግእዝ,8/15 vs day [16],"Sinksar commemorates 'ቅዱስ ዮሐንስ መጥምቀ መለኮት (ጸዐተ ነፍሱ)' on 8/15, but app maps on day [16]",Check whether GZ-MEL-061 should be on day 15
SHIFTED_DAY_FEAST,WARNING,GZ-MEL-061,መልክዐ ቅዱስ ዮሐንስ ካልእ በግእዝ,"8/26 vs day [27, 29]","Sinksar commemorates 'ቅዱስ ዮሐንስ ሰማዕት (ወልደ ፀራቢ)' on 8/26, but app maps on day [27, 29]",Check whether GZ-MEL-061 should be on day 26
SHIFTED_DAY_FEAST,WARNING,GZ-MEL-061,መልክዐ ቅዱስ ዮሐንስ ካልእ በግእዝ,9/12 vs day [16],"Sinksar commemorates 'ቅዱስ ዮሐንስ አፈ ወርቅ (የዓለም ሁሉ መምሕር)' on 9/12, but app maps on day [16]",Check whether GZ-MEL-061 should be on day 12
SHIFTED_DAY_FEAST,WARNING,GZ-MEL-061,መልክዐ ቅዱስ ዮሐንስ ካልእ በግእዝ,10/2 vs day [4],"Sinksar commemorates 'ቅዱስ ዮሐንስ መጥምቀ መለኮት (ፍልሠቱ)' on 10/2, but app maps on day [4]",Check whether GZ-MEL-061 should be on day 2
SHIFTED_DAY_FEAST,WARNING,GZ-MEL-061,መልክዐ ቅዱስ ዮሐንስ ካልእ በግእዝ,10/13 vs day [16],"Sinksar commemorates 'አባ ዮሐንስ ዘኢየሩሳሌም' on 10/13, but app maps on day [16]",Check whether GZ-MEL-061 should be on day 13
SHIFTED_DAY_FEAST,WARNING,GZ-MEL-061,መልክዐ ቅዱስ ዮሐንስ ካልእ በግእዝ,"10/30 vs day [27, 29]","Sinksar commemorates 'ቅዱስ ዮሐንስ መጥምቀ መለኮት (ልደቱ)' on 10/30, but app maps on day [27, 29]",Check whether GZ-MEL-061 should be on day 30
SHIFTED_DAY_FEAST,WARNING,GZ-MEL-061,መልክዐ ቅዱስ ዮሐንስ ካልእ በግእዝ,12/5 vs day [4],"Sinksar commemorates 'ቅዱስ ዮሐንስ ጻድቅ' on 12/5, but app maps on day [4]",Check whether GZ-MEL-061 should be on day 5
SHIFTED_DAY_FEAST,WARNING,GZ-MEL-061,መልክዐ ቅዱስ ዮሐንስ ካልእ በግእዝ,12/14 vs day [16],"Sinksar commemorates 'ጻድቃን ቅዱሳን (አባ ስምዖንና አባ ዮሐንስ)' on 12/14, but app maps on day [16]",Check whether GZ-MEL-061 should be on day 14
SHIFTED_DAY_FEAST,WARNING,GZ-MEL-061,መልክዐ ቅዱስ ዮሐንስ ካልእ በግእዝ,13/3 vs day [4],"Sinksar commemorates 'አባ ዮሐንስ' on 13/3, but app maps on day [4]",Check whether GZ-MEL-061 should be on day 3
SHIFTED_DAY_FEAST,WARNING,GZ-MEL-149,መልክዐ ዮሐንስ ወልደ ነጎድጓድ በግእዝ,1/2 vs day [4],"Sinksar commemorates 'ቅዱስ ዮሐንስ ነቢይ (መጥምቀ መለኮት)' on 1/2, but app maps on day [4]",Check whether GZ-MEL-149 should be on day 2
SHIFTED_DAY_FEAST,WARNING,GZ-MEL-149,መልክዐ ዮሐንስ ወልደ ነጎድጓድ በግእዝ,1/7 vs day [4],"Sinksar commemorates 'ቅዱሳን አጋቶን ዼጥሮስ ዮሐንስ አሞንና እናታቸው ራፊቃ (ሰማዕታት)' on 1/7, but app maps on day [4]",Check whether GZ-MEL-149 should be on day 7
SHIFTED_DAY_FEAST,WARNING,GZ-MEL-149,መልክዐ ዮሐንስ ወልደ ነጎድጓድ በግእዝ,"1/30 vs day [27, 29]","Sinksar commemorates 'ቅዱሳን ያዕቆብና ዮሐንስ ሐዋርያት (ለወንጌል የተጠሩበት)' on 1/30, but app maps on day [27, 29]",Check whether GZ-MEL-149 should be on day 30
SHIFTED_DAY_FEAST,WARNING,GZ-MEL-149,መልክዐ ዮሐንስ ወልደ ነጎድጓድ በግእዝ,2/13 vs day [16],"Sinksar commemorates 'ቅዱስ ዮሐንስ አፈ ወርቅ' on 2/13, but app maps on day [16]",Check whether GZ-MEL-149 should be on day 13
SHIFTED_DAY_FEAST,WARNING,GZ-MEL-149,መልክዐ ዮሐንስ ወልደ ነጎድጓድ በግእዝ,2/18 vs day [16],"Sinksar commemorates 'ቅዱስ ዮሐንስ ሰማዕት' on 2/18, but app maps on day [16]",Check whether GZ-MEL-149 should be on day 18
SHIFTED_DAY_FEAST,WARNING,GZ-MEL-149,መልክዐ ዮሐንስ ወልደ ነጎድጓድ በግእዝ,2/19 vs day [16],"Sinksar commemorates 'ቅዱስ ዮሐንስ ዘጸይለም' on 2/19, but app maps on day [16]",Check whether GZ-MEL-149 should be on day 19
SHIFTED_DAY_FEAST,WARNING,GZ-MEL-149,መልክዐ ዮሐንስ ወልደ ነጎድጓድ በግእዝ,2/20 vs day [16],"Sinksar commemorates 'ቅዱስ አባ ዮሐንስ ሐጺር' on 2/20, but app maps on day [16]",Check whether GZ-MEL-149 should be on day 20
SHIFTED_DAY_FEAST,WARNING,GZ-MEL-149,መልክዐ ዮሐንስ ወልደ ነጎድጓድ በግእዝ,"2/30 vs day [27, 29]","Sinksar commemorates 'ቅዱስ ዮሐንስ መጥምቀ መለኮት' on 2/30, but app maps on day [27, 29]",Check whether GZ-MEL-149 should be on day 30
SHIFTED_DAY_FEAST,WARNING,GZ-MEL-149,መልክዐ ዮሐንስ ወልደ ነጎድጓድ በግእዝ,3/7 vs day [4],"Sinksar commemorates 'ቅዱሳን መርቆሬዎስና ዮሐንስ (ጻድቃን ወሰማዕት)' on 3/7, but app maps on day [4]",Check whether GZ-MEL-149 should be on day 7
SHIFTED_DAY_FEAST,WARNING,GZ-MEL-149,መልክዐ ዮሐንስ ወልደ ነጎድጓድ በግእዝ,3/14 vs day [16],"Sinksar commemorates 'አባ ዮሐንስ ዘደብረ ቢዘን (ኤርትራ)' on 3/14, but app maps on day [16]",Check whether GZ-MEL-149 should be on day 14
SHIFTED_DAY_FEAST,WARNING,GZ-MEL-149,መልክዐ ዮሐንስ ወልደ ነጎድጓድ በግእዝ,3/17 vs day [16],"Sinksar commemorates 'ቅዱስ ዮሐንስ አፈ ወርቅ (ፍልሠቱ)' on 3/17, but app maps on day [16]",Check whether GZ-MEL-149 should be on day 17
SHIFTED_DAY_FEAST,WARNING,GZ-MEL-149,መልክዐ ዮሐንስ ወልደ ነጎድጓድ በግእዝ,4/1 vs day [4],"Sinksar commemorates 'አባ ዮሐንስ ሊቀ ጳጳሳት' on 4/1, but app maps on day [4]",Check whether GZ-MEL-149 should be on day 1
SHIFTED_DAY_FEAST,WARNING,GZ-MEL-149,መልክዐ ዮሐንስ ወልደ ነጎድጓድ በግእዝ,4/8 vs day [4],"Sinksar commemorates 'አባ ዮሐንስ ዘደማስቆ (ሊቁ)' on 4/8, but app maps on day [4]",Check whether GZ-MEL-149 should be on day 8
SHIFTED_DAY_FEAST,WARNING,GZ-MEL-149,መልክዐ ዮሐንስ ወልደ ነጎድጓድ በግእዝ,4/12 vs day [16],"Sinksar commemorates 'ቅዱስ ዮሐንስ ተአማኒ' on 4/12, but app maps on day [16]",Check whether GZ-MEL-149 should be on day 12
SHIFTED_DAY_FEAST,WARNING,GZ-MEL-149,መልክዐ ዮሐንስ ወልደ ነጎድጓድ በግእዝ,4/19 vs day [16],"Sinksar commemorates 'ቅዱስ ዮሐንስ ዘቡርልስ' on 4/19, but app maps on day [16]",Check whether GZ-MEL-149 should be on day 19
SHIFTED_DAY_FEAST,WARNING,GZ-MEL-149,መልክዐ ዮሐንስ ወልደ ነጎድጓድ በግእዝ,"4/25 vs day [27, 29]","Sinksar commemorates 'ቅዱስ ዮሐንስ ከማ (እና የተቀደሰች ሚስቱ)' on 4/25, but app maps on day [27, 29]",Check whether GZ-MEL-149 should be on day 25
SHIFTED_DAY_FEAST,WARNING,GZ-MEL-149,መልክዐ ዮሐንስ ወልደ ነጎድጓድ በግእዝ,"4/30 vs day [27, 29]","Sinksar commemorates 'አባ ዮሐንስ አበ ምኔት' on 4/30, but app maps on day [27, 29]",Check whether GZ-MEL-149 should be on day 30
SHIFTED_DAY_FEAST,WARNING,GZ-MEL-149,መልክዐ ዮሐንስ ወልደ ነጎድጓድ በግእዝ,"4/30 vs day [27, 29]","Sinksar commemorates 'አባ ዮሐንስ ብጹዕ' on 4/30, but app maps on day [27, 29]",Check whether GZ-MEL-149 should be on day 30
SHIFTED_DAY_FEAST,WARNING,GZ-MEL-149,መልክዐ ዮሐንስ ወልደ ነጎድጓድ በግእዝ,6/6 vs day [4],"Sinksar commemorates 'ቅዱሳን አቡቂርና ዮሐንስ (ሰማዕታት)' on 6/6, but app maps on day [4]",Check whether GZ-MEL-149 should be on day 6
SHIFTED_DAY_FEAST,WARNING,GZ-MEL-149,መልክዐ ዮሐንስ ወልደ ነጎድጓድ በግእዝ,"6/30 vs day [27, 29]","Sinksar commemorates 'ቅዱስ ዮሐንስ መጥምቀ መለኮት' on 6/30, but app maps on day [27, 29]",Check whether GZ-MEL-149 should be on day 30
SHIFTED_DAY_FEAST,WARNING,GZ-MEL-149,መልክዐ ዮሐንስ ወልደ ነጎድጓድ በግእዝ,7/1 vs day [4],"Sinksar commemorates 'አባ ሚካኤል ዘሀገረ አትሪብና አባ ዮሐንስ ዘሀገረ ቡርልስ (፪ቱ አባቶች ሃይማኖተ አበውን ግፃዌንና ስንክሳርን ያዘጋጁ ናቸው)' on 7/1, but app maps on day [4]",Check whether GZ-MEL-149 should be on day 1
SHIFTED_DAY_FEAST,WARNING,GZ-MEL-149,መልክዐ ዮሐንስ ወልደ ነጎድጓድ በግእዝ,7/19 vs day [16],"Sinksar commemorates 'ቅዱስ አስከናፍር ሚስቱ ማርታ ልጆቹ አርቃድዮስና ዮሐንስ' on 7/19, but app maps on day [16]",Check whether GZ-MEL-149 should be on day 19
SHIFTED_DAY_FEAST,WARNING,GZ-MEL-149,መልክዐ ዮሐንስ ወልደ ነጎድጓድ በግእዝ,8/3 vs day [4],"Sinksar commemorates 'ቅዱስ ዮሐንስ ዘኢየሩሳሌም' on 8/3, but app maps on day [4]",Check whether GZ-MEL-149 should be on day 3
SHIFTED_DAY_FEAST,WARNING,GZ-MEL-149,መልክዐ ዮሐንስ ወልደ ነጎድጓድ በግእዝ,8/15 vs day [16],"Sinksar commemorates 'ቅዱስ ዮሐንስ መጥምቀ መለኮት (ጸዐተ ነፍሱ)' on 8/15, but app maps on day [16]",Check whether GZ-MEL-149 should be on day 15
SHIFTED_DAY_FEAST,WARNING,GZ-MEL-149,መልክዐ ዮሐንስ ወልደ ነጎድጓድ በግእዝ,"8/26 vs day [27, 29]","Sinksar commemorates 'ቅዱስ ዮሐንስ ሰማዕት (ወልደ ፀራቢ)' on 8/26, but app maps on day [27, 29]",Check whether GZ-MEL-149 should be on day 26
SHIFTED_DAY_FEAST,WARNING,GZ-MEL-149,መልክዐ ዮሐንስ ወልደ ነጎድጓድ በግእዝ,9/12 vs day [16],"Sinksar commemorates 'ቅዱስ ዮሐንስ አፈ ወርቅ (የዓለም ሁሉ መምሕር)' on 9/12, but app maps on day [16]",Check whether GZ-MEL-149 should be on day 12
SHIFTED_DAY_FEAST,WARNING,GZ-MEL-149,መልክዐ ዮሐንስ ወልደ ነጎድጓድ በግእዝ,10/2 vs day [4],"Sinksar commemorates 'ቅዱስ ዮሐንስ መጥምቀ መለኮት (ፍልሠቱ)' on 10/2, but app maps on day [4]",Check whether GZ-MEL-149 should be on day 2
SHIFTED_DAY_FEAST,WARNING,GZ-MEL-149,መልክዐ ዮሐንስ ወልደ ነጎድጓድ በግእዝ,10/13 vs day [16],"Sinksar commemorates 'አባ ዮሐንስ ዘኢየሩሳሌም' on 10/13, but app maps on day [16]",Check whether GZ-MEL-149 should be on day 13
SHIFTED_DAY_FEAST,WARNING,GZ-MEL-149,መልክዐ ዮሐንስ ወልደ ነጎድጓድ በግእዝ,"10/30 vs day [27, 29]","Sinksar commemorates 'ቅዱስ ዮሐንስ መጥምቀ መለኮት (ልደቱ)' on 10/30, but app maps on day [27, 29]",Check whether GZ-MEL-149 should be on day 30
SHIFTED_DAY_FEAST,WARNING,GZ-MEL-149,መልክዐ ዮሐንስ ወልደ ነጎድጓድ በግእዝ,12/5 vs day [4],"Sinksar commemorates 'ቅዱስ ዮሐንስ ጻድቅ' on 12/5, but app maps on day [4]",Check whether GZ-MEL-149 should be on day 5
SHIFTED_DAY_FEAST,WARNING,GZ-MEL-149,መልክዐ ዮሐንስ ወልደ ነጎድጓድ በግእዝ,12/14 vs day [16],"Sinksar commemorates 'ጻድቃን ቅዱሳን (አባ ስምዖንና አባ ዮሐንስ)' on 12/14, but app maps on day [16]",Check whether GZ-MEL-149 should be on day 14
SHIFTED_DAY_FEAST,WARNING,GZ-MEL-149,መልክዐ ዮሐንስ ወልደ ነጎድጓድ በግእዝ,13/3 vs day [4],"Sinksar commemorates 'አባ ዮሐንስ' on 13/3, but app maps on day [4]",Check whether GZ-MEL-149 should be on day 3
SHIFTED_DAY_FEAST,WARNING,GZ-MEL-150,መልክዐ ዮሐንስ ፍቁረ እግዚእ በግእዝ,1/2 vs day [4],"Sinksar commemorates 'ቅዱስ ዮሐንስ ነቢይ (መጥምቀ መለኮት)' on 1/2, but app maps on day [4]",Check whether GZ-MEL-150 should be on day 2
SHIFTED_DAY_FEAST,WARNING,GZ-MEL-150,መልክዐ ዮሐንስ ፍቁረ እግዚእ በግእዝ,1/7 vs day [4],"Sinksar commemorates 'ቅዱሳን አጋቶን ዼጥሮስ ዮሐንስ አሞንና እናታቸው ራፊቃ (ሰማዕታት)' on 1/7, but app maps on day [4]",Check whether GZ-MEL-150 should be on day 7
SHIFTED_DAY_FEAST,WARNING,GZ-MEL-150,መልክዐ ዮሐንስ ፍቁረ እግዚእ በግእዝ,"1/30 vs day [27, 29]","Sinksar commemorates 'ቅዱሳን ያዕቆብና ዮሐንስ ሐዋርያት (ለወንጌል የተጠሩበት)' on 1/30, but app maps on day [27, 29]",Check whether GZ-MEL-150 should be on day 30
SHIFTED_DAY_FEAST,WARNING,GZ-MEL-150,መልክዐ ዮሐንስ ፍቁረ እግዚእ በግእዝ,2/13 vs day [16],"Sinksar commemorates 'ቅዱስ ዮሐንስ አፈ ወርቅ' on 2/13, but app maps on day [16]",Check whether GZ-MEL-150 should be on day 13
SHIFTED_DAY_FEAST,WARNING,GZ-MEL-150,መልክዐ ዮሐንስ ፍቁረ እግዚእ በግእዝ,2/18 vs day [16],"Sinksar commemorates 'ቅዱስ ዮሐንስ ሰማዕት' on 2/18, but app maps on day [16]",Check whether GZ-MEL-150 should be on day 18
SHIFTED_DAY_FEAST,WARNING,GZ-MEL-150,መልክዐ ዮሐንስ ፍቁረ እግዚእ በግእዝ,2/19 vs day [16],"Sinksar commemorates 'ቅዱስ ዮሐንስ ዘጸይለም' on 2/19, but app maps on day [16]",Check whether GZ-MEL-150 should be on day 19
SHIFTED_DAY_FEAST,WARNING,GZ-MEL-150,መልክዐ ዮሐንስ ፍቁረ እግዚእ በግእዝ,2/20 vs day [16],"Sinksar commemorates 'ቅዱስ አባ ዮሐንስ ሐጺር' on 2/20, but app maps on day [16]",Check whether GZ-MEL-150 should be on day 20
SHIFTED_DAY_FEAST,WARNING,GZ-MEL-150,መልክዐ ዮሐንስ ፍቁረ እግዚእ በግእዝ,"2/30 vs day [27, 29]","Sinksar commemorates 'ቅዱስ ዮሐንስ መጥምቀ መለኮት' on 2/30, but app maps on day [27, 29]",Check whether GZ-MEL-150 should be on day 30
SHIFTED_DAY_FEAST,WARNING,GZ-MEL-150,መልክዐ ዮሐንስ ፍቁረ እግዚእ በግእዝ,3/7 vs day [4],"Sinksar commemorates 'ቅዱሳን መርቆሬዎስና ዮሐንስ (ጻድቃን ወሰማዕት)' on 3/7, but app maps on day [4]",Check whether GZ-MEL-150 should be on day 7
SHIFTED_DAY_FEAST,WARNING,GZ-MEL-150,መልክዐ ዮሐንስ ፍቁረ እግዚእ በግእዝ,3/14 vs day [16],"Sinksar commemorates 'አባ ዮሐንስ ዘደብረ ቢዘን (ኤርትራ)' on 3/14, but app maps on day [16]",Check whether GZ-MEL-150 should be on day 14
SHIFTED_DAY_FEAST,WARNING,GZ-MEL-150,መልክዐ ዮሐንስ ፍቁረ እግዚእ በግእዝ,3/17 vs day [16],"Sinksar commemorates 'ቅዱስ ዮሐንስ አፈ ወርቅ (ፍልሠቱ)' on 3/17, but app maps on day [16]",Check whether GZ-MEL-150 should be on day 17
SHIFTED_DAY_FEAST,WARNING,GZ-MEL-150,መልክዐ ዮሐንስ ፍቁረ እግዚእ በግእዝ,4/1 vs day [4],"Sinksar commemorates 'አባ ዮሐንስ ሊቀ ጳጳሳት' on 4/1, but app maps on day [4]",Check whether GZ-MEL-150 should be on day 1
SHIFTED_DAY_FEAST,WARNING,GZ-MEL-150,መልክዐ ዮሐንስ ፍቁረ እግዚእ በግእዝ,4/8 vs day [4],"Sinksar commemorates 'አባ ዮሐንስ ዘደማስቆ (ሊቁ)' on 4/8, but app maps on day [4]",Check whether GZ-MEL-150 should be on day 8
SHIFTED_DAY_FEAST,WARNING,GZ-MEL-150,መልክዐ ዮሐንስ ፍቁረ እግዚእ በግእዝ,4/12 vs day [16],"Sinksar commemorates 'ቅዱስ ዮሐንስ ተአማኒ' on 4/12, but app maps on day [16]",Check whether GZ-MEL-150 should be on day 12
SHIFTED_DAY_FEAST,WARNING,GZ-MEL-150,መልክዐ ዮሐንስ ፍቁረ እግዚእ በግእዝ,4/19 vs day [16],"Sinksar commemorates 'ቅዱስ ዮሐንስ ዘቡርልስ' on 4/19, but app maps on day [16]",Check whether GZ-MEL-150 should be on day 19
SHIFTED_DAY_FEAST,WARNING,GZ-MEL-150,መልክዐ ዮሐንስ ፍቁረ እግዚእ በግእዝ,"4/25 vs day [27, 29]","Sinksar commemorates 'ቅዱስ ዮሐንስ ከማ (እና የተቀደሰች ሚስቱ)' on 4/25, but app maps on day [27, 29]",Check whether GZ-MEL-150 should be on day 25
SHIFTED_DAY_FEAST,WARNING,GZ-MEL-150,መልክዐ ዮሐንስ ፍቁረ እግዚእ በግእዝ,"4/30 vs day [27, 29]","Sinksar commemorates 'አባ ዮሐንስ አበ ምኔት' on 4/30, but app maps on day [27, 29]",Check whether GZ-MEL-150 should be on day 30
SHIFTED_DAY_FEAST,WARNING,GZ-MEL-150,መልክዐ ዮሐንስ ፍቁረ እግዚእ በግእዝ,"4/30 vs day [27, 29]","Sinksar commemorates 'አባ ዮሐንስ ብጹዕ' on 4/30, but app maps on day [27, 29]",Check whether GZ-MEL-150 should be on day 30
SHIFTED_DAY_FEAST,WARNING,GZ-MEL-150,መልክዐ ዮሐንስ ፍቁረ እግዚእ በግእዝ,6/6 vs day [4],"Sinksar commemorates 'ቅዱሳን አቡቂርና ዮሐንስ (ሰማዕታት)' on 6/6, but app maps on day [4]",Check whether GZ-MEL-150 should be on day 6
SHIFTED_DAY_FEAST,WARNING,GZ-MEL-150,መልክዐ ዮሐንስ ፍቁረ እግዚእ በግእዝ,"6/30 vs day [27, 29]","Sinksar commemorates 'ቅዱስ ዮሐንስ መጥምቀ መለኮት' on 6/30, but app maps on day [27, 29]",Check whether GZ-MEL-150 should be on day 30
SHIFTED_DAY_FEAST,WARNING,GZ-MEL-150,መልክዐ ዮሐንስ ፍቁረ እግዚእ በግእዝ,7/1 vs day [4],"Sinksar commemorates 'አባ ሚካኤል ዘሀገረ አትሪብና አባ ዮሐንስ ዘሀገረ ቡርልስ (፪ቱ አባቶች ሃይማኖተ አበውን ግፃዌንና ስንክሳርን ያዘጋጁ ናቸው)' on 7/1, but app maps on day [4]",Check whether GZ-MEL-150 should be on day 1
SHIFTED_DAY_FEAST,WARNING,GZ-MEL-150,መልክዐ ዮሐንስ ፍቁረ እግዚእ በግእዝ,7/19 vs day [16],"Sinksar commemorates 'ቅዱስ አስከናፍር ሚስቱ ማርታ ልጆቹ አርቃድዮስና ዮሐንስ' on 7/19, but app maps on day [16]",Check whether GZ-MEL-150 should be on day 19
SHIFTED_DAY_FEAST,WARNING,GZ-MEL-150,መልክዐ ዮሐንስ ፍቁረ እግዚእ በግእዝ,8/3 vs day [4],"Sinksar commemorates 'ቅዱስ ዮሐንስ ዘኢየሩሳሌም' on 8/3, but app maps on day [4]",Check whether GZ-MEL-150 should be on day 3
SHIFTED_DAY_FEAST,WARNING,GZ-MEL-150,መልክዐ ዮሐንስ ፍቁረ እግዚእ በግእዝ,8/15 vs day [16],"Sinksar commemorates 'ቅዱስ ዮሐንስ መጥምቀ መለኮት (ጸዐተ ነፍሱ)' on 8/15, but app maps on day [16]",Check whether GZ-MEL-150 should be on day 15
SHIFTED_DAY_FEAST,WARNING,GZ-MEL-150,መልክዐ ዮሐንስ ፍቁረ እግዚእ በግእዝ,"8/26 vs day [27, 29]","Sinksar commemorates 'ቅዱስ ዮሐንስ ሰማዕት (ወልደ ፀራቢ)' on 8/26, but app maps on day [27, 29]",Check whether GZ-MEL-150 should be on day 26
SHIFTED_DAY_FEAST,WARNING,GZ-MEL-150,መልክዐ ዮሐንስ ፍቁረ እግዚእ በግእዝ,9/12 vs day [16],"Sinksar commemorates 'ቅዱስ ዮሐንስ አፈ ወርቅ (የዓለም ሁሉ መምሕር)' on 9/12, but app maps on day [16]",Check whether GZ-MEL-150 should be on day 12
SHIFTED_DAY_FEAST,WARNING,GZ-MEL-150,መልክዐ ዮሐንስ ፍቁረ እግዚእ በግእዝ,10/2 vs day [4],"Sinksar commemorates 'ቅዱስ ዮሐንስ መጥምቀ መለኮት (ፍልሠቱ)' on 10/2, but app maps on day [4]",Check whether GZ-MEL-150 should be on day 2
SHIFTED_DAY_FEAST,WARNING,GZ-MEL-150,መልክዐ ዮሐንስ ፍቁረ እግዚእ በግእዝ,10/13 vs day [16],"Sinksar commemorates 'አባ ዮሐንስ ዘኢየሩሳሌም' on 10/13, but app maps on day [16]",Check whether GZ-MEL-150 should be on day 13
SHIFTED_DAY_FEAST,WARNING,GZ-MEL-150,መልክዐ ዮሐንስ ፍቁረ እግዚእ በግእዝ,"10/30 vs day [27, 29]","Sinksar commemorates 'ቅዱስ ዮሐንስ መጥምቀ መለኮት (ልደቱ)' on 10/30, but app maps on day [27, 29]",Check whether GZ-MEL-150 should be on day 30
SHIFTED_DAY_FEAST,WARNING,GZ-MEL-150,መልክዐ ዮሐንስ ፍቁረ እግዚእ በግእዝ,12/5 vs day [4],"Sinksar commemorates 'ቅዱስ ዮሐንስ ጻድቅ' on 12/5, but app maps on day [4]",Check whether GZ-MEL-150 should be on day 5
SHIFTED_DAY_FEAST,WARNING,GZ-MEL-150,መልክዐ ዮሐንስ ፍቁረ እግዚእ በግእዝ,12/14 vs day [16],"Sinksar commemorates 'ጻድቃን ቅዱሳን (አባ ስምዖንና አባ ዮሐንስ)' on 12/14, but app maps on day [16]",Check whether GZ-MEL-150 should be on day 14
SHIFTED_DAY_FEAST,WARNING,GZ-MEL-150,መልክዐ ዮሐንስ ፍቁረ እግዚእ በግእዝ,13/3 vs day [4],"Sinksar commemorates 'አባ ዮሐንስ' on 13/3, but app maps on day [4]",Check whether GZ-MEL-150 should be on day 3
SHIFTED_DAY_FEAST,WARNING,AM-GDL-009,ገድለ ቅዱስ እስጢፋኖስ አማርኛ,1/12 vs day [15],"Sinksar commemorates 'ቅዱስ እስጢፋኖስ ሊቀ ዲያቆናት' on 1/12, but app maps on day [15]",Check whether AM-GDL-009 should be on day 12
SHIFTED_DAY_FEAST,WARNING,AM-GDL-009,ገድለ ቅዱስ እስጢፋኖስ አማርኛ,"1/18 vs day [17, 15]","Sinksar commemorates 'ቅዱስ እስጢፋኖስ ቀሲስ' on 1/18, but app maps on day [17, 15]",Check whether AM-GDL-009 should be on day 18
SHIFTED_DAY_FEAST,WARNING,AM-GDL-009,ገድለ ቅዱስ እስጢፋኖስ አማርኛ,"9/19 vs day [17, 15]","Sinksar commemorates 'አቡነ ብስጣውሮስ ዘሐይቅ እስጢፋኖስ (ኢትዮዽያዊ)' on 9/19, but app maps on day [17, 15]",Check whether AM-GDL-009 should be on day 19
SHIFTED_DAY_FEAST,WARNING,AM-MEL-045,የቅዱስ እስጢፋኖስ 2ኛ መልክዕ በአማርኛ,1/12 vs day [15],"Sinksar commemorates 'ቅዱስ እስጢፋኖስ ሊቀ ዲያቆናት' on 1/12, but app maps on day [15]",Check whether AM-MEL-045 should be on day 12
SHIFTED_DAY_FEAST,WARNING,AM-MEL-045,የቅዱስ እስጢፋኖስ 2ኛ መልክዕ በአማርኛ,"1/18 vs day [17, 15]","Sinksar commemorates 'ቅዱስ እስጢፋኖስ ቀሲስ' on 1/18, but app maps on day [17, 15]",Check whether AM-MEL-045 should be on day 18
SHIFTED_DAY_FEAST,WARNING,AM-MEL-045,የቅዱስ እስጢፋኖስ 2ኛ መልክዕ በአማርኛ,"9/19 vs day [17, 15]","Sinksar commemorates 'አቡነ ብስጣውሮስ ዘሐይቅ እስጢፋኖስ (ኢትዮዽያዊ)' on 9/19, but app maps on day [17, 15]",Check whether AM-MEL-045 should be on day 19
SHIFTED_DAY_FEAST,WARNING,GZ-GDL-022,ገድለ ቅዱስ እስጢፋኖስ በግእዝ,1/12 vs day [15],"Sinksar commemorates 'ቅዱስ እስጢፋኖስ ሊቀ ዲያቆናት' on 1/12, but app maps on day [15]",Check whether GZ-GDL-022 should be on day 12
SHIFTED_DAY_FEAST,WARNING,GZ-GDL-022,ገድለ ቅዱስ እስጢፋኖስ በግእዝ,"1/18 vs day [17, 15]","Sinksar commemorates 'ቅዱስ እስጢፋኖስ ቀሲስ' on 1/18, but app maps on day [17, 15]",Check whether GZ-GDL-022 should be on day 18
SHIFTED_DAY_FEAST,WARNING,GZ-GDL-022,ገድለ ቅዱስ እስጢፋኖስ በግእዝ,"9/19 vs day [17, 15]","Sinksar commemorates 'አቡነ ብስጣውሮስ ዘሐይቅ እስጢፋኖስ (ኢትዮዽያዊ)' on 9/19, but app maps on day [17, 15]",Check whether GZ-GDL-022 should be on day 19
SHIFTED_DAY_FEAST,WARNING,GZ-MEL-016,መልክዐ ሊቀ ሰማዕታት ቅዱስ እስጢፋኖስ በግእዝ,1/12 vs day [15],"Sinksar commemorates 'ቅዱስ እስጢፋኖስ ሊቀ ዲያቆናት' on 1/12, but app maps on day [15]",Check whether GZ-MEL-016 should be on day 12
SHIFTED_DAY_FEAST,WARNING,GZ-MEL-016,መልክዐ ሊቀ ሰማዕታት ቅዱስ እስጢፋኖስ በግእዝ,"1/18 vs day [17, 15]","Sinksar commemorates 'ቅዱስ እስጢፋኖስ ቀሲስ' on 1/18, but app maps on day [17, 15]",Check whether GZ-MEL-016 should be on day 18
SHIFTED_DAY_FEAST,WARNING,GZ-MEL-016,መልክዐ ሊቀ ሰማዕታት ቅዱስ እስጢፋኖስ በግእዝ,"9/19 vs day [17, 15]","Sinksar commemorates 'አቡነ ብስጣውሮስ ዘሐይቅ እስጢፋኖስ (ኢትዮዽያዊ)' on 9/19, but app maps on day [17, 15]",Check whether GZ-MEL-016 should be on day 19
SHIFTED_DAY_FEAST,WARNING,GZ-MEL-017,መልክዐ ሊቀ ሰማዕታት ቅዱስ እስጢፋኖስ ካልእ በግእዝ,1/12 vs day [15],"Sinksar commemorates 'ቅዱስ እስጢፋኖስ ሊቀ ዲያቆናት' on 1/12, but app maps on day [15]",Check whether GZ-MEL-017 should be on day 12
SHIFTED_DAY_FEAST,WARNING,GZ-MEL-017,መልክዐ ሊቀ ሰማዕታት ቅዱስ እስጢፋኖስ ካልእ በግእዝ,"1/18 vs day [17, 15]","Sinksar commemorates 'ቅዱስ እስጢፋኖስ ቀሲስ' on 1/18, but app maps on day [17, 15]",Check whether GZ-MEL-017 should be on day 18
SHIFTED_DAY_FEAST,WARNING,GZ-MEL-017,መልክዐ ሊቀ ሰማዕታት ቅዱስ እስጢፋኖስ ካልእ በግእዝ,"9/19 vs day [17, 15]","Sinksar commemorates 'አቡነ ብስጣውሮስ ዘሐይቅ እስጢፋኖስ (ኢትዮዽያዊ)' on 9/19, but app maps on day [17, 15]",Check whether GZ-MEL-017 should be on day 19
SHIFTED_DAY_FEAST,WARNING,AM-GDL-015,ገድለ ሰማዕት ቅዱስ መርቆሬዎስ በአማርኛ,2/28 vs day [25],"Sinksar commemorates 'ቅዱሳን መርትያኖስ ወመርቆሬዎስ (ሰማዕታት)' on 2/28, but app maps on day [25]",Check whether AM-GDL-015 should be on day 28
SHIFTED_DAY_FEAST,WARNING,AM-GDL-015,ገድለ ሰማዕት ቅዱስ መርቆሬዎስ በአማርኛ,9/28 vs day [25],"Sinksar commemorates 'አባ መርቆሬዎስ ገዳማዊ' on 9/28, but app maps on day [25]",Check whether AM-GDL-015 should be on day 28
SHIFTED_DAY_FEAST,WARNING,AM-GDL-015,ገድለ ሰማዕት ቅዱስ መርቆሬዎስ በአማርኛ,10/23 vs day [25],"Sinksar commemorates 'ቅዱሳን መርቆሬዎስ ፊልዾስና ቶማስ (ሰማዕታት)' on 10/23, but app maps on day [25]",Check whether AM-GDL-015 should be on day 23
SHIFTED_DAY_FEAST,WARNING,GZ-GDL-002,ገድለ ሰማዕት ቅዱስ መርቆሬዎስ በግእዝ,2/28 vs day [25],"Sinksar commemorates 'ቅዱሳን መርትያኖስ ወመርቆሬዎስ (ሰማዕታት)' on 2/28, but app maps on day [25]",Check whether GZ-GDL-002 should be on day 28
SHIFTED_DAY_FEAST,WARNING,GZ-GDL-002,ገድለ ሰማዕት ቅዱስ መርቆሬዎስ በግእዝ,9/28 vs day [25],"Sinksar commemorates 'አባ መርቆሬዎስ ገዳማዊ' on 9/28, but app maps on day [25]",Check whether GZ-GDL-002 should be on day 28
SHIFTED_DAY_FEAST,WARNING,GZ-GDL-002,ገድለ ሰማዕት ቅዱስ መርቆሬዎስ በግእዝ,10/23 vs day [25],"Sinksar commemorates 'ቅዱሳን መርቆሬዎስ ፊልዾስና ቶማስ (ሰማዕታት)' on 10/23, but app maps on day [25]",Check whether GZ-GDL-002 should be on day 23
SHIFTED_DAY_FEAST,WARNING,GZ-MEL-039,መልክዐ ሰማዕት ቅዱስ መርቆሬዎስ በግእዝ,2/28 vs day [25],"Sinksar commemorates 'ቅዱሳን መርትያኖስ ወመርቆሬዎስ (ሰማዕታት)' on 2/28, but app maps on day [25]",Check whether GZ-MEL-039 should be on day 28
SHIFTED_DAY_FEAST,WARNING,GZ-MEL-039,መልክዐ ሰማዕት ቅዱስ መርቆሬዎስ በግእዝ,9/28 vs day [25],"Sinksar commemorates 'አባ መርቆሬዎስ ገዳማዊ' on 9/28, but app maps on day [25]",Check whether GZ-MEL-039 should be on day 28
SHIFTED_DAY_FEAST,WARNING,GZ-MEL-039,መልክዐ ሰማዕት ቅዱስ መርቆሬዎስ በግእዝ,10/23 vs day [25],"Sinksar commemorates 'ቅዱሳን መርቆሬዎስ ፊልዾስና ቶማስ (ሰማዕታት)' on 10/23, but app maps on day [25]",Check whether GZ-MEL-039 should be on day 23
SHIFTED_DAY_FEAST,WARNING,AM-GDL-030,ገድለ ሰማዕት ቅዱስ ቴዎድሮስ በአማርኛ,4/11 vs day [12],"Sinksar commemorates 'ቅዱስ ቴዎድሮስ' on 4/11, but app maps on day [12]",Check whether AM-GDL-030 should be on day 11
SHIFTED_DAY_FEAST,WARNING,AM-GDL-030,ገድለ ሰማዕት ቅዱስ ቴዎድሮስ በአማርኛ,6/7 vs day [5],"Sinksar commemorates 'አባ ቴዎድሮስ ሊቀ ዻዻሳት' on 6/7, but app maps on day [5]",Check whether AM-GDL-030 should be on day 7
SHIFTED_DAY_FEAST,WARNING,AM-GDL-030,ገድለ ሰማዕት ቅዱስ ቴዎድሮስ በአማርኛ,6/13 vs day [12],"Sinksar commemorates 'ቅዱስ ቴዎድሮስ ሰማዕት (የቅ/ፋሲለደስ ልጅ)' on 6/13, but app maps on day [12]",Check whether AM-GDL-030 should be on day 13
SHIFTED_DAY_FEAST,WARNING,AM-GDL-030,ገድለ ሰማዕት ቅዱስ ቴዎድሮስ በአማርኛ,7/7 vs day [5],"Sinksar commemorates 'ጻድቁ ኢትዮዽያዊ ንጉሥ ዐፄ ቴዎድሮስ' on 7/7, but app maps on day [5]",Check whether AM-GDL-030 should be on day 7
SHIFTED_DAY_FEAST,WARNING,AM-GDL-030,ገድለ ሰማዕት ቅዱስ ቴዎድሮስ በአማርኛ,7/21 vs day [20],"Sinksar commemorates 'ቅዱስ ቴዎድሮስ ሰማዕት' on 7/21, but app maps on day [20]",Check whether AM-GDL-030 should be on day 21
SHIFTED_DAY_FEAST,WARNING,AM-GDL-030,ገድለ ሰማዕት ቅዱስ ቴዎድሮስ በአማርኛ,8/25 vs day [28],"Sinksar commemorates 'ቅዱስ ቴዎድሮስ መስተጋድል' on 8/25, but app maps on day [28]",Check whether AM-GDL-030 should be on day 25
SHIFTED_DAY_FEAST,WARNING,AM-GDL-030,ገድለ ሰማዕት ቅዱስ ቴዎድሮስ በአማርኛ,9/2 vs day [5],"Sinksar commemorates 'አባ ቴዎድሮስ ሊቀ ምኔት (የታላቁ ቅዱስ ዻኩሚስ ደቀ መዝሙርና የአቡነ አረጋዊ ጉዋደኛ)' on 9/2, but app maps on day [5]",Check whether AM-GDL-030 should be on day 2
SHIFTED_DAY_FEAST,WARNING,AM-GDL-030,ገድለ ሰማዕት ቅዱስ ቴዎድሮስ በአማርኛ,10/6 vs day [5],"Sinksar commemorates 'ቅዱስ አባ ቴዎድሮስ ሰማዕት' on 10/6, but app maps on day [5]",Check whether AM-GDL-030 should be on day 6
SHIFTED_DAY_FEAST,WARNING,AM-GDL-030,ገድለ ሰማዕት ቅዱስ ቴዎድሮስ በአማርኛ,10/29 vs day [28],"Sinksar commemorates 'ቅዱስ ቴዎድሮስ ጻድቅ (ንጉሠ ኢትዮዽያ)' on 10/29, but app maps on day [28]",Check whether AM-GDL-030 should be on day 29
SHIFTED_DAY_FEAST,WARNING,AM-GDL-030,ገድለ ሰማዕት ቅዱስ ቴዎድሮስ በአማርኛ,"11/9 vs day [5, 12]","Sinksar commemorates 'ቅዱስ ቴዎድሮስ ሰማዕት (ዘሐምስቱ አሕጉር)' on 11/9, but app maps on day [5, 12]",Check whether AM-GDL-030 should be on day 9
SHIFTED_DAY_FEAST,WARNING,GZ-GDL-030,ገድለ ቅዱስ ቴዎድሮስ በግእዝ,4/11 vs day [12],"Sinksar commemorates 'ቅዱስ ቴዎድሮስ' on 4/11, but app maps on day [12]",Check whether GZ-GDL-030 should be on day 11
SHIFTED_DAY_FEAST,WARNING,GZ-GDL-030,ገድለ ቅዱስ ቴዎድሮስ በግእዝ,6/7 vs day [5],"Sinksar commemorates 'አባ ቴዎድሮስ ሊቀ ዻዻሳት' on 6/7, but app maps on day [5]",Check whether GZ-GDL-030 should be on day 7
SHIFTED_DAY_FEAST,WARNING,GZ-GDL-030,ገድለ ቅዱስ ቴዎድሮስ በግእዝ,6/13 vs day [12],"Sinksar commemorates 'ቅዱስ ቴዎድሮስ ሰማዕት (የቅ/ፋሲለደስ ልጅ)' on 6/13, but app maps on day [12]",Check whether GZ-GDL-030 should be on day 13
SHIFTED_DAY_FEAST,WARNING,GZ-GDL-030,ገድለ ቅዱስ ቴዎድሮስ በግእዝ,7/7 vs day [5],"Sinksar commemorates 'ጻድቁ ኢትዮዽያዊ ንጉሥ ዐፄ ቴዎድሮስ' on 7/7, but app maps on day [5]",Check whether GZ-GDL-030 should be on day 7
SHIFTED_DAY_FEAST,WARNING,GZ-GDL-030,ገድለ ቅዱስ ቴዎድሮስ በግእዝ,7/21 vs day [20],"Sinksar commemorates 'ቅዱስ ቴዎድሮስ ሰማዕት' on 7/21, but app maps on day [20]",Check whether GZ-GDL-030 should be on day 21
SHIFTED_DAY_FEAST,WARNING,GZ-GDL-030,ገድለ ቅዱስ ቴዎድሮስ በግእዝ,8/25 vs day [28],"Sinksar commemorates 'ቅዱስ ቴዎድሮስ መስተጋድል' on 8/25, but app maps on day [28]",Check whether GZ-GDL-030 should be on day 25
SHIFTED_DAY_FEAST,WARNING,GZ-GDL-030,ገድለ ቅዱስ ቴዎድሮስ በግእዝ,9/2 vs day [5],"Sinksar commemorates 'አባ ቴዎድሮስ ሊቀ ምኔት (የታላቁ ቅዱስ ዻኩሚስ ደቀ መዝሙርና የአቡነ አረጋዊ ጉዋደኛ)' on 9/2, but app maps on day [5]",Check whether GZ-GDL-030 should be on day 2
SHIFTED_DAY_FEAST,WARNING,GZ-GDL-030,ገድለ ቅዱስ ቴዎድሮስ በግእዝ,10/6 vs day [5],"Sinksar commemorates 'ቅዱስ አባ ቴዎድሮስ ሰማዕት' on 10/6, but app maps on day [5]",Check whether GZ-GDL-030 should be on day 6
SHIFTED_DAY_FEAST,WARNING,GZ-GDL-030,ገድለ ቅዱስ ቴዎድሮስ በግእዝ,10/29 vs day [28],"Sinksar commemorates 'ቅዱስ ቴዎድሮስ ጻድቅ (ንጉሠ ኢትዮዽያ)' on 10/29, but app maps on day [28]",Check whether GZ-GDL-030 should be on day 29
SHIFTED_DAY_FEAST,WARNING,GZ-GDL-030,ገድለ ቅዱስ ቴዎድሮስ በግእዝ,"11/9 vs day [5, 12]","Sinksar commemorates 'ቅዱስ ቴዎድሮስ ሰማዕት (ዘሐምስቱ አሕጉር)' on 11/9, but app maps on day [5, 12]",Check whether GZ-GDL-030 should be on day 9
SHIFTED_DAY_FEAST,WARNING,GZ-GDL-031,ገድለ ሰማዕት ቅዱስ ቴዎድሮስ በግእዝ,4/11 vs day [12],"Sinksar commemorates 'ቅዱስ ቴዎድሮስ' on 4/11, but app maps on day [12]",Check whether GZ-GDL-031 should be on day 11
SHIFTED_DAY_FEAST,WARNING,GZ-GDL-031,ገድለ ሰማዕት ቅዱስ ቴዎድሮስ በግእዝ,6/7 vs day [5],"Sinksar commemorates 'አባ ቴዎድሮስ ሊቀ ዻዻሳት' on 6/7, but app maps on day [5]",Check whether GZ-GDL-031 should be on day 7
SHIFTED_DAY_FEAST,WARNING,GZ-GDL-031,ገድለ ሰማዕት ቅዱስ ቴዎድሮስ በግእዝ,6/13 vs day [12],"Sinksar commemorates 'ቅዱስ ቴዎድሮስ ሰማዕት (የቅ/ፋሲለደስ ልጅ)' on 6/13, but app maps on day [12]",Check whether GZ-GDL-031 should be on day 13
SHIFTED_DAY_FEAST,WARNING,GZ-GDL-031,ገድለ ሰማዕት ቅዱስ ቴዎድሮስ በግእዝ,7/7 vs day [5],"Sinksar commemorates 'ጻድቁ ኢትዮዽያዊ ንጉሥ ዐፄ ቴዎድሮስ' on 7/7, but app maps on day [5]",Check whether GZ-GDL-031 should be on day 7
SHIFTED_DAY_FEAST,WARNING,GZ-GDL-031,ገድለ ሰማዕት ቅዱስ ቴዎድሮስ በግእዝ,7/21 vs day [20],"Sinksar commemorates 'ቅዱስ ቴዎድሮስ ሰማዕት' on 7/21, but app maps on day [20]",Check whether GZ-GDL-031 should be on day 21
SHIFTED_DAY_FEAST,WARNING,GZ-GDL-031,ገድለ ሰማዕት ቅዱስ ቴዎድሮስ በግእዝ,8/25 vs day [28],"Sinksar commemorates 'ቅዱስ ቴዎድሮስ መስተጋድል' on 8/25, but app maps on day [28]",Check whether GZ-GDL-031 should be on day 25
SHIFTED_DAY_FEAST,WARNING,GZ-GDL-031,ገድለ ሰማዕት ቅዱስ ቴዎድሮስ በግእዝ,9/2 vs day [5],"Sinksar commemorates 'አባ ቴዎድሮስ ሊቀ ምኔት (የታላቁ ቅዱስ ዻኩሚስ ደቀ መዝሙርና የአቡነ አረጋዊ ጉዋደኛ)' on 9/2, but app maps on day [5]",Check whether GZ-GDL-031 should be on day 2
SHIFTED_DAY_FEAST,WARNING,GZ-GDL-031,ገድለ ሰማዕት ቅዱስ ቴዎድሮስ በግእዝ,10/6 vs day [5],"Sinksar commemorates 'ቅዱስ አባ ቴዎድሮስ ሰማዕት' on 10/6, but app maps on day [5]",Check whether GZ-GDL-031 should be on day 6
SHIFTED_DAY_FEAST,WARNING,GZ-GDL-031,ገድለ ሰማዕት ቅዱስ ቴዎድሮስ በግእዝ,10/29 vs day [28],"Sinksar commemorates 'ቅዱስ ቴዎድሮስ ጻድቅ (ንጉሠ ኢትዮዽያ)' on 10/29, but app maps on day [28]",Check whether GZ-GDL-031 should be on day 29
SHIFTED_DAY_FEAST,WARNING,GZ-GDL-031,ገድለ ሰማዕት ቅዱስ ቴዎድሮስ በግእዝ,"11/9 vs day [5, 12]","Sinksar commemorates 'ቅዱስ ቴዎድሮስ ሰማዕት (ዘሐምስቱ አሕጉር)' on 11/9, but app maps on day [5, 12]",Check whether GZ-GDL-031 should be on day 9
SHIFTED_DAY_FEAST,WARNING,GZ-MEL-040,መልክዐ ሰማዕት ቅዱስ ቴዎድሮስ በግእዝ,4/11 vs day [12],"Sinksar commemorates 'ቅዱስ ቴዎድሮስ' on 4/11, but app maps on day [12]",Check whether GZ-MEL-040 should be on day 11
SHIFTED_DAY_FEAST,WARNING,GZ-MEL-040,መልክዐ ሰማዕት ቅዱስ ቴዎድሮስ በግእዝ,6/7 vs day [5],"Sinksar commemorates 'አባ ቴዎድሮስ ሊቀ ዻዻሳት' on 6/7, but app maps on day [5]",Check whether GZ-MEL-040 should be on day 7
SHIFTED_DAY_FEAST,WARNING,GZ-MEL-040,መልክዐ ሰማዕት ቅዱስ ቴዎድሮስ በግእዝ,6/13 vs day [12],"Sinksar commemorates 'ቅዱስ ቴዎድሮስ ሰማዕት (የቅ/ፋሲለደስ ልጅ)' on 6/13, but app maps on day [12]",Check whether GZ-MEL-040 should be on day 13
SHIFTED_DAY_FEAST,WARNING,GZ-MEL-040,መልክዐ ሰማዕት ቅዱስ ቴዎድሮስ በግእዝ,7/7 vs day [5],"Sinksar commemorates 'ጻድቁ ኢትዮዽያዊ ንጉሥ ዐፄ ቴዎድሮስ' on 7/7, but app maps on day [5]",Check whether GZ-MEL-040 should be on day 7
SHIFTED_DAY_FEAST,WARNING,GZ-MEL-040,መልክዐ ሰማዕት ቅዱስ ቴዎድሮስ በግእዝ,7/21 vs day [20],"Sinksar commemorates 'ቅዱስ ቴዎድሮስ ሰማዕት' on 7/21, but app maps on day [20]",Check whether GZ-MEL-040 should be on day 21
SHIFTED_DAY_FEAST,WARNING,GZ-MEL-040,መልክዐ ሰማዕት ቅዱስ ቴዎድሮስ በግእዝ,8/25 vs day [28],"Sinksar commemorates 'ቅዱስ ቴዎድሮስ መስተጋድል' on 8/25, but app maps on day [28]",Check whether GZ-MEL-040 should be on day 25
SHIFTED_DAY_FEAST,WARNING,GZ-MEL-040,መልክዐ ሰማዕት ቅዱስ ቴዎድሮስ በግእዝ,9/2 vs day [5],"Sinksar commemorates 'አባ ቴዎድሮስ ሊቀ ምኔት (የታላቁ ቅዱስ ዻኩሚስ ደቀ መዝሙርና የአቡነ አረጋዊ ጉዋደኛ)' on 9/2, but app maps on day [5]",Check whether GZ-MEL-040 should be on day 2
SHIFTED_DAY_FEAST,WARNING,GZ-MEL-040,መልክዐ ሰማዕት ቅዱስ ቴዎድሮስ በግእዝ,10/6 vs day [5],"Sinksar commemorates 'ቅዱስ አባ ቴዎድሮስ ሰማዕት' on 10/6, but app maps on day [5]",Check whether GZ-MEL-040 should be on day 6
SHIFTED_DAY_FEAST,WARNING,GZ-MEL-040,መልክዐ ሰማዕት ቅዱስ ቴዎድሮስ በግእዝ,10/29 vs day [28],"Sinksar commemorates 'ቅዱስ ቴዎድሮስ ጻድቅ (ንጉሠ ኢትዮዽያ)' on 10/29, but app maps on day [28]",Check whether GZ-MEL-040 should be on day 29
SHIFTED_DAY_FEAST,WARNING,GZ-MEL-040,መልክዐ ሰማዕት ቅዱስ ቴዎድሮስ በግእዝ,"11/9 vs day [5, 12]","Sinksar commemorates 'ቅዱስ ቴዎድሮስ ሰማዕት (ዘሐምስቱ አሕጉር)' on 11/9, but app maps on day [5, 12]",Check whether GZ-MEL-040 should be on day 9
SHIFTED_DAY_FEAST,WARNING,AM-GDL-014,የአቡነ እስትንፋሰ ክርስቶስ ገድል በአማርኛ,4/8 vs day [9],"Sinksar commemorates 'አቡነ እስትፋሰ ክርስቶስ (ልደታቸው)' on 4/8, but app maps on day [9]",Check whether AM-GDL-014 should be on day 8
SHIFTED_DAY_FEAST,WARNING,AM-GDL-014,የአቡነ እስትንፋሰ ክርስቶስ ገድል በአማርኛ,6/8 vs day [9],"Sinksar commemorates 'ቅድስት ዓመተ ክርስቶስ እግዝእት' on 6/8, but app maps on day [9]",Check whether AM-GDL-014 should be on day 8
SHIFTED_DAY_FEAST,WARNING,AM-GDL-014,የአቡነ እስትንፋሰ ክርስቶስ ገድል በአማርኛ,10/5 vs day [9],"Sinksar commemorates 'ቅድስት ማርታ ለባሲተ ክርስቶስ (በቅድስናዋ የተወደሰች በስደት ያረፈች እናት ናት)' on 10/5, but app maps on day [9]",Check whether AM-GDL-014 should be on day 5
SHIFTED_DAY_FEAST,WARNING,AM-GDL-014,የአቡነ እስትንፋሰ ክርስቶስ ገድል በአማርኛ,10/11 vs day [9],"Sinksar commemorates 'እናታችን ቅድስት ክርስቶስ ክብራ (ኢትዮዽያዊት የአቡነ በጸሎተ ሚካኤል እህት)' on 10/11, but app maps on day [9]",Check whether AM-GDL-014 should be on day 11
SHIFTED_DAY_FEAST,WARNING,AM-GDL-014,የአቡነ እስትንፋሰ ክርስቶስ ገድል በአማርኛ,10/11 vs day [9],"Sinksar commemorates 'የጌታችን ኢየሱስ ክርስቶስ ቅዳሴ ቤቱ (ግብፅ)' on 10/11, but app maps on day [9]",Check whether AM-GDL-014 should be on day 11
SHIFTED_DAY_FEAST,WARNING,GZ-GDL-006,ገድለ አቡነ እስትንፋስ ክርስቶስ በግእዝ,4/8 vs day [9],"Sinksar commemorates 'አቡነ እስትፋሰ ክርስቶስ (ልደታቸው)' on 4/8, but app maps on day [9]",Check whether GZ-GDL-006 should be on day 8
SHIFTED_DAY_FEAST,WARNING,GZ-GDL-006,ገድለ አቡነ እስትንፋስ ክርስቶስ በግእዝ,6/8 vs day [9],"Sinksar commemorates 'ቅድስት ዓመተ ክርስቶስ እግዝእት' on 6/8, but app maps on day [9]",Check whether GZ-GDL-006 should be on day 8
SHIFTED_DAY_FEAST,WARNING,GZ-GDL-006,ገድለ አቡነ እስትንፋስ ክርስቶስ በግእዝ,10/5 vs day [9],"Sinksar commemorates 'ቅድስት ማርታ ለባሲተ ክርስቶስ (በቅድስናዋ የተወደሰች በስደት ያረፈች እናት ናት)' on 10/5, but app maps on day [9]",Check whether GZ-GDL-006 should be on day 5
SHIFTED_DAY_FEAST,WARNING,GZ-GDL-006,ገድለ አቡነ እስትንፋስ ክርስቶስ በግእዝ,10/11 vs day [9],"Sinksar commemorates 'እናታችን ቅድስት ክርስቶስ ክብራ (ኢትዮዽያዊት የአቡነ በጸሎተ ሚካኤል እህት)' on 10/11, but app maps on day [9]",Check whether GZ-GDL-006 should be on day 11
SHIFTED_DAY_FEAST,WARNING,GZ-GDL-006,ገድለ አቡነ እስትንፋስ ክርስቶስ በግእዝ,10/11 vs day [9],"Sinksar commemorates 'የጌታችን ኢየሱስ ክርስቶስ ቅዳሴ ቤቱ (ግብፅ)' on 10/11, but app maps on day [9]",Check whether GZ-GDL-006 should be on day 11
SHIFTED_DAY_FEAST,WARNING,GZ-MEL-136,መልክዐ እስትንፋሰ ክርስቶስ በግእዝ,4/8 vs day [9],"Sinksar commemorates 'አቡነ እስትፋሰ ክርስቶስ (ልደታቸው)' on 4/8, but app maps on day [9]",Check whether GZ-MEL-136 should be on day 8
SHIFTED_DAY_FEAST,WARNING,GZ-MEL-136,መልክዐ እስትንፋሰ ክርስቶስ በግእዝ,6/8 vs day [9],"Sinksar commemorates 'ቅድስት ዓመተ ክርስቶስ እግዝእት' on 6/8, but app maps on day [9]",Check whether GZ-MEL-136 should be on day 8
SHIFTED_DAY_FEAST,WARNING,GZ-MEL-136,መልክዐ እስትንፋሰ ክርስቶስ በግእዝ,10/5 vs day [9],"Sinksar commemorates 'ቅድስት ማርታ ለባሲተ ክርስቶስ (በቅድስናዋ የተወደሰች በስደት ያረፈች እናት ናት)' on 10/5, but app maps on day [9]",Check whether GZ-MEL-136 should be on day 5
SHIFTED_DAY_FEAST,WARNING,GZ-MEL-136,መልክዐ እስትንፋሰ ክርስቶስ በግእዝ,10/11 vs day [9],"Sinksar commemorates 'እናታችን ቅድስት ክርስቶስ ክብራ (ኢትዮዽያዊት የአቡነ በጸሎተ ሚካኤል እህት)' on 10/11, but app maps on day [9]",Check whether GZ-MEL-136 should be on day 11
SHIFTED_DAY_FEAST,WARNING,GZ-MEL-136,መልክዐ እስትንፋሰ ክርስቶስ በግእዝ,10/11 vs day [9],"Sinksar commemorates 'የጌታችን ኢየሱስ ክርስቶስ ቅዳሴ ቤቱ (ግብፅ)' on 10/11, but app maps on day [9]",Check whether GZ-MEL-136 should be on day 11
SHIFTED_DAY_FEAST,WARNING,TI-GDL-002,ገድሊ አቡነ እስትንፋስ ክርስቶስ ትግርኛ,4/8 vs day [9],"Sinksar commemorates 'አቡነ እስትፋሰ ክርስቶስ (ልደታቸው)' on 4/8, but app maps on day [9]",Check whether TI-GDL-002 should be on day 8
SHIFTED_DAY_FEAST,WARNING,TI-GDL-002,ገድሊ አቡነ እስትንፋስ ክርስቶስ ትግርኛ,6/8 vs day [9],"Sinksar commemorates 'ቅድስት ዓመተ ክርስቶስ እግዝእት' on 6/8, but app maps on day [9]",Check whether TI-GDL-002 should be on day 8
SHIFTED_DAY_FEAST,WARNING,TI-GDL-002,ገድሊ አቡነ እስትንፋስ ክርስቶስ ትግርኛ,10/5 vs day [9],"Sinksar commemorates 'ቅድስት ማርታ ለባሲተ ክርስቶስ (በቅድስናዋ የተወደሰች በስደት ያረፈች እናት ናት)' on 10/5, but app maps on day [9]",Check whether TI-GDL-002 should be on day 5
SHIFTED_DAY_FEAST,WARNING,TI-GDL-002,ገድሊ አቡነ እስትንፋስ ክርስቶስ ትግርኛ,10/11 vs day [9],"Sinksar commemorates 'እናታችን ቅድስት ክርስቶስ ክብራ (ኢትዮዽያዊት የአቡነ በጸሎተ ሚካኤል እህት)' on 10/11, but app maps on day [9]",Check whether TI-GDL-002 should be on day 11
SHIFTED_DAY_FEAST,WARNING,TI-GDL-002,ገድሊ አቡነ እስትንፋስ ክርስቶስ ትግርኛ,10/11 vs day [9],"Sinksar commemorates 'የጌታችን ኢየሱስ ክርስቶስ ቅዳሴ ቤቱ (ግብፅ)' on 10/11, but app maps on day [9]",Check whether TI-GDL-002 should be on day 11
SHIFTED_DAY_FEAST,WARNING,AM-MEL-015,መልክዐ ቅዱስ ቂርቆስ በአማርኛ,5/14 vs day [15],"Sinksar commemorates '""፵፻፴፬""ሰማዕታት (ማሕበራነ ቅዱስ ቂርቆስ)' on 5/14, but app maps on day [15]",Check whether AM-MEL-015 should be on day 14
SHIFTED_DAY_FEAST,WARNING,GZ-MEL-054,መልክዐ ቅዱስ ቂርቆስ በግእዝ,5/14 vs day [15],"Sinksar commemorates '""፵፻፴፬""ሰማዕታት (ማሕበራነ ቅዱስ ቂርቆስ)' on 5/14, but app maps on day [15]",Check whether GZ-MEL-054 should be on day 14
SHIFTED_DAY_FEAST,WARNING,AM-GDL-028,ገድለ አቡነ አሮን መንክራዊ በአማርኛ,1/8 vs day [5],"Sinksar commemorates 'ቅዱስ አሮን ካህን' on 1/8, but app maps on day [5]",Check whether AM-GDL-028 should be on day 8
SHIFTED_DAY_FEAST,WARNING,AM-GDL-028,ገድለ አቡነ አሮን መንክራዊ በአማርኛ,8/1 vs day [5],"Sinksar commemorates 'ቅዱስ አሮን ካህን (የሊቀ ነቢያት ሙሴ ወንድም)' on 8/1, but app maps on day [5]",Check whether AM-GDL-028 should be on day 1
SHIFTED_DAY_FEAST,WARNING,GZ-GDL-024,ገድለ አቡነ አሮን መንክራዊ ግእዝ,1/8 vs day [5],"Sinksar commemorates 'ቅዱስ አሮን ካህን' on 1/8, but app maps on day [5]",Check whether GZ-GDL-024 should be on day 8
SHIFTED_DAY_FEAST,WARNING,GZ-GDL-024,ገድለ አቡነ አሮን መንክራዊ ግእዝ,8/1 vs day [5],"Sinksar commemorates 'ቅዱስ አሮን ካህን (የሊቀ ነቢያት ሙሴ ወንድም)' on 8/1, but app maps on day [5]",Check whether GZ-GDL-024 should be on day 1
SHIFTED_DAY_FEAST,WARNING,GZ-MEL-128,መልክዐ አᎄነ አሮን መንክራዌ በግእዝ,1/8 vs day [5],"Sinksar commemorates 'ቅዱስ አሮን ካህን' on 1/8, but app maps on day [5]",Check whether GZ-MEL-128 should be on day 8
SHIFTED_DAY_FEAST,WARNING,GZ-MEL-128,መልክዐ አᎄነ አሮን መንክራዌ በግእዝ,8/1 vs day [5],"Sinksar commemorates 'ቅዱስ አሮን ካህን (የሊቀ ነቢያት ሙሴ ወንድም)' on 8/1, but app maps on day [5]",Check whether GZ-MEL-128 should be on day 1
SHIFTED_DAY_FEAST,WARNING,AM-GDL-011,ገድለ አቡነ በጸሎተ ሚካኤል በአማርኛ,1/9 vs day [6],"Sinksar commemorates 'ቅዱስ ሚካኤል ሊቀ መላእክት' on 1/9, but app maps on day [6]",Check whether AM-GDL-011 should be on day 9
SHIFTED_DAY_FEAST,WARNING,AM-GDL-011,ገድለ አቡነ በጸሎተ ሚካኤል በአማርኛ,3/3 vs day [6],"Sinksar commemorates 'ቅዱስ ዓምደ ሚካኤል ጻድቅ (የሠራዊት አለቃ)' on 3/3, but app maps on day [6]",Check whether AM-GDL-011 should be on day 3
SHIFTED_DAY_FEAST,WARNING,AM-GDL-011,ገድለ አቡነ በጸሎተ ሚካኤል በአማርኛ,7/20 vs day [21],"Sinksar commemorates 'አባ ሚካኤል ሊቀ ዻዻሳት' on 7/20, but app maps on day [21]",Check whether AM-GDL-011 should be on day 20
SHIFTED_DAY_FEAST,WARNING,AM-GDL-011,ገድለ አቡነ በጸሎተ ሚካኤል በአማርኛ,8/3 vs day [6],"Sinksar commemorates 'አባ ሚካኤል ዘእስክንድርያ' on 8/3, but app maps on day [6]",Check whether AM-GDL-011 should be on day 3
SHIFTED_DAY_FEAST,WARNING,AM-GDL-011,ገድለ አቡነ በጸሎተ ሚካኤል በአማርኛ,8/22 vs day [21],"Sinksar commemorates 'አባ ሚካኤል ዘኢየሩሳሌም' on 8/22, but app maps on day [21]",Check whether AM-GDL-011 should be on day 22
SHIFTED_DAY_FEAST,WARNING,AM-GDL-011,ገድለ አቡነ በጸሎተ ሚካኤል በአማርኛ,8/22 vs day [21],"Sinksar commemorates 'አባ ሚካኤል ዘእስክንድርያ' on 8/22, but app maps on day [21]",Check whether AM-GDL-011 should be on day 22
SHIFTED_DAY_FEAST,WARNING,AM-GDL-011,ገድለ አቡነ በጸሎተ ሚካኤል በአማርኛ,9/10 vs day [6],"Sinksar commemorates 'አባ ሚካኤል ገዳማዊ' on 9/10, but app maps on day [6]",Check whether AM-GDL-011 should be on day 10
SHIFTED_DAY_FEAST,WARNING,GZ-GDL-015,ገድለ አቡነ በጸሎተ ሚካኤል በግእዝ,1/9 vs day [6],"Sinksar commemorates 'ቅዱስ ሚካኤል ሊቀ መላእክት' on 1/9, but app maps on day [6]",Check whether GZ-GDL-015 should be on day 9
SHIFTED_DAY_FEAST,WARNING,GZ-GDL-015,ገድለ አቡነ በጸሎተ ሚካኤል በግእዝ,3/3 vs day [6],"Sinksar commemorates 'ቅዱስ ዓምደ ሚካኤል ጻድቅ (የሠራዊት አለቃ)' on 3/3, but app maps on day [6]",Check whether GZ-GDL-015 should be on day 3
SHIFTED_DAY_FEAST,WARNING,GZ-GDL-015,ገድለ አቡነ በጸሎተ ሚካኤል በግእዝ,7/20 vs day [21],"Sinksar commemorates 'አባ ሚካኤል ሊቀ ዻዻሳት' on 7/20, but app maps on day [21]",Check whether GZ-GDL-015 should be on day 20
SHIFTED_DAY_FEAST,WARNING,GZ-GDL-015,ገድለ አቡነ በጸሎተ ሚካኤል በግእዝ,8/3 vs day [6],"Sinksar commemorates 'አባ ሚካኤል ዘእስክንድርያ' on 8/3, but app maps on day [6]",Check whether GZ-GDL-015 should be on day 3
SHIFTED_DAY_FEAST,WARNING,GZ-GDL-015,ገድለ አቡነ በጸሎተ ሚካኤል በግእዝ,8/22 vs day [21],"Sinksar commemorates 'አባ ሚካኤል ዘኢየሩሳሌም' on 8/22, but app maps on day [21]",Check whether GZ-GDL-015 should be on day 22
SHIFTED_DAY_FEAST,WARNING,GZ-GDL-015,ገድለ አቡነ በጸሎተ ሚካኤል በግእዝ,8/22 vs day [21],"Sinksar commemorates 'አባ ሚካኤል ዘእስክንድርያ' on 8/22, but app maps on day [21]",Check whether GZ-GDL-015 should be on day 22
SHIFTED_DAY_FEAST,WARNING,GZ-GDL-015,ገድለ አቡነ በጸሎተ ሚካኤል በግእዝ,9/10 vs day [6],"Sinksar commemorates 'አባ ሚካኤል ገዳማዊ' on 9/10, but app maps on day [6]",Check whether GZ-GDL-015 should be on day 10
SHIFTED_DAY_FEAST,WARNING,GZ-MEL-121,መልክዐ አባ በጸሎተ ሚካኤል በግእዝ,1/9 vs day [6],"Sinksar commemorates 'ቅዱስ ሚካኤል ሊቀ መላእክት' on 1/9, but app maps on day [6]",Check whether GZ-MEL-121 should be on day 9
SHIFTED_DAY_FEAST,WARNING,GZ-MEL-121,መልክዐ አባ በጸሎተ ሚካኤል በግእዝ,3/3 vs day [6],"Sinksar commemorates 'ቅዱስ ዓምደ ሚካኤል ጻድቅ (የሠራዊት አለቃ)' on 3/3, but app maps on day [6]",Check whether GZ-MEL-121 should be on day 3
SHIFTED_DAY_FEAST,WARNING,GZ-MEL-121,መልክዐ አባ በጸሎተ ሚካኤል በግእዝ,7/20 vs day [21],"Sinksar commemorates 'አባ ሚካኤል ሊቀ ዻዻሳት' on 7/20, but app maps on day [21]",Check whether GZ-MEL-121 should be on day 20
SHIFTED_DAY_FEAST,WARNING,GZ-MEL-121,መልክዐ አባ በጸሎተ ሚካኤል በግእዝ,8/3 vs day [6],"Sinksar commemorates 'አባ ሚካኤል ዘእስክንድርያ' on 8/3, but app maps on day [6]",Check whether GZ-MEL-121 should be on day 3
SHIFTED_DAY_FEAST,WARNING,GZ-MEL-121,መልክዐ አባ በጸሎተ ሚካኤል በግእዝ,8/22 vs day [21],"Sinksar commemorates 'አባ ሚካኤል ዘኢየሩሳሌም' on 8/22, but app maps on day [21]",Check whether GZ-MEL-121 should be on day 22
SHIFTED_DAY_FEAST,WARNING,GZ-MEL-121,መልክዐ አባ በጸሎተ ሚካኤል በግእዝ,8/22 vs day [21],"Sinksar commemorates 'አባ ሚካኤል ዘእስክንድርያ' on 8/22, but app maps on day [21]",Check whether GZ-MEL-121 should be on day 22
SHIFTED_DAY_FEAST,WARNING,GZ-MEL-121,መልክዐ አባ በጸሎተ ሚካኤል በግእዝ,9/10 vs day [6],"Sinksar commemorates 'አባ ሚካኤል ገዳማዊ' on 9/10, but app maps on day [6]",Check whether GZ-MEL-121 should be on day 10
SHIFTED_DAY_FEAST,WARNING,AM-GDL-016,ገድለ አቡነ አረጋዊ በአማርኛ,1/17 vs day [14],"Sinksar commemorates 'ቅዱስ ኪራኮስ አረጋዊ' on 1/17, but app maps on day [14]",Check whether AM-GDL-016 should be on day 17
SHIFTED_DAY_FEAST,WARNING,AM-GDL-016,ገድለ አቡነ አረጋዊ በአማርኛ,7/10 vs day [14],"Sinksar commemorates 'ቅዱስ ኪራኮስ አረጋዊ' on 7/10, but app maps on day [14]",Check whether AM-GDL-016 should be on day 10
SHIFTED_DAY_FEAST,WARNING,GZ-MEL-073,መልክዐ አረጋዊ በግእዝ,1/17 vs day [14],"Sinksar commemorates 'ቅዱስ ኪራኮስ አረጋዊ' on 1/17, but app maps on day [14]",Check whether GZ-MEL-073 should be on day 17
SHIFTED_DAY_FEAST,WARNING,GZ-MEL-073,መልክዐ አረጋዊ በግእዝ,7/10 vs day [14],"Sinksar commemorates 'ቅዱስ ኪራኮስ አረጋዊ' on 7/10, but app maps on day [14]",Check whether GZ-MEL-073 should be on day 10
SHIFTED_DAY_FEAST,WARNING,AM-GDL-020,ገድለ እምነ ወለተ ጴጥሮስ በአማርኛ,10/21 vs day [17],"Sinksar commemorates 'ቅዱስ ጴጥሮስ ሊቀ ሐዋርያት' on 10/21, but app maps on day [17]",Check whether AM-GDL-020 should be on day 21
SHIFTED_DAY_FEAST,WARNING,GZ-GDL-003,ገድለ እምነ ወለተ ጴጥሮስ በግእዝ,10/21 vs day [17],"Sinksar commemorates 'ቅዱስ ጴጥሮስ ሊቀ ሐዋርያት' on 10/21, but app maps on day [17]",Check whether GZ-GDL-003 should be on day 21
SHIFTED_DAY_FEAST,WARNING,GZ-HIB-001,ኅብረ ሥላሴ በግእዝ,2/9 vs day [7],"Sinksar commemorates 'አቡነ መዝገበ ሥላሴ ጻድቅ (ኢትዮዽያዊ)' on 2/9, but app maps on day [7]",Check whether GZ-HIB-001 should be on day 9
SHIFTED_DAY_FEAST,WARNING,AM-GDL-027,ገድለ አቡነ እጨጌ ዮሐንስ ዘጸገሮ በአማርኛ,1/27 vs day [29],"Sinksar commemorates 'አባ ዮሐንስ ዘደብረ ጽጌ' on 1/27, but app maps on day [29]",Check whether AM-GDL-027 should be on day 27
SHIFTED_DAY_FEAST,WARNING,AM-GDL-027,ገድለ አቡነ እጨጌ ዮሐንስ ዘጸገሮ በአማርኛ,1/30 vs day [29],"Sinksar commemorates 'ቅዱሳን ያዕቆብና ዮሐንስ ሐዋርያት (ለወንጌል የተጠሩበት)' on 1/30, but app maps on day [29]",Check whether AM-GDL-027 should be on day 30
SHIFTED_DAY_FEAST,WARNING,AM-GDL-027,ገድለ አቡነ እጨጌ ዮሐንስ ዘጸገሮ በአማርኛ,2/30 vs day [29],"Sinksar commemorates 'ቅዱስ ዮሐንስ መጥምቀ መለኮት' on 2/30, but app maps on day [29]",Check whether AM-GDL-027 should be on day 30
SHIFTED_DAY_FEAST,WARNING,AM-GDL-027,ገድለ አቡነ እጨጌ ዮሐንስ ዘጸገሮ በአማርኛ,3/27 vs day [29],"Sinksar commemorates 'አባ ገብረ ዮሐንስ ጻድቅ' on 3/27, but app maps on day [29]",Check whether AM-GDL-027 should be on day 27
SHIFTED_DAY_FEAST,WARNING,AM-GDL-027,ገድለ አቡነ እጨጌ ዮሐንስ ዘጸገሮ በአማርኛ,4/25 vs day [29],"Sinksar commemorates 'ቅዱስ ዮሐንስ ከማ (እና የተቀደሰች ሚስቱ)' on 4/25, but app maps on day [29]",Check whether AM-GDL-027 should be on day 25
SHIFTED_DAY_FEAST,WARNING,AM-GDL-027,ገድለ አቡነ እጨጌ ዮሐንስ ዘጸገሮ በአማርኛ,4/30 vs day [29],"Sinksar commemorates 'አባ ዮሐንስ አበ ምኔት' on 4/30, but app maps on day [29]",Check whether AM-GDL-027 should be on day 30
SHIFTED_DAY_FEAST,WARNING,AM-GDL-027,ገድለ አቡነ እጨጌ ዮሐንስ ዘጸገሮ በአማርኛ,4/30 vs day [29],"Sinksar commemorates 'አባ ዮሐንስ ብጹዕ' on 4/30, but app maps on day [29]",Check whether AM-GDL-027 should be on day 30
SHIFTED_DAY_FEAST,WARNING,AM-GDL-027,ገድለ አቡነ እጨጌ ዮሐንስ ዘጸገሮ በአማርኛ,6/30 vs day [29],"Sinksar commemorates 'ቅዱስ ዮሐንስ መጥምቀ መለኮት' on 6/30, but app maps on day [29]",Check whether AM-GDL-027 should be on day 30
SHIFTED_DAY_FEAST,WARNING,AM-GDL-027,ገድለ አቡነ እጨጌ ዮሐንስ ዘጸገሮ በአማርኛ,7/27 vs day [29],"Sinksar commemorates 'ቅዱስ ዮሐንስ (ፍቁረ እግዚእ)' on 7/27, but app maps on day [29]",Check whether AM-GDL-027 should be on day 27
SHIFTED_DAY_FEAST,WARNING,AM-GDL-027,ገድለ አቡነ እጨጌ ዮሐንስ ዘጸገሮ በአማርኛ,8/26 vs day [29],"Sinksar commemorates 'ቅዱስ ዮሐንስ ሰማዕት (ወልደ ፀራቢ)' on 8/26, but app maps on day [29]",Check whether AM-GDL-027 should be on day 26
SHIFTED_DAY_FEAST,WARNING,AM-GDL-027,ገድለ አቡነ እጨጌ ዮሐንስ ዘጸገሮ በአማርኛ,9/27 vs day [29],"Sinksar commemorates 'አባ ዮሐንስ ሊቀ ዻዻሳት' on 9/27, but app maps on day [29]",Check whether AM-GDL-027 should be on day 27
SHIFTED_DAY_FEAST,WARNING,AM-GDL-027,ገድለ አቡነ እጨጌ ዮሐንስ ዘጸገሮ በአማርኛ,10/30 vs day [29],"Sinksar commemorates 'ቅዱስ ዮሐንስ መጥምቀ መለኮት (ልደቱ)' on 10/30, but app maps on day [29]",Check whether AM-GDL-027 should be on day 30
SHIFTED_DAY_FEAST,WARNING,AM-MEL-013,መልክዐ ቅዱስ ሚናስ በአማርኛ,3/11 vs day [15],"Sinksar commemorates 'ቅዱስ ሚናስ ሰማዕት' on 3/11, but app maps on day [15]",Check whether AM-MEL-013 should be on day 11
SHIFTED_DAY_FEAST,WARNING,AM-MEL-013,መልክዐ ቅዱስ ሚናስ በአማርኛ,6/17 vs day [15],"Sinksar commemorates 'ቅዱስ ሚናስ ግብጻዊ (ኁለተኛው)' on 6/17, but app maps on day [15]",Check whether AM-MEL-013 should be on day 17
SHIFTED_DAY_FEAST,WARNING,GZ-MEL-052,መልክዐ ቅዱስ ሚናስ በግእዝ,3/11 vs day [15],"Sinksar commemorates 'ቅዱስ ሚናስ ሰማዕት' on 3/11, but app maps on day [15]",Check whether GZ-MEL-052 should be on day 11
SHIFTED_DAY_FEAST,WARNING,GZ-MEL-052,መልክዐ ቅዱስ ሚናስ በግእዝ,6/17 vs day [15],"Sinksar commemorates 'ቅዱስ ሚናስ ግብጻዊ (ኁለተኛው)' on 6/17, but app maps on day [15]",Check whether GZ-MEL-052 should be on day 17
SHIFTED_DAY_FEAST,WARNING,AM-MEL-018,መልክዐ ቅድስት ፍቅርተ ክርስቶስ በአማርኛ,2/27 vs day [29],"Sinksar commemorates 'ጌታችን ኢየሱስ ክርስቶስ' on 2/27, but app maps on day [29]",Check whether AM-MEL-018 should be on day 27
SHIFTED_DAY_FEAST,WARNING,AM-MEL-018,መልክዐ ቅድስት ፍቅርተ ክርስቶስ በአማርኛ,9/28 vs day [29],"Sinksar commemorates 'ቅድስት ዓመተ ክርስቶስ ተጋዳሊት (ገዳማዊት)' on 9/28, but app maps on day [29]",Check whether AM-MEL-018 should be on day 28
SHIFTED_DAY_FEAST,WARNING,GZ-MEL-066,መልክዐ ቅድስት ፍቅርተ ክርስቶስ በግእዝ,2/27 vs day [29],"Sinksar commemorates 'ጌታችን ኢየሱስ ክርስቶስ' on 2/27, but app maps on day [29]",Check whether GZ-MEL-066 should be on day 27
SHIFTED_DAY_FEAST,WARNING,GZ-MEL-066,መልክዐ ቅድስት ፍቅርተ ክርስቶስ በግእዝ,9/28 vs day [29],"Sinksar commemorates 'ቅድስት ዓመተ ክርስቶስ ተጋዳሊት (ገዳማዊት)' on 9/28, but app maps on day [29]",Check whether GZ-MEL-066 should be on day 28
SHIFTED_DAY_FEAST,WARNING,AM-MEL-021,መልክዐ አቡነ ዮሐንስ ጻድቅ በአማርኛ,11/24 vs day [20],"Sinksar commemorates 'አቡነ ዘዮሐንስ ጻድቅ ዘክብራን (ኢትዮዽያዊ)' on 11/24, but app maps on day [20]",Check whether AM-MEL-021 should be on day 24
SHIFTED_DAY_FEAST,WARNING,AM-MEL-022,መልክዐ አብርሃም ይሥሐቅ ያዕቆብ በአማርኛ,1/20 vs day [24],"Sinksar commemorates 'ቅዱስ አብርሃም መነኮስ' on 1/20, but app maps on day [24]",Check whether AM-MEL-022 should be on day 20
SHIFTED_DAY_FEAST,WARNING,AM-MEL-022,መልክዐ አብርሃም ይሥሐቅ ያዕቆብ በአማርኛ,"2/26 vs day [24, 28]","Sinksar commemorates 'ቅዱስ ያዕቆብ ሐዋርያ (ወልደ ዮሴፍ)' on 2/26, but app maps on day [24, 28]",Check whether AM-MEL-022 should be on day 26
SHIFTED_DAY_FEAST,WARNING,AM-MEL-022,መልክዐ አብርሃም ይሥሐቅ ያዕቆብ በአማርኛ,2/30 vs day [28],"Sinksar commemorates 'አባ አብርሃም ገዳማዊ' on 2/30, but app maps on day [28]",Check whether AM-MEL-022 should be on day 30
SHIFTED_DAY_FEAST,WARNING,AM-MEL-022,መልክዐ አብርሃም ይሥሐቅ ያዕቆብ በአማርኛ,"3/27 vs day [24, 28]","Sinksar commemorates 'ቅዱስ ያዕቆብ ዘግሙድ' on 3/27, but app maps on day [24, 28]",Check whether AM-MEL-022 should be on day 27
SHIFTED_DAY_FEAST,WARNING,AM-MEL-022,መልክዐ አብርሃም ይሥሐቅ ያዕቆብ በአማርኛ,7/30 vs day [28],"Sinksar commemorates 'ቅዱስ ያዕቆብ ዘግሙድ (ፍልሠቱ)' on 7/30, but app maps on day [28]",Check whether AM-MEL-022 should be on day 30
SHIFTED_DAY_FEAST,WARNING,AM-MEL-022,መልክዐ አብርሃም ይሥሐቅ ያዕቆብ በአማርኛ,9/22 vs day [24],"Sinksar commemorates 'ቅዱስ ያዕቆብ ምሥራቃዊ ( ለክርስቶስ የታመነ)' on 9/22, but app maps on day [24]",Check whether AM-MEL-022 should be on day 22
SHIFTED_DAY_FEAST,WARNING,AM-MEL-022,መልክዐ አብርሃም ይሥሐቅ ያዕቆብ በአማርኛ,"12/27 vs day [24, 28]","Sinksar commemorates '""፲፪ቱ"" ደቂቀ ያዕቆብ (እሥራኤል)' on 12/27, but app maps on day [24, 28]",Check whether AM-MEL-022 should be on day 27
SHIFTED_DAY_FEAST,WARNING,GZ-MEL-124,መልክዐ አብርሃም ይሥሐቅ ወያዕቆብ በግእዝ,1/20 vs day [24],"Sinksar commemorates 'ቅዱስ አብርሃም መነኮስ' on 1/20, but app maps on day [24]",Check whether GZ-MEL-124 should be on day 20
SHIFTED_DAY_FEAST,WARNING,GZ-MEL-124,መልክዐ አብርሃም ይሥሐቅ ወያዕቆብ በግእዝ,"2/26 vs day [24, 28]","Sinksar commemorates 'ቅዱስ ያዕቆብ ሐዋርያ (ወልደ ዮሴፍ)' on 2/26, but app maps on day [24, 28]",Check whether GZ-MEL-124 should be on day 26
SHIFTED_DAY_FEAST,WARNING,GZ-MEL-124,መልክዐ አብርሃም ይሥሐቅ ወያዕቆብ በግእዝ,2/30 vs day [28],"Sinksar commemorates 'አባ አብርሃም ገዳማዊ' on 2/30, but app maps on day [28]",Check whether GZ-MEL-124 should be on day 30
SHIFTED_DAY_FEAST,WARNING,GZ-MEL-124,መልክዐ አብርሃም ይሥሐቅ ወያዕቆብ በግእዝ,"3/27 vs day [24, 28]","Sinksar commemorates 'ቅዱስ ያዕቆብ ዘግሙድ' on 3/27, but app maps on day [24, 28]",Check whether GZ-MEL-124 should be on day 27
SHIFTED_DAY_FEAST,WARNING,GZ-MEL-124,መልክዐ አብርሃም ይሥሐቅ ወያዕቆብ በግእዝ,7/30 vs day [28],"Sinksar commemorates 'ቅዱስ ያዕቆብ ዘግሙድ (ፍልሠቱ)' on 7/30, but app maps on day [28]",Check whether GZ-MEL-124 should be on day 30
SHIFTED_DAY_FEAST,WARNING,GZ-MEL-124,መልክዐ አብርሃም ይሥሐቅ ወያዕቆብ በግእዝ,9/22 vs day [24],"Sinksar commemorates 'ቅዱስ ያዕቆብ ምሥራቃዊ ( ለክርስቶስ የታመነ)' on 9/22, but app maps on day [24]",Check whether GZ-MEL-124 should be on day 22
SHIFTED_DAY_FEAST,WARNING,GZ-MEL-124,መልክዐ አብርሃም ይሥሐቅ ወያዕቆብ በግእዝ,"12/27 vs day [24, 28]","Sinksar commemorates '""፲፪ቱ"" ደቂቀ ያዕቆብ (እሥራኤል)' on 12/27, but app maps on day [24, 28]",Check whether GZ-MEL-124 should be on day 27
SHIFTED_DAY_FEAST,WARNING,AM-MEL-033,የሐዋርያው የቅዱስ ታዴዎስ መልክዕ በአማርኛ,6/4 vs day [2],"Sinksar commemorates 'ሐዋርያው አጋቦስ' on 6/4, but app maps on day [2]",Check whether AM-MEL-033 should be on day 4
SHIFTED_DAY_FEAST,WARNING,AM-MEL-037,የቅዱሳን ሠለስቱ ደቂቅ መልክዕ በአማርኛ,5/13 vs day [10],"Sinksar commemorates 'ሰባቱ ደቂቅ ቅዱሳን (ከኤፌሶን)' on 5/13, but app maps on day [10]",Check whether AM-MEL-037 should be on day 13
SHIFTED_DAY_FEAST,WARNING,AM-MEL-037,የቅዱሳን ሠለስቱ ደቂቅ መልክዕ በአማርኛ,12/20 vs day [19],"Sinksar commemorates 'ቅዱሳን ፯ቱ ደቂቅ' on 12/20, but app maps on day [19]",Check whether AM-MEL-037 should be on day 20
SHIFTED_DAY_FEAST,WARNING,GZ-MEL-047,መልክዐ ቅዱሳን ሠለስቱ ደቂቅ በግእዝ,5/13 vs day [10],"Sinksar commemorates 'ሰባቱ ደቂቅ ቅዱሳን (ከኤፌሶን)' on 5/13, but app maps on day [10]",Check whether GZ-MEL-047 should be on day 13
SHIFTED_DAY_FEAST,WARNING,GZ-MEL-047,መልክዐ ቅዱሳን ሠለስቱ ደቂቅ በግእዝ,12/20 vs day [19],"Sinksar commemorates 'ቅዱሳን ፯ቱ ደቂቅ' on 12/20, but app maps on day [19]",Check whether GZ-MEL-047 should be on day 20
SHIFTED_DAY_FEAST,WARNING,AM-MEL-042,የቅዱስ ማርቆስ 2ኛ መልክዕ በአማርኛ,10/29 vs day [30],"Sinksar commemorates 'ቅዱስ ማርቆስ ንጉሠ ሮም (ጻድቅ ንጹሕና ገዳማዊ)' on 10/29, but app maps on day [30]",Check whether AM-MEL-042 should be on day 29
SHIFTED_DAY_FEAST,WARNING,GZ-MEL-030,መልክዐ ማርቆስ በግእዝ,10/29 vs day [30],"Sinksar commemorates 'ቅዱስ ማርቆስ ንጉሠ ሮም (ጻድቅ ንጹሕና ገዳማዊ)' on 10/29, but app maps on day [30]",Check whether GZ-MEL-030 should be on day 29
SHIFTED_DAY_FEAST,WARNING,GZ-MEL-053,መልክዐ ቅዱስ ማርቆስ ካልእ በግእዝ,10/29 vs day [30],"Sinksar commemorates 'ቅዱስ ማርቆስ ንጉሠ ሮም (ጻድቅ ንጹሕና ገዳማዊ)' on 10/29, but app maps on day [30]",Check whether GZ-MEL-053 should be on day 29
SHIFTED_DAY_FEAST,WARNING,AM-MEL-043,የቅዱስ ሩፋኤል መልክዕ በአማርኛ,7/6 vs day [3],"Sinksar commemorates 'አባ ዘሩፋኤል ጻድቅ' on 7/6, but app maps on day [3]",Check whether AM-MEL-043 should be on day 6
SHIFTED_DAY_FEAST,WARNING,GZ-DRS-009,ድርሳን ቅዱስ ሩፋኤል በግእዝ,7/6 vs day [3],"Sinksar commemorates 'አባ ዘሩፋኤል ጻድቅ' on 7/6, but app maps on day [3]",Check whether GZ-DRS-009 should be on day 6
SHIFTED_DAY_FEAST,WARNING,GZ-MEL-006,መልክዐ ሊቀ መላእክት ቅዱስ ሩፋኤል በግእዝ,7/6 vs day [3],"Sinksar commemorates 'አባ ዘሩፋኤል ጻድቅ' on 7/6, but app maps on day [3]",Check whether GZ-MEL-006 should be on day 6
SHIFTED_DAY_FEAST,WARNING,AM-MEL-049,የቅዱስ ዳዊት መልክዕ በአማርኛ,1/10 vs day [6],"Sinksar commemorates 'አፄ ዳዊት ንጉሥ' on 1/10, but app maps on day [6]",Check whether AM-MEL-049 should be on day 10
SHIFTED_DAY_FEAST,WARNING,AM-MEL-049,የቅዱስ ዳዊት መልክዕ በአማርኛ,2/9 vs day [6],"Sinksar commemorates 'አፄ ዳዊት ጻድቅ ንጉሠ ኢትዮዽያ (ግማደ መስቀሉን ያመጡ)' on 2/9, but app maps on day [6]",Check whether AM-MEL-049 should be on day 9
SHIFTED_DAY_FEAST,WARNING,AM-MEL-049,የቅዱስ ዳዊት መልክዕ በአማርኛ,12/4 vs day [6],"Sinksar commemorates 'ቅዱስ ዳዊት ሰማዕት' on 12/4, but app maps on day [6]",Check whether AM-MEL-049 should be on day 4
SHIFTED_DAY_FEAST,WARNING,GZ-MEL-064,መልክዐ ቅዱስ ዳዊት በግእዝ,1/10 vs day [6],"Sinksar commemorates 'አፄ ዳዊት ንጉሥ' on 1/10, but app maps on day [6]",Check whether GZ-MEL-064 should be on day 10
SHIFTED_DAY_FEAST,WARNING,GZ-MEL-064,መልክዐ ቅዱስ ዳዊት በግእዝ,2/9 vs day [6],"Sinksar commemorates 'አፄ ዳዊት ጻድቅ ንጉሠ ኢትዮዽያ (ግማደ መስቀሉን ያመጡ)' on 2/9, but app maps on day [6]",Check whether GZ-MEL-064 should be on day 9
SHIFTED_DAY_FEAST,WARNING,GZ-MEL-064,መልክዐ ቅዱስ ዳዊት በግእዝ,12/4 vs day [6],"Sinksar commemorates 'ቅዱስ ዳዊት ሰማዕት' on 12/4, but app maps on day [6]",Check whether GZ-MEL-064 should be on day 4
SHIFTED_DAY_FEAST,WARNING,AM-MEL-054,የአቡነ ሳሙኤል ዘዋልድባ መልክዕ በአማርኛ,4/8 vs day [12],"Sinksar commemorates 'አባ ሳሙኤል ዘደብረ ቀልሞን' on 4/8, but app maps on day [12]",Check whether AM-MEL-054 should be on day 8
SHIFTED_DAY_FEAST,WARNING,AM-MEL-054,የአቡነ ሳሙኤል ዘዋልድባ መልክዕ በአማርኛ,10/9 vs day [12],"Sinksar commemorates 'ቅዱስ ሳሙኤል ነቢይ' on 10/9, but app maps on day [12]",Check whether AM-MEL-054 should be on day 9
SHIFTED_DAY_FEAST,WARNING,AM-MEL-055,የአቡነ ሳሙኤል ዘዋልድባ ኹለተኛ መልክዕ በአማርኛ,4/8 vs day [12],"Sinksar commemorates 'አባ ሳሙኤል ዘደብረ ቀልሞን' on 4/8, but app maps on day [12]",Check whether AM-MEL-055 should be on day 8
SHIFTED_DAY_FEAST,WARNING,AM-MEL-055,የአቡነ ሳሙኤል ዘዋልድባ ኹለተኛ መልክዕ በአማርኛ,10/9 vs day [12],"Sinksar commemorates 'ቅዱስ ሳሙኤል ነቢይ' on 10/9, but app maps on day [12]",Check whether AM-MEL-055 should be on day 9
SHIFTED_DAY_FEAST,WARNING,GZ-MEL-085,መልክዐ አቡነ ሳሙኤል ዘዋልድባ በግእዝ,4/8 vs day [12],"Sinksar commemorates 'አባ ሳሙኤል ዘደብረ ቀልሞን' on 4/8, but app maps on day [12]",Check whether GZ-MEL-085 should be on day 8
SHIFTED_DAY_FEAST,WARNING,GZ-MEL-085,መልክዐ አቡነ ሳሙኤል ዘዋልድባ በግእዝ,10/9 vs day [12],"Sinksar commemorates 'ቅዱስ ሳሙኤል ነቢይ' on 10/9, but app maps on day [12]",Check whether GZ-MEL-085 should be on day 9
SHIFTED_DAY_FEAST,WARNING,GZ-MEL-086,መልክዐ አቡነ ሳሙኤል ዘዋልድባ ካልዕ በግእዝ,4/8 vs day [12],"Sinksar commemorates 'አባ ሳሙኤል ዘደብረ ቀልሞን' on 4/8, but app maps on day [12]",Check whether GZ-MEL-086 should be on day 8
SHIFTED_DAY_FEAST,WARNING,GZ-MEL-086,መልክዐ አቡነ ሳሙኤል ዘዋልድባ ካልዕ በግእዝ,10/9 vs day [12],"Sinksar commemorates 'ቅዱስ ሳሙኤል ነቢይ' on 10/9, but app maps on day [12]",Check whether GZ-MEL-086 should be on day 9
SHIFTED_DAY_FEAST,WARNING,AM-ZNA-002,ዜና አበው በአማርኛ,1/3 vs day [4],"Sinksar commemorates 'አበው ኤዺስ ቆዾሳት' on 1/3, but app maps on day [4]",Check whether AM-ZNA-002 should be on day 3
SHIFTED_DAY_FEAST,WARNING,AM-ZNA-002,ዜና አበው በአማርኛ,11/1 vs day [4],"Sinksar commemorates 'አበው ቅዱሳን ብዮክና ብንያሚን' on 11/1, but app maps on day [4]",Check whether AM-ZNA-002 should be on day 1
SHIFTED_DAY_FEAST,WARNING,AM-ZNA-002,ዜና አበው በአማርኛ,12/1 vs day [4],"Sinksar commemorates 'አበው ሐዋርያት ዮሴፍና ኒቆዲሞስ' on 12/1, but app maps on day [4]",Check whether AM-ZNA-002 should be on day 1
SHIFTED_DAY_FEAST,WARNING,AM-ZNA-002,ዜና አበው በአማርኛ,12/24 vs day [26],"Sinksar commemorates 'አበው አብርሃም ይስሐቅና ያዕቆብ' on 12/24, but app maps on day [26]",Check whether AM-ZNA-002 should be on day 24
SHIFTED_DAY_FEAST,WARNING,AM-ZNA-003,ዜና ሐዋርያት በአማርኛ,9/18 vs day [15],"Sinksar commemorates 'ቅዱሳን ሐዋርያት ወአርድእት' on 9/18, but app maps on day [15]",Check whether AM-ZNA-003 should be on day 18
SHIFTED_DAY_FEAST,WARNING,AM-ZNA-003,ዜና ሐዋርያት በአማርኛ,12/1 vs day [5],"Sinksar commemorates 'አበው ሐዋርያት ዮሴፍና ኒቆዲሞስ' on 12/1, but app maps on day [5]",Check whether AM-ZNA-003 should be on day 1
SHIFTED_DAY_FEAST,WARNING,AM-ZNA-003,ዜና ሐዋርያት በአማርኛ,12/7 vs day [5],"Sinksar commemorates 'ቅዱስ ዼጥሮስ ሊቀ ሐዋርያት' on 12/7, but app maps on day [5]",Check whether AM-ZNA-003 should be on day 7
SHIFTED_DAY_FEAST,WARNING,AM-ZNA-003,ዜና ሐዋርያት በአማርኛ,12/13 vs day [15],"Sinksar commemorates 'ቅዱሳን አበው ሐዋርያት' on 12/13, but app maps on day [15]",Check whether AM-ZNA-003 should be on day 13
SHIFTED_DAY_FEAST,WARNING,AM-ZNA-003,ዜና ሐዋርያት በአማርኛ,12/16 vs day [15],"Sinksar commemorates 'ቅዱሳን ሐዋርያት' on 12/16, but app maps on day [15]",Check whether AM-ZNA-003 should be on day 16
SHIFTED_DAY_FEAST,WARNING,GZ-GDL-032,መጽሐፈ ገድለ ቅዱሳን ሐዋርያት በግእዝ,9/18 vs day [15],"Sinksar commemorates 'ቅዱሳን ሐዋርያት ወአርድእት' on 9/18, but app maps on day [15]",Check whether GZ-GDL-032 should be on day 18
SHIFTED_DAY_FEAST,WARNING,GZ-GDL-032,መጽሐፈ ገድለ ቅዱሳን ሐዋርያት በግእዝ,12/1 vs day [5],"Sinksar commemorates 'አበው ሐዋርያት ዮሴፍና ኒቆዲሞስ' on 12/1, but app maps on day [5]",Check whether GZ-GDL-032 should be on day 1
SHIFTED_DAY_FEAST,WARNING,GZ-GDL-032,መጽሐፈ ገድለ ቅዱሳን ሐዋርያት በግእዝ,12/7 vs day [5],"Sinksar commemorates 'ቅዱስ ዼጥሮስ ሊቀ ሐዋርያት' on 12/7, but app maps on day [5]",Check whether GZ-GDL-032 should be on day 7
SHIFTED_DAY_FEAST,WARNING,GZ-GDL-032,መጽሐፈ ገድለ ቅዱሳን ሐዋርያት በግእዝ,12/13 vs day [15],"Sinksar commemorates 'ቅዱሳን አበው ሐዋርያት' on 12/13, but app maps on day [15]",Check whether GZ-GDL-032 should be on day 13
SHIFTED_DAY_FEAST,WARNING,GZ-GDL-032,መጽሐፈ ገድለ ቅዱሳን ሐዋርያት በግእዝ,12/16 vs day [15],"Sinksar commemorates 'ቅዱሳን ሐዋርያት' on 12/16, but app maps on day [15]",Check whether GZ-GDL-032 should be on day 16
SHIFTED_DAY_FEAST,WARNING,GZ-MEL-023,መልክዐ ሐዋርያት በግእዝ,9/18 vs day [15],"Sinksar commemorates 'ቅዱሳን ሐዋርያት ወአርድእት' on 9/18, but app maps on day [15]",Check whether GZ-MEL-023 should be on day 18
SHIFTED_DAY_FEAST,WARNING,GZ-MEL-023,መልክዐ ሐዋርያት በግእዝ,12/1 vs day [5],"Sinksar commemorates 'አበው ሐዋርያት ዮሴፍና ኒቆዲሞስ' on 12/1, but app maps on day [5]",Check whether GZ-MEL-023 should be on day 1
SHIFTED_DAY_FEAST,WARNING,GZ-MEL-023,መልክዐ ሐዋርያት በግእዝ,12/7 vs day [5],"Sinksar commemorates 'ቅዱስ ዼጥሮስ ሊቀ ሐዋርያት' on 12/7, but app maps on day [5]",Check whether GZ-MEL-023 should be on day 7
SHIFTED_DAY_FEAST,WARNING,GZ-MEL-023,መልክዐ ሐዋርያት በግእዝ,12/13 vs day [15],"Sinksar commemorates 'ቅዱሳን አበው ሐዋርያት' on 12/13, but app maps on day [15]",Check whether GZ-MEL-023 should be on day 13
SHIFTED_DAY_FEAST,WARNING,GZ-MEL-023,መልክዐ ሐዋርያት በግእዝ,12/16 vs day [15],"Sinksar commemorates 'ቅዱሳን ሐዋርያት' on 12/16, but app maps on day [15]",Check whether GZ-MEL-023 should be on day 16
SHIFTED_DAY_FEAST,WARNING,GZ-GDL-001,ገድለ አቡነ ፊልጶስ ዘደብረ ሊባኖስ በግእዝ,8/21 vs day [23],"Sinksar commemorates 'አባ ዕንባቆም ጻድቅ ሰባኬ ሃይማኖት ዘደብረ ሊባኖስ (ኢትዮዽያዊ)' on 8/21, but app maps on day [23]",Check whether GZ-GDL-001 should be on day 21
SHIFTED_DAY_FEAST,WARNING,GZ-GDL-001,ገድለ አቡነ ፊልጶስ ዘደብረ ሊባኖስ በግእዝ,9/20 vs day [23],"Sinksar commemorates 'አባ ዘትረ ወንጌል ዘደብረ ሊባኖስ' on 9/20, but app maps on day [23]",Check whether GZ-GDL-001 should be on day 20
SHIFTED_DAY_FEAST,WARNING,GZ-GDL-001,ገድለ አቡነ ፊልጶስ ዘደብረ ሊባኖስ በግእዝ,"11/25 vs day [28, 23]","Sinksar commemorates 'አባ ሕጻን ሞዐ ዘደብረ ሊባኖስ' on 11/25, but app maps on day [28, 23]",Check whether GZ-GDL-001 should be on day 25
SHIFTED_DAY_FEAST,WARNING,GZ-GDL-034,ገድለ አቡነ ፍሬ ሚካኤል በግእዝ,2/6 vs day [3],"Sinksar commemorates 'አቡነ በጸሎተ ሚካኤል ኢትዮዽያዊ (ፍልሠቱ)' on 2/6, but app maps on day [3]",Check whether GZ-GDL-034 should be on day 6
SHIFTED_DAY_FEAST,WARNING,GZ-GDL-034,ገድለ አቡነ ፍሬ ሚካኤል በግእዝ,7/1 vs day [3],"Sinksar commemorates 'አባ ሚካኤል ዘሀገረ አትሪብና አባ ዮሐንስ ዘሀገረ ቡርልስ (፪ቱ አባቶች ሃይማኖተ አበውን ግፃዌንና ስንክሳርን ያዘጋጁ ናቸው)' on 7/1, but app maps on day [3]",Check whether GZ-GDL-034 should be on day 1
SHIFTED_DAY_FEAST,WARNING,GZ-MEL-015,መልክዐ ሊቀ መላእክት ቅዱስ ፋኑኤል በግእዝ,12/1 vs day [3],"Sinksar commemorates 'ቅድስት ሐና ነቢይት (ወለተ ፋኑኤል)' on 12/1, but app maps on day [3]",Check whether GZ-MEL-015 should be on day 1
SHIFTED_DAY_FEAST,WARNING,GZ-MEL-041,መልክዐ ሰማዕት ቅዱስ ፋሲለደስ በግእዝ,1/9 vs day [11],"Sinksar commemorates 'ቅዱስ ፋሲለደስ ሰማዕት (ልደቱ)' on 1/9, but app maps on day [11]",Check whether GZ-MEL-041 should be on day 9
SHIFTED_DAY_FEAST,WARNING,GZ-MEL-041,መልክዐ ሰማዕት ቅዱስ ፋሲለደስ በግእዝ,1/9 vs day [11],"Sinksar commemorates '""፲፬,፯፴"" ሰማዕታት (የቅዱስ ፋሲለደስ ማሕበር)' on 1/9, but app maps on day [11]",Check whether GZ-MEL-041 should be on day 9
SHIFTED_DAY_FEAST,WARNING,GZ-MEL-099,መልክዐ አቡነ አብሳዲ ዘደብረ ማርያም በግእዝ,1/26 vs day [30],"Sinksar commemorates 'ቅድስት ድንግል ማርያም' on 1/26, but app maps on day [30]",Check whether GZ-MEL-099 should be on day 26
SHIFTED_DAY_FEAST,WARNING,GZ-MEL-099,መልክዐ አቡነ አብሳዲ ዘደብረ ማርያም በግእዝ,3/26 vs day [30],"Sinksar commemorates 'አቡነ ሃብተ ማርያም ንጹሕ' on 3/26, but app maps on day [30]",Check whether GZ-MEL-099 should be on day 26
SHIFTED_DAY_FEAST,WARNING,GZ-MEL-099,መልክዐ አቡነ አብሳዲ ዘደብረ ማርያም በግእዝ,4/27 vs day [30],"Sinksar commemorates 'ቅዱስ አብሳዲ ሰማዕት' on 4/27, but app maps on day [30]",Check whether GZ-MEL-099 should be on day 27
SHIFTED_DAY_FEAST,WARNING,GZ-MEL-099,መልክዐ አቡነ አብሳዲ ዘደብረ ማርያም በግእዝ,4/28 vs day [30],"Sinksar commemorates 'ዕለተ ማርያም ድንግል' on 4/28, but app maps on day [30]",Check whether GZ-MEL-099 should be on day 28
SHIFTED_DAY_FEAST,WARNING,GZ-MEL-099,መልክዐ አቡነ አብሳዲ ዘደብረ ማርያም በግእዝ,7/29 vs day [30],"Sinksar commemorates 'ቅድስት ማርያም መግደላዊት' on 7/29, but app maps on day [30]",Check whether GZ-MEL-099 should be on day 29
SHIFTED_DAY_FEAST,WARNING,GZ-MEL-109,መልክዐ አቡነ ዮሐንስ ከማ በግእዝ,1/27 vs day [25],"Sinksar commemorates 'አባ ዮሐንስ ዘደብረ ጽጌ' on 1/27, but app maps on day [25]",Check whether GZ-MEL-109 should be on day 27
SHIFTED_DAY_FEAST,WARNING,GZ-MEL-109,መልክዐ አቡነ ዮሐንስ ከማ በግእዝ,2/21 vs day [25],"Sinksar commemorates 'አባ ዮሐንስ ዘኢየሩሳሌም' on 2/21, but app maps on day [25]",Check whether GZ-MEL-109 should be on day 21
SHIFTED_DAY_FEAST,WARNING,GZ-MEL-109,መልክዐ አቡነ ዮሐንስ ከማ በግእዝ,3/21 vs day [25],"Sinksar commemorates 'ቅዱስ ዮሐንስ ዘአስዩጥ' on 3/21, but app maps on day [25]",Check whether GZ-MEL-109 should be on day 21
SHIFTED_DAY_FEAST,WARNING,GZ-MEL-109,መልክዐ አቡነ ዮሐንስ ከማ በግእዝ,3/27 vs day [25],"Sinksar commemorates 'አባ ገብረ ዮሐንስ ጻድቅ' on 3/27, but app maps on day [25]",Check whether GZ-MEL-109 should be on day 27
SHIFTED_DAY_FEAST,WARNING,GZ-MEL-109,መልክዐ አቡነ ዮሐንስ ከማ በግእዝ,7/27 vs day [25],"Sinksar commemorates 'ቅዱስ ዮሐንስ (ፍቁረ እግዚእ)' on 7/27, but app maps on day [25]",Check whether GZ-MEL-109 should be on day 27
SHIFTED_DAY_FEAST,WARNING,GZ-MEL-109,መልክዐ አቡነ ዮሐንስ ከማ በግእዝ,8/21 vs day [25],"Sinksar commemorates 'ቅዱስ ዮሐንስ (ፍቁረ እግዚእ)' on 8/21, but app maps on day [25]",Check whether GZ-MEL-109 should be on day 21
SHIFTED_DAY_FEAST,WARNING,GZ-MEL-109,መልክዐ አቡነ ዮሐንስ ከማ በግእዝ,8/26 vs day [25],"Sinksar commemorates 'ቅዱስ ዮሐንስ ሰማዕት (ወልደ ፀራቢ)' on 8/26, but app maps on day [25]",Check whether GZ-MEL-109 should be on day 26
SHIFTED_DAY_FEAST,WARNING,GZ-MEL-109,መልክዐ አቡነ ዮሐንስ ከማ በግእዝ,9/27 vs day [25],"Sinksar commemorates 'አባ ዮሐንስ ሊቀ ዻዻሳት' on 9/27, but app maps on day [25]",Check whether GZ-MEL-109 should be on day 27
SHIFTED_DAY_FEAST,WARNING,GZ-MEL-109,መልክዐ አቡነ ዮሐንስ ከማ በግእዝ,11/29 vs day [25],"Sinksar commemorates 'እጨጌ አባ ዮሐንስ (ዘጐንድ)' on 11/29, but app maps on day [25]",Check whether GZ-MEL-109 should be on day 29
SHIFTED_DAY_FEAST,WARNING,GZ-MEL-109,መልክዐ አቡነ ዮሐንስ ከማ በግእዝ,12/29 vs day [25],"Sinksar commemorates 'ቅዱስ አባ ዮሐንስ ሐጺር (ፍልሠቱ)' on 12/29, but app maps on day [25]",Check whether GZ-MEL-109 should be on day 29
SHIFTED_DAY_FEAST,WARNING,GZ-MEL-139,መልክዐ እግዚአብሔር አብ በግእዝ,10/16 vs day [13],"Sinksar commemorates 'የእግዚአብሔር መልአክ ለዮሴፍ በሕልም ከግብጽ እንዲመለስ የነገረበት (ተዝካረ ሚጠታ ለእግዝእትነ ማርያም )' on 10/16, but app maps on day [13]",Check whether GZ-MEL-139 should be on day 16
SHIFTED_DAY_FEAST,WARNING,GZ-MEL-140,መልክዐ እግዚአብሔር አብ ካልዕ በግእዝ,10/16 vs day [13],"Sinksar commemorates 'የእግዚአብሔር መልአክ ለዮሴፍ በሕልም ከግብጽ እንዲመለስ የነገረበት (ተዝካረ ሚጠታ ለእግዝእትነ ማርያም )' on 10/16, but app maps on day [13]",Check whether GZ-MEL-140 should be on day 16
SHIFTED_DAY_FEAST,WARNING,GZ-MEL-038,መልክዐ ሰላማ በግእዝ,1/24 vs day [26],"Sinksar commemorates 'አቡነ ሰላማ' on 1/24, but app maps on day [26]",Check whether GZ-MEL-038 should be on day 24
SHIFTED_DAY_FEAST,WARNING,GZ-MEL-038,መልክዐ ሰላማ በግእዝ,12/20 vs day [18],"Sinksar commemorates 'አቡነ ሰላማ ካልዕ (መተርጉም)' on 12/20, but app maps on day [18]",Check whether GZ-MEL-038 should be on day 20
SHIFTED_DAY_FEAST,WARNING,GZ-MEL-158,መልክዐ ጴጥሮስ ወጳውሎስ በግእዝ,4/1 vs day [5],"Sinksar commemorates 'ቅዱስ ጴጥሮስ ዘጋዛ' on 4/1, but app maps on day [5]",Check whether GZ-MEL-158 should be on day 1
SHIFTED_DAY_FEAST,WARNING,GZ-MEL-158,መልክዐ ጴጥሮስ ወጳውሎስ በግእዝ,6/9 vs day [5],"Sinksar commemorates 'ቅዱስ ጳውሎስ ሶርያዊ (ሰማዕት)' on 6/9, but app maps on day [5]",Check whether GZ-MEL-158 should be on day 9
SHIFTED_DAY_FEAST,WARNING,GZ-MEL-158,መልክዐ ጴጥሮስ ወጳውሎስ በግእዝ,6/9 vs day [5],"Sinksar commemorates 'ቅዱስ ጴጥሮስ ሰማዕት' on 6/9, but app maps on day [5]",Check whether GZ-MEL-158 should be on day 9
SHIFTED_DAY_FEAST,WARNING,GZ-MEL-008,መልክዐ ሊቀ መላእክት ቅዱስ ሱርያል በግእዝ,11/30 vs day [27],"Sinksar commemorates 'ቅዱስ ሱርያል (እሥራልዩ) ሊቀ መላእክት' on 11/30, but app maps on day [27]",Check whether GZ-MEL-008 should be on day 30
SHIFTED_DAY_FEAST,WARNING,GZ-MEL-083,መልክዐ አቡነ ሰይፈ ሚካኤል በግእዝ,7/16 vs day [19],"Sinksar commemorates 'ቅዱስ አባ ሚካኤል ሊቀ ዻዻሳት' on 7/16, but app maps on day [19]",Check whether GZ-MEL-083 should be on day 16
SHIFTED_DAY_FEAST,WARNING,GZ-MEL-083,መልክዐ አቡነ ሰይፈ ሚካኤል በግእዝ,7/20 vs day [19],"Sinksar commemorates 'አባ ሚካኤል ሊቀ ዻዻሳት' on 7/20, but app maps on day [19]",Check whether GZ-MEL-083 should be on day 20
SHIFTED_DAY_FEAST,WARNING,GZ-MEL-083,መልክዐ አቡነ ሰይፈ ሚካኤል በግእዝ,8/22 vs day [19],"Sinksar commemorates 'አባ ሚካኤል ዘኢየሩሳሌም' on 8/22, but app maps on day [19]",Check whether GZ-MEL-083 should be on day 22
SHIFTED_DAY_FEAST,WARNING,GZ-MEL-083,መልክዐ አቡነ ሰይፈ ሚካኤል በግእዝ,8/22 vs day [19],"Sinksar commemorates 'አባ ሚካኤል ዘእስክንድርያ' on 8/22, but app maps on day [19]",Check whether GZ-MEL-083 should be on day 22
SHIFTED_DAY_FEAST,WARNING,GZ-MEL-083,መልክዐ አቡነ ሰይፈ ሚካኤል በግእዝ,9/16 vs day [19],"Sinksar commemorates 'ቅድስት እናታችን ዐስበ ሚካኤል (ኢትዮዽያዊት)' on 9/16, but app maps on day [19]",Check whether GZ-MEL-083 should be on day 16
SHIFTED_DAY_FEAST,WARNING,GZ-MEL-083,መልክዐ አቡነ ሰይፈ ሚካኤል በግእዝ,11/21 vs day [19],"Sinksar commemorates 'አቡነ በጸሎተ ሚካኤል ጻድቅ (ኢትዮዽያዊ)' on 11/21, but app maps on day [19]",Check whether GZ-MEL-083 should be on day 21
SHIFTED_DAY_FEAST,WARNING,GZ-MEL-113,መልክዐ አቡነ ዮናስ ዘደብረ ድኁኃን ዘደብረ ጽጌ ወዘደብረ ጽዮን በግእዝ,3/21 vs day [17],"Sinksar commemorates 'ቅድስት ጽዮን ድንግል ማርያም' on 3/21, but app maps on day [17]",Check whether GZ-MEL-113 should be on day 21
SHIFTED_DAY_FEAST,WARNING,GZ-MEL-107,መልክዐ አቡነ የሐንስ ዘደብረ ቢዘን በግእዝ,3/14 vs day [13],"Sinksar commemorates 'አባ ዮሐንስ ዘደብረ ቢዘን (ኤርትራ)' on 3/14, but app maps on day [13]",Check whether GZ-MEL-107 should be on day 14
SHIFTED_DAY_FEAST,WARNING,GZ-MEL-033,መልክዐ ሠለስቱ ምዕት በግእዝ,9/10 vs day [9],"Sinksar commemorates 'ሠለስቱ ደቂቅ ቅዱሳን (አናንያ አዛርያና ሚሳኤል)' on 9/10, but app maps on day [9]",Check whether GZ-MEL-033 should be on day 10
SHIFTED_DAY_FEAST,WARNING,GZ-MEL-070,መልክዐ ተክለ ማርያም ዘይሰመይ መብዓ ጽዮን በግእዝ,1/10 vs day [13],"Sinksar commemorates 'ቅድስት ድንግል እግዝእትነ ማርያም' on 1/10, but app maps on day [13]",Check whether GZ-MEL-070 should be on day 10
SHIFTED_DAY_FEAST,WARNING,GZ-MEL-070,መልክዐ ተክለ ማርያም ዘይሰመይ መብዓ ጽዮን በግእዝ,1/15 vs day [13],"Sinksar commemorates 'አቡነ ገብረ ማርያም ዘሐንታ' on 1/15, but app maps on day [13]",Check whether GZ-MEL-070 should be on day 15
SHIFTED_DAY_FEAST,WARNING,GZ-MEL-070,መልክዐ ተክለ ማርያም ዘይሰመይ መብዓ ጽዮን በግእዝ,3/12 vs day [13],"Sinksar commemorates 'አፄ በዕደ ማርያም ጻድቅ' on 3/12, but app maps on day [13]",Check whether GZ-MEL-070 should be on day 12
SHIFTED_DAY_FEAST,WARNING,GZ-MEL-070,መልክዐ ተክለ ማርያም ዘይሰመይ መብዓ ጽዮን በግእዝ,4/16 vs day [13],"Sinksar commemorates 'ማርያም እህተ ሙሴ' on 4/16, but app maps on day [13]",Check whether GZ-MEL-070 should be on day 16
SHIFTED_DAY_FEAST,WARNING,GZ-MEL-070,መልክዐ ተክለ ማርያም ዘይሰመይ መብዓ ጽዮን በግእዝ,6/16 vs day [13],"Sinksar commemorates 'ቅዱስ ገብረ ማርያም ጻድቅ ንጉሠ ኢትዮዽያ (የቅ/ላሊበላ ወንድም)' on 6/16, but app maps on day [13]",Check whether GZ-MEL-070 should be on day 16
SHIFTED_DAY_FEAST,WARNING,GZ-MEL-070,መልክዐ ተክለ ማርያም ዘይሰመይ መብዓ ጽዮን በግእዝ,12/16 vs day [13],"Sinksar commemorates 'ቅድስት ድንግል እግዝእትነ ማርያም (ፍልሠቷ ትንሳኤዋና ዕርገቷ)' on 12/16, but app maps on day [13]",Check whether GZ-MEL-070 should be on day 16
SHIFTED_DAY_FEAST,WARNING,GZ-MEL-148,መልክዐ ይምርሃነ ክርስቶስ በግእዝ,3/17 vs day [19],"Sinksar commemorates 'ቅድስት ወለተ ዻውሎስና ወለተ ክርስቶስ' on 3/17, but app maps on day [19]",Check whether GZ-MEL-148 should be on day 17
SHIFTED_DAY_FEAST,WARNING,GZ-MEL-148,መልክዐ ይምርሃነ ክርስቶስ በግእዝ,12/18 vs day [19],"Sinksar commemorates 'አባ ዘ ክርስቶስ ዘወሎ (ኢትዮዽያዊ ጻድቅ)' on 12/18, but app maps on day [19]",Check whether GZ-MEL-148 should be on day 18
SHIFTED_DAY_FEAST,WARNING,GZ-MEL-138,መልክዐ እንጦንዮስ በግእዝ,1/25 vs day [22],"Sinksar commemorates 'ቅዱስ እንጦንዮስ' on 1/25, but app maps on day [22]",Check whether GZ-MEL-138 should be on day 25
SHIFTED_DAY_FEAST,WARNING,GZ-MEL-110,መልክዐ አቡነ ዮሐንስ ዘድብረ ዳጋ በግእዝ,1/7 vs day [8],"Sinksar commemorates 'ቅዱሳን አጋቶን ዼጥሮስ ዮሐንስ አሞንና እናታቸው ራፊቃ (ሰማዕታት)' on 1/7, but app maps on day [8]",Check whether GZ-MEL-110 should be on day 7
SHIFTED_DAY_FEAST,WARNING,GZ-MEL-110,መልክዐ አቡነ ዮሐንስ ዘድብረ ዳጋ በግእዝ,2/4 vs day [8],"Sinksar commemorates 'ቅዱስ ዮሐንስ ሕጽው' on 2/4, but app maps on day [8]",Check whether GZ-MEL-110 should be on day 4
SHIFTED_DAY_FEAST,WARNING,GZ-MEL-110,መልክዐ አቡነ ዮሐንስ ዘድብረ ዳጋ በግእዝ,2/10 vs day [8],"Sinksar commemorates 'ቅዱስ ዮሐንስ መስተጋድል' on 2/10, but app maps on day [8]",Check whether GZ-MEL-110 should be on day 10
SHIFTED_DAY_FEAST,WARNING,GZ-MEL-110,መልክዐ አቡነ ዮሐንስ ዘድብረ ዳጋ በግእዝ,3/4 vs day [8],"Sinksar commemorates 'ቅዱሳን ያዕቆብና ዮሐንስ' on 3/4, but app maps on day [8]",Check whether GZ-MEL-110 should be on day 4
SHIFTED_DAY_FEAST,WARNING,GZ-MEL-110,መልክዐ አቡነ ዮሐንስ ዘድብረ ዳጋ በግእዝ,3/7 vs day [8],"Sinksar commemorates 'ቅዱሳን መርቆሬዎስና ዮሐንስ (ጻድቃን ወሰማዕት)' on 3/7, but app maps on day [8]",Check whether GZ-MEL-110 should be on day 7
SHIFTED_DAY_FEAST,WARNING,GZ-MEL-110,መልክዐ አቡነ ዮሐንስ ዘድብረ ዳጋ በግእዝ,4/12 vs day [8],"Sinksar commemorates 'ቅዱስ ዮሐንስ ተአማኒ' on 4/12, but app maps on day [8]",Check whether GZ-MEL-110 should be on day 12
SHIFTED_DAY_FEAST,WARNING,GZ-MEL-110,መልክዐ አቡነ ዮሐንስ ዘድብረ ዳጋ በግእዝ,5/4 vs day [8],"Sinksar commemorates 'ቅዱስ ዮሐንስ ሐዋርያ (ፍቁረ እግዚእ)' on 5/4, but app maps on day [8]",Check whether GZ-MEL-110 should be on day 4
SHIFTED_DAY_FEAST,WARNING,GZ-MEL-110,መልክዐ አቡነ ዮሐንስ ዘድብረ ዳጋ በግእዝ,5/11 vs day [8],"Sinksar commemorates 'አባ ዮሐንስ ሊቀ ዻዻሳት' on 5/11, but app maps on day [8]",Check whether GZ-MEL-110 should be on day 11
SHIFTED_DAY_FEAST,WARNING,GZ-MEL-110,መልክዐ አቡነ ዮሐንስ ዘድብረ ዳጋ በግእዝ,6/6 vs day [8],"Sinksar commemorates 'ቅዱሳን አቡቂርና ዮሐንስ (ሰማዕታት)' on 6/6, but app maps on day [8]",Check whether GZ-MEL-110 should be on day 6
SHIFTED_DAY_FEAST,WARNING,GZ-MEL-110,መልክዐ አቡነ ዮሐንስ ዘድብረ ዳጋ በግእዝ,8/11 vs day [8],"Sinksar commemorates 'ቅዱስ ዮሐንስ ኤዺስ ቆዾስ' on 8/11, but app maps on day [8]",Check whether GZ-MEL-110 should be on day 11
SHIFTED_DAY_FEAST,WARNING,GZ-MEL-110,መልክዐ አቡነ ዮሐንስ ዘድብረ ዳጋ በግእዝ,9/4 vs day [8],"Sinksar commemorates 'አባ ዮሐንስ ሊቀ ዻዻሳት' on 9/4, but app maps on day [8]",Check whether GZ-MEL-110 should be on day 4
SHIFTED_DAY_FEAST,WARNING,GZ-MEL-110,መልክዐ አቡነ ዮሐንስ ዘድብረ ዳጋ በግእዝ,9/12 vs day [8],"Sinksar commemorates 'ቅዱስ ዮሐንስ አፈ ወርቅ (የዓለም ሁሉ መምሕር)' on 9/12, but app maps on day [8]",Check whether GZ-MEL-110 should be on day 12
SHIFTED_DAY_FEAST,WARNING,GZ-MEL-110,መልክዐ አቡነ ዮሐንስ ዘድብረ ዳጋ በግእዝ,10/9 vs day [8],"Sinksar commemorates 'ቅዱስ ዮሐንስ' on 10/9, but app maps on day [8]",Check whether GZ-MEL-110 should be on day 9
SHIFTED_DAY_FEAST,WARNING,GZ-MEL-110,መልክዐ አቡነ ዮሐንስ ዘድብረ ዳጋ በግእዝ,11/4 vs day [8],"Sinksar commemorates 'ቅዱሳን ሰማዕታት አቡቂርና ዮሐንስ (ቅዳሴ ቤታቸው)' on 11/4, but app maps on day [8]",Check whether GZ-MEL-110 should be on day 4
SHIFTED_DAY_FEAST,WARNING,GZ-MEL-110,መልክዐ አቡነ ዮሐንስ ዘድብረ ዳጋ በግእዝ,11/11 vs day [8],"Sinksar commemorates 'ቅዱስ አባ ዮሐንስ (ሰማዕት ወጻድቅ)' on 11/11, but app maps on day [8]",Check whether GZ-MEL-110 should be on day 11
SHIFTED_DAY_FEAST,WARNING,GZ-MEL-110,መልክዐ አቡነ ዮሐንስ ዘድብረ ዳጋ በግእዝ,12/5 vs day [8],"Sinksar commemorates 'ቅዱስ ዮሐንስ ጻድቅ' on 12/5, but app maps on day [8]",Check whether GZ-MEL-110 should be on day 5
SHIFTED_DAY_FEAST,WARNING,GZ-MEL-110,መልክዐ አቡነ ዮሐንስ ዘድብረ ዳጋ በግእዝ,12/10 vs day [8],"Sinksar commemorates 'ቅዱሳን ቢካቦስና ዮሐንስ (ሰማዕታት)' on 12/10, but app maps on day [8]",Check whether GZ-MEL-110 should be on day 10
SHIFTED_DAY_FEAST,WARNING,GZ-GDL-018,ገድለ አቡነ ዮሐንስ በግእዝ,1/27 vs day [29],"Sinksar commemorates 'አባ ዮሐንስ ዘደብረ ጽጌ' on 1/27, but app maps on day [29]",Check whether GZ-GDL-018 should be on day 27
SHIFTED_DAY_FEAST,WARNING,GZ-GDL-018,ገድለ አቡነ ዮሐንስ በግእዝ,1/30 vs day [29],"Sinksar commemorates 'ቅዱሳን ያዕቆብና ዮሐንስ ሐዋርያት (ለወንጌል የተጠሩበት)' on 1/30, but app maps on day [29]",Check whether GZ-GDL-018 should be on day 30
SHIFTED_DAY_FEAST,WARNING,GZ-GDL-018,ገድለ አቡነ ዮሐንስ በግእዝ,2/30 vs day [29],"Sinksar commemorates 'ቅዱስ ዮሐንስ መጥምቀ መለኮት' on 2/30, but app maps on day [29]",Check whether GZ-GDL-018 should be on day 30
SHIFTED_DAY_FEAST,WARNING,GZ-GDL-018,ገድለ አቡነ ዮሐንስ በግእዝ,3/27 vs day [29],"Sinksar commemorates 'አባ ገብረ ዮሐንስ ጻድቅ' on 3/27, but app maps on day [29]",Check whether GZ-GDL-018 should be on day 27
SHIFTED_DAY_FEAST,WARNING,GZ-GDL-018,ገድለ አቡነ ዮሐንስ በግእዝ,4/25 vs day [29],"Sinksar commemorates 'ቅዱስ ዮሐንስ ከማ (እና የተቀደሰች ሚስቱ)' on 4/25, but app maps on day [29]",Check whether GZ-GDL-018 should be on day 25
SHIFTED_DAY_FEAST,WARNING,GZ-GDL-018,ገድለ አቡነ ዮሐንስ በግእዝ,4/30 vs day [29],"Sinksar commemorates 'አባ ዮሐንስ አበ ምኔት' on 4/30, but app maps on day [29]",Check whether GZ-GDL-018 should be on day 30
SHIFTED_DAY_FEAST,WARNING,GZ-GDL-018,ገድለ አቡነ ዮሐንስ በግእዝ,4/30 vs day [29],"Sinksar commemorates 'አባ ዮሐንስ ብጹዕ' on 4/30, but app maps on day [29]",Check whether GZ-GDL-018 should be on day 30
SHIFTED_DAY_FEAST,WARNING,GZ-GDL-018,ገድለ አቡነ ዮሐንስ በግእዝ,6/30 vs day [29],"Sinksar commemorates 'ቅዱስ ዮሐንስ መጥምቀ መለኮት' on 6/30, but app maps on day [29]",Check whether GZ-GDL-018 should be on day 30
SHIFTED_DAY_FEAST,WARNING,GZ-GDL-018,ገድለ አቡነ ዮሐንስ በግእዝ,7/27 vs day [29],"Sinksar commemorates 'ቅዱስ ዮሐንስ (ፍቁረ እግዚእ)' on 7/27, but app maps on day [29]",Check whether GZ-GDL-018 should be on day 27
SHIFTED_DAY_FEAST,WARNING,GZ-GDL-018,ገድለ አቡነ ዮሐንስ በግእዝ,8/26 vs day [29],"Sinksar commemorates 'ቅዱስ ዮሐንስ ሰማዕት (ወልደ ፀራቢ)' on 8/26, but app maps on day [29]",Check whether GZ-GDL-018 should be on day 26
SHIFTED_DAY_FEAST,WARNING,GZ-GDL-018,ገድለ አቡነ ዮሐንስ በግእዝ,9/27 vs day [29],"Sinksar commemorates 'አባ ዮሐንስ ሊቀ ዻዻሳት' on 9/27, but app maps on day [29]",Check whether GZ-GDL-018 should be on day 27
SHIFTED_DAY_FEAST,WARNING,GZ-GDL-018,ገድለ አቡነ ዮሐንስ በግእዝ,10/30 vs day [29],"Sinksar commemorates 'ቅዱስ ዮሐንስ መጥምቀ መለኮት (ልደቱ)' on 10/30, but app maps on day [29]",Check whether GZ-GDL-018 should be on day 30
SHIFTED_DAY_FEAST,WARNING,GZ-MEL-094,መልክዐ አቡነ ቶማስ ዘዘናቁዴ በግእዝ,3/4 vs day [3],"Sinksar commemorates 'ቅዱስ ቶማስ ዘደማስቆ' on 3/4, but app maps on day [3]",Check whether GZ-MEL-094 should be on day 4
SHIFTED_DAY_FEAST,WARNING,GZ-MEL-094,መልክዐ አቡነ ቶማስ ዘዘናቁዴ በግእዝ,6/2 vs day [3],"Sinksar commemorates 'ቅዱስ ቶማስ ሐዋርያ' on 6/2, but app maps on day [3]",Check whether GZ-MEL-094 should be on day 2
SHIFTED_DAY_FEAST,WARNING,GZ-MEL-094,መልክዐ አቡነ ቶማስ ዘዘናቁዴ በግእዝ,8/6 vs day [3],"Sinksar commemorates 'ቅዱስ ቶማስ ሐዋርያ (የጌታችንን ጐኑን የዳሰሰበት)' on 8/6, but app maps on day [3]",Check whether GZ-MEL-094 should be on day 6
SHIFTED_DAY_FEAST,WARNING,GZ-MEL-094,መልክዐ አቡነ ቶማስ ዘዘናቁዴ በግእዝ,11/1 vs day [3],"Sinksar commemorates 'ቅዱስ ቶማስ ሐዋርያ' on 11/1, but app maps on day [3]",Check whether GZ-MEL-094 should be on day 1
SHIFTED_DAY_FEAST,WARNING,GZ-MEL-081,መልክዐ አቡነ ማቴዎስ ዘደብረ በርበሬ በግእዝ ካልእ,2/12 vs day [13],"Sinksar commemorates 'ቅዱስ ማቴዎስ ሐዋርያ' on 2/12, but app maps on day [13]",Check whether GZ-MEL-081 should be on day 12
SHIFTED_DAY_FEAST,WARNING,GZ-MEL-080,መልክዐ አቡነ ማቴዎስ ዘደብረ በርበሬ በግእዝ,2/12 vs day [14],"Sinksar commemorates 'ቅዱስ ማቴዎስ ሐዋርያ' on 2/12, but app maps on day [14]",Check whether GZ-MEL-080 should be on day 12
SHIFTED_DAY_FEAST,WARNING,GZ-MEL-076,መልክዐ አቡነ መርቆሬዎስ ዘደብረ ድማኅ በግእዝ,1/18 vs day [16],"Sinksar commemorates 'ቅዱስ መርቆሬዎስ ካልዕ (ሰማዕት)' on 1/18, but app maps on day [16]",Check whether GZ-MEL-076 should be on day 18
SHIFTED_DAY_FEAST,WARNING,GZ-MEL-103,መልክዐ አቡነ እንድርያስ ዘደብረ ጽጌ በግእዝ,4/4 vs day [1],"Sinksar commemorates 'ቅዱስ እንድርያስ ሐዋርያ' on 4/4, but app maps on day [1]",Check whether GZ-MEL-103 should be on day 4
SHIFTED_DAY_FEAST,WARNING,GZ-MEL-102,መልክዐ አቡነ እንድርያስ ዘደብረ ስኂን (ፅፉን) በግእዝ,11/30 vs day [29],"Sinksar commemorates 'ቅዱስ እንድርያስ ሐዋርያ' on 11/30, but app maps on day [29]",Check whether GZ-MEL-102 should be on day 30
SHIFTED_DAY_FEAST,WARNING,GZ-MEL-102,መልክዐ አቡነ እንድርያስ ዘደብረ ስኂን (ፅፉን) በግእዝ,12/30 vs day [29],"Sinksar commemorates 'ቅዱስ እንድርያስ ሐዋርያ' on 12/30, but app maps on day [29]",Check whether GZ-MEL-102 should be on day 30
SHIFTED_DAY_FEAST,WARNING,GZ-MEL-135,መልክዐ ኤዎስጣቴዎስ በግእዝ,4/15 vs day [18],"Sinksar commemorates 'አቡነ ኤዎስጣቴዎስ ረባን' on 4/15, but app maps on day [18]",Check whether GZ-MEL-135 should be on day 15
SHIFTED_DAY_FEAST,WARNING,GZ-MEL-135,መልክዐ ኤዎስጣቴዎስ በግእዝ,11/21 vs day [18],"Sinksar commemorates 'አቡነ ኤዎስጣቴዎስ (ኢትዮዽያዊ) ልደታቸው' on 11/21, but app maps on day [18]",Check whether GZ-MEL-135 should be on day 21
EMPTY_CALENDAR_DAY,INFO,NONE,NONE,13/2,Day ጳጉሜን 2 has 0 books mapped in app (Sinksar has 1 commemorations),Check if any prayers can be mapped to this date
EMPTY_CALENDAR_DAY,INFO,NONE,NONE,13/4,Day ጳጉሜን 4 has 0 books mapped in app (Sinksar has 3 commemorations),Check if any prayers can be mapped to this date
EMPTY_CALENDAR_DAY,INFO,NONE,NONE,13/5,Day ጳጉሜን 5 has 0 books mapped in app (Sinksar has 4 commemorations),Check if any prayers can be mapped to this date
