eth_date,day_id,saint_name,saint_core,kind,status,books_on_correct_date,all_books_exist,mapped_dates_in_tselot
1-1,1,ርዕሰ ዓውደ ዓመት,ርዕሰ ዓውደ ዓመት,annual,NO_BOOK,,,
1-1,1,ቅዱስ በርተሎሜዎስ ሐዋርያ,በርተሎሜዎስ,annual,NO_BOOK,,,
1-1,1,ቅዱስ /ማር/ ሚልኪ (ትሩፈ ምግባር),/ማር/ ሚልኪ,annual,NO_BOOK,,,
1-1,1,ቅዱስ ራጉኤል ሊቀ መላእክት,ራጉኤል ሊቀ መላእክት,annual,CORRECT,AM-MEL-014:መልክዐ ቅዱስ ራጉኤል በአማርኛ | GZ-MEL-007:መልክዐ ሊቀ መላእክት ቅዱስ ራጉኤል በግእዝ | GZ-DRS-003:ድርሳነ ቅዱስ ራጉኤል በግእዝ | AM-DRS-010:ድርሳነ ቅዱስ ራጉኤል በአማርኛ,AM-DIR-001:የሰባቱ ሊቃነ መላእክት ድርሳን በአማርኛ | AM-MEL-014:መልክዐ ቅዱስ ራጉኤል በአማርኛ | AM-MEL-038:የቅዱሳን አእላፍ መላእክት 2ኛ መልክዕ በአማርኛ | GZ-MEL-004:መልክዐ ሊቀ መላእክት ቅዱስ ሚካኤል ሣልስ በግእዝ | GZ-MEL-005:መልክዐ ሊቀ መላእክት ቅዱስ ሚካኤል ካልዕ በግእዝ | GZ-MEL-006:መልክዐ ሊቀ መላእክት ቅዱስ ሩፋኤል በግእዝ | GZ-MEL-007:መልክዐ ሊቀ መላእክት ቅዱስ ራጉኤል በግእዝ | GZ-MEL-008:መልክዐ ሊቀ መላእክት ቅዱስ ሱርያል በግእዝ | GZ-MEL-009:መልክዐ ሊቀ መላእክት ቅዱስ በግእዝ | GZ-MEL-010:መልክዐ ሊቀ መላእክት ቅዱስ አፍኒን በግእዝ | GZ-MEL-011:መልክዐ ሊቀ መላእክት ቅዱስ ዑራኤል በግእዝ | GZ-MEL-012:መልክዐ ሊቀ መላእክት ቅዱስ ዑራኤል ካልእ በግእዝ | GZ-MEL-013:መልክዐ ሊቀ መላእክት ቅዱስ ገብርኤል በግእዝ | GZ-MEL-014:መልክዐ ሊቀ መላእክት ቅዱስ ገብርኤል ካልዕ (ደቅስዮስ) በግእዝ | GZ-MEL-015:መልክዐ ሊቀ መላእክት ቅዱስ ፋኑኤል በግእዝ | GZ-MEL-125:መልክዐ አእላፍ መላእክት በግእዝ | GZ-MEL-126:መልክዐ አእላፍ መላእክት ካልእ በግእዝ | GZ-MEL-165:መልክዐ ሊቀ መላእክት ቅዱስ ሚካኤል ካልዕ በግእ | GZ-DRS-003:ድርሳነ ቅዱስ ራጉኤል በግእዝ | AM-DRS-010:ድርሳነ ቅዱስ ራጉኤል በአማርኛ,"1-1, 1-1, 1-1, 1-1, 1-3, 1-9, 1-9, 1-9, 1-12, 1-12"
1-1,1,ቅዱስ ኢዮብ ተአጋሲ,ኢዮብ ተአጋሲ,annual,NO_BOOK,,,
1-1,1,ቅዱስ ሜልዮስ ሊቀ ዻዻሳት,ሜልዮስ ሊቀ ዻዻሳት,annual,NO_BOOK,,,
1-1,1,ልደታ ለማርያም ድንግል እግዝእትነ,ልደታ ለማርያም ድንግል እግዝእትነ,monthly,CORRECT,GZ-MEL-020:መልክዐ ልደታ በግእዝ | GZ-MTS-001:መጽሐፈ ልደታ ለማርያም በግእዝ,GZ-MEL-020:መልክዐ ልደታ በግእዝ | GZ-MTS-001:መጽሐፈ ልደታ ለማርያም በግእዝ,"1-1, 1-1, 2-1, 2-1, 3-1, 3-1, 4-1, 4-1, 5-1, 5-1"
1-1,1,ቅዱሳን ኢያቄም ወሐና,ኢያቄም ወሐና,monthly,CORRECT,GZ-MEL-133:መልክዐ ኢያቄም በግእዝ | AM-DRS-001:የቅዱስ ኢያቄምና- የቅድስት ሐና ድርሳን በአማርኛ | GZ-DRS-007:ድርሳን ዘቅዱስ ኢያቄም ወቅድስት ሐና በግእዝ,GZ-MEL-133:መልክዐ ኢያቄም በግእዝ | AM-DRS-001:የቅዱስ ኢያቄምና- የቅድስት ሐና ድርሳን በአማርኛ | GZ-DRS-007:ድርሳን ዘቅዱስ ኢያቄም ወቅድስት ሐና በግእዝ,"1-1, 1-1, 1-1, 1-3, 1-3, 1-3, 1-7, 1-7, 1-7, 1-11"
1-2,2,ቅዱስ ዮሐንስ ነቢይ (መጥምቀ መለኮት),ዮሐንስ ነቢይ,annual,CORRECT,AM-MEL-048:የቅዱስ ዮሐንስ መጥምቅ መልክዕ በአማርኛ | GZ-MEL-060:መልክዐ ቅዱስ ዮሐንስ መጥምቅ በግእዝ,AM-MEL-016:መልክዐ ቅዱስ ዮሐንስ ወንጌላዊ በአማርኛ | AM-MEL-020:መልክዐ አቡነ ዕጨጌ ዮሐንስ በአማርኛ | AM-MEL-021:መልክዐ አቡነ ዮሐንስ ጻድቅ በአማርኛ | AM-MEL-047:የቅዱስ ዮሐንስ 2ኛ መልክዕ በአማርኛ | AM-MEL-048:የቅዱስ ዮሐንስ መጥምቅ መልክዕ በአማርኛ | GZ-MEL-059:መልክዐ ቅዱስ ኤልያስ ነቢይ ሣልስ በግእዝ | GZ-MEL-060:መልክዐ ቅዱስ ዮሐንስ መጥምቅ በግእዝ | GZ-MEL-061:መልክዐ ቅዱስ ዮሐንስ ካልእ በግእዝ | GZ-MEL-062:መልክዐ ቅዱስ ዮሐንስ ወንጌላዊ በግእዝ | GZ-MEL-104:መልክዐ አቡነ ዕጨጌ ዮሐንስ በግእዝ | GZ-MEL-109:መልክዐ አቡነ ዮሐንስ ከማ በግእዝ | GZ-MEL-110:መልክዐ አቡነ ዮሐንስ ዘድብረ ዳጋ በግእዝ | GZ-MEL-149:መልክዐ ዮሐንስ ወልደ ነጎድጓድ በግእዝ | GZ-MEL-150:መልክዐ ዮሐንስ ፍቁረ እግዚእ በግእዝ | AM-GDL-013:የቅዱስ ዮሐንስ ገድል በአማርኛ | AM-DRS-005:ድርሳነ ኤልያስ ነቢይ በአማርኛ | GZ-GDL-018:ገድለ አቡነ ዮሐንስ በግእዝ | AM-GDL-027:ገድለ አቡነ እጨጌ ዮሐንስ ዘጸገሮ በአማርኛ,"1-1, 1-1, 1-2, 1-2, 1-4, 1-4, 1-4, 1-4, 1-4, 1-4"
1-2,2,ቅዱስ ዳስያ ሰማዕት,ዳስያ,annual,NO_BOOK,,,
1-2,2,ቅዱስ ዲዲሞስ ሰማዕት,ዲዲሞስ,annual,NO_BOOK,,,
1-2,2,ቅድስት መሪና,መሪና,annual,NO_BOOK,,,
1-2,2,ቅዱስ ታዴዎስ ሐዋርያ (ከ፲፪ቱ ሐዋርያት),ታዴዎስ ሐዋርያ,monthly,CORRECT,AM-MEL-033:የሐዋርያው የቅዱስ ታዴዎስ መልክዕ በአማርኛ | GZ-MEL-055:መልክዐ ቅዱስ ታዴዎስ በግእዝ,AM-MEL-033:የሐዋርያው የቅዱስ ታዴዎስ መልክዕ በአማርኛ | AM-MEL-046:የቅዱስ እንድርያስ ሐዋርያ መልክዕ በአማርኛ | GZ-MEL-023:መልክዐ ሐዋርያት በግእዝ | GZ-MEL-055:መልክዐ ቅዱስ ታዴዎስ በግእዝ | GZ-MEL-137:መልክዐ እንድርያስ ሐዋርያ በግእዝ | GZ-GDL-017:ገድለ አቡነ ተክለ ሐዋርያት በግእዝ | GZ-GDL-032:መጽሐፈ ገድለ ቅዱሳን ሐዋርያት በግእዝ | AM-ZNA-003:ዜና ሐዋርያት በአማርኛ,"1-2, 1-2, 1-4, 1-4, 2-2, 2-2, 2-4, 2-4, 3-2, 3-2"
1-2,2,ቅዱስ ኢዮብ ጻድቅ ተአጋሲ,ኢዮብ ጻድቅ ተአጋሲ,monthly,NO_BOOK,,,
1-2,2,ቅዱስ አቤል ጻድቅ,አቤል,monthly,NO_BOOK,,,
1-2,2,ቅዱስ አባ ዻውሊ ገዳማዊ (ታላቁ),ዻውሊ ገዳማዊ,monthly,NO_BOOK,,,
1-2,2,ቅዱስ ሳዊሮስ ዘአንጾኪያ,ሳዊሮስ ዘአንጾኪያ,monthly,NO_BOOK,,,
1-2,2,አባ ሕርያቆስ ዘሃገረ ብሕንሳ,ሕርያቆስ ዘሃገረ ብሕንሳ,monthly,NO_BOOK,,,
1-3,3,አባ ሙሴ ዘደብረ ሲሐት,ሙሴ ዘደብረ ሲሐት,annual,WRONG_DATE,,GZ-MEL-076:መልክዐ አቡነ መርቆሬዎስ ዘደብረ ድማኅ በግእዝ | GZ-MEL-080:መልክዐ አቡነ ማቴዎስ ዘደብረ በርበሬ በግእዝ | GZ-MEL-081:መልክዐ አቡነ ማቴዎስ ዘደብረ በርበሬ በግእዝ ካልእ | GZ-MEL-088:መልክዐ አቡነ ቡሩከ አምላክ ዘደብረ ኮል በግእዝ | GZ-MEL-089:መልክዐ አቡነ ብፁዓ አምላክ ዘደብረ ምዕዋን ወዘደብረ ኰዳዱ በግእዝ | GZ-MEL-099:መልክዐ አቡነ አብሳዲ ዘደብረ ማርያም በግእዝ | GZ-MEL-102:መልክዐ አቡነ እንድርያስ ዘደብረ ስኂን (ፅፉን) በግእዝ | GZ-MEL-103:መልክዐ አቡነ እንድርያስ ዘደብረ ጽጌ በግእዝ | GZ-MEL-107:መልክዐ አቡነ የሐንስ ዘደብረ ቢዘን በግእዝ | GZ-MEL-113:መልክዐ አቡነ ዮናስ ዘደብረ ድኁኃን ዘደብረ ጽጌ ወዘደብረ ጽዮን በግእዝ | GZ-MEL-120:መልክዐ አቡነ ፊልጶስ ዘደብረ ቢዘን በግእዝ | GZ-GDL-001:ገድለ አቡነ ፊልጶስ ዘደብረ ሊባኖስ በግእዝ,"1-13, 1-30, 2-13, 3-13, 3-13, 3-17, 4-1, 4-13, 4-16, 5-13"
1-3,3,አባ አንበስ ኢትዮዽያዊ,አንበስ ኢትዮዽያዊ,annual,NO_BOOK,,,
1-3,3,አበው ኤዺስ ቆዾሳት,አበው ኤዺስ ቆዾሳት,annual,WRONG_DATE,,AM-ZNA-002:ዜና አበው በአማርኛ,"3-4, 5-26"
1-3,3,አባ ዲዮናስዮስ,ዲዮናስዮስ,annual,NO_BOOK,,,
1-3,3,አባ ዲዮስቆሮስ ሰማዕት,ዲዮስቆሮስ,annual,NO_BOOK,,,
1-3,3,ቅዱስ በትንከል ዲያቆን,በትንከል ዲያቆን,annual,NO_BOOK,,,
1-3,3,በዓታ ለእግዝእትነ ማርያም ድንግል ወላዲተ አምላክ,በዓታ ለእግዝእትነ ማርያም ድንግል ወላዲተ አምላክ,monthly,WRONG_DATE,,AM-WUD-003:ውዳሴ አምላክ በአማርኛ | GZ-MEL-088:መልክዐ አቡነ ቡሩከ አምላክ ዘደብረ ኮል በግእዝ | GZ-MEL-089:መልክዐ አቡነ ብፁዓ አምላክ ዘደብረ ምዕዋን ወዘደብረ ኰዳዱ በግእዝ | TI-WUD-002:ውዳሴ አምላክ ብትግርኛ,"None-None, None-None, 4-1, 9-9, 12-14"
1-3,3,ቅዱሳን ኢያቄም ወሐና,ኢያቄም ወሐና,monthly,CORRECT,GZ-MEL-133:መልክዐ ኢያቄም በግእዝ | AM-DRS-001:የቅዱስ ኢያቄምና- የቅድስት ሐና ድርሳን በአማርኛ | GZ-DRS-007:ድርሳን ዘቅዱስ ኢያቄም ወቅድስት ሐና በግእዝ,GZ-MEL-133:መልክዐ ኢያቄም በግእዝ | AM-DRS-001:የቅዱስ ኢያቄምና- የቅድስት ሐና ድርሳን በአማርኛ | GZ-DRS-007:ድርሳን ዘቅዱስ ኢያቄም ወቅድስት ሐና በግእዝ,"1-1, 1-1, 1-1, 1-3, 1-3, 1-3, 1-7, 1-7, 1-7, 1-11"
1-3,3,ቅዱሳን ሊቃነ ካህናት አበው (ዘካርያስና ስምዖን),ሊቃነ ካህናት አበው,monthly,WRONG_DATE,,AM-DIR-001:የሰባቱ ሊቃነ መላእክት ድርሳን በአማርኛ | AM-ZNA-002:ዜና አበው በአማርኛ,"1-13, 2-13, 3-4, 3-13, 4-13, 5-13, 5-26, 6-13, 7-13, 8-13"
1-3,3,አባ ሊባኖስ ዘመጣዕ,ሊባኖስ ዘመጣዕ,monthly,CORRECT,AM-MEL-053:የአቡነ ሊባኖስ 2ኛ መልክዕ በአማርኛ | GZ-MEL-018:መልክዐ ሊባኖስ በግእዝ | GZ-MEL-074:መልክዐ አቡነ ሊባኖስ ካልእ በግእዝ,AM-MEL-053:የአቡነ ሊባኖስ 2ኛ መልክዕ በአማርኛ | GZ-MEL-018:መልክዐ ሊባኖስ በግእዝ | GZ-MEL-074:መልክዐ አቡነ ሊባኖስ ካልእ በግእዝ | GZ-GDL-001:ገድለ አቡነ ፊልጶስ ዘደብረ ሊባኖስ በግእዝ,"1-3, 1-3, 1-3, 2-3, 2-3, 2-3, 3-3, 3-3, 3-3, 4-3"
1-3,3,አቡነ ዜና ማርቆስ,ዜና ማርቆስ,monthly,CORRECT,AM-MEL-062:የአቡነ ዜና ማርቆስ መልክዕ በአማርኛ | GZ-MEL-106:መልክዐ አቡነ ዜና ማርቆስ በግእዝ,AM-MEL-062:የአቡነ ዜና ማርቆስ መልክዕ በአማርኛ | GZ-MEL-106:መልክዐ አቡነ ዜና ማርቆስ በግእዝ,"1-3, 1-3, 2-3, 2-3, 3-3, 3-3, 4-3, 4-3, 5-3, 5-3"
1-3,3,አቡነ መድኃኒነ እግዚእ ዘደብረ በንኮል,መድኃኒነ እግዚእ ዘደብረ በንኮል,monthly,CORRECT,GZ-MEL-078:መልክዐ አቡነ መድኃኒነ እግዚእ በግእዝ,GZ-MEL-078:መልክዐ አቡነ መድኃኒነ እግዚእ በግእዝ,"1-3, 2-3, 3-3, 4-3, 5-3, 6-3, 7-3, 8-3, 9-3, 10-3"
1-3,3,ቅዱስ ቄርሎስ ሊቅ (ዓምደ ሃይማኖት),ቄርሎስ ሊቅ,monthly,NO_BOOK,,,
1-4,4,ቅዱስ ኢያሱ ወልደ ነዌ (ነቢይና መስፍን),ኢያሱ ወልደ ነዌ,annual,CORRECT,GZ-MEL-149:መልክዐ ዮሐንስ ወልደ ነጎድጓድ በግእዝ,GZ-MEL-149:መልክዐ ዮሐንስ ወልደ ነጎድጓድ በግእዝ,"1-4, 1-29, 2-4, 3-4, 4-4, 5-4, 6-4, 7-4, 8-4, 9-4"
1-4,4,ቅዱስ ዮሐንስ ወንጌላዊ (ልደቱ),ዮሐንስ ወንጌላዊ,annual,CORRECT,AM-MEL-016:መልክዐ ቅዱስ ዮሐንስ ወንጌላዊ በአማርኛ | GZ-MEL-062:መልክዐ ቅዱስ ዮሐንስ ወንጌላዊ በግእዝ,AM-MEL-016:መልክዐ ቅዱስ ዮሐንስ ወንጌላዊ በአማርኛ | GZ-MEL-062:መልክዐ ቅዱስ ዮሐንስ ወንጌላዊ በግእዝ,"1-4, 1-4, 1-29, 1-29, 2-4, 2-4, 3-4, 3-4, 4-4, 4-4"
1-4,4,ቅዱሳን ዘብዴዎስና ማርያም ባውፍልያ,ዘብዴዎስና ማርያም ባውፍልያ,annual,NO_BOOK,,,
1-4,4,አባ መቃርስ ሊቀ ዻዻሳት,መቃርስ ሊቀ ዻዻሳት,annual,NO_BOOK,,,
1-4,4,አባ ሙሴ ዻዻስ,ሙሴ ዻዻስ,annual,NO_BOOK,,,
1-4,4,ቅዱስ እንድርያስ ሐዋርያ,እንድርያስ,monthly,CORRECT,AM-MEL-046:የቅዱስ እንድርያስ ሐዋርያ መልክዕ በአማርኛ | GZ-MEL-137:መልክዐ እንድርያስ ሐዋርያ በግእዝ,AM-MEL-046:የቅዱስ እንድርያስ ሐዋርያ መልክዕ በአማርኛ | GZ-MEL-102:መልክዐ አቡነ እንድርያስ ዘደብረ ስኂን (ፅፉን) በግእዝ | GZ-MEL-103:መልክዐ አቡነ እንድርያስ ዘደብረ ጽጌ በግእዝ | GZ-MEL-137:መልክዐ እንድርያስ ሐዋርያ በግእዝ,"1-4, 1-4, 2-4, 2-4, 3-4, 3-4, 4-4, 4-4, 5-4, 5-4"
1-4,4,ቅድስት ሶፍያ ሰማዕት,ሶፍያ,monthly,NO_BOOK,,,
1-4,4,ቅዱስ ዮሐንስ ዘሐራቅሊ (ሰማዕት),ዮሐንስ ዘሐራቅሊ,monthly,CORRECT,AM-MEL-016:መልክዐ ቅዱስ ዮሐንስ ወንጌላዊ በአማርኛ | AM-MEL-047:የቅዱስ ዮሐንስ 2ኛ መልክዕ በአማርኛ | GZ-MEL-061:መልክዐ ቅዱስ ዮሐንስ ካልእ በግእዝ | GZ-MEL-062:መልክዐ ቅዱስ ዮሐንስ ወንጌላዊ በግእዝ | GZ-MEL-149:መልክዐ ዮሐንስ ወልደ ነጎድጓድ በግእዝ | GZ-MEL-150:መልክዐ ዮሐንስ ፍቁረ እግዚእ በግእዝ | AM-GDL-013:የቅዱስ ዮሐንስ ገድል በአማርኛ,AM-MEL-016:መልክዐ ቅዱስ ዮሐንስ ወንጌላዊ በአማርኛ | AM-MEL-020:መልክዐ አቡነ ዕጨጌ ዮሐንስ በአማርኛ | AM-MEL-021:መልክዐ አቡነ ዮሐንስ ጻድቅ በአማርኛ | AM-MEL-047:የቅዱስ ዮሐንስ 2ኛ መልክዕ በአማርኛ | AM-MEL-048:የቅዱስ ዮሐንስ መጥምቅ መልክዕ በአማርኛ | GZ-MEL-060:መልክዐ ቅዱስ ዮሐንስ መጥምቅ በግእዝ | GZ-MEL-061:መልክዐ ቅዱስ ዮሐንስ ካልእ በግእዝ | GZ-MEL-062:መልክዐ ቅዱስ ዮሐንስ ወንጌላዊ በግእዝ | GZ-MEL-104:መልክዐ አቡነ ዕጨጌ ዮሐንስ በግእዝ | GZ-MEL-109:መልክዐ አቡነ ዮሐንስ ከማ በግእዝ | GZ-MEL-110:መልክዐ አቡነ ዮሐንስ ዘድብረ ዳጋ በግእዝ | GZ-MEL-149:መልክዐ ዮሐንስ ወልደ ነጎድጓድ በግእዝ | GZ-MEL-150:መልክዐ ዮሐንስ ፍቁረ እግዚእ በግእዝ | AM-GDL-013:የቅዱስ ዮሐንስ ገድል በአማርኛ | GZ-GDL-018:ገድለ አቡነ ዮሐንስ በግእዝ | AM-GDL-027:ገድለ አቡነ እጨጌ ዮሐንስ ዘጸገሮ በአማርኛ,"1-1, 1-1, 1-2, 1-2, 1-4, 1-4, 1-4, 1-4, 1-4, 1-4"
1-5,5,ቅድስት ሶፍያ ሰማዕት,ሶፍያ,annual,NO_BOOK,,,
1-5,5,ቅዱሳት አክሶስናና በርናባ,ቅዱሳት አክሶስናና በርናባ,annual,NO_BOOK,,,
1-5,5,ቅዱስ ማማስ ሰማዕት,ማማስ,annual,NO_BOOK,,,
1-5,5,ቅዱሳን ቴዎዶስዮስና ታውፍና,ቴዎዶስዮስና ታውፍና,annual,NO_BOOK,,,
1-5,5,አቡነ አሮን መንክራዊ,አሮን መንክራዊ,annual,CORRECT,GZ-GDL-024:ገድለ አቡነ አሮን መንክራዊ ግእዝ | AM-GDL-028:ገድለ አቡነ አሮን መንክራዊ በአማርኛ,GZ-GDL-024:ገድለ አቡነ አሮን መንክራዊ ግእዝ | AM-GDL-028:ገድለ አቡነ አሮን መንክራዊ በአማርኛ,"1-5, 1-5, 2-5, 2-5, 3-5, 3-5, 4-5, 4-5, 5-5, 5-5"
1-5,5,አፄ ልብነ ድንግል,አፄ ልብነ ድንግል,annual,WRONG_DATE,,AM-MEL-019:መልክዐ አቡነ ሐራ ድንግል በአማርኛ | GZ-MEL-021:መልክዐ ሐራ ድንግል በግእዝ,"1-11, 1-11, 2-11, 2-11, 3-11, 3-11, 4-11, 4-11, 5-11, 5-11"
1-5,5,ቅዱስ ዼጥሮስ ሊቀ ሐዋርያት,ዼጥሮስ ሊቀ ሐዋርያት,monthly,WRONG_DATE,,GZ-MEL-023:መልክዐ ሐዋርያት በግእዝ | GZ-GDL-017:ገድለ አቡነ ተክለ ሐዋርያት በግእዝ | GZ-GDL-032:መጽሐፈ ገድለ ቅዱሳን ሐዋርያት በግእዝ | AM-ZNA-003:ዜና ሐዋርያት በአማርኛ,"3-27, 11-5, 11-5, 11-5, 12-15, 12-15, 12-15"
1-5,5,ቅዱስ ዻውሎስ ብርሃነ ዓለም,ዻውሎስ ብርሃነ ዓለም,monthly,WRONG_DATE,,AM-MEL-034:የመድኀኔ ዓለም 3ኛ መልክዕ በአማርኛ | AM-MEL-035:የመድኀኔ ዓለም መልክዕ በአማርኛ | GZ-MEL-001:ሐዲስ መልክዐ መድኃኔዓለም በግእዝ | GZ-MEL-027:መልክዐ መድኀኔ ዓለም ሣልስ በግዕዝ | GZ-MEL-028:መልክዐ መድኃኔ ዓለም በግእዝ | GZ-DRS-005:ድርሳነ መድኃኔ ዓለም በግእዝ | AM-DRS-004:ድርሳነ መድኃኔ ዓለም በአማርኛ,"1-27, 1-27, 1-27, 1-27, 1-27, 1-27, 1-27, 2-27, 2-27, 2-27"
1-5,5,አቡነ ገብረ መንፈስ ቅዱስ,ገብረ መንፈስ ቅዱስ,monthly,CORRECT,GZ-MEL-151:መልክዐ ገብረ መንፈስ ቅዱስ በግእዝ | GZ-MEL-152:መልክዐ ገብረ መንፈስ ቅዱስ ካልዕ በግእዝ | AM-GDL-007:ገድለ አቡነ ገብረ መንፈስ ቅዱስ በአማርኛ,GZ-MEL-151:መልክዐ ገብረ መንፈስ ቅዱስ በግእዝ | GZ-MEL-152:መልክዐ ገብረ መንፈስ ቅዱስ ካልዕ በግእዝ | AM-GDL-007:ገድለ አቡነ ገብረ መንፈስ ቅዱስ በአማርኛ,"1-5, 1-5, 1-5, 2-5, 2-5, 2-5, 3-5, 3-5, 3-5, 4-5"
1-5,5,ቅዱስ ዮሐኒ ኢትዮዽያዊ,ዮሐኒ ኢትዮዽያዊ,monthly,NO_BOOK,,,
1-5,5,ቅዱስ አሞኒ ዘናሒሶ,አሞኒ ዘናሒሶ,monthly,NO_BOOK,,,
1-5,5,ቅድስት አውጋንያ (ሰማዕትና ጻድቅ),አውጋንያ,monthly,NO_BOOK,,,
1-6,6,ቅዱስ ኢሳይያስ ነቢይ (ልዑለ ቃል),ኢሳይያስ ነቢይ,annual,CORRECT,GZ-MEL-059:መልክዐ ቅዱስ ኤልያስ ነቢይ ሣልስ በግእዝ | AM-DRS-005:ድርሳነ ኤልያስ ነቢይ በአማርኛ,GZ-MEL-059:መልክዐ ቅዱስ ኤልያስ ነቢይ ሣልስ በግእዝ | AM-DRS-005:ድርሳነ ኤልያስ ነቢይ በአማርኛ,"1-6, 1-6, 2-6, 2-6, 3-6, 3-6, 4-1, 4-1, 4-6, 4-6"
1-6,6,ቅድስት ሰብልትንያ ሰማዕት,ሰብልትንያ,annual,NO_BOOK,,,
1-6,6,አባ ያዕቆብ ገዳማዊ,ያዕቆብ ገዳማዊ,annual,WRONG_DATE,,AM-MEL-022:መልክዐ አብርሃም ይሥሐቅ ያዕቆብ በአማርኛ | GZ-MEL-124:መልክዐ አብርሃም ይሥሐቅ ወያዕቆብ በግእዝ,"1-28, 1-28, 2-28, 2-28, 3-28, 3-28, 4-28, 4-28, 5-28, 5-28"
1-6,6,ቅዱስ አናቲሞስ ኤዺስ ቆዾስ,አናቲሞስ ኤዺስ ቆዾስ,annual,NO_BOOK,,,
1-6,6,ቅድስት ደብረ ቁስቁዋም,ደብረ ቁስቁዋም,monthly,WRONG_DATE,,GZ-MEL-076:መልክዐ አቡነ መርቆሬዎስ ዘደብረ ድማኅ በግእዝ | GZ-MEL-080:መልክዐ አቡነ ማቴዎስ ዘደብረ በርበሬ በግእዝ | GZ-MEL-081:መልክዐ አቡነ ማቴዎስ ዘደብረ በርበሬ በግእዝ ካልእ | GZ-MEL-088:መልክዐ አቡነ ቡሩከ አምላክ ዘደብረ ኮል በግእዝ | GZ-MEL-089:መልክዐ አቡነ ብፁዓ አምላክ ዘደብረ ምዕዋን ወዘደብረ ኰዳዱ በግእዝ | GZ-MEL-099:መልክዐ አቡነ አብሳዲ ዘደብረ ማርያም በግእዝ | GZ-MEL-102:መልክዐ አቡነ እንድርያስ ዘደብረ ስኂን (ፅፉን) በግእዝ | GZ-MEL-103:መልክዐ አቡነ እንድርያስ ዘደብረ ጽጌ በግእዝ | GZ-MEL-107:መልክዐ አቡነ የሐንስ ዘደብረ ቢዘን በግእዝ | GZ-MEL-113:መልክዐ አቡነ ዮናስ ዘደብረ ድኁኃን ዘደብረ ጽጌ ወዘደብረ ጽዮን በግእዝ | GZ-MEL-120:መልክዐ አቡነ ፊልጶስ ዘደብረ ቢዘን በግእዝ | GZ-GDL-001:ገድለ አቡነ ፊልጶስ ዘደብረ ሊባኖስ በግእዝ,"1-13, 1-30, 2-13, 3-13, 3-13, 3-17, 4-1, 4-13, 4-16, 5-13"
1-6,6,አባታችን አዳምና እናታችን ሔዋን,አባታችን አዳምና እናታችን ሔዋን,monthly,CORRECT,AM-MEL-023:መልክዐ አዳም ወሔዋን በአማርኛ | GZ-MEL-127:መልክዐ አዳም ወሔዋን በግእዝ,AM-MEL-023:መልክዐ አዳም ወሔዋን በአማርኛ | AM-MEL-063:የአባታችን አብርሃም መልክዕ በአማርኛ | GZ-MEL-127:መልክዐ አዳም ወሔዋን በግእዝ,"1-6, 1-6, 2-6, 2-6, 3-6, 3-6, 4-6, 4-6, 5-6, 5-6"
1-6,6,አባታችን ኖኅና እናታችን ሐይከል,አባታችን ኖኅና እናታችን ሐይከል,monthly,WRONG_DATE,,AM-MEL-063:የአባታችን አብርሃም መልክዕ በአማርኛ,"11-7, 12-28"
1-6,6,ቅዱስ ኤልያስ ነቢይ,ኤልያስ,monthly,CORRECT,AM-MEL-052:የነቢዩ የቅዱስ ኤልያስ 3ኛ መልክዕ በአማርኛ | GZ-MEL-059:መልክዐ ቅዱስ ኤልያስ ነቢይ ሣልስ በግእዝ | GZ-MEL-134:መልክዐ ኤልያስ በግእዝ | AM-DRS-005:ድርሳነ ኤልያስ ነቢይ በአማርኛ,AM-MEL-052:የነቢዩ የቅዱስ ኤልያስ 3ኛ መልክዕ በአማርኛ | GZ-MEL-059:መልክዐ ቅዱስ ኤልያስ ነቢይ ሣልስ በግእዝ | GZ-MEL-134:መልክዐ ኤልያስ በግእዝ | AM-DRS-005:ድርሳነ ኤልያስ ነቢይ በአማርኛ,"1-6, 1-6, 1-6, 1-6, 2-6, 2-6, 2-6, 2-6, 3-6, 3-6"
1-6,6,ቅዱስ ባስልዮስ ዘቂሣርያ,ባስልዮስ ዘቂሣርያ,monthly,NO_BOOK,,,
1-6,6,ቅዱስ ዮሴፍ አረጋዊ,ዮሴፍ አረጋዊ,monthly,WRONG_DATE,,GZ-MEL-073:መልክዐ አረጋዊ በግእዝ | GZ-MEL-111:መልክዐ አቡነ ዮሴፍ በግእዝ | AM-GDL-016:ገድለ አቡነ አረጋዊ በአማርኛ | GZ-GDL-029:ገድለ አቡነ ዮሴፍ በግእዝ,"1-14, 1-14, 1-19, 1-19, 2-14, 2-14, 2-19, 2-19, 3-14, 3-14"
1-6,6,ቅድስት ሰሎሜ,ሰሎሜ,monthly,NO_BOOK,,,
1-6,6,አባ አርከ ሥሉስ,አርከ ሥሉስ,monthly,WRONG_DATE,,AM-TEA-003:ተአምኆ ዘሥሉስ ቅዱስ መልክዕ በአማርኛ | AM-TEA-002:ተአምኆ ዘሥሉስ ቅዱስ በአማርኛ | GZ-MEL-034:መልክዐ ሥሉስ ቅዱስ በግእዝ | GZ-TEA-002:ተአምኆ ዘሥሉስ ቅዱስ በግእዝ | GZ-TEA-003:ተአምኆ ዘሥሉስ ቅዱስ በግእዝ ካልእ,"None-None, None-None, None-None, None-None, 5-7"
1-6,6,አባ ጽጌ ድንግል,ጽጌ ድንግል,monthly,WRONG_DATE,,AM-MEL-019:መልክዐ አቡነ ሐራ ድንግል በአማርኛ | GZ-MEL-021:መልክዐ ሐራ ድንግል በግእዝ,"1-11, 1-11, 2-11, 2-11, 3-11, 3-11, 4-11, 4-11, 5-11, 5-11"
1-6,6,ቅድስት አርሴማ ድንግል,አርሴማ ድንግል,monthly,CORRECT,GZ-MEL-042:መልክዐ ሰማዕት ቅድስት አርሴማ በግእዝ | AM-GDL-008:ገድለ ሰማዕት ቅድስት አርሴማ በአማርኛ | GZ-GDL-033:ገድለ ሰማዕት ቅድስት አርሴማ በግእዝ,AM-MEL-019:መልክዐ አቡነ ሐራ ድንግል በአማርኛ | GZ-MEL-021:መልክዐ ሐራ ድንግል በግእዝ | GZ-MEL-042:መልክዐ ሰማዕት ቅድስት አርሴማ በግእዝ | AM-GDL-008:ገድለ ሰማዕት ቅድስት አርሴማ በአማርኛ | GZ-GDL-033:ገድለ ሰማዕት ቅድስት አርሴማ በግእዝ,"1-6, 1-6, 1-6, 1-11, 1-11, 1-29, 1-29, 1-29, 2-6, 2-6"
1-7,7,እናታችን ቅድስት ኤልሳቤጥ,እናታችን ቅድስት ኤልሳቤጥ,annual,NO_BOOK,,,
1-7,7,ቅዱስ ዲዮስቆሮስ ሊቅ (የተዋሕዶ ሃይማኖት አባት),ዲዮስቆሮስ ሊቅ,annual,NO_BOOK,,,
1-7,7,ታላቁ ቅዱስ ሳዊርያኖስ,ታላቁ ቅዱስ ሳዊርያኖስ,annual,NO_BOOK,,,
1-7,7,ቅድስት ሐና (የእመ ብርሃን እናት-ልደቷ ነው),ሐና,annual,CORRECT,GZ-MEL-022:መልክዐ ሐና በግእዝ | AM-DRS-001:የቅዱስ ኢያቄምና- የቅድስት ሐና ድርሳን በአማርኛ | GZ-DRS-007:ድርሳን ዘቅዱስ ኢያቄም ወቅድስት ሐና በግእዝ,GZ-MEL-022:መልክዐ ሐና በግእዝ | AM-DRS-001:የቅዱስ ኢያቄምና- የቅድስት ሐና ድርሳን በአማርኛ | GZ-DRS-007:ድርሳን ዘቅዱስ ኢያቄም ወቅድስት ሐና በግእዝ,"1-1, 1-1, 1-1, 1-3, 1-3, 1-3, 1-7, 1-7, 1-7, 1-11"
1-7,7,ቅዱሳን አጋቶን ዼጥሮስ ዮሐንስ አሞንና እናታቸው ራፊቃ (ሰማዕታት),አጋቶን ዼጥሮስ ዮሐንስ አሞንና እናታቸው ራፊቃ,annual,NO_BOOK,,,
1-7,7,ሥሉስ ቅዱስ (አብ ወወልድ ወመንፈስ ቅዱስ),ሥሉስ ቅዱስ,monthly,WRONG_DATE,,AM-TEA-003:ተአምኆ ዘሥሉስ ቅዱስ መልክዕ በአማርኛ | AM-TEA-002:ተአምኆ ዘሥሉስ ቅዱስ በአማርኛ | GZ-MEL-034:መልክዐ ሥሉስ ቅዱስ በግእዝ | GZ-TEA-002:ተአምኆ ዘሥሉስ ቅዱስ በግእዝ | GZ-TEA-003:ተአምኆ ዘሥሉስ ቅዱስ በግእዝ ካልእ,"None-None, None-None, None-None, None-None, 5-7"
1-7,7,አባ ጊዮርጊስ ዘጋስጫ,ጊዮርጊስ ዘጋስጫ,monthly,CORRECT,GZ-MEL-123:መልክዐ አባ ጊዮርጊስ ዘጋሥጫ በግእዝ | AM-GDL-001:ገድለ ቅዱስ አባ ጊዮርጊስ ዘጋሥጫ በአማርኛ | GZ-GDL-007:ገድለ ቅዱስ አባ ጊዮርጊስ ዘጋሥጫ በግእዝ,AM-MEL-051:የቅዱስ ጊዮርጊስ መልክዕ በአማርኛ | AM-MEL-065:ጸሎተ መልክዐ ሥቃዩ ለቅዱስ ጊዮርጊስ ሊቀ ሰማዕታት በአማርኛ | AM-MEL-066:ጸሎተ መልክዕ ዘቅዱስ ጊዮርጊስ ሊቀ ሰማዕታት በአማርኛ | AM-MEL-067:ጸሎተ መልክዕ ዘቅዱስ ጊዮርጊስ ሊቀ ሰማዕታት ካልዕ በአማርኛ | AM-SIB-001:ስብሐተ ፍቁር ዘቅዱስ ጊዮርጊስ ሊቀ ሰማዕታት በአማርኛ | GZ-MEL-036:መልክዐ ሥቃዩ ለጊዮርጊስ በግእዝ | GZ-MEL-065:መልክዐ ቅዱስ ጊዮርጊስ በግእዝ | GZ-MEL-123:መልክዐ አባ ጊዮርጊስ ዘጋሥጫ በግእዝ | GZ-MEL-154:መልክዐ ጊዮርጊስ በግእዝ | GZ-MEL-155:መልክዐ ጊዮርጊስ ካልዕ ወሥቃዩ በግእዝ | AM-GDL-001:ገድለ ቅዱስ አባ ጊዮርጊስ ዘጋሥጫ በአማርኛ | GZ-GDL-007:ገድለ ቅዱስ አባ ጊዮርጊስ ዘጋሥጫ በግእዝ | GZ-GDL-014:ገድለ ቅዱስ ጊዮርጊስ ሰማዕት በግእዝ | AM-GDL-018:ገድለ ቅዱስ ጊዮርጊስ ሰማዕት በአማርኛ,"1-7, 1-7, 1-7, 1-23, 1-23, 1-23, 1-23, 1-23, 1-23, 1-23"
1-7,7,አባ ሲኖዳ (የባሕታውያን አለቃ),ሲኖዳ,monthly,NO_BOOK,,,
1-7,7,አባ ዳንኤል ዘገዳመ ሲሐት,ዳንኤል ዘገዳመ ሲሐት,monthly,WRONG_DATE,,GZ-MEL-114:መልክዐ አቡነ ዳንኤል በግእዝ | GZ-GDL-028:ገድለ አቡነ ዳንኤል በግእዝ,"3-6, 3-6"
1-7,7,አባ ባውላ ገዳማዊ,ባውላ ገዳማዊ,monthly,NO_BOOK,,,
1-7,7,ቅዱስ አትናቴዎስ ሐዋርያዊ,አትናቴዎስ ሐዋርያዊ,monthly,NO_BOOK,,,
1-7,7,ቅዱስ አግናጥዮስ (ለአንበሳ የተሰጠ),አግናጥዮስ,monthly,CORRECT,GZ-MEL-058:መልክዐ ቅዱስ አግናጥዮስ ምጥው ለአንበሳ በግእዝ,GZ-MEL-058:መልክዐ ቅዱስ አግናጥዮስ ምጥው ለአንበሳ በግእዝ,"1-7, 2-7, 2-26, 3-7, 4-7, 4-24, 5-7, 6-7, 7-7, 8-7"
1-8,8,ቅዱስ ሙሴ ሊቀ ነቢያት,ሙሴ ሊቀ ነቢያት,annual,WRONG_DATE,,AM-TSE-003:የነቢያት ጸሎት በአማርኛ | GZ-TSE-002:ጸሎተ ነቢያት በግእዝ | TI-MZM-002:መዝሙር መኃልይ ነቢያት ብትግርኛ,"None-None, None-None, None-None"
1-8,8,ቅዱስ ዘካርያስ ካህን (ጻድቅ ነቢይ),ዘካርያስ ካህን,annual,NO_BOOK,,,
1-8,8,ቅዱስ አሮን ካህን,አሮን ካህን,annual,WRONG_DATE,,GZ-MEL-128:መልክዐ አᎄነ አሮን መንክራዌ በግእዝ | GZ-GDL-024:ገድለ አቡነ አሮን መንክራዊ ግእዝ | AM-GDL-028:ገድለ አቡነ አሮን መንክራዊ በአማርኛ,"1-5, 1-5, 1-5, 2-5, 2-5, 2-5, 3-5, 3-5, 3-5, 4-5"
1-8,8,ቅዱስ ዲማድዮስ ሰማዕት,ዲማድዮስ,annual,NO_BOOK,,,
1-8,8,ቅዱስ ማትያስ ሐዋርያ (ከ፲፪ቱ ሐዋርያት),ማትያስ ሐዋርያ,monthly,WRONG_DATE,,AM-MEL-033:የሐዋርያው የቅዱስ ታዴዎስ መልክዕ በአማርኛ | AM-MEL-046:የቅዱስ እንድርያስ ሐዋርያ መልክዕ በአማርኛ | GZ-MEL-023:መልክዐ ሐዋርያት በግእዝ | GZ-MEL-137:መልክዐ እንድርያስ ሐዋርያ በግእዝ | GZ-GDL-017:ገድለ አቡነ ተክለ ሐዋርያት በግእዝ | GZ-GDL-032:መጽሐፈ ገድለ ቅዱሳን ሐዋርያት በግእዝ | AM-ZNA-003:ዜና ሐዋርያት በአማርኛ,"1-2, 1-4, 1-4, 2-2, 2-4, 2-4, 3-2, 3-4, 3-4, 3-27"
1-8,8,ኪሩቤል (አርባዕቱ እንስሳ),ኪሩቤል,monthly,NO_BOOK,,,
1-8,8,አባ ብሶይ (ቢሾይ),ብሶይ,monthly,NO_BOOK,,,
1-8,8,አቡነ ኪሮስ,ኪሮስ,monthly,CORRECT,GZ-GDL-016:ገድለ አቡነ ኪሮስ በግእዝ | AM-GDL-021:ገድለ አቡነ ኪሮስ በአማርኛ,GZ-GDL-016:ገድለ አቡነ ኪሮስ በግእዝ | AM-GDL-021:ገድለ አቡነ ኪሮስ በአማርኛ,"1-8, 1-8, 2-8, 2-8, 3-8, 3-8, 4-8, 4-8, 5-8, 5-8"
1-8,8,አባ ሳሙኤል ዘደብረ ቀልሞን,ሳሙኤል ዘደብረ ቀልሞን,monthly,WRONG_DATE,,AM-MEL-054:የአቡነ ሳሙኤል ዘዋልድባ መልክዕ በአማርኛ | AM-MEL-055:የአቡነ ሳሙኤል ዘዋልድባ ኹለተኛ መልክዕ በአማርኛ | GZ-MEL-084:መልክዐ አቡነ ሳሙኤል በግእዝ ሣልስ በግእዝ | GZ-MEL-085:መልክዐ አቡነ ሳሙኤል ዘዋልድባ በግእዝ | GZ-MEL-086:መልክዐ አቡነ ሳሙኤል ዘዋልድባ ካልዕ በግእዝ,"1-12, 1-12, 1-12, 1-12, 1-12, 2-12, 2-12, 2-12, 2-12, 2-12"
1-9,9,ቅዱስ ሚካኤል ሊቀ መላእክት,ሚካኤል ሊቀ መላእክት,annual,CORRECT,AM-MEL-006:መልክዐ ሚካኤል በአማርኛ | AM-MEL-041:የቅዱስ ሚካኤል 3ኛ መልክዕ በአማርኛ | GZ-MEL-004:መልክዐ ሊቀ መላእክት ቅዱስ ሚካኤል ሣልስ በግእዝ | GZ-MEL-005:መልክዐ ሊቀ መላእክት ቅዱስ ሚካኤል ካልዕ በግእዝ | GZ-MEL-165:መልክዐ ሊቀ መላእክት ቅዱስ ሚካኤል ካልዕ በግእ | GZ-DRS-008:ድርሳነ ሚካኤል በግእዝ | AM-DRS-009:ድርሳነ ሚካኤል በአማርኛ,AM-DIR-001:የሰባቱ ሊቃነ መላእክት ድርሳን በአማርኛ | AM-MEL-006:መልክዐ ሚካኤል በአማርኛ | AM-MEL-038:የቅዱሳን አእላፍ መላእክት 2ኛ መልክዕ በአማርኛ | AM-MEL-041:የቅዱስ ሚካኤል 3ኛ መልክዕ በአማርኛ | GZ-MEL-004:መልክዐ ሊቀ መላእክት ቅዱስ ሚካኤል ሣልስ በግእዝ | GZ-MEL-005:መልክዐ ሊቀ መላእክት ቅዱስ ሚካኤል ካልዕ በግእዝ | GZ-MEL-006:መልክዐ ሊቀ መላእክት ቅዱስ ሩፋኤል በግእዝ | GZ-MEL-007:መልክዐ ሊቀ መላእክት ቅዱስ ራጉኤል በግእዝ | GZ-MEL-008:መልክዐ ሊቀ መላእክት ቅዱስ ሱርያል በግእዝ | GZ-MEL-009:መልክዐ ሊቀ መላእክት ቅዱስ በግእዝ | GZ-MEL-010:መልክዐ ሊቀ መላእክት ቅዱስ አፍኒን በግእዝ | GZ-MEL-011:መልክዐ ሊቀ መላእክት ቅዱስ ዑራኤል በግእዝ | GZ-MEL-012:መልክዐ ሊቀ መላእክት ቅዱስ ዑራኤል ካልእ በግእዝ | GZ-MEL-013:መልክዐ ሊቀ መላእክት ቅዱስ ገብርኤል በግእዝ | GZ-MEL-014:መልክዐ ሊቀ መላእክት ቅዱስ ገብርኤል ካልዕ (ደቅስዮስ) በግእዝ | GZ-MEL-015:መልክዐ ሊቀ መላእክት ቅዱስ ፋኑኤል በግእዝ | GZ-MEL-083:መልክዐ አቡነ ሰይፈ ሚካኤል በግእዝ | GZ-MEL-121:መልክዐ አባ በጸሎተ ሚካኤል በግእዝ | GZ-MEL-125:መልክዐ አእላፍ መላእክት በግእዝ | GZ-MEL-126:መልክዐ አእላፍ መላእክት ካልእ በግእዝ | GZ-MEL-165:መልክዐ ሊቀ መላእክት ቅዱስ ሚካኤል ካልዕ በግእ | AM-GDL-011:ገድለ አቡነ በጸሎተ ሚካኤል በአማርኛ | GZ-GDL-015:ገድለ አቡነ በጸሎተ ሚካኤል በግእዝ | GZ-DRS-008:ድርሳነ ሚካኤል በግእዝ | AM-DRS-009:ድርሳነ ሚካኤል በአማርኛ | GZ-GDL-034:ገድለ አቡነ ፍሬ ሚካኤል በግእዝ,"1-1, 1-3, 1-9, 1-9, 1-9, 1-9, 1-9, 1-9, 1-9, 1-12"
1-9,9,ቅዱስ ቢሶራ ሰማዕት,ቢሶራ,annual,NO_BOOK,,,
1-9,9,ቅዱስ ያሳይ ንጉሥ,ያሳይ ንጉሥ,annual,WRONG_DATE,,GZ-ZNA-002:ዜናሁ ለንጉሥ ገላውዴዎስ በግእዝ | GZ-ZNA-003:ዜና ሕይወቱ ለንጉሥ ላልይበላ በግእዝ,7-27
1-9,9,ቅዱስ ፋሲለደስ ሰማዕት (ልደቱ),ፋሲለደስ ሰማዕት,annual,WRONG_DATE,,GZ-MEL-039:መልክዐ ሰማዕት ቅዱስ መርቆሬዎስ በግእዝ | GZ-MEL-040:መልክዐ ሰማዕት ቅዱስ ቴዎድሮስ በግእዝ | GZ-MEL-041:መልክዐ ሰማዕት ቅዱስ ፋሲለደስ በግእዝ | GZ-MEL-042:መልክዐ ሰማዕት ቅድስት አርሴማ በግእዝ | GZ-MEL-043:መልክዐ ሰማዕት ቅድስት ኢየሉጣ በግእዝ | GZ-MEL-122:መልክዐ አባ ኖብ ሰማዕት በግእዝ | GZ-GDL-002:ገድለ ሰማዕት ቅዱስ መርቆሬዎስ በግእዝ | AM-GDL-008:ገድለ ሰማዕት ቅድስት አርሴማ በአማርኛ | GZ-GDL-014:ገድለ ቅዱስ ጊዮርጊስ ሰማዕት በግእዝ | AM-GDL-015:ገድለ ሰማዕት ቅዱስ መርቆሬዎስ በአማርኛ | AM-GDL-018:ገድለ ቅዱስ ጊዮርጊስ ሰማዕት በአማርኛ | GZ-GDL-031:ገድለ ሰማዕት ቅዱስ ቴዎድሮስ በግእዝ | GZ-GDL-033:ገድለ ሰማዕት ቅድስት አርሴማ በግእዝ | AM-GDL-030:ገድለ ሰማዕት ቅዱስ ቴዎድሮስ በአማርኛ,"1-6, 1-6, 1-6, 1-11, 1-12, 1-12, 1-12, 1-15, 1-18, 1-20"
1-9,9,"""፲፬,፯፴"" ሰማዕታት (የቅዱስ ፋሲለደስ ማሕበር)","""፲፬,፯፴"" ሰማዕታት",annual,WRONG_DATE,,AM-MEL-065:ጸሎተ መልክዐ ሥቃዩ ለቅዱስ ጊዮርጊስ ሊቀ ሰማዕታት በአማርኛ | AM-MEL-066:ጸሎተ መልክዕ ዘቅዱስ ጊዮርጊስ ሊቀ ሰማዕታት በአማርኛ | AM-MEL-067:ጸሎተ መልክዕ ዘቅዱስ ጊዮርጊስ ሊቀ ሰማዕታት ካልዕ በአማርኛ | AM-SIB-001:ስብሐተ ፍቁር ዘቅዱስ ጊዮርጊስ ሊቀ ሰማዕታት በአማርኛ | GZ-MEL-016:መልክዐ ሊቀ ሰማዕታት ቅዱስ እስጢፋኖስ በግእዝ | GZ-MEL-017:መልክዐ ሊቀ ሰማዕታት ቅዱስ እስጢፋኖስ ካልእ በግእዝ | AM-GDL-010:ገድለ ሰማዕታት በአማርኛ,"1-15, 1-15, 1-17, 1-17, 1-23, 1-23, 1-23, 1-23, 2-17, 2-17"
1-9,9,አባ በርሱማ ሶርያዊ (ለሶርያ መነኮሳት ኁሉ አባት),በርሱማ ሶርያዊ,monthly,NO_BOOK,,,
1-9,9,አቡነ እስትንፋሰ ክርስቶስ (ኢትዮዽያዊ),እስትንፋሰ ክርስቶስ,monthly,CORRECT,GZ-MEL-136:መልክዐ እስትንፋሰ ክርስቶስ በግእዝ | AM-GDL-014:የአቡነ እስትንፋሰ ክርስቶስ ገድል በአማርኛ,GZ-MEL-136:መልክዐ እስትንፋሰ ክርስቶስ በግእዝ | AM-GDL-014:የአቡነ እስትንፋሰ ክርስቶስ ገድል በአማርኛ,"1-9, 1-9, 2-9, 2-9, 3-9, 3-9, 4-9, 4-9, 5-9, 5-9"
1-9,9,"""፫፲፰ቱ"" ቅዱሳን ሊቃውንት (ርቱዐነ ሃይማኖት ዘኒቅያ)","""፫፲፰ቱ"" ቅዱሳን ሊቃውንት",monthly,NO_BOOK,,,
1-9,9,የብሔረ ብፁዐን ጻድቃን,የብሔረ ብፁዐን ጻድቃን,monthly,WRONG_DATE,,GZ-MEL-160:መልክዐ ጻድቃን ዘባርክናሃ በግእዝ,4-29
1-9,9,አባ መልከ ጼዴቅ ዘሚዳ (ኢትዮዽያዊ),መልከ ጼዴቅ ዘሚዳ,monthly,CORRECT,AM-MEL-068:የአቡነ መልከ ጼዴቅ መልክእ በአማርኛ | GZ-MEL-075:መልክዐ አቡነ መልከ ጼዴቅ በግእዝ,AM-MEL-068:የአቡነ መልከ ጼዴቅ መልክእ በአማርኛ | GZ-MEL-002:መልከዐ ማርያም ዳግሚት በግእዝ | GZ-MEL-003:መልከዐ አቡነ ሊቃኖስ በግእዝ | GZ-MEL-075:መልክዐ አቡነ መልከ ጼዴቅ በግእዝ,"1-9, 1-9, 1-21, 2-9, 2-9, 2-21, 3-9, 3-9, 3-21, 3-28"
1-9,9,ቅዱስ ዞሲማስ ጻድቅ (ዓለመ ብፁዐንን ያየ አባት),ዞሲማስ ጻድቅ,monthly,CORRECT,GZ-GDL-008:ገድለ ቅዱስ ዞሲማስ በግእዝ | AM-GDL-025:ገድለ ቅዱስ ዞሲማስ በአማርኛ,AM-MEL-003:መልክዐ ለአቡነ አቢብ ጻድቅ በአማርኛ | AM-MEL-021:መልክዐ አቡነ ዮሐንስ ጻድቅ በአማርኛ | AM-MEL-060:የአቡነ አባለ ክርስቶስ ጻድቅ መልክዕ በአማርኛ | GZ-GDL-008:ገድለ ቅዱስ ዞሲማስ በግእዝ | AM-GDL-025:ገድለ ቅዱስ ዞሲማስ በአማርኛ,"1-9, 1-9, 1-16, 1-25, 2-9, 2-9, 2-16, 2-25, 3-9, 3-9"
1-10,10,ቅድስት ድንግል እግዝእትነ ማርያም,ድንግል እግዝእትነ ማርያም,annual,WRONG_DATE,,AM-LAH-001:ላሐ ማርያም በአማርኛ | AM-MEL-008:መልክዐ ማርያም ሣልሲት በአማርኛ | AM-MEL-009:መልክዐ ማርያም በአማርኛ | AM-MEL-017:መልክዐ ቅድስት ጸበለ ማርያም በአማርኛ | AM-MEL-019:መልክዐ አቡነ ሐራ ድንግል በአማርኛ | AM-MEL-064:የጽዮን ማርያም 3ኛ መልክዕ በአማርኛ | AM-RAY-001:ራዕየ ማርያም በአማርኛ | AM-WUD-002:ውዳሴ ማርያም በአማርኛ | GZ-ETA-001:እትአመነኪ ማርያም በሰማይ ወበምድር በግእዝ | GZ-LAH-001:ላሐ ማርያም በግእዝ | GZ-MEL-002:መልከዐ ማርያም ዳግሚት በግእዝ | GZ-MEL-021:መልክዐ ሐራ ድንግል በግእዝ | GZ-MEL-031:መልክዐ ማርያም ሣልሲት በግእዝ | GZ-MEL-032:መልክዐ ማርያም በግእዝ | GZ-MEL-070:መልክዐ ተክለ ማርያም ዘይሰመይ መብዓ ጽዮን በግእዝ | GZ-MEL-099:መልክዐ አቡነ አብሳዲ ዘደብረ ማርያም በግእዝ | GZ-MEL-159:መልክዐ ጸበለ ማርያም ቅድስት በግእዝ | GZ-MEL-161:መልክዐ ጽዮን ማርያም ሣልስ በግእዝ | GZ-WUD-002:ውዳሴ ማርያም በግእዝ | TI-RAY-001:ራእየ ማርያም ብትግርኛ | TI-WUD-001:ውዳሴ ማርያም ብትግርኛ | AM-GDL-002:ገድለ ማርያም እንተ ዕፍረት በአማርኛ | GZ-TAM-001:ተአምረ ማርያም በግእዝ | AM-GDL-003:ገድለ ማርያም መግደላዊት በአማርኛ | GZ-MTS-001:መጽሐፈ ልደታ ለማርያም በግእዝ | AM-TAM-002:ተአምረ ማርያም በአማርኛ,"None-None, None-None, None-None, 1-1, 1-11, 1-11, 1-21, 1-21, 1-21, 1-21"
1-10,10,በዓለ ስዕለ አድኅኖ,በዓለ ስዕለ አድኅኖ,annual,NO_BOOK,,,
1-10,10,ቅዱስ እፀ መስቀል (ተቀጸል ጽጌ),እፀ መስቀል,annual,CORRECT,AM-MEL-012:መልክዐ ቅዱስ መስቀል በአማርኛ | AM-MEL-040:የቅዱስ መስቀል 3ኛ መልክዕ በአማርኛ | GZ-MEL-050:መልክዐ ቅዱስ መስቀል ሣልስ በግእዝ | GZ-MEL-051:መልክዐ ቅዱስ መስቀል በግእዝ | GZ-DRS-002:ድርሳነ መስቀል በግእዝ | AM-DRS-008:ድርሳነ መስቀል በአማርኛ,AM-MEL-004:መልክዐ ሕማማተ መስቀል በአማርኛ | AM-MEL-012:መልክዐ ቅዱስ መስቀል በአማርኛ | AM-MEL-040:የቅዱስ መስቀል 3ኛ መልክዕ በአማርኛ | AM-TSE-001:የመስቀል አጥር ጸሎት በአማርኛ | AM-WUD-001:ውዳሴ መስቀል በአማርኛ | GZ-HAT-001:ሐፁረ መስቀል በግእዝ | GZ-MEL-024:መልክዐ ሕማማተ መስቀል በግእዝ | GZ-MEL-050:መልክዐ ቅዱስ መስቀል ሣልስ በግእዝ | GZ-MEL-051:መልክዐ ቅዱስ መስቀል በግእዝ | GZ-WUD-001:ውዳሴ መስቀል በግእዝ | GZ-DRS-002:ድርሳነ መስቀል በግእዝ | AM-DRS-008:ድርሳነ መስቀል በአማርኛ,"None-None, None-None, None-None, None-None, None-None, None-None, 1-10, 1-10, 1-10, 1-10"
1-10,10,ቅዱስ ሉቃስ ወንጌላዊ,ሉቃስ ወንጌላዊ,annual,WRONG_DATE,,AM-MEL-016:መልክዐ ቅዱስ ዮሐንስ ወንጌላዊ በአማርኛ | GZ-MEL-062:መልክዐ ቅዱስ ዮሐንስ ወንጌላዊ በግእዝ,"1-4, 1-4, 1-29, 1-29, 2-4, 2-4, 3-4, 3-4, 4-4, 4-4"
1-10,10,ቅድስት ማርታ ዘጼዴንያ,ማርታ ዘጼዴንያ,annual,NO_BOOK,,,
1-10,10,ቅድስት ዮዲት ጥበበኛዋ,ዮዲት ጥበበኛዋ,annual,NO_BOOK,,,
1-10,10,ንግስተ ሳባ / ማክዳ / አዜብ,ንግስተ ሳባ / ማክዳ / አዜብ,annual,NO_BOOK,,,
1-10,10,ቅድስት መጥሮንያ ሰማዕት,መጥሮንያ,annual,NO_BOOK,,,
1-10,10,አፄ ዳዊት ንጉሥ,አፄ ዳዊት ንጉሥ,annual,WRONG_DATE,,AM-MEL-049:የቅዱስ ዳዊት መልክዕ በአማርኛ | AM-MZM-001:መዝሙረ ዳዊት በአማርኛ | GZ-MEL-064:መልክዐ ቅዱስ ዳዊት በግእዝ | GZ-MZM-004:መዝሙረ ዳዊት በግእዝ | TI-MZM-001:መዝሙረ ዳዊት ብትግርኛ | GZ-ZNA-002:ዜናሁ ለንጉሥ ገላውዴዎስ በግእዝ | GZ-ZNA-003:ዜና ሕይወቱ ለንጉሥ ላልይበላ በግእዝ,"None-None, None-None, None-None, 1-23, 1-23, 2-23, 2-23, 3-23, 3-23, 4-23"
1-10,10,ቅድስት አትናስያና ፫ ልጆቿ,አትናስያና ፫ ልጆቿ,annual,NO_BOOK,,,
1-10,10,ቅዱስ ናትናኤል ሐዋርያ,ናትናኤል,monthly,NO_BOOK,,,
1-10,10,ቅዱስ ኒቆላዎስ ዘሃገረ ሜራ,ኒቆላዎስ ዘሃገረ ሜራ,monthly,NO_BOOK,,,
1-10,10,አቡነ መልክዐ ክርስቶስ,መልክዐ ክርስቶስ,monthly,WRONG_DATE,,GZ-MEL-143:መልክዐ ክርስቶስ ሠምራ በግእዝ,"1-24, 2-24, 3-24, 4-24, 5-24, 6-24, 7-24, 8-24, 9-12, 9-24"
1-10,10,ቅዱስ ያዕቆብ ሐዋርያ (ወልደ እልፍዮስ),ያዕቆብ ሐዋርያ,monthly,WRONG_DATE,,AM-MEL-022:መልክዐ አብርሃም ይሥሐቅ ያዕቆብ በአማርኛ | AM-MEL-033:የሐዋርያው የቅዱስ ታዴዎስ መልክዕ በአማርኛ | AM-MEL-046:የቅዱስ እንድርያስ ሐዋርያ መልክዕ በአማርኛ | GZ-MEL-023:መልክዐ ሐዋርያት በግእዝ | GZ-MEL-124:መልክዐ አብርሃም ይሥሐቅ ወያዕቆብ በግእዝ | GZ-MEL-137:መልክዐ እንድርያስ ሐዋርያ በግእዝ | GZ-GDL-017:ገድለ አቡነ ተክለ ሐዋርያት በግእዝ | GZ-GDL-032:መጽሐፈ ገድለ ቅዱሳን ሐዋርያት በግእዝ | AM-ZNA-003:ዜና ሐዋርያት በአማርኛ,"1-2, 1-4, 1-4, 1-28, 1-28, 2-2, 2-4, 2-4, 2-28, 2-28"
1-10,10,ቅድስት ዕሌኒ ንግስት,ዕሌኒ ንግስት,monthly,NO_BOOK,,,
1-10,10,ታላቁ ቅዱስ ቆስጠንጢኖስ,ታላቁ ቅዱስ ቆስጠንጢኖስ,monthly,NO_BOOK,,,
1-11,11,ቅዱስ ፋሲለደስ ሰማዕት,ፋሲለደስ,annual,CORRECT,GZ-MEL-041:መልክዐ ሰማዕት ቅዱስ ፋሲለደስ በግእዝ,GZ-MEL-041:መልክዐ ሰማዕት ቅዱስ ፋሲለደስ በግእዝ,"1-11, 2-11, 3-11, 4-11, 5-11, 6-11, 7-11, 8-11, 9-11, 10-11"
1-11,11,ቅድስት ታኦድራ እናታችን,ታኦድራ እናታችን,annual,NO_BOOK,,,
1-11,11,ቅዱስ ቆርኔሌዎስ ሐዋርያዊ (ሐዋ,ቆርኔሌዎስ ሐዋርያዊ (ሐዋ,annual,NO_BOOK,,,
1-11,11,፲ን ያንብቡ),፲ን ያንብቡ),annual,NO_BOOK,,,
1-11,11,ቅድስት በነፍዝዝ ሰማዕት,በነፍዝዝ,annual,NO_BOOK,,,
1-11,11,"""፫ቱ"" ገበሬዎች ሰማዕታት (ሱርስ፣ አጤኬዎስና ፣ መስተሐድራ)","""፫ቱ"" ገበሬዎች ሰማዕታት",annual,WRONG_DATE,,AM-MEL-065:ጸሎተ መልክዐ ሥቃዩ ለቅዱስ ጊዮርጊስ ሊቀ ሰማዕታት በአማርኛ | AM-MEL-066:ጸሎተ መልክዕ ዘቅዱስ ጊዮርጊስ ሊቀ ሰማዕታት በአማርኛ | AM-MEL-067:ጸሎተ መልክዕ ዘቅዱስ ጊዮርጊስ ሊቀ ሰማዕታት ካልዕ በአማርኛ | AM-SIB-001:ስብሐተ ፍቁር ዘቅዱስ ጊዮርጊስ ሊቀ ሰማዕታት በአማርኛ | GZ-MEL-016:መልክዐ ሊቀ ሰማዕታት ቅዱስ እስጢፋኖስ በግእዝ | GZ-MEL-017:መልክዐ ሊቀ ሰማዕታት ቅዱስ እስጢፋኖስ ካልእ በግእዝ | AM-GDL-010:ገድለ ሰማዕታት በአማርኛ,"1-15, 1-15, 1-17, 1-17, 1-23, 1-23, 1-23, 1-23, 2-17, 2-17"
1-11,11,ቅዱስ ያሬድ ካህን,ያሬድ ካህን,monthly,CORRECT,GZ-MEL-146:መልክዐ ያሬድ በግእዝ | GZ-MEL-147:መልክዐ ያሬድ ካልዕ በግእዝ | GZ-GDL-021:ድርሳን ወገድል ዘቅዱስ ያሬድ በግእዝ,GZ-MEL-146:መልክዐ ያሬድ በግእዝ | GZ-MEL-147:መልክዐ ያሬድ ካልዕ በግእዝ | GZ-GDL-021:ድርሳን ወገድል ዘቅዱስ ያሬድ በግእዝ,"1-11, 1-11, 1-11, 2-11, 2-11, 2-11, 3-11, 3-11, 3-11, 4-11"
1-11,11,ማር ገላውዴዎስ ሰማዕት,ማር ገላውዴዎስ,monthly,WRONG_DATE,,GZ-ZNA-002:ዜናሁ ለንጉሥ ገላውዴዎስ በግእዝ,7-27
1-11,11,ብፁዐን ኢያቄምና ሐና,ብፁዐን ኢያቄምና ሐና,monthly,CORRECT,AM-DRS-001:የቅዱስ ኢያቄምና- የቅድስት ሐና ድርሳን በአማርኛ,AM-DRS-001:የቅዱስ ኢያቄምና- የቅድስት ሐና ድርሳን በአማርኛ,"1-1, 1-3, 1-7, 1-11, 1-12, 2-1, 2-3, 2-11, 3-1, 3-3"
1-11,11,አቡነ ሐራ ድንግል ጻድቅ,ሐራ ድንግል,monthly,CORRECT,AM-MEL-019:መልክዐ አቡነ ሐራ ድንግል በአማርኛ | GZ-MEL-021:መልክዐ ሐራ ድንግል በግእዝ,AM-MEL-019:መልክዐ አቡነ ሐራ ድንግል በአማርኛ | GZ-MEL-021:መልክዐ ሐራ ድንግል በግእዝ,"1-11, 1-11, 2-11, 2-11, 3-11, 3-11, 4-11, 4-11, 5-11, 5-11"
1-12,12,ቅዱሳን ፳፻ው ሊቃውንት (በኤፌሶን የተሰበሰቡ),፳፻ው ሊቃውንት,annual,NO_BOOK,,,
1-12,12,ቅዱስ ቄርሎስ ዓምደ ሃይማኖት,ቄርሎስ ዓምደ ሃይማኖት,annual,WRONG_DATE,,AM-MEL-057:የአቡነ ተክለ ሃይማኖት 2ኛ መልክዕ በአማርኛ | AM-MEL-058:የአቡነ ተክለ ሃይማኖት መልክዕ በአማርኛ | GZ-MEL-068:መልክዐ ተክለ ሃይማኖት በግእዝ | GZ-MEL-069:መልክዐ ተክለ ሃይማኖት ካልእ በግእዝ | GZ-MEL-092:መልክዐ አቡነ ተክለ ሃይማኖት በግእዝ | AM-GDL-004:ገድለ ተክለ ሃይማኖት በአማርኛ,"1-24, 1-24, 1-24, 1-24, 1-24, 1-24, 2-24, 2-24, 2-24, 2-24"
1-12,12,ጻድቅ ንጉሥ ቴዎዶስዮስ,ንጉሥ ቴዎዶስዮስ,annual,WRONG_DATE,,GZ-ZNA-002:ዜናሁ ለንጉሥ ገላውዴዎስ በግእዝ | GZ-ZNA-003:ዜና ሕይወቱ ለንጉሥ ላልይበላ በግእዝ,7-27
1-12,12,ቅዱስ እስጢፋኖስ ሊቀ ዲያቆናት,እስጢፋኖስ ሊቀ ዲያቆናት,annual,WRONG_DATE,,AM-MEL-045:የቅዱስ እስጢፋኖስ 2ኛ መልክዕ በአማርኛ | GZ-MEL-016:መልክዐ ሊቀ ሰማዕታት ቅዱስ እስጢፋኖስ በግእዝ | GZ-MEL-017:መልክዐ ሊቀ ሰማዕታት ቅዱስ እስጢፋኖስ ካልእ በግእዝ | AM-GDL-009:ገድለ ቅዱስ እስጢፋኖስ አማርኛ | GZ-GDL-022:ገድለ ቅዱስ እስጢፋኖስ በግእዝ,"1-15, 1-15, 1-15, 1-15, 1-15, 1-17, 1-17, 1-17, 1-17, 1-17"
1-12,12,ቅዱሳን ኢያቄም ወሐና,ኢያቄም ወሐና,annual,CORRECT,GZ-MEL-133:መልክዐ ኢያቄም በግእዝ | AM-DRS-001:የቅዱስ ኢያቄምና- የቅድስት ሐና ድርሳን በአማርኛ | GZ-DRS-007:ድርሳን ዘቅዱስ ኢያቄም ወቅድስት ሐና በግእዝ,GZ-MEL-133:መልክዐ ኢያቄም በግእዝ | AM-DRS-001:የቅዱስ ኢያቄምና- የቅድስት ሐና ድርሳን በአማርኛ | GZ-DRS-007:ድርሳን ዘቅዱስ ኢያቄም ወቅድስት ሐና በግእዝ,"1-1, 1-1, 1-1, 1-3, 1-3, 1-3, 1-7, 1-7, 1-7, 1-11"
1-12,12,ቅዱስ ኢሳይያስ ነቢይ,ኢሳይያስ,annual,NO_BOOK,,,
1-12,12,ቅዱስ ሚካኤል ሊቀ መላእክት,ሚካኤል ሊቀ መላእክት,monthly,CORRECT,AM-MEL-006:መልክዐ ሚካኤል በአማርኛ | AM-MEL-041:የቅዱስ ሚካኤል 3ኛ መልክዕ በአማርኛ | GZ-MEL-004:መልክዐ ሊቀ መላእክት ቅዱስ ሚካኤል ሣልስ በግእዝ | GZ-MEL-005:መልክዐ ሊቀ መላእክት ቅዱስ ሚካኤል ካልዕ በግእዝ | GZ-MEL-009:መልክዐ ሊቀ መላእክት ቅዱስ በግእዝ | GZ-MEL-165:መልክዐ ሊቀ መላእክት ቅዱስ ሚካኤል ካልዕ በግእ | GZ-DRS-008:ድርሳነ ሚካኤል በግእዝ | AM-DRS-009:ድርሳነ ሚካኤል በአማርኛ,AM-DIR-001:የሰባቱ ሊቃነ መላእክት ድርሳን በአማርኛ | AM-MEL-006:መልክዐ ሚካኤል በአማርኛ | AM-MEL-038:የቅዱሳን አእላፍ መላእክት 2ኛ መልክዕ በአማርኛ | AM-MEL-041:የቅዱስ ሚካኤል 3ኛ መልክዕ በአማርኛ | GZ-MEL-004:መልክዐ ሊቀ መላእክት ቅዱስ ሚካኤል ሣልስ በግእዝ | GZ-MEL-005:መልክዐ ሊቀ መላእክት ቅዱስ ሚካኤል ካልዕ በግእዝ | GZ-MEL-006:መልክዐ ሊቀ መላእክት ቅዱስ ሩፋኤል በግእዝ | GZ-MEL-007:መልክዐ ሊቀ መላእክት ቅዱስ ራጉኤል በግእዝ | GZ-MEL-008:መልክዐ ሊቀ መላእክት ቅዱስ ሱርያል በግእዝ | GZ-MEL-009:መልክዐ ሊቀ መላእክት ቅዱስ በግእዝ | GZ-MEL-010:መልክዐ ሊቀ መላእክት ቅዱስ አፍኒን በግእዝ | GZ-MEL-011:መልክዐ ሊቀ መላእክት ቅዱስ ዑራኤል በግእዝ | GZ-MEL-012:መልክዐ ሊቀ መላእክት ቅዱስ ዑራኤል ካልእ በግእዝ | GZ-MEL-013:መልክዐ ሊቀ መላእክት ቅዱስ ገብርኤል በግእዝ | GZ-MEL-014:መልክዐ ሊቀ መላእክት ቅዱስ ገብርኤል ካልዕ (ደቅስዮስ) በግእዝ | GZ-MEL-015:መልክዐ ሊቀ መላእክት ቅዱስ ፋኑኤል በግእዝ | GZ-MEL-083:መልክዐ አቡነ ሰይፈ ሚካኤል በግእዝ | GZ-MEL-121:መልክዐ አባ በጸሎተ ሚካኤል በግእዝ | GZ-MEL-125:መልክዐ አእላፍ መላእክት በግእዝ | GZ-MEL-126:መልክዐ አእላፍ መላእክት ካልእ በግእዝ | GZ-MEL-165:መልክዐ ሊቀ መላእክት ቅዱስ ሚካኤል ካልዕ በግእ | AM-GDL-011:ገድለ አቡነ በጸሎተ ሚካኤል በአማርኛ | GZ-GDL-015:ገድለ አቡነ በጸሎተ ሚካኤል በግእዝ | GZ-DRS-008:ድርሳነ ሚካኤል በግእዝ | AM-DRS-009:ድርሳነ ሚካኤል በአማርኛ | GZ-GDL-034:ገድለ አቡነ ፍሬ ሚካኤል በግእዝ,"1-1, 1-3, 1-9, 1-9, 1-9, 1-9, 1-9, 1-9, 1-9, 1-12"
1-12,12,ቅዱስ ላሊበላ ጻድቅ (ንጉሠ ኢትዮዽያ),ላሊበላ ጻድቅ,monthly,CORRECT,GZ-MEL-019:መልክዐ ላሊበላ በግዕዝ,AM-MEL-003:መልክዐ ለአቡነ አቢብ ጻድቅ በአማርኛ | AM-MEL-021:መልክዐ አቡነ ዮሐንስ ጻድቅ በአማርኛ | AM-MEL-060:የአቡነ አባለ ክርስቶስ ጻድቅ መልክዕ በአማርኛ | GZ-MEL-019:መልክዐ ላሊበላ በግዕዝ,"1-12, 1-16, 1-25, 2-12, 2-16, 2-25, 3-12, 3-16, 3-25, 4-12"
1-12,12,ቅዱስ ማቴዎስ ሐዋርያ,ማቴዎስ,monthly,WRONG_DATE,,GZ-MEL-080:መልክዐ አቡነ ማቴዎስ ዘደብረ በርበሬ በግእዝ | GZ-MEL-081:መልክዐ አቡነ ማቴዎስ ዘደብረ በርበሬ በግእዝ ካልእ,"3-13, 5-14"
1-12,12,ቅዱስ ድሜጥሮስ,ድሜጥሮስ,monthly,NO_BOOK,,,
1-12,12,ቅዱስ ዮሐንስ አፈ ወርቅ,ዮሐንስ አፈ ወርቅ,monthly,WRONG_DATE,,AM-MEL-016:መልክዐ ቅዱስ ዮሐንስ ወንጌላዊ በአማርኛ | AM-MEL-020:መልክዐ አቡነ ዕጨጌ ዮሐንስ በአማርኛ | AM-MEL-021:መልክዐ አቡነ ዮሐንስ ጻድቅ በአማርኛ | AM-MEL-047:የቅዱስ ዮሐንስ 2ኛ መልክዕ በአማርኛ | AM-MEL-048:የቅዱስ ዮሐንስ መጥምቅ መልክዕ በአማርኛ | GZ-MEL-060:መልክዐ ቅዱስ ዮሐንስ መጥምቅ በግእዝ | GZ-MEL-061:መልክዐ ቅዱስ ዮሐንስ ካልእ በግእዝ | GZ-MEL-062:መልክዐ ቅዱስ ዮሐንስ ወንጌላዊ በግእዝ | GZ-MEL-104:መልክዐ አቡነ ዕጨጌ ዮሐንስ በግእዝ | GZ-MEL-109:መልክዐ አቡነ ዮሐንስ ከማ በግእዝ | GZ-MEL-110:መልክዐ አቡነ ዮሐንስ ዘድብረ ዳጋ በግእዝ | GZ-MEL-149:መልክዐ ዮሐንስ ወልደ ነጎድጓድ በግእዝ | GZ-MEL-150:መልክዐ ዮሐንስ ፍቁረ እግዚእ በግእዝ | AM-GDL-013:የቅዱስ ዮሐንስ ገድል በአማርኛ | GZ-GDL-018:ገድለ አቡነ ዮሐንስ በግእዝ | AM-GDL-027:ገድለ አቡነ እጨጌ ዮሐንስ ዘጸገሮ በአማርኛ,"1-1, 1-1, 1-2, 1-2, 1-4, 1-4, 1-4, 1-4, 1-4, 1-4"
1-12,12,ቅዱስ ቴዎድሮስ ምሥራቃዊ (ሰማዕት),ቴዎድሮስ ምሥራቃዊ,monthly,CORRECT,GZ-MEL-040:መልክዐ ሰማዕት ቅዱስ ቴዎድሮስ በግእዝ | GZ-GDL-030:ገድለ ቅዱስ ቴዎድሮስ በግእዝ | GZ-GDL-031:ገድለ ሰማዕት ቅዱስ ቴዎድሮስ በግእዝ | AM-GDL-030:ገድለ ሰማዕት ቅዱስ ቴዎድሮስ በአማርኛ,GZ-MEL-040:መልክዐ ሰማዕት ቅዱስ ቴዎድሮስ በግእዝ | GZ-GDL-030:ገድለ ቅዱስ ቴዎድሮስ በግእዝ | GZ-GDL-031:ገድለ ሰማዕት ቅዱስ ቴዎድሮስ በግእዝ | AM-GDL-030:ገድለ ሰማዕት ቅዱስ ቴዎድሮስ በአማርኛ,"1-12, 1-12, 1-12, 1-12, 1-20, 1-20, 1-20, 1-20, 2-12, 2-12"
1-12,12,ቅድስት ክርስቶስ ሠምራ,ክርስቶስ ሠምራ,monthly,WRONG_DATE,,GZ-MEL-143:መልክዐ ክርስቶስ ሠምራ በግእዝ | AM-GDL-005:ገድለ ቅድስት ክርስቶስ ሠምራ በአማርኛ | GZ-GDL-019:ገድለ ቅድስት ክርስቶስ ሠምራ በግእዝ,"1-24, 1-24, 1-24, 2-24, 2-24, 2-24, 3-24, 3-24, 3-24, 4-24"
1-12,12,አቡነ ሳሙኤል ዘዋልድባ,ሳሙኤል ዘዋልድባ,monthly,CORRECT,AM-MEL-054:የአቡነ ሳሙኤል ዘዋልድባ መልክዕ በአማርኛ | AM-MEL-055:የአቡነ ሳሙኤል ዘዋልድባ ኹለተኛ መልክዕ በአማርኛ | GZ-MEL-085:መልክዐ አቡነ ሳሙኤል ዘዋልድባ በግእዝ | GZ-MEL-086:መልክዐ አቡነ ሳሙኤል ዘዋልድባ ካልዕ በግእዝ,AM-MEL-054:የአቡነ ሳሙኤል ዘዋልድባ መልክዕ በአማርኛ | AM-MEL-055:የአቡነ ሳሙኤል ዘዋልድባ ኹለተኛ መልክዕ በአማርኛ | GZ-MEL-085:መልክዐ አቡነ ሳሙኤል ዘዋልድባ በግእዝ | GZ-MEL-086:መልክዐ አቡነ ሳሙኤል ዘዋልድባ ካልዕ በግእዝ,"1-12, 1-12, 1-12, 1-12, 2-12, 2-12, 2-12, 2-12, 3-12, 3-12"
1-13,13,ታላቁ ቅዱስ ባስልዮስ ዘቂሣርያ,ታላቁ ቅዱስ ባስልዮስ ዘቂሣርያ,annual,NO_BOOK,,,
1-13,13,አባ ይስሐቅ ባሕታዊ,ይስሐቅ ባሕታዊ,annual,NO_BOOK,,,
1-13,13,እግዚአብሔር አብ,እግዚአብሔር አብ,monthly,CORRECT,GZ-MEL-139:መልክዐ እግዚአብሔር አብ በግእዝ | GZ-MEL-140:መልክዐ እግዚአብሔር አብ ካልዕ በግእዝ,GZ-MEL-139:መልክዐ እግዚአብሔር አብ በግእዝ | GZ-MEL-140:መልክዐ እግዚአብሔር አብ ካልዕ በግእዝ,"1-13, 1-13, 2-13, 2-13, 3-13, 3-13, 4-13, 4-13, 5-13, 5-13"
1-13,13,ቅዱስ ሩፋኤል ሊቀ መላዕክት,ሩፋኤል ሊቀ መላዕክት,monthly,CORRECT,AM-MEL-043:የቅዱስ ሩፋኤል መልክዕ በአማርኛ | GZ-MEL-006:መልክዐ ሊቀ መላእክት ቅዱስ ሩፋኤል በግእዝ | GZ-DRS-009:ድርሳን ቅዱስ ሩፋኤል በግእዝ,AM-MEL-043:የቅዱስ ሩፋኤል መልክዕ በአማርኛ | GZ-MEL-006:መልክዐ ሊቀ መላእክት ቅዱስ ሩፋኤል በግእዝ | GZ-DRS-009:ድርሳን ቅዱስ ሩፋኤል በግእዝ,"1-13, 1-13, 1-13, 2-13, 2-13, 2-13, 3-13, 3-13, 3-13, 4-13"
1-13,13,"""፱፱ኙ"" ነገደ መላዕክት","""፱፱ኙ"" ነገደ መላዕክት",monthly,NO_BOOK,,,
1-13,13,ቅዱስ አስከናፍር,አስከናፍር,monthly,NO_BOOK,,,
1-13,13,"""፲፫ቱ"" ግኁሳን አባቶች","""፲፫ቱ"" ግኁሳን አባቶች",monthly,NO_BOOK,,,
1-13,13,ቅዱስ አርሳንዮስ ጠቢብ ገዳማዊ,አርሳንዮስ ጠቢብ ገዳማዊ,monthly,NO_BOOK,,,
1-13,13,አቡነ ዘርዐ ቡሩክ,ዘርዐ ቡሩክ,monthly,CORRECT,AM-MEL-061:የአቡነ ዘርዐ ቡሩክ መልክዕ በአማርኛ | GZ-MEL-105:መልክዐ አቡነ ዘርዐ ቡሩክ በግእዝ,AM-MEL-061:የአቡነ ዘርዐ ቡሩክ መልክዕ በአማርኛ | GZ-MEL-105:መልክዐ አቡነ ዘርዐ ቡሩክ በግእዝ,"1-13, 1-13, 2-13, 2-13, 3-13, 3-13, 4-13, 4-13, 5-13, 5-13"
1-14,14,አባ አጋቶን ዘዓምድ,አጋቶን ዘዓምድ,annual,NO_BOOK,,,
1-14,14,አቡነ ያሳይ ዘመንዳባ,ያሳይ ዘመንዳባ,annual,NO_BOOK,,,
1-14,14,አባ ዼጥሮስ መምሕረ ጻና (ጣና),ዼጥሮስ መምሕረ ጻና,annual,NO_BOOK,,,
1-14,14,ቅዱስ ዴግና ቀሲስ,ዴግና ቀሲስ,annual,NO_BOOK,,,
1-14,14,አቡነ አረጋዊ (ዘ ሚካኤል ),አረጋዊ,monthly,CORRECT,GZ-MEL-073:መልክዐ አረጋዊ በግእዝ | AM-GDL-016:ገድለ አቡነ አረጋዊ በአማርኛ,GZ-MEL-073:መልክዐ አረጋዊ በግእዝ | AM-GDL-016:ገድለ አቡነ አረጋዊ በአማርኛ,"1-14, 1-14, 2-14, 2-14, 3-14, 3-14, 4-14, 4-14, 5-14, 5-14"
1-14,14,ቅዱስ ገብረ ክርስቶስ መርዓዊ,ገብረ ክርስቶስ መርዓዊ,monthly,WRONG_DATE,,GZ-MEL-151:መልክዐ ገብረ መንፈስ ቅዱስ በግእዝ | GZ-MEL-152:መልክዐ ገብረ መንፈስ ቅዱስ ካልዕ በግእዝ | GZ-MEL-153:መልክዐ ገብረ ክርስቶስ በግእዝ | AM-GDL-007:ገድለ አቡነ ገብረ መንፈስ ቅዱስ በአማርኛ,"1-5, 1-5, 1-5, 2-5, 2-5, 2-5, 2-14, 3-5, 3-5, 3-5"
1-14,14,ቅዱስ ፊልዾስ ሐዋርያ,ፊልዾስ,monthly,NO_BOOK,,,
1-14,14,ቅዱስ ሙሴ ( የእግዚአብሔር ሰው),ሙሴ,monthly,WRONG_DATE,,GZ-MEL-079:መልክዐ አቡነ ሙሴ በግእዝ,1-4
1-14,14,አባ ስምዖን ገዳማዊ,ስምዖን ገዳማዊ,monthly,NO_BOOK,,,
1-14,14,አባ ዮሐንስ ጻድቅ,ዮሐንስ,monthly,WRONG_DATE,,AM-MEL-016:መልክዐ ቅዱስ ዮሐንስ ወንጌላዊ በአማርኛ | AM-MEL-020:መልክዐ አቡነ ዕጨጌ ዮሐንስ በአማርኛ | AM-MEL-021:መልክዐ አቡነ ዮሐንስ ጻድቅ በአማርኛ | AM-MEL-047:የቅዱስ ዮሐንስ 2ኛ መልክዕ በአማርኛ | AM-MEL-048:የቅዱስ ዮሐንስ መጥምቅ መልክዕ በአማርኛ | GZ-MEL-060:መልክዐ ቅዱስ ዮሐንስ መጥምቅ በግእዝ | GZ-MEL-061:መልክዐ ቅዱስ ዮሐንስ ካልእ በግእዝ | GZ-MEL-062:መልክዐ ቅዱስ ዮሐንስ ወንጌላዊ በግእዝ | GZ-MEL-104:መልክዐ አቡነ ዕጨጌ ዮሐንስ በግእዝ | GZ-MEL-109:መልክዐ አቡነ ዮሐንስ ከማ በግእዝ | GZ-MEL-110:መልክዐ አቡነ ዮሐንስ ዘድብረ ዳጋ በግእዝ | GZ-MEL-149:መልክዐ ዮሐንስ ወልደ ነጎድጓድ በግእዝ | GZ-MEL-150:መልክዐ ዮሐንስ ፍቁረ እግዚእ በግእዝ | AM-GDL-013:የቅዱስ ዮሐንስ ገድል በአማርኛ | GZ-GDL-018:ገድለ አቡነ ዮሐንስ በግእዝ | AM-GDL-027:ገድለ አቡነ እጨጌ ዮሐንስ ዘጸገሮ በአማርኛ,"1-1, 1-1, 1-2, 1-2, 1-4, 1-4, 1-4, 1-4, 1-4, 1-4"
1-14,14,እናታችን ቅድስት ነሣሒት,እናታችን ቅድስት ነሣሒት,monthly,NO_BOOK,,,
1-15,15,ቅዱስ እስጢፋኖስ ሊቀ ዲያቆናት ወቀዳሜ ሰማዕት (ፍልሠቱ),እስጢፋኖስ ሊቀ ዲያቆናት ወቀዳሜ ሰማዕት,annual,CORRECT,AM-MEL-045:የቅዱስ እስጢፋኖስ 2ኛ መልክዕ በአማርኛ | GZ-MEL-016:መልክዐ ሊቀ ሰማዕታት ቅዱስ እስጢፋኖስ በግእዝ | GZ-MEL-017:መልክዐ ሊቀ ሰማዕታት ቅዱስ እስጢፋኖስ ካልእ በግእዝ | GZ-MEL-043:መልክዐ ሰማዕት ቅድስት ኢየሉጣ በግእዝ | AM-GDL-009:ገድለ ቅዱስ እስጢፋኖስ አማርኛ | GZ-GDL-022:ገድለ ቅዱስ እስጢፋኖስ በግእዝ,AM-MEL-045:የቅዱስ እስጢፋኖስ 2ኛ መልክዕ በአማርኛ | GZ-MEL-016:መልክዐ ሊቀ ሰማዕታት ቅዱስ እስጢፋኖስ በግእዝ | GZ-MEL-017:መልክዐ ሊቀ ሰማዕታት ቅዱስ እስጢፋኖስ ካልእ በግእዝ | GZ-MEL-039:መልክዐ ሰማዕት ቅዱስ መርቆሬዎስ በግእዝ | GZ-MEL-040:መልክዐ ሰማዕት ቅዱስ ቴዎድሮስ በግእዝ | GZ-MEL-041:መልክዐ ሰማዕት ቅዱስ ፋሲለደስ በግእዝ | GZ-MEL-042:መልክዐ ሰማዕት ቅድስት አርሴማ በግእዝ | GZ-MEL-043:መልክዐ ሰማዕት ቅድስት ኢየሉጣ በግእዝ | GZ-MEL-122:መልክዐ አባ ኖብ ሰማዕት በግእዝ | GZ-GDL-002:ገድለ ሰማዕት ቅዱስ መርቆሬዎስ በግእዝ | AM-GDL-008:ገድለ ሰማዕት ቅድስት አርሴማ በአማርኛ | AM-GDL-009:ገድለ ቅዱስ እስጢፋኖስ አማርኛ | GZ-GDL-014:ገድለ ቅዱስ ጊዮርጊስ ሰማዕት በግእዝ | AM-GDL-015:ገድለ ሰማዕት ቅዱስ መርቆሬዎስ በአማርኛ | AM-GDL-018:ገድለ ቅዱስ ጊዮርጊስ ሰማዕት በአማርኛ | GZ-GDL-022:ገድለ ቅዱስ እስጢፋኖስ በግእዝ | GZ-GDL-031:ገድለ ሰማዕት ቅዱስ ቴዎድሮስ በግእዝ | GZ-GDL-033:ገድለ ሰማዕት ቅድስት አርሴማ በግእዝ | AM-GDL-030:ገድለ ሰማዕት ቅዱስ ቴዎድሮስ በአማርኛ,"1-6, 1-6, 1-6, 1-11, 1-12, 1-12, 1-12, 1-15, 1-15, 1-15"
1-15,15,አቡነ ገብረ ማርያም ዘሐንታ,ገብረ ማርያም ዘሐንታ,annual,WRONG_DATE,,GZ-MEL-151:መልክዐ ገብረ መንፈስ ቅዱስ በግእዝ | GZ-MEL-152:መልክዐ ገብረ መንፈስ ቅዱስ ካልዕ በግእዝ | GZ-MEL-153:መልክዐ ገብረ ክርስቶስ በግእዝ | AM-GDL-007:ገድለ አቡነ ገብረ መንፈስ ቅዱስ በአማርኛ,"1-5, 1-5, 1-5, 2-5, 2-5, 2-5, 2-14, 3-5, 3-5, 3-5"
1-15,15,አባ ዼጥሮስ ዘሃገረ ጠራው,ዼጥሮስ ዘሃገረ ጠራው,annual,NO_BOOK,,,
1-15,15,ቅዱስ ቂርቆስና እናቱ ኢየሉጣ,ቂርቆስና እናቱ ኢየሉጣ,monthly,CORRECT,GZ-MEL-043:መልክዐ ሰማዕት ቅድስት ኢየሉጣ በግእዝ | AM-GDL-023:የቅዱስ ቂርቆስና የቅድስት ኢየሉጣ ገድል በአማርኛ,GZ-MEL-043:መልክዐ ሰማዕት ቅድስት ኢየሉጣ በግእዝ | AM-GDL-023:የቅዱስ ቂርቆስና የቅድስት ኢየሉጣ ገድል በአማርኛ,"1-15, 1-15, 2-15, 2-15, 3-15, 3-15, 4-15, 4-15, 5-15, 5-15"
1-15,15,ቅዱስ ኤፍሬም ሶርያዊ (አፈ በረከት),ኤፍሬም ሶርያዊ,monthly,NO_BOOK,,,
1-15,15,ቅዱስ ሚናስ ግብፃዊ,ሚናስ ግብፃዊ,monthly,CORRECT,AM-MEL-013:መልክዐ ቅዱስ ሚናስ በአማርኛ | GZ-MEL-052:መልክዐ ቅዱስ ሚናስ በግእዝ,AM-MEL-013:መልክዐ ቅዱስ ሚናስ በአማርኛ | GZ-MEL-052:መልክዐ ቅዱስ ሚናስ በግእዝ,"1-15, 1-15, 2-15, 2-15, 3-15, 3-15, 4-15, 4-15, 5-15, 5-15"
1-15,15,ቅድስት እንባ መሪና,እንባ መሪና,monthly,NO_BOOK,,,
1-15,15,ቅድስት ክርስጢና,ክርስጢና,monthly,NO_BOOK,,,
1-16,16,ሕንጸታ ለኢየሩሳሌም,ሕንጸታ ለኢየሩሳሌም,annual,NO_BOOK,,,
1-16,16,ቅድስት እሌኒ ንግሥት,እሌኒ ንግሥት,annual,NO_BOOK,,,
1-16,16,ቅዱስ ጦቢት ነቢይ,ጦቢት,annual,NO_BOOK,,,
1-16,16,ቅዱሳን ጦብያና ሣራ,ጦብያና ሣራ,annual,NO_BOOK,,,
1-16,16,አባ አጋቶን ባሕታዊ,አጋቶን ባሕታዊ,annual,NO_BOOK,,,
1-16,16,ኪዳነ ምሕረት (የሰባቱ ኪዳናት ማሕተም),ኪዳነ ምሕረት,monthly,CORRECT,AM-MEL-027:መልክዐ ኪዳነ ምሕረት በአማርኛ | GZ-MEL-141:መልክዐ ኪዳነ ምሕረት በግእዝ,AM-MEL-027:መልክዐ ኪዳነ ምሕረት በአማርኛ | GZ-MEL-141:መልክዐ ኪዳነ ምሕረት በግእዝ,"1-16, 1-16, 2-16, 2-16, 3-16, 3-16, 4-16, 4-16, 5-16, 5-16"
1-16,16,ቅድስት ኤልሳቤጥ (የመጥምቁ ዮሐንስ እናት),ኤልሳቤጥ,monthly,NO_BOOK,,,
1-16,16,ቅዱስ ገብረ ማርያም ጻድቅ ንጉሠ ኢትዮዽያ (የቅ/ላሊበላ ወንድም),ገብረ ማርያም ጻድቅ ንጉሠ ኢትዮዽያ,monthly,WRONG_DATE,,GZ-MEL-151:መልክዐ ገብረ መንፈስ ቅዱስ በግእዝ | GZ-MEL-152:መልክዐ ገብረ መንፈስ ቅዱስ ካልዕ በግእዝ | GZ-MEL-153:መልክዐ ገብረ ክርስቶስ በግእዝ | AM-GDL-007:ገድለ አቡነ ገብረ መንፈስ ቅዱስ በአማርኛ,"1-5, 1-5, 1-5, 2-5, 2-5, 2-5, 2-14, 3-5, 3-5, 3-5"
1-16,16,ቅዱስ አኖሬዎስ ንጉሥ ጻድቅ,አኖሬዎስ ንጉሥ,monthly,WRONG_DATE,,GZ-ZNA-002:ዜናሁ ለንጉሥ ገላውዴዎስ በግእዝ | GZ-ZNA-003:ዜና ሕይወቱ ለንጉሥ ላልይበላ በግእዝ,7-27
1-16,16,አባ አቡናፍር ገዳማዊ,አቡናፍር ገዳማዊ,monthly,NO_BOOK,,,
1-16,16,አባ ዳንኤል ጻድቅ,ዳንኤል,monthly,WRONG_DATE,,GZ-MEL-114:መልክዐ አቡነ ዳንኤል በግእዝ | GZ-GDL-028:ገድለ አቡነ ዳንኤል በግእዝ,"3-6, 3-6"
1-16,16,ቅዱስ አባ ዮሐንስ ጻድቅ (ወንጌሉ ዘወርቅ),ዮሐንስ ጻድቅ,monthly,CORRECT,AM-MEL-021:መልክዐ አቡነ ዮሐንስ ጻድቅ በአማርኛ,AM-MEL-021:መልክዐ አቡነ ዮሐንስ ጻድቅ በአማርኛ,"1-16, 2-16, 3-16, 4-16, 5-16, 5-20, 6-16, 7-16, 8-16, 9-7"
1-17,17,ቅዱስ ዕፀ መስቀል,ዕፀ መስቀል,annual,CORRECT,AM-MEL-012:መልክዐ ቅዱስ መስቀል በአማርኛ | AM-MEL-040:የቅዱስ መስቀል 3ኛ መልክዕ በአማርኛ | GZ-MEL-050:መልክዐ ቅዱስ መስቀል ሣልስ በግእዝ | GZ-MEL-051:መልክዐ ቅዱስ መስቀል በግእዝ | GZ-DRS-002:ድርሳነ መስቀል በግእዝ | AM-DRS-008:ድርሳነ መስቀል በአማርኛ,AM-MEL-004:መልክዐ ሕማማተ መስቀል በአማርኛ | AM-MEL-012:መልክዐ ቅዱስ መስቀል በአማርኛ | AM-MEL-040:የቅዱስ መስቀል 3ኛ መልክዕ በአማርኛ | AM-TSE-001:የመስቀል አጥር ጸሎት በአማርኛ | AM-WUD-001:ውዳሴ መስቀል በአማርኛ | GZ-HAT-001:ሐፁረ መስቀል በግእዝ | GZ-MEL-024:መልክዐ ሕማማተ መስቀል በግእዝ | GZ-MEL-050:መልክዐ ቅዱስ መስቀል ሣልስ በግእዝ | GZ-MEL-051:መልክዐ ቅዱስ መስቀል በግእዝ | GZ-WUD-001:ውዳሴ መስቀል በግእዝ | GZ-DRS-002:ድርሳነ መስቀል በግእዝ | AM-DRS-008:ድርሳነ መስቀል በአማርኛ,"None-None, None-None, None-None, None-None, None-None, None-None, 1-10, 1-10, 1-10, 1-10"
1-17,17,ቅድስት እሌኒ ንግስት,እሌኒ ንግስት,annual,NO_BOOK,,,
1-17,17,ቅዱስ ኪራኮስ አረጋዊ,ኪራኮስ አረጋዊ,annual,WRONG_DATE,,GZ-MEL-073:መልክዐ አረጋዊ በግእዝ | AM-GDL-016:ገድለ አቡነ አረጋዊ በአማርኛ,"1-14, 1-14, 2-14, 2-14, 3-14, 3-14, 4-14, 4-14, 5-14, 5-14"
1-17,17,ቅዱስ መቃርስ ሊቀ ዻዻስ,መቃርስ ሊቀ ዻዻስ,annual,NO_BOOK,,,
1-17,17,ቅዱስ አውዶኪስ ቀሲስ,አውዶኪስ ቀሲስ,annual,NO_BOOK,,,
1-17,17,ብጽዕት ታኦግንስጣ ሮማዊት,ብጽዕት ታኦግንስጣ ሮማዊት,annual,NO_BOOK,,,
1-17,17,ቅዱስ ዲዮናስዮስ ሊቀ ዻዻሳት,ዲዮናስዮስ ሊቀ ዻዻሳት,annual,NO_BOOK,,,
1-17,17,ቅዱስ እስጢፋኖስ ሊቀ ዲያቆናት (ቀዳሜ ሰማዕት),እስጢፋኖስ ሊቀ ዲያቆናት,monthly,CORRECT,AM-MEL-045:የቅዱስ እስጢፋኖስ 2ኛ መልክዕ በአማርኛ | GZ-MEL-016:መልክዐ ሊቀ ሰማዕታት ቅዱስ እስጢፋኖስ በግእዝ | GZ-MEL-017:መልክዐ ሊቀ ሰማዕታት ቅዱስ እስጢፋኖስ ካልእ በግእዝ | AM-GDL-009:ገድለ ቅዱስ እስጢፋኖስ አማርኛ | GZ-GDL-022:ገድለ ቅዱስ እስጢፋኖስ በግእዝ,AM-MEL-045:የቅዱስ እስጢፋኖስ 2ኛ መልክዕ በአማርኛ | GZ-MEL-016:መልክዐ ሊቀ ሰማዕታት ቅዱስ እስጢፋኖስ በግእዝ | GZ-MEL-017:መልክዐ ሊቀ ሰማዕታት ቅዱስ እስጢፋኖስ ካልእ በግእዝ | AM-GDL-009:ገድለ ቅዱስ እስጢፋኖስ አማርኛ | GZ-GDL-022:ገድለ ቅዱስ እስጢፋኖስ በግእዝ,"1-15, 1-15, 1-15, 1-15, 1-15, 1-17, 1-17, 1-17, 1-17, 1-17"
1-17,17,ቅዱስ ያዕቆብ ሐዋርያ (ወልደ ዘብዴዎስ),ያዕቆብ ሐዋርያ,monthly,WRONG_DATE,,AM-MEL-022:መልክዐ አብርሃም ይሥሐቅ ያዕቆብ በአማርኛ | AM-MEL-033:የሐዋርያው የቅዱስ ታዴዎስ መልክዕ በአማርኛ | AM-MEL-046:የቅዱስ እንድርያስ ሐዋርያ መልክዕ በአማርኛ | GZ-MEL-023:መልክዐ ሐዋርያት በግእዝ | GZ-MEL-124:መልክዐ አብርሃም ይሥሐቅ ወያዕቆብ በግእዝ | GZ-MEL-137:መልክዐ እንድርያስ ሐዋርያ በግእዝ | GZ-GDL-017:ገድለ አቡነ ተክለ ሐዋርያት በግእዝ | GZ-GDL-032:መጽሐፈ ገድለ ቅዱሳን ሐዋርያት በግእዝ | AM-ZNA-003:ዜና ሐዋርያት በአማርኛ,"1-2, 1-4, 1-4, 1-28, 1-28, 2-2, 2-4, 2-4, 2-28, 2-28"
1-17,17,ቅዱሳን አበው መክሲሞስና ዱማቴዎስ,አበው መክሲሞስና ዱማቴዎስ,monthly,WRONG_DATE,,AM-ZNA-002:ዜና አበው በአማርኛ,"3-4, 5-26"
1-17,17,አባ ገሪማ ዘመደራ,ገሪማ ዘመደራ,monthly,CORRECT,AM-GDL-017:ገድለ አቡነ ገሪማ በአማርኛ,AM-GDL-017:ገድለ አቡነ ገሪማ በአማርኛ,"1-17, 2-17, 3-17, 4-17, 5-17, 6-17, 7-17, 8-17, 9-17, 10-17"
1-17,17,አባ ዸላሞን ፈላሢ,ዸላሞን ፈላሢ,monthly,NO_BOOK,,,
1-17,17,አባ ለትጹን የዋህ,ለትጹን የዋህ,monthly,NO_BOOK,,,
1-17,17,ቅዱስ ኤዺፋንዮስ ሊቅ (ዘደሴተ ቆዽሮስ),ኤዺፋንዮስ ሊቅ,monthly,NO_BOOK,,,
1-18,18,አቡነ ኤዎስጣቴዎስ ረባን,ኤዎስጣቴዎስ ረባን,annual,CORRECT,GZ-MEL-135:መልክዐ ኤዎስጣቴዎስ በግእዝ,GZ-MEL-135:መልክዐ ኤዎስጣቴዎስ በግእዝ,"1-18, 2-18, 3-18, 4-18, 5-18, 6-18, 7-18, 8-18, 9-18, 10-18"
1-18,18,አቡነ አኖሬዎስ ዓቢይ,አኖሬዎስ ዓቢይ,annual,NO_BOOK,,,
1-18,18,ማር ያዕቆብ ግብጻዊ,ማር ያዕቆብ ግብጻዊ,annual,WRONG_DATE,,AM-MEL-022:መልክዐ አብርሃም ይሥሐቅ ያዕቆብ በአማርኛ | GZ-MEL-124:መልክዐ አብርሃም ይሥሐቅ ወያዕቆብ በግእዝ,"1-28, 1-28, 2-28, 2-28, 3-28, 3-28, 4-28, 4-28, 5-28, 5-28"
1-18,18,ቅዱስ ዕፀ መስቀል,ዕፀ መስቀል,annual,CORRECT,AM-MEL-012:መልክዐ ቅዱስ መስቀል በአማርኛ | AM-MEL-040:የቅዱስ መስቀል 3ኛ መልክዕ በአማርኛ | GZ-MEL-050:መልክዐ ቅዱስ መስቀል ሣልስ በግእዝ | GZ-MEL-051:መልክዐ ቅዱስ መስቀል በግእዝ | GZ-DRS-002:ድርሳነ መስቀል በግእዝ | AM-DRS-008:ድርሳነ መስቀል በአማርኛ,AM-MEL-004:መልክዐ ሕማማተ መስቀል በአማርኛ | AM-MEL-012:መልክዐ ቅዱስ መስቀል በአማርኛ | AM-MEL-040:የቅዱስ መስቀል 3ኛ መልክዕ በአማርኛ | AM-TSE-001:የመስቀል አጥር ጸሎት በአማርኛ | AM-WUD-001:ውዳሴ መስቀል በአማርኛ | GZ-HAT-001:ሐፁረ መስቀል በግእዝ | GZ-MEL-024:መልክዐ ሕማማተ መስቀል በግእዝ | GZ-MEL-050:መልክዐ ቅዱስ መስቀል ሣልስ በግእዝ | GZ-MEL-051:መልክዐ ቅዱስ መስቀል በግእዝ | GZ-WUD-001:ውዳሴ መስቀል በግእዝ | GZ-DRS-002:ድርሳነ መስቀል በግእዝ | AM-DRS-008:ድርሳነ መስቀል በአማርኛ,"None-None, None-None, None-None, None-None, None-None, None-None, 1-10, 1-10, 1-10, 1-10"
1-18,18,ቅድስት እሌኒ ንግሠት,እሌኒ ንግሠት,annual,NO_BOOK,,,
1-18,18,ቅዱስ ቶማስ ሐዋርያ,ቶማስ,annual,WRONG_DATE,,GZ-MEL-094:መልክዐ አቡነ ቶማስ ዘዘናቁዴ በግእዝ,3-3
1-18,18,ቅዱስ መርቆሬዎስ ካልዕ (ሰማዕት),መርቆሬዎስ ካልዕ,annual,WRONG_DATE,,AM-MEL-067:ጸሎተ መልክዕ ዘቅዱስ ጊዮርጊስ ሊቀ ሰማዕታት ካልዕ በአማርኛ | GZ-MEL-005:መልክዐ ሊቀ መላእክት ቅዱስ ሚካኤል ካልዕ በግእዝ | GZ-MEL-014:መልክዐ ሊቀ መላእክት ቅዱስ ገብርኤል ካልዕ (ደቅስዮስ) በግእዝ | GZ-MEL-039:መልክዐ ሰማዕት ቅዱስ መርቆሬዎስ በግእዝ | GZ-MEL-076:መልክዐ አቡነ መርቆሬዎስ ዘደብረ ድማኅ በግእዝ | GZ-MEL-086:መልክዐ አቡነ ሳሙኤል ዘዋልድባ ካልዕ በግእዝ | GZ-MEL-132:መልክዐ ኢየሱስ ካልዕ በግእዝ | GZ-MEL-140:መልክዐ እግዚአብሔር አብ ካልዕ በግእዝ | GZ-MEL-144:መልክዐ ዐቢብ ካልዕ በግእዝ | GZ-MEL-147:መልክዐ ያሬድ ካልዕ በግእዝ | GZ-MEL-152:መልክዐ ገብረ መንፈስ ቅዱስ ካልዕ በግእዝ | GZ-MEL-155:መልክዐ ጊዮርጊስ ካልዕ ወሥቃዩ በግእዝ | GZ-MZM-002:መዝሙረ ክርስቶስ ካልዕ በግእዝ | GZ-MEL-165:መልክዐ ሊቀ መላእክት ቅዱስ ሚካኤል ካልዕ በግእ | GZ-GDL-002:ገድለ ሰማዕት ቅዱስ መርቆሬዎስ በግእዝ | AM-GDL-015:ገድለ ሰማዕት ቅዱስ መርቆሬዎስ በአማርኛ,"1-5, 1-9, 1-9, 1-11, 1-12, 1-12, 1-12, 1-13, 1-19, 1-23"
1-18,18,ቅዱስ ቶማስ ሰማዕት,ቶማስ,annual,WRONG_DATE,,GZ-MEL-094:መልክዐ አቡነ ቶማስ ዘዘናቁዴ በግእዝ,3-3
1-18,18,ቅዱስ ኤፍሬም ሰማዕት,ኤፍሬም,annual,NO_BOOK,,,
1-18,18,አባ ፊልሞስ,ፊልሞስ,annual,NO_BOOK,,,
1-18,18,ቅዱስ ሰልሖን ሰማዕት,ሰልሖን,annual,NO_BOOK,,,
1-18,18,ቅዱስ አክሳኤልስ ሰማዕት,አክሳኤልስ,annual,NO_BOOK,,,
1-18,18,ቅዱስ ይስሐቅ ሰማዕት,ይስሐቅ,annual,NO_BOOK,,,
1-18,18,ቅዱስ እስጢፋኖስ ቀሲስ,እስጢፋኖስ ቀሲስ,annual,WRONG_DATE,,AM-MEL-045:የቅዱስ እስጢፋኖስ 2ኛ መልክዕ በአማርኛ | GZ-MEL-016:መልክዐ ሊቀ ሰማዕታት ቅዱስ እስጢፋኖስ በግእዝ | GZ-MEL-017:መልክዐ ሊቀ ሰማዕታት ቅዱስ እስጢፋኖስ ካልእ በግእዝ | AM-GDL-009:ገድለ ቅዱስ እስጢፋኖስ አማርኛ | GZ-GDL-022:ገድለ ቅዱስ እስጢፋኖስ በግእዝ,"1-15, 1-15, 1-15, 1-15, 1-15, 1-17, 1-17, 1-17, 1-17, 1-17"
1-18,18,ቅዱስ ነኪጣ ሰማዕት,ነኪጣ,annual,NO_BOOK,,,
1-18,18,አባ ፊላታውዎስ መንክራዊ,ፊላታውዎስ መንክራዊ,annual,WRONG_DATE,,GZ-GDL-024:ገድለ አቡነ አሮን መንክራዊ ግእዝ | AM-GDL-028:ገድለ አቡነ አሮን መንክራዊ በአማርኛ,"1-5, 1-5, 2-5, 2-5, 3-5, 3-5, 4-5, 4-5, 5-5, 5-5"
1-18,18,አባ ኖብ ባሕታዊ,ኖብ ባሕታዊ,annual,NO_BOOK,,,
1-18,18,አባ አትናቴዎስ ሊቀ ዻዻሳት,አትናቴዎስ ሊቀ ዻዻሳት,annual,NO_BOOK,,,
1-18,18,"""፮0"" ሰማዕታት (ማሕበረ ቅዱስ አቦሊ)","""፮0"" ሰማዕታት",annual,WRONG_DATE,,AM-MEL-065:ጸሎተ መልክዐ ሥቃዩ ለቅዱስ ጊዮርጊስ ሊቀ ሰማዕታት በአማርኛ | AM-MEL-066:ጸሎተ መልክዕ ዘቅዱስ ጊዮርጊስ ሊቀ ሰማዕታት በአማርኛ | AM-MEL-067:ጸሎተ መልክዕ ዘቅዱስ ጊዮርጊስ ሊቀ ሰማዕታት ካልዕ በአማርኛ | AM-SIB-001:ስብሐተ ፍቁር ዘቅዱስ ጊዮርጊስ ሊቀ ሰማዕታት በአማርኛ | GZ-MEL-016:መልክዐ ሊቀ ሰማዕታት ቅዱስ እስጢፋኖስ በግእዝ | GZ-MEL-017:መልክዐ ሊቀ ሰማዕታት ቅዱስ እስጢፋኖስ ካልእ በግእዝ | AM-GDL-010:ገድለ ሰማዕታት በአማርኛ,"1-15, 1-15, 1-17, 1-17, 1-23, 1-23, 1-23, 1-23, 2-17, 2-17"
1-18,18,ቅዱስ ፊልዾስ ሐዋርያ,ፊልዾስ,monthly,NO_BOOK,,,
1-18,18,ቅዱስ ያዕቆብ ሐዋርያ (ከ፯፪ቱ አርድእት),ያዕቆብ ሐዋርያ,monthly,WRONG_DATE,,AM-MEL-022:መልክዐ አብርሃም ይሥሐቅ ያዕቆብ በአማርኛ | AM-MEL-033:የሐዋርያው የቅዱስ ታዴዎስ መልክዕ በአማርኛ | AM-MEL-046:የቅዱስ እንድርያስ ሐዋርያ መልክዕ በአማርኛ | GZ-MEL-023:መልክዐ ሐዋርያት በግእዝ | GZ-MEL-124:መልክዐ አብርሃም ይሥሐቅ ወያዕቆብ በግእዝ | GZ-MEL-137:መልክዐ እንድርያስ ሐዋርያ በግእዝ | GZ-GDL-017:ገድለ አቡነ ተክለ ሐዋርያት በግእዝ | GZ-GDL-032:መጽሐፈ ገድለ ቅዱሳን ሐዋርያት በግእዝ | AM-ZNA-003:ዜና ሐዋርያት በአማርኛ,"1-2, 1-4, 1-4, 1-28, 1-28, 2-2, 2-4, 2-4, 2-28, 2-28"
1-19,19,ቅዱስ ጐርጐርዮስ ዘአርማርያ,ጐርጐርዮስ ዘአርማርያ,annual,NO_BOOK,,,
1-19,19,ቅዱስ ቂርቆስ ገዳማዊ,ቂርቆስ ገዳማዊ,annual,WRONG_DATE,,AM-MEL-015:መልክዐ ቅዱስ ቂርቆስ በአማርኛ | GZ-MEL-054:መልክዐ ቅዱስ ቂርቆስ በግእዝ | AM-GDL-023:የቅዱስ ቂርቆስና የቅድስት ኢየሉጣ ገድል በአማርኛ,"1-15, 1-15, 1-15, 2-15, 2-15, 2-15, 3-15, 3-15, 3-15, 4-15"
1-19,19,ቅድስት ሮማነ ወርቅ,ሮማነ ወርቅ,annual,NO_BOOK,,,
1-19,19,ቅዱስ ዕጸ መስቀል,ዕጸ መስቀል,annual,CORRECT,AM-MEL-012:መልክዐ ቅዱስ መስቀል በአማርኛ | AM-MEL-040:የቅዱስ መስቀል 3ኛ መልክዕ በአማርኛ | GZ-MEL-050:መልክዐ ቅዱስ መስቀል ሣልስ በግእዝ | GZ-MEL-051:መልክዐ ቅዱስ መስቀል በግእዝ | GZ-DRS-002:ድርሳነ መስቀል በግእዝ | AM-DRS-008:ድርሳነ መስቀል በአማርኛ,AM-MEL-004:መልክዐ ሕማማተ መስቀል በአማርኛ | AM-MEL-012:መልክዐ ቅዱስ መስቀል በአማርኛ | AM-MEL-040:የቅዱስ መስቀል 3ኛ መልክዕ በአማርኛ | AM-TSE-001:የመስቀል አጥር ጸሎት በአማርኛ | AM-WUD-001:ውዳሴ መስቀል በአማርኛ | GZ-HAT-001:ሐፁረ መስቀል በግእዝ | GZ-MEL-024:መልክዐ ሕማማተ መስቀል በግእዝ | GZ-MEL-050:መልክዐ ቅዱስ መስቀል ሣልስ በግእዝ | GZ-MEL-051:መልክዐ ቅዱስ መስቀል በግእዝ | GZ-WUD-001:ውዳሴ መስቀል በግእዝ | GZ-DRS-002:ድርሳነ መስቀል በግእዝ | AM-DRS-008:ድርሳነ መስቀል በአማርኛ,"None-None, None-None, None-None, None-None, None-None, None-None, 1-10, 1-10, 1-10, 1-10"
1-19,19,ቅዱስ ገብርኤል ሊቀ መላእክት,ገብርኤል ሊቀ መላእክት,monthly,CORRECT,AM-MEL-050:የቅዱስ ገብርኤል መልክዕ በአማርኛ | GZ-MEL-013:መልክዐ ሊቀ መላእክት ቅዱስ ገብርኤል በግእዝ | GZ-MEL-014:መልክዐ ሊቀ መላእክት ቅዱስ ገብርኤል ካልዕ (ደቅስዮስ) በግእዝ | AM-DRS-003:ድርሳነ ገብርኤል በአማርኛ | GZ-DRS-010:ድርሳነ ገብርኤል በግእዝ,AM-DIR-001:የሰባቱ ሊቃነ መላእክት ድርሳን በአማርኛ | AM-MEL-038:የቅዱሳን አእላፍ መላእክት 2ኛ መልክዕ በአማርኛ | AM-MEL-050:የቅዱስ ገብርኤል መልክዕ በአማርኛ | GZ-MEL-004:መልክዐ ሊቀ መላእክት ቅዱስ ሚካኤል ሣልስ በግእዝ | GZ-MEL-005:መልክዐ ሊቀ መላእክት ቅዱስ ሚካኤል ካልዕ በግእዝ | GZ-MEL-006:መልክዐ ሊቀ መላእክት ቅዱስ ሩፋኤል በግእዝ | GZ-MEL-007:መልክዐ ሊቀ መላእክት ቅዱስ ራጉኤል በግእዝ | GZ-MEL-008:መልክዐ ሊቀ መላእክት ቅዱስ ሱርያል በግእዝ | GZ-MEL-009:መልክዐ ሊቀ መላእክት ቅዱስ በግእዝ | GZ-MEL-010:መልክዐ ሊቀ መላእክት ቅዱስ አፍኒን በግእዝ | GZ-MEL-011:መልክዐ ሊቀ መላእክት ቅዱስ ዑራኤል በግእዝ | GZ-MEL-012:መልክዐ ሊቀ መላእክት ቅዱስ ዑራኤል ካልእ በግእዝ | GZ-MEL-013:መልክዐ ሊቀ መላእክት ቅዱስ ገብርኤል በግእዝ | GZ-MEL-014:መልክዐ ሊቀ መላእክት ቅዱስ ገብርኤል ካልዕ (ደቅስዮስ) በግእዝ | GZ-MEL-015:መልክዐ ሊቀ መላእክት ቅዱስ ፋኑኤል በግእዝ | GZ-MEL-125:መልክዐ አእላፍ መላእክት በግእዝ | GZ-MEL-126:መልክዐ አእላፍ መላእክት ካልእ በግእዝ | GZ-MEL-165:መልክዐ ሊቀ መላእክት ቅዱስ ሚካኤል ካልዕ በግእ | AM-DRS-003:ድርሳነ ገብርኤል በአማርኛ | GZ-DRS-010:ድርሳነ ገብርኤል በግእዝ,"1-1, 1-3, 1-9, 1-9, 1-9, 1-12, 1-12, 1-12, 1-12, 1-13"
1-19,19,ቅዱስ ኤስድሮስ ሰማዕት,ኤስድሮስ,monthly,NO_BOOK,,,
1-19,19,አቡነ ዓቢየ እግዚእ ጻድቅ,ዓቢየ እግዚእ,monthly,CORRECT,GZ-MEL-145:መልክዐ ዓቢየ እግዚእ በግእዝ,GZ-MEL-145:መልክዐ ዓቢየ እግዚእ በግእዝ,"1-19, 2-19, 3-19, 4-19, 5-19, 6-19, 7-19, 8-19, 9-19, 10-19"
1-19,19,አቡነ ስነ ኢየሱስ,ስነ ኢየሱስ,monthly,WRONG_DATE,,AM-MEL-002:መልክአ ኢየሱስ በአማርኛ | GZ-MEL-130:መልክዐ ኢየሱስ ሞዐ በግእዝ | GZ-MEL-131:መልክዐ ኢየሱስ በግእዝ | GZ-MEL-132:መልክዐ ኢየሱስ ካልዕ በግእዝ | AM-TAM-001:ተአምረ ኢየሱስ በአማርኛ | TI-TAM-001:ተአምረ ኢየሱስ ብትግርኛ | GZ-TAM-002:ተአምረ ኢየሱስ በግእዝ | AM-GDL-026:ገድለ አቡነ ኢየሱስ ሞዐ በአማርኛ,"1-26, 1-26, 1-29, 1-29, 1-29, 1-29, 1-29, 1-29, 2-26, 2-26"
1-19,19,አቡነ ዮሴፍ ብርሃነ ዓለም,ዮሴፍ ብርሃነ ዓለም,monthly,CORRECT,GZ-MEL-111:መልክዐ አቡነ ዮሴፍ በግእዝ | GZ-GDL-029:ገድለ አቡነ ዮሴፍ በግእዝ,AM-MEL-034:የመድኀኔ ዓለም 3ኛ መልክዕ በአማርኛ | AM-MEL-035:የመድኀኔ ዓለም መልክዕ በአማርኛ | GZ-MEL-001:ሐዲስ መልክዐ መድኃኔዓለም በግእዝ | GZ-MEL-027:መልክዐ መድኀኔ ዓለም ሣልስ በግዕዝ | GZ-MEL-028:መልክዐ መድኃኔ ዓለም በግእዝ | GZ-MEL-111:መልክዐ አቡነ ዮሴፍ በግእዝ | GZ-DRS-005:ድርሳነ መድኃኔ ዓለም በግእዝ | AM-DRS-004:ድርሳነ መድኃኔ ዓለም በአማርኛ | GZ-GDL-029:ገድለ አቡነ ዮሴፍ በግእዝ,"1-19, 1-19, 1-27, 1-27, 1-27, 1-27, 1-27, 1-27, 1-27, 2-19"
1-20,20,አባ አትናቴዎስ ካልዕ,አትናቴዎስ ካልዕ,annual,WRONG_DATE,,AM-MEL-067:ጸሎተ መልክዕ ዘቅዱስ ጊዮርጊስ ሊቀ ሰማዕታት ካልዕ በአማርኛ | GZ-MEL-005:መልክዐ ሊቀ መላእክት ቅዱስ ሚካኤል ካልዕ በግእዝ | GZ-MEL-014:መልክዐ ሊቀ መላእክት ቅዱስ ገብርኤል ካልዕ (ደቅስዮስ) በግእዝ | GZ-MEL-086:መልክዐ አቡነ ሳሙኤል ዘዋልድባ ካልዕ በግእዝ | GZ-MEL-132:መልክዐ ኢየሱስ ካልዕ በግእዝ | GZ-MEL-140:መልክዐ እግዚአብሔር አብ ካልዕ በግእዝ | GZ-MEL-144:መልክዐ ዐቢብ ካልዕ በግእዝ | GZ-MEL-147:መልክዐ ያሬድ ካልዕ በግእዝ | GZ-MEL-152:መልክዐ ገብረ መንፈስ ቅዱስ ካልዕ በግእዝ | GZ-MEL-155:መልክዐ ጊዮርጊስ ካልዕ ወሥቃዩ በግእዝ | GZ-MZM-002:መዝሙረ ክርስቶስ ካልዕ በግእዝ | GZ-MEL-165:መልክዐ ሊቀ መላእክት ቅዱስ ሚካኤል ካልዕ በግእ,"1-5, 1-9, 1-9, 1-11, 1-12, 1-12, 1-12, 1-13, 1-19, 1-23"
1-20,20,ቅድስት መሊዳማ ድንግል,መሊዳማ ድንግል,annual,WRONG_DATE,,AM-MEL-019:መልክዐ አቡነ ሐራ ድንግል በአማርኛ | GZ-MEL-021:መልክዐ ሐራ ድንግል በግእዝ,"1-11, 1-11, 2-11, 2-11, 3-11, 3-11, 4-11, 4-11, 5-11, 5-11"
1-20,20,ቅድስት አቴና ድንግል,አቴና ድንግል,annual,WRONG_DATE,,AM-MEL-019:መልክዐ አቡነ ሐራ ድንግል በአማርኛ | GZ-MEL-021:መልክዐ ሐራ ድንግል በግእዝ,"1-11, 1-11, 2-11, 2-11, 3-11, 3-11, 4-11, 4-11, 5-11, 5-11"
1-20,20,ቅዱስ ስምዖን ዘኢየሩሳሌም,ስምዖን ዘኢየሩሳሌም,annual,NO_BOOK,,,
1-20,20,ቅዱስ አብርሃም መነኮስ,አብርሃም መነኮስ,annual,WRONG_DATE,,AM-MEL-022:መልክዐ አብርሃም ይሥሐቅ ያዕቆብ በአማርኛ | AM-MEL-063:የአባታችን አብርሃም መልክዕ በአማርኛ | GZ-MEL-098:መልክዐ አቡነ አብርሃም በግእዝ | GZ-MEL-124:መልክዐ አብርሃም ይሥሐቅ ወያዕቆብ በግእዝ | GZ-GDL-013:ገድለ ዘርዐ አብርሃም በግእዝ,"1-28, 1-28, 2-28, 2-28, 3-28, 3-28, 4-24, 4-28, 4-28, 5-28"
1-20,20,ቅዱስ ዮሐንስ ሐፂር,ዮሐንስ ሐፂር,monthly,WRONG_DATE,,AM-MEL-016:መልክዐ ቅዱስ ዮሐንስ ወንጌላዊ በአማርኛ | AM-MEL-020:መልክዐ አቡነ ዕጨጌ ዮሐንስ በአማርኛ | AM-MEL-021:መልክዐ አቡነ ዮሐንስ ጻድቅ በአማርኛ | AM-MEL-047:የቅዱስ ዮሐንስ 2ኛ መልክዕ በአማርኛ | AM-MEL-048:የቅዱስ ዮሐንስ መጥምቅ መልክዕ በአማርኛ | GZ-MEL-060:መልክዐ ቅዱስ ዮሐንስ መጥምቅ በግእዝ | GZ-MEL-061:መልክዐ ቅዱስ ዮሐንስ ካልእ በግእዝ | GZ-MEL-062:መልክዐ ቅዱስ ዮሐንስ ወንጌላዊ በግእዝ | GZ-MEL-104:መልክዐ አቡነ ዕጨጌ ዮሐንስ በግእዝ | GZ-MEL-109:መልክዐ አቡነ ዮሐንስ ከማ በግእዝ | GZ-MEL-110:መልክዐ አቡነ ዮሐንስ ዘድብረ ዳጋ በግእዝ | GZ-MEL-149:መልክዐ ዮሐንስ ወልደ ነጎድጓድ በግእዝ | GZ-MEL-150:መልክዐ ዮሐንስ ፍቁረ እግዚእ በግእዝ | AM-GDL-013:የቅዱስ ዮሐንስ ገድል በአማርኛ | GZ-GDL-018:ገድለ አቡነ ዮሐንስ በግእዝ | AM-GDL-027:ገድለ አቡነ እጨጌ ዮሐንስ ዘጸገሮ በአማርኛ,"1-1, 1-1, 1-2, 1-2, 1-4, 1-4, 1-4, 1-4, 1-4, 1-4"
1-20,20,ቅዱስ አክሎግ ቀሲስ,አክሎግ ቀሲስ,monthly,NO_BOOK,,,
1-20,20,ቅዱስ አፄ ካሌብ ጻድቅ (ንጉሠ ኢትዮዽያ),አፄ ካሌብ ጻድቅ,monthly,WRONG_DATE,,AM-MEL-003:መልክዐ ለአቡነ አቢብ ጻድቅ በአማርኛ | AM-MEL-021:መልክዐ አቡነ ዮሐንስ ጻድቅ በአማርኛ | AM-MEL-060:የአቡነ አባለ ክርስቶስ ጻድቅ መልክዕ በአማርኛ,"1-16, 1-25, 2-16, 2-25, 3-16, 3-25, 4-16, 4-19, 4-25, 5-16"
1-20,20,አባ አሞንዮስ ዘሃገረ ቶና,አሞንዮስ ዘሃገረ ቶና,monthly,NO_BOOK,,,
1-20,20,ቅድስት ሳድዥ የዋሒት,ሳድዥ የዋሒት,monthly,NO_BOOK,,,
1-20,20,ቅዱስ ወክቡር ማር ቴዎድሮስ ሰማዕት,ወክቡር ማር ቴዎድሮስ,monthly,CORRECT,GZ-MEL-040:መልክዐ ሰማዕት ቅዱስ ቴዎድሮስ በግእዝ | GZ-GDL-030:ገድለ ቅዱስ ቴዎድሮስ በግእዝ | GZ-GDL-031:ገድለ ሰማዕት ቅዱስ ቴዎድሮስ በግእዝ | AM-GDL-030:ገድለ ሰማዕት ቅዱስ ቴዎድሮስ በአማርኛ,GZ-MEL-040:መልክዐ ሰማዕት ቅዱስ ቴዎድሮስ በግእዝ | GZ-GDL-030:ገድለ ቅዱስ ቴዎድሮስ በግእዝ | GZ-GDL-031:ገድለ ሰማዕት ቅዱስ ቴዎድሮስ በግእዝ | AM-GDL-030:ገድለ ሰማዕት ቅዱስ ቴዎድሮስ በአማርኛ,"1-12, 1-12, 1-12, 1-12, 1-20, 1-20, 1-20, 1-20, 2-12, 2-12"
1-21,21,ቅድስት ግሼን ደብረ ከርቤ,ግሼን ደብረ ከርቤ,annual,NO_BOOK,,,
1-21,21,ብዙኃን ማርያም,ብዙኃን ማርያም,annual,CORRECT,AM-LAH-001:ላሐ ማርያም በአማርኛ | AM-MEL-008:መልክዐ ማርያም ሣልሲት በአማርኛ | AM-MEL-009:መልክዐ ማርያም በአማርኛ | AM-MEL-064:የጽዮን ማርያም 3ኛ መልክዕ በአማርኛ | AM-RAY-001:ራዕየ ማርያም በአማርኛ | GZ-ETA-001:እትአመነኪ ማርያም በሰማይ ወበምድር በግእዝ | GZ-LAH-001:ላሐ ማርያም በግእዝ | GZ-MEL-002:መልከዐ ማርያም ዳግሚት በግእዝ | GZ-MEL-031:መልክዐ ማርያም ሣልሲት በግእዝ | GZ-MEL-032:መልክዐ ማርያም በግእዝ | GZ-MEL-161:መልክዐ ጽዮን ማርያም ሣልስ በግእዝ | TI-RAY-001:ራእየ ማርያም ብትግርኛ | GZ-TAM-001:ተአምረ ማርያም በግእዝ | AM-TAM-002:ተአምረ ማርያም በአማርኛ,AM-LAH-001:ላሐ ማርያም በአማርኛ | AM-MEL-008:መልክዐ ማርያም ሣልሲት በአማርኛ | AM-MEL-009:መልክዐ ማርያም በአማርኛ | AM-MEL-017:መልክዐ ቅድስት ጸበለ ማርያም በአማርኛ | AM-MEL-064:የጽዮን ማርያም 3ኛ መልክዕ በአማርኛ | AM-RAY-001:ራዕየ ማርያም በአማርኛ | AM-WUD-002:ውዳሴ ማርያም በአማርኛ | GZ-ETA-001:እትአመነኪ ማርያም በሰማይ ወበምድር በግእዝ | GZ-LAH-001:ላሐ ማርያም በግእዝ | GZ-MEL-002:መልከዐ ማርያም ዳግሚት በግእዝ | GZ-MEL-031:መልክዐ ማርያም ሣልሲት በግእዝ | GZ-MEL-032:መልክዐ ማርያም በግእዝ | GZ-MEL-070:መልክዐ ተክለ ማርያም ዘይሰመይ መብዓ ጽዮን በግእዝ | GZ-MEL-099:መልክዐ አቡነ አብሳዲ ዘደብረ ማርያም በግእዝ | GZ-MEL-159:መልክዐ ጸበለ ማርያም ቅድስት በግእዝ | GZ-MEL-161:መልክዐ ጽዮን ማርያም ሣልስ በግእዝ | GZ-WUD-002:ውዳሴ ማርያም በግእዝ | TI-RAY-001:ራእየ ማርያም ብትግርኛ | TI-WUD-001:ውዳሴ ማርያም ብትግርኛ | AM-GDL-002:ገድለ ማርያም እንተ ዕፍረት በአማርኛ | GZ-TAM-001:ተአምረ ማርያም በግእዝ | AM-GDL-003:ገድለ ማርያም መግደላዊት በአማርኛ | GZ-MTS-001:መጽሐፈ ልደታ ለማርያም በግእዝ | AM-TAM-002:ተአምረ ማርያም በአማርኛ,"None-None, None-None, None-None, 1-1, 1-21, 1-21, 1-21, 1-21, 1-21, 1-21"
1-21,21,"""፫፲፰ቱ"" ቅዱሳን ሊቃውንት","""፫፲፰ቱ"" ቅዱሳን ሊቃውንት",annual,NO_BOOK,,,
1-21,21,ቅዱስ ቆዽርያኖስ ሰማዕት,ቆዽርያኖስ,annual,NO_BOOK,,,
1-21,21,ቅድስት ዮስቴና ድንግል,ዮስቴና ድንግል,annual,WRONG_DATE,,AM-MEL-019:መልክዐ አቡነ ሐራ ድንግል በአማርኛ | GZ-MEL-021:መልክዐ ሐራ ድንግል በግእዝ,"1-11, 1-11, 2-11, 2-11, 3-11, 3-11, 4-11, 4-11, 5-11, 5-11"
1-21,21,ቅዱስ ጢባርዮስ ሐዋርያ,ጢባርዮስ,annual,NO_BOOK,,,
1-21,21,ቅድስት ድንግል እግዝእትነ ማርያም ወላዲተ አምላክ,ድንግል እግዝእትነ ማርያም ወላዲተ አምላክ,monthly,WRONG_DATE,,AM-MEL-019:መልክዐ አቡነ ሐራ ድንግል በአማርኛ | AM-WUD-003:ውዳሴ አምላክ በአማርኛ | GZ-MEL-021:መልክዐ ሐራ ድንግል በግእዝ | GZ-MEL-088:መልክዐ አቡነ ቡሩከ አምላክ ዘደብረ ኮል በግእዝ | GZ-MEL-089:መልክዐ አቡነ ብፁዓ አምላክ ዘደብረ ምዕዋን ወዘደብረ ኰዳዱ በግእዝ | TI-WUD-002:ውዳሴ አምላክ ብትግርኛ,"None-None, None-None, 1-11, 1-11, 2-11, 2-11, 3-11, 3-11, 4-1, 4-11"
1-21,21,አበው ጎርጎርዮሳት,አበው ጎርጎርዮሳት,monthly,WRONG_DATE,,AM-ZNA-002:ዜና አበው በአማርኛ,"3-4, 5-26"
1-21,21,አቡነ ምዕመነ ድንግል,ምዕመነ ድንግል,monthly,WRONG_DATE,,AM-MEL-019:መልክዐ አቡነ ሐራ ድንግል በአማርኛ | GZ-MEL-021:መልክዐ ሐራ ድንግል በግእዝ,"1-11, 1-11, 2-11, 2-11, 3-11, 3-11, 4-11, 4-11, 5-11, 5-11"
1-21,21,አቡነ አምደ ሥላሴ,አምደ ሥላሴ,monthly,WRONG_DATE,,AM-MEL-010:መልክዐ ሥላሴ በአማርኛ | AM-SEY-002:ሰይፈ ሥላሴ በአማርኛ | GZ-HIB-001:ኅብረ ሥላሴ በግእዝ | GZ-MEL-035:መልክዐ ሥላሴ በግእዝ | GZ-MEL-077:መልክዐ አቡነ መዝገበ ሥላሴ በግእዝ | GZ-SEY-002:ሰይፈ ሥላሴ በግእዝ | AM-ZNA-001:ዜና ሥላሴ በአማርኛ | GZ-ZNA-004:ዜና ሥላሴ በግእዝ | GZ-TAM-003:ተአምራቲሆሙ ለሥላሴ,"None-None, None-None, None-None, None-None, None-None, None-None, None-None, 1-7, 2-7, 2-9"
1-21,21,አባ አሮን ሶርያዊ,አሮን ሶርያዊ,monthly,WRONG_DATE,,GZ-MEL-128:መልክዐ አᎄነ አሮን መንክራዌ በግእዝ | GZ-GDL-024:ገድለ አቡነ አሮን መንክራዊ ግእዝ | AM-GDL-028:ገድለ አቡነ አሮን መንክራዊ በአማርኛ,"1-5, 1-5, 1-5, 2-5, 2-5, 2-5, 3-5, 3-5, 3-5, 4-5"
1-21,21,አባ መርትያኖስ ጻድቅ,መርትያኖስ,monthly,NO_BOOK,,,
1-22,22,ቅዱስ ዮልዮስ ሰማዕት,ዮልዮስ,annual,NO_BOOK,,,
1-22,22,ቅዱስ ኮቶሎስ ሰማዕት,ኮቶሎስ,annual,NO_BOOK,,,
1-22,22,ቅድስት አክሱ ሰማዕት,አክሱ,annual,NO_BOOK,,,
1-22,22,ቅዱስ ጣጦስ ሰማዕት,ጣጦስ,annual,NO_BOOK,,,
1-22,22,ቅዱስ ባላን ሰማዕት,ባላን,annual,NO_BOOK,,,
1-22,22,ቅዱስ ዑራኤል ሊቀ መላእክት,ዑራኤል ሊቀ መላእክት,monthly,CORRECT,GZ-MEL-011:መልክዐ ሊቀ መላእክት ቅዱስ ዑራኤል በግእዝ | GZ-MEL-012:መልክዐ ሊቀ መላእክት ቅዱስ ዑራኤል ካልእ በግእዝ | GZ-DRS-001:ድርሳነ ዑራኤል በግእዝ | AM-DRS-006:ድርሳነ ዑራኤል በአማርኛ,AM-DIR-001:የሰባቱ ሊቃነ መላእክት ድርሳን በአማርኛ | AM-MEL-038:የቅዱሳን አእላፍ መላእክት 2ኛ መልክዕ በአማርኛ | GZ-MEL-004:መልክዐ ሊቀ መላእክት ቅዱስ ሚካኤል ሣልስ በግእዝ | GZ-MEL-005:መልክዐ ሊቀ መላእክት ቅዱስ ሚካኤል ካልዕ በግእዝ | GZ-MEL-006:መልክዐ ሊቀ መላእክት ቅዱስ ሩፋኤል በግእዝ | GZ-MEL-007:መልክዐ ሊቀ መላእክት ቅዱስ ራጉኤል በግእዝ | GZ-MEL-008:መልክዐ ሊቀ መላእክት ቅዱስ ሱርያል በግእዝ | GZ-MEL-009:መልክዐ ሊቀ መላእክት ቅዱስ በግእዝ | GZ-MEL-010:መልክዐ ሊቀ መላእክት ቅዱስ አፍኒን በግእዝ | GZ-MEL-011:መልክዐ ሊቀ መላእክት ቅዱስ ዑራኤል በግእዝ | GZ-MEL-012:መልክዐ ሊቀ መላእክት ቅዱስ ዑራኤል ካልእ በግእዝ | GZ-MEL-013:መልክዐ ሊቀ መላእክት ቅዱስ ገብርኤል በግእዝ | GZ-MEL-014:መልክዐ ሊቀ መላእክት ቅዱስ ገብርኤል ካልዕ (ደቅስዮስ) በግእዝ | GZ-MEL-015:መልክዐ ሊቀ መላእክት ቅዱስ ፋኑኤል በግእዝ | GZ-MEL-125:መልክዐ አእላፍ መላእክት በግእዝ | GZ-MEL-126:መልክዐ አእላፍ መላእክት ካልእ በግእዝ | GZ-MEL-165:መልክዐ ሊቀ መላእክት ቅዱስ ሚካኤል ካልዕ በግእ | GZ-DRS-001:ድርሳነ ዑራኤል በግእዝ | AM-DRS-006:ድርሳነ ዑራኤል በአማርኛ,"1-1, 1-3, 1-9, 1-9, 1-9, 1-12, 1-12, 1-12, 1-12, 1-13"
1-22,22,ቅዱስ ሉቃስ ወንጌላዊ,ሉቃስ ወንጌላዊ,monthly,WRONG_DATE,,AM-MEL-016:መልክዐ ቅዱስ ዮሐንስ ወንጌላዊ በአማርኛ | GZ-MEL-062:መልክዐ ቅዱስ ዮሐንስ ወንጌላዊ በግእዝ,"1-4, 1-4, 1-29, 1-29, 2-4, 2-4, 3-4, 3-4, 4-4, 4-4"
1-22,22,ቅዱስ ደቅስዮስ (የእመቤታችን ወዳጅ),ደቅስዮስ,monthly,WRONG_DATE,,GZ-MEL-014:መልክዐ ሊቀ መላእክት ቅዱስ ገብርኤል ካልዕ (ደቅስዮስ) በግእዝ,"1-19, 2-19, 3-19, 4-19, 4-22, 5-19, 6-19, 7-19, 7-30, 8-19"
1-22,22,አባ እንጦንስ አበ መነኮሳት,እንጦንስ አበ መነኮሳት,monthly,NO_BOOK,,,
1-22,22,አባ ዻውሊ የዋህ,ዻውሊ የዋህ,monthly,NO_BOOK,,,
1-23,23,ቅዱሳን ጻድቃን አውናብዮስ ወእንድርያስ (ሰማዕታት),ጻድቃን አውናብዮስ ወእንድርያስ,annual,WRONG_DATE,,GZ-MEL-160:መልክዐ ጻድቃን ዘባርክናሃ በግእዝ,4-29
1-23,23,ቅዱስ ጐርጐርዮስ መንክራዊ,ጐርጐርዮስ መንክራዊ,annual,WRONG_DATE,,GZ-GDL-024:ገድለ አቡነ አሮን መንክራዊ ግእዝ | AM-GDL-028:ገድለ አቡነ አሮን መንክራዊ በአማርኛ,"1-5, 1-5, 2-5, 2-5, 3-5, 3-5, 4-5, 4-5, 5-5, 5-5"
1-23,23,ቅድስት ቴክላ ድንግል,ቴክላ ድንግል,annual,WRONG_DATE,,AM-MEL-019:መልክዐ አቡነ ሐራ ድንግል በአማርኛ | GZ-MEL-021:መልክዐ ሐራ ድንግል በግእዝ,"1-11, 1-11, 2-11, 2-11, 3-11, 3-11, 4-11, 4-11, 5-11, 5-11"
1-23,23,ቅዱስ ኤዎስጣቴዎስ ሰማዕት,ኤዎስጣቴዎስ,annual,WRONG_DATE,,GZ-MEL-135:መልክዐ ኤዎስጣቴዎስ በግእዝ,"1-18, 2-18, 3-18, 4-18, 5-18, 6-18, 7-18, 8-18, 9-18, 10-18"
1-23,23,ልበ አምላክ ቅዱስ ዳዊት,ልበ አምላክ ቅዱስ ዳዊት,monthly,CORRECT,AM-MEL-049:የቅዱስ ዳዊት መልክዕ በአማርኛ | GZ-MEL-064:መልክዐ ቅዱስ ዳዊት በግእዝ,AM-MEL-049:የቅዱስ ዳዊት መልክዕ በአማርኛ | AM-MZM-001:መዝሙረ ዳዊት በአማርኛ | AM-WUD-003:ውዳሴ አምላክ በአማርኛ | GZ-MEL-064:መልክዐ ቅዱስ ዳዊት በግእዝ | GZ-MEL-088:መልክዐ አቡነ ቡሩከ አምላክ ዘደብረ ኮል በግእዝ | GZ-MEL-089:መልክዐ አቡነ ብፁዓ አምላክ ዘደብረ ምዕዋን ወዘደብረ ኰዳዱ በግእዝ | GZ-MZM-004:መዝሙረ ዳዊት በግእዝ | TI-MZM-001:መዝሙረ ዳዊት ብትግርኛ | TI-WUD-002:ውዳሴ አምላክ ብትግርኛ,"None-None, None-None, None-None, None-None, None-None, 1-23, 1-23, 2-23, 2-23, 3-23"
1-23,23,ቅዱስ ጊዮርጊስ ሊቀ ሰማዕታት,ጊዮርጊስ ሊቀ ሰማዕታት,monthly,CORRECT,AM-MEL-065:ጸሎተ መልክዐ ሥቃዩ ለቅዱስ ጊዮርጊስ ሊቀ ሰማዕታት በአማርኛ | AM-MEL-066:ጸሎተ መልክዕ ዘቅዱስ ጊዮርጊስ ሊቀ ሰማዕታት በአማርኛ | AM-MEL-067:ጸሎተ መልክዕ ዘቅዱስ ጊዮርጊስ ሊቀ ሰማዕታት ካልዕ በአማርኛ | AM-SIB-001:ስብሐተ ፍቁር ዘቅዱስ ጊዮርጊስ ሊቀ ሰማዕታት በአማርኛ,AM-MEL-065:ጸሎተ መልክዐ ሥቃዩ ለቅዱስ ጊዮርጊስ ሊቀ ሰማዕታት በአማርኛ | AM-MEL-066:ጸሎተ መልክዕ ዘቅዱስ ጊዮርጊስ ሊቀ ሰማዕታት በአማርኛ | AM-MEL-067:ጸሎተ መልክዕ ዘቅዱስ ጊዮርጊስ ሊቀ ሰማዕታት ካልዕ በአማርኛ | AM-SIB-001:ስብሐተ ፍቁር ዘቅዱስ ጊዮርጊስ ሊቀ ሰማዕታት በአማርኛ,"1-23, 1-23, 1-23, 1-23, 2-23, 2-23, 2-23, 2-23, 3-7, 3-7"
1-23,23,ነቢየ ጽድቅ ቅዱስ ሰሎሞን (ንጉሠ እሥራኤል),ነቢየ ጽድቅ ቅዱስ ሰሎሞን,monthly,WRONG_DATE,,GZ-TBB-001:ጥበበ ሰሎሞን በግእዝ,
1-23,23,አባ ጢሞቴዎስ ገዳማዊ,ጢሞቴዎስ ገዳማዊ,monthly,NO_BOOK,,,
1-23,23,ቅዱስ ዳንኤል ነቢይ,ዳንኤል,monthly,WRONG_DATE,,GZ-MEL-114:መልክዐ አቡነ ዳንኤል በግእዝ | GZ-GDL-028:ገድለ አቡነ ዳንኤል በግእዝ,"3-6, 3-6"
1-23,23,አባ ሳሙኤል,ሳሙኤል,monthly,WRONG_DATE,,AM-MEL-054:የአቡነ ሳሙኤል ዘዋልድባ መልክዕ በአማርኛ | AM-MEL-055:የአቡነ ሳሙኤል ዘዋልድባ ኹለተኛ መልክዕ በአማርኛ | GZ-MEL-084:መልክዐ አቡነ ሳሙኤል በግእዝ ሣልስ በግእዝ | GZ-MEL-085:መልክዐ አቡነ ሳሙኤል ዘዋልድባ በግእዝ | GZ-MEL-086:መልክዐ አቡነ ሳሙኤል ዘዋልድባ ካልዕ በግእዝ,"1-12, 1-12, 1-12, 1-12, 1-12, 2-12, 2-12, 2-12, 2-12, 2-12"
1-23,23,አባ ስምዖን,ስምዖን,monthly,NO_BOOK,,,
1-23,23,አባ ገብርኤል,ገብርኤል,monthly,WRONG_DATE,,AM-MEL-050:የቅዱስ ገብርኤል መልክዕ በአማርኛ | GZ-MEL-013:መልክዐ ሊቀ መላእክት ቅዱስ ገብርኤል በግእዝ | GZ-MEL-014:መልክዐ ሊቀ መላእክት ቅዱስ ገብርኤል ካልዕ (ደቅስዮስ) በግእዝ | AM-DRS-003:ድርሳነ ገብርኤል በአማርኛ | GZ-DRS-010:ድርሳነ ገብርኤል በግእዝ,"1-19, 1-19, 1-19, 1-19, 1-19, 2-19, 2-19, 2-19, 2-19, 2-19"
1-24,24,ቅዱስ ጐርጐርዮስ ገዳማዊ,ጐርጐርዮስ ገዳማዊ,annual,NO_BOOK,,,
1-24,24,ቅድስት ክርስቶስ ሠምራ (ደብረ ሊባኖስ የገባችበት),ክርስቶስ ሠምራ,annual,CORRECT,GZ-MEL-143:መልክዐ ክርስቶስ ሠምራ በግእዝ | AM-GDL-005:ገድለ ቅድስት ክርስቶስ ሠምራ በአማርኛ | GZ-GDL-019:ገድለ ቅድስት ክርስቶስ ሠምራ በግእዝ,GZ-MEL-143:መልክዐ ክርስቶስ ሠምራ በግእዝ | AM-GDL-005:ገድለ ቅድስት ክርስቶስ ሠምራ በአማርኛ | GZ-GDL-019:ገድለ ቅድስት ክርስቶስ ሠምራ በግእዝ,"1-24, 1-24, 1-24, 2-24, 2-24, 2-24, 3-24, 3-24, 3-24, 4-24"
1-24,24,ቅዱስ አድሊጦስ ሐዋርያ (ከ፯፪ቱ አርድእት),አድሊጦስ ሐዋርያ,annual,WRONG_DATE,,AM-MEL-033:የሐዋርያው የቅዱስ ታዴዎስ መልክዕ በአማርኛ | AM-MEL-046:የቅዱስ እንድርያስ ሐዋርያ መልክዕ በአማርኛ | GZ-MEL-023:መልክዐ ሐዋርያት በግእዝ | GZ-MEL-137:መልክዐ እንድርያስ ሐዋርያ በግእዝ | GZ-GDL-017:ገድለ አቡነ ተክለ ሐዋርያት በግእዝ | GZ-GDL-032:መጽሐፈ ገድለ ቅዱሳን ሐዋርያት በግእዝ | AM-ZNA-003:ዜና ሐዋርያት በአማርኛ,"1-2, 1-4, 1-4, 2-2, 2-4, 2-4, 3-2, 3-4, 3-4, 3-27"
1-24,24,አቡነ ሰላማ,ሰላማ,annual,WRONG_DATE,,GZ-MEL-038:መልክዐ ሰላማ በግእዝ,"4-18, 11-26"
1-24,24,ቅዱስ አቡነ ተክለ ሃይማኖት (መምሕረ ትሩፋት),ተክለ ሃይማኖት,monthly,CORRECT,AM-MEL-057:የአቡነ ተክለ ሃይማኖት 2ኛ መልክዕ በአማርኛ | AM-MEL-058:የአቡነ ተክለ ሃይማኖት መልክዕ በአማርኛ | GZ-MEL-068:መልክዐ ተክለ ሃይማኖት በግእዝ | GZ-MEL-069:መልክዐ ተክለ ሃይማኖት ካልእ በግእዝ | GZ-MEL-092:መልክዐ አቡነ ተክለ ሃይማኖት በግእዝ | AM-GDL-004:ገድለ ተክለ ሃይማኖት በአማርኛ,AM-MEL-057:የአቡነ ተክለ ሃይማኖት 2ኛ መልክዕ በአማርኛ | AM-MEL-058:የአቡነ ተክለ ሃይማኖት መልክዕ በአማርኛ | GZ-MEL-068:መልክዐ ተክለ ሃይማኖት በግእዝ | GZ-MEL-069:መልክዐ ተክለ ሃይማኖት ካልእ በግእዝ | GZ-MEL-092:መልክዐ አቡነ ተክለ ሃይማኖት በግእዝ | AM-GDL-004:ገድለ ተክለ ሃይማኖት በአማርኛ,"1-24, 1-24, 1-24, 1-24, 1-24, 1-24, 2-24, 2-24, 2-24, 2-24"
1-24,24,ቅዱስ ቶማስ ዘመርዐስ,ቶማስ ዘመርዐስ,monthly,WRONG_DATE,,GZ-MEL-094:መልክዐ አቡነ ቶማስ ዘዘናቁዴ በግእዝ,3-3
1-24,24,አቡነ ዘዮሐንስ ጻድቅ ዘክብራን,ዘዮሐንስ ጻድቅ ዘክብራን,monthly,NO_BOOK,,,
1-24,24,ቅዱስ አጋቢጦስ (ጻድቅ ኤዺስቆዾስ),አጋቢጦስ,monthly,NO_BOOK,,,
1-24,24,ቅዱስ አብላርዮስ ታላቁ,አብላርዮስ ታላቁ,monthly,NO_BOOK,,,
1-24,24,"""፳፬ቱ"" ካኅናተ ሰማይ (ሱራፌል)","""፳፬ቱ"" ካኅናተ ሰማይ",monthly,CORRECT,GZ-MEL-142:መልክዐ ካህናተ ሰማይ በግእዝ,AM-MEN-001:መንገደ ሰማይ በአማርኛ | AM-ETA-001:በሰማይ ወበምድር በአማርኛ | GZ-ETA-001:እትአመነኪ ማርያም በሰማይ ወበምድር በግእዝ | GZ-MEL-142:መልክዐ ካህናተ ሰማይ በግእዝ,"None-None, 1-21, 1-24, 2-21, 2-24, 3-21, 3-24, 4-21, 4-24, 5-21"
1-24,24,ቅዱስ አባ ሙሴ ጸሊም (ኢትዮዽያዊ),ሙሴ ጸሊም,monthly,NO_BOOK,,,
1-25,25,ጸአተ ክረምት (የክረምት መውጫ),ጸአተ ክረምት,annual,NO_BOOK,,,
1-25,25,ቅዱስ ዮናስ ነቢይ,ዮናስ,annual,WRONG_DATE,,GZ-MEL-113:መልክዐ አቡነ ዮናስ ዘደብረ ድኁኃን ዘደብረ ጽጌ ወዘደብረ ጽዮን በግእዝ,"3-17, 7-17"
1-25,25,ቅዱስ እንጦንዮስ,እንጦንዮስ,annual,WRONG_DATE,,GZ-MEL-138:መልክዐ እንጦንዮስ በግእዝ,"5-22, 7-6, 11-22"
1-25,25,ቅድስት በርባራ,በርባራ,annual,NO_BOOK,,,
1-25,25,ሐዋርያት ዼጥሮስ ወዻውሎስ,ሐዋርያት ዼጥሮስ ወዻውሎስ,annual,WRONG_DATE,,GZ-MEL-023:መልክዐ ሐዋርያት በግእዝ | GZ-GDL-017:ገድለ አቡነ ተክለ ሐዋርያት በግእዝ | GZ-GDL-032:መጽሐፈ ገድለ ቅዱሳን ሐዋርያት በግእዝ | AM-ZNA-003:ዜና ሐዋርያት በአማርኛ,"3-27, 11-5, 11-5, 11-5, 12-15, 12-15, 12-15"
1-25,25,ቅዱስ ዕፀ መስቀል,ዕፀ መስቀል,annual,CORRECT,AM-MEL-012:መልክዐ ቅዱስ መስቀል በአማርኛ | AM-MEL-040:የቅዱስ መስቀል 3ኛ መልክዕ በአማርኛ | GZ-MEL-050:መልክዐ ቅዱስ መስቀል ሣልስ በግእዝ | GZ-MEL-051:መልክዐ ቅዱስ መስቀል በግእዝ | GZ-DRS-002:ድርሳነ መስቀል በግእዝ | AM-DRS-008:ድርሳነ መስቀል በአማርኛ,AM-MEL-004:መልክዐ ሕማማተ መስቀል በአማርኛ | AM-MEL-012:መልክዐ ቅዱስ መስቀል በአማርኛ | AM-MEL-040:የቅዱስ መስቀል 3ኛ መልክዕ በአማርኛ | AM-TSE-001:የመስቀል አጥር ጸሎት በአማርኛ | AM-WUD-001:ውዳሴ መስቀል በአማርኛ | GZ-HAT-001:ሐፁረ መስቀል በግእዝ | GZ-MEL-024:መልክዐ ሕማማተ መስቀል በግእዝ | GZ-MEL-050:መልክዐ ቅዱስ መስቀል ሣልስ በግእዝ | GZ-MEL-051:መልክዐ ቅዱስ መስቀል በግእዝ | GZ-WUD-001:ውዳሴ መስቀል በግእዝ | GZ-DRS-002:ድርሳነ መስቀል በግእዝ | AM-DRS-008:ድርሳነ መስቀል በአማርኛ,"None-None, None-None, None-None, None-None, None-None, None-None, 1-10, 1-10, 1-10, 1-10"
1-25,25,ቅዱስ መርቆሬዎስ ሰማዕት,መርቆሬዎስ,monthly,CORRECT,GZ-MEL-039:መልክዐ ሰማዕት ቅዱስ መርቆሬዎስ በግእዝ | GZ-GDL-002:ገድለ ሰማዕት ቅዱስ መርቆሬዎስ በግእዝ | AM-GDL-015:ገድለ ሰማዕት ቅዱስ መርቆሬዎስ በአማርኛ,GZ-MEL-039:መልክዐ ሰማዕት ቅዱስ መርቆሬዎስ በግእዝ | GZ-MEL-076:መልክዐ አቡነ መርቆሬዎስ ዘደብረ ድማኅ በግእዝ | GZ-GDL-002:ገድለ ሰማዕት ቅዱስ መርቆሬዎስ በግእዝ | AM-GDL-015:ገድለ ሰማዕት ቅዱስ መርቆሬዎስ በአማርኛ,"1-25, 1-25, 1-25, 2-25, 2-25, 2-25, 3-25, 3-25, 3-25, 4-16"
1-25,25,ቅድስት ቴክላ ሐዋርያዊት,ቴክላ ሐዋርያዊት,monthly,NO_BOOK,,,
1-25,25,ቅዱስ አበከረዙን ሰማዕት,አበከረዙን,monthly,NO_BOOK,,,
1-25,25,ቅዱስ ዱማድዮስ ሶርያዊ,ዱማድዮስ ሶርያዊ,monthly,NO_BOOK,,,
1-25,25,አቡነ አቢብ (አባ ቡላ),አቢብ,monthly,CORRECT,AM-MEL-003:መልክዐ ለአቡነ አቢብ ጻድቅ በአማርኛ | AM-MEL-059:የአቡነ አቢብ መልክዕ በአማርኛ | GZ-MEL-095:መልክዐ አቡነ አቢብ በግእዝ | AM-GDL-024:ገድለ ቅዱስ አቡነ አቢብ በአማርኛ,AM-MEL-003:መልክዐ ለአቡነ አቢብ ጻድቅ በአማርኛ | AM-MEL-059:የአቡነ አቢብ መልክዕ በአማርኛ | GZ-MEL-095:መልክዐ አቡነ አቢብ በግእዝ | AM-GDL-024:ገድለ ቅዱስ አቡነ አቢብ በአማርኛ,"1-25, 1-25, 1-25, 1-25, 2-25, 2-25, 2-25, 2-25, 3-25, 3-25"
1-25,25,ቅዱስ አባ አቡፋና ጻድቅ,አቡፋና,monthly,NO_BOOK,,,
1-25,25,ታላቁ አባ ቢጻርዮን ገዳማዊ,ታላቁ አባ ቢጻርዮን ገዳማዊ,monthly,NO_BOOK,,,
1-26,26,ቅድስት ድንግል ማርያም,ድንግል ማርያም,annual,WRONG_DATE,,AM-LAH-001:ላሐ ማርያም በአማርኛ | AM-MEL-008:መልክዐ ማርያም ሣልሲት በአማርኛ | AM-MEL-009:መልክዐ ማርያም በአማርኛ | AM-MEL-017:መልክዐ ቅድስት ጸበለ ማርያም በአማርኛ | AM-MEL-019:መልክዐ አቡነ ሐራ ድንግል በአማርኛ | AM-MEL-064:የጽዮን ማርያም 3ኛ መልክዕ በአማርኛ | AM-RAY-001:ራዕየ ማርያም በአማርኛ | AM-WUD-002:ውዳሴ ማርያም በአማርኛ | GZ-ETA-001:እትአመነኪ ማርያም በሰማይ ወበምድር በግእዝ | GZ-LAH-001:ላሐ ማርያም በግእዝ | GZ-MEL-002:መልከዐ ማርያም ዳግሚት በግእዝ | GZ-MEL-021:መልክዐ ሐራ ድንግል በግእዝ | GZ-MEL-031:መልክዐ ማርያም ሣልሲት በግእዝ | GZ-MEL-032:መልክዐ ማርያም በግእዝ | GZ-MEL-070:መልክዐ ተክለ ማርያም ዘይሰመይ መብዓ ጽዮን በግእዝ | GZ-MEL-099:መልክዐ አቡነ አብሳዲ ዘደብረ ማርያም በግእዝ | GZ-MEL-159:መልክዐ ጸበለ ማርያም ቅድስት በግእዝ | GZ-MEL-161:መልክዐ ጽዮን ማርያም ሣልስ በግእዝ | GZ-WUD-002:ውዳሴ ማርያም በግእዝ | TI-RAY-001:ራእየ ማርያም ብትግርኛ | TI-WUD-001:ውዳሴ ማርያም ብትግርኛ | AM-GDL-002:ገድለ ማርያም እንተ ዕፍረት በአማርኛ | GZ-TAM-001:ተአምረ ማርያም በግእዝ | AM-GDL-003:ገድለ ማርያም መግደላዊት በአማርኛ | GZ-MTS-001:መጽሐፈ ልደታ ለማርያም በግእዝ | AM-TAM-002:ተአምረ ማርያም በአማርኛ,"None-None, None-None, None-None, 1-1, 1-11, 1-11, 1-21, 1-21, 1-21, 1-21"
1-26,26,ቅዱስ ዮሴፍ አረጋዊ,ዮሴፍ አረጋዊ,annual,WRONG_DATE,,GZ-MEL-073:መልክዐ አረጋዊ በግእዝ | GZ-MEL-111:መልክዐ አቡነ ዮሴፍ በግእዝ | AM-GDL-016:ገድለ አቡነ አረጋዊ በአማርኛ | GZ-GDL-029:ገድለ አቡነ ዮሴፍ በግእዝ,"1-14, 1-14, 1-19, 1-19, 2-14, 2-14, 2-19, 2-19, 3-14, 3-14"
1-26,26,ቅዱስ ዮሐንስ መጥምቅ (ጽንሰቱ),ዮሐንስ መጥምቅ,annual,CORRECT,AM-MEL-048:የቅዱስ ዮሐንስ መጥምቅ መልክዕ በአማርኛ | GZ-MEL-060:መልክዐ ቅዱስ ዮሐንስ መጥምቅ በግእዝ,AM-MEL-048:የቅዱስ ዮሐንስ መጥምቅ መልክዕ በአማርኛ | GZ-MEL-060:መልክዐ ቅዱስ ዮሐንስ መጥምቅ በግእዝ,"1-1, 1-1, 1-2, 1-2, 1-26, 1-26, 1-30, 1-30, 2-2, 2-2"
1-26,26,ቅዱሳን ዘካርያስና ኤልሳቤጥ,ዘካርያስና ኤልሳቤጥ,annual,NO_BOOK,,,
1-26,26,ቅዱስ አቦሊ ሰማዕት (ፍልሠቱ),አቦሊ ሰማዕት,annual,CORRECT,AM-MEL-044:የቅዱስ አቦሊ መልክዕ በአማርኛ | GZ-MEL-057:መልክዐ ቅዱስ አቦሊ በግእዝ,AM-MEL-044:የቅዱስ አቦሊ መልክዕ በአማርኛ | GZ-MEL-039:መልክዐ ሰማዕት ቅዱስ መርቆሬዎስ በግእዝ | GZ-MEL-040:መልክዐ ሰማዕት ቅዱስ ቴዎድሮስ በግእዝ | GZ-MEL-041:መልክዐ ሰማዕት ቅዱስ ፋሲለደስ በግእዝ | GZ-MEL-042:መልክዐ ሰማዕት ቅድስት አርሴማ በግእዝ | GZ-MEL-043:መልክዐ ሰማዕት ቅድስት ኢየሉጣ በግእዝ | GZ-MEL-057:መልክዐ ቅዱስ አቦሊ በግእዝ | GZ-MEL-122:መልክዐ አባ ኖብ ሰማዕት በግእዝ | GZ-GDL-002:ገድለ ሰማዕት ቅዱስ መርቆሬዎስ በግእዝ | AM-GDL-008:ገድለ ሰማዕት ቅድስት አርሴማ በአማርኛ | GZ-GDL-014:ገድለ ቅዱስ ጊዮርጊስ ሰማዕት በግእዝ | AM-GDL-015:ገድለ ሰማዕት ቅዱስ መርቆሬዎስ በአማርኛ | AM-GDL-018:ገድለ ቅዱስ ጊዮርጊስ ሰማዕት በአማርኛ | GZ-GDL-031:ገድለ ሰማዕት ቅዱስ ቴዎድሮስ በግእዝ | GZ-GDL-033:ገድለ ሰማዕት ቅድስት አርሴማ በግእዝ | AM-GDL-030:ገድለ ሰማዕት ቅዱስ ቴዎድሮስ በአማርኛ,"1-1, 1-1, 1-6, 1-6, 1-6, 1-11, 1-12, 1-12, 1-12, 1-15"
1-26,26,ቅዱስ ቶማስ ሐዋርያ,ቶማስ,monthly,WRONG_DATE,,GZ-MEL-094:መልክዐ አቡነ ቶማስ ዘዘናቁዴ በግእዝ,3-3
1-26,26,አቡነ ሐብተ ማርያም ጻድቅ,ሐብተ ማርያም,monthly,WRONG_DATE,,AM-LAH-001:ላሐ ማርያም በአማርኛ | AM-MEL-008:መልክዐ ማርያም ሣልሲት በአማርኛ | AM-MEL-009:መልክዐ ማርያም በአማርኛ | AM-MEL-017:መልክዐ ቅድስት ጸበለ ማርያም በአማርኛ | AM-MEL-064:የጽዮን ማርያም 3ኛ መልክዕ በአማርኛ | AM-RAY-001:ራዕየ ማርያም በአማርኛ | AM-WUD-002:ውዳሴ ማርያም በአማርኛ | GZ-ETA-001:እትአመነኪ ማርያም በሰማይ ወበምድር በግእዝ | GZ-LAH-001:ላሐ ማርያም በግእዝ | GZ-MEL-002:መልከዐ ማርያም ዳግሚት በግእዝ | GZ-MEL-031:መልክዐ ማርያም ሣልሲት በግእዝ | GZ-MEL-032:መልክዐ ማርያም በግእዝ | GZ-MEL-070:መልክዐ ተክለ ማርያም ዘይሰመይ መብዓ ጽዮን በግእዝ | GZ-MEL-099:መልክዐ አቡነ አብሳዲ ዘደብረ ማርያም በግእዝ | GZ-MEL-159:መልክዐ ጸበለ ማርያም ቅድስት በግእዝ | GZ-MEL-161:መልክዐ ጽዮን ማርያም ሣልስ በግእዝ | GZ-WUD-002:ውዳሴ ማርያም በግእዝ | TI-RAY-001:ራእየ ማርያም ብትግርኛ | TI-WUD-001:ውዳሴ ማርያም ብትግርኛ | AM-GDL-002:ገድለ ማርያም እንተ ዕፍረት በአማርኛ | GZ-TAM-001:ተአምረ ማርያም በግእዝ | AM-GDL-003:ገድለ ማርያም መግደላዊት በአማርኛ | GZ-MTS-001:መጽሐፈ ልደታ ለማርያም በግእዝ | AM-TAM-002:ተአምረ ማርያም በአማርኛ,"None-None, None-None, None-None, 1-1, 1-21, 1-21, 1-21, 1-21, 1-21, 1-21"
1-26,26,አቡነ ኢየሱስ ሞዐ ዘሐይቅ,ኢየሱስ ሞዐ ዘሐይቅ,monthly,CORRECT,GZ-MEL-130:መልክዐ ኢየሱስ ሞዐ በግእዝ | AM-GDL-026:ገድለ አቡነ ኢየሱስ ሞዐ በአማርኛ,AM-MEL-002:መልክአ ኢየሱስ በአማርኛ | GZ-MEL-130:መልክዐ ኢየሱስ ሞዐ በግእዝ | GZ-MEL-131:መልክዐ ኢየሱስ በግእዝ | GZ-MEL-132:መልክዐ ኢየሱስ ካልዕ በግእዝ | AM-TAM-001:ተአምረ ኢየሱስ በአማርኛ | TI-TAM-001:ተአምረ ኢየሱስ ብትግርኛ | GZ-TAM-002:ተአምረ ኢየሱስ በግእዝ | AM-GDL-026:ገድለ አቡነ ኢየሱስ ሞዐ በአማርኛ,"1-26, 1-26, 1-29, 1-29, 1-29, 1-29, 1-29, 1-29, 2-26, 2-26"
1-26,26,ቅዱሳን ሰማዕታተ ናግራን,ሰማዕታተ ናግራን,monthly,NO_BOOK,,,
1-26,26,ቅዱስ አቡነ ሰላማ ከሣቴ ብርሃን,ሰላማ ከሣቴ ብርሃን,monthly,WRONG_DATE,,AM-KOH-001:ኆኅተ ብርሃን በአማርኛ | AM-MEL-056:የአቡነ ተከስተ ብርሃን መልክዕ በአማርኛ | GZ-KOH-001:ኆኅተ ብርሃን በግእዝ | GZ-MEL-038:መልክዐ ሰላማ በግእዝ | GZ-MEL-091:መልክዐ አቡነ ተከስተ ብርሃን በግእዝ,"None-None, None-None, 4-18, 7-10, 7-10, 11-26"
1-27,27,ቅዱስ ኤዎስጣቴዎስና ቤተሰቡ (ሰማዕታት),ኤዎስጣቴዎስና ቤተሰቡ,annual,NO_BOOK,,,
1-27,27,ቅዱስ አንጢላርዮስ ጻድቅ,አንጢላርዮስ,annual,NO_BOOK,,,
1-27,27,ቅድስት ጤቅላ ሐዋርያዊት,ጤቅላ ሐዋርያዊት,annual,NO_BOOK,,,
1-27,27,አባ ዮሐንስ ዘደብረ ጽጌ,ዮሐንስ ዘደብረ ጽጌ,annual,WRONG_DATE,,AM-MEL-016:መልክዐ ቅዱስ ዮሐንስ ወንጌላዊ በአማርኛ | AM-MEL-020:መልክዐ አቡነ ዕጨጌ ዮሐንስ በአማርኛ | AM-MEL-021:መልክዐ አቡነ ዮሐንስ ጻድቅ በአማርኛ | AM-MEL-047:የቅዱስ ዮሐንስ 2ኛ መልክዕ በአማርኛ | AM-MEL-048:የቅዱስ ዮሐንስ መጥምቅ መልክዕ በአማርኛ | GZ-MEL-060:መልክዐ ቅዱስ ዮሐንስ መጥምቅ በግእዝ | GZ-MEL-061:መልክዐ ቅዱስ ዮሐንስ ካልእ በግእዝ | GZ-MEL-062:መልክዐ ቅዱስ ዮሐንስ ወንጌላዊ በግእዝ | GZ-MEL-076:መልክዐ አቡነ መርቆሬዎስ ዘደብረ ድማኅ በግእዝ | GZ-MEL-080:መልክዐ አቡነ ማቴዎስ ዘደብረ በርበሬ በግእዝ | GZ-MEL-081:መልክዐ አቡነ ማቴዎስ ዘደብረ በርበሬ በግእዝ ካልእ | GZ-MEL-088:መልክዐ አቡነ ቡሩከ አምላክ ዘደብረ ኮል በግእዝ | GZ-MEL-089:መልክዐ አቡነ ብፁዓ አምላክ ዘደብረ ምዕዋን ወዘደብረ ኰዳዱ በግእዝ | GZ-MEL-099:መልክዐ አቡነ አብሳዲ ዘደብረ ማርያም በግእዝ | GZ-MEL-102:መልክዐ አቡነ እንድርያስ ዘደብረ ስኂን (ፅፉን) በግእዝ | GZ-MEL-103:መልክዐ አቡነ እንድርያስ ዘደብረ ጽጌ በግእዝ | GZ-MEL-104:መልክዐ አቡነ ዕጨጌ ዮሐንስ በግእዝ | GZ-MEL-107:መልክዐ አቡነ የሐንስ ዘደብረ ቢዘን በግእዝ | GZ-MEL-109:መልክዐ አቡነ ዮሐንስ ከማ በግእዝ | GZ-MEL-110:መልክዐ አቡነ ዮሐንስ ዘድብረ ዳጋ በግእዝ | GZ-MEL-113:መልክዐ አቡነ ዮናስ ዘደብረ ድኁኃን ዘደብረ ጽጌ ወዘደብረ ጽዮን በግእዝ | GZ-MEL-120:መልክዐ አቡነ ፊልጶስ ዘደብረ ቢዘን በግእዝ | GZ-MEL-149:መልክዐ ዮሐንስ ወልደ ነጎድጓድ በግእዝ | GZ-MEL-150:መልክዐ ዮሐንስ ፍቁረ እግዚእ በግእዝ | GZ-GDL-001:ገድለ አቡነ ፊልጶስ ዘደብረ ሊባኖስ በግእዝ | AM-GDL-013:የቅዱስ ዮሐንስ ገድል በአማርኛ | GZ-GDL-018:ገድለ አቡነ ዮሐንስ በግእዝ | AM-GDL-027:ገድለ አቡነ እጨጌ ዮሐንስ ዘጸገሮ በአማርኛ,"1-1, 1-1, 1-2, 1-2, 1-4, 1-4, 1-4, 1-4, 1-4, 1-4"
1-27,27,የጌታችንና አምላካችን መድኃኔ ዓለም ክርስቶስ በዓለ ስቅለት,የጌታችንና አምላካችን መድኃኔ ዓለም ክርስቶስ በዓለ ስቅለት,monthly,NO_BOOK,,,
1-27,27,አቡነ መብዐ ፅዮን ጻድቅ,መብዐ ፅዮን,monthly,NO_BOOK,,,
1-27,27,ቅዱስ መቃርስ (የመነኮሳት ሁሉ አለቃ),መቃርስ,monthly,NO_BOOK,,,
1-27,27,ቅዱስ ያዕቆብ ዘግሙድ,ያዕቆብ ዘግሙድ,monthly,WRONG_DATE,,AM-MEL-022:መልክዐ አብርሃም ይሥሐቅ ያዕቆብ በአማርኛ | GZ-MEL-124:መልክዐ አብርሃም ይሥሐቅ ወያዕቆብ በግእዝ,"1-28, 1-28, 2-28, 2-28, 3-28, 3-28, 4-28, 4-28, 5-28, 5-28"
1-27,27,ቅዱስ ገላውዴዎስ ሰማዕት (ንጉሠ ኢትዮዽያ),ገላውዴዎስ ሰማዕት,monthly,WRONG_DATE,,GZ-MEL-039:መልክዐ ሰማዕት ቅዱስ መርቆሬዎስ በግእዝ | GZ-MEL-040:መልክዐ ሰማዕት ቅዱስ ቴዎድሮስ በግእዝ | GZ-MEL-041:መልክዐ ሰማዕት ቅዱስ ፋሲለደስ በግእዝ | GZ-MEL-042:መልክዐ ሰማዕት ቅድስት አርሴማ በግእዝ | GZ-MEL-043:መልክዐ ሰማዕት ቅድስት ኢየሉጣ በግእዝ | GZ-MEL-122:መልክዐ አባ ኖብ ሰማዕት በግእዝ | GZ-GDL-002:ገድለ ሰማዕት ቅዱስ መርቆሬዎስ በግእዝ | GZ-ZNA-002:ዜናሁ ለንጉሥ ገላውዴዎስ በግእዝ | AM-GDL-008:ገድለ ሰማዕት ቅድስት አርሴማ በአማርኛ | GZ-GDL-014:ገድለ ቅዱስ ጊዮርጊስ ሰማዕት በግእዝ | AM-GDL-015:ገድለ ሰማዕት ቅዱስ መርቆሬዎስ በአማርኛ | AM-GDL-018:ገድለ ቅዱስ ጊዮርጊስ ሰማዕት በአማርኛ | GZ-GDL-031:ገድለ ሰማዕት ቅዱስ ቴዎድሮስ በግእዝ | GZ-GDL-033:ገድለ ሰማዕት ቅድስት አርሴማ በግእዝ | AM-GDL-030:ገድለ ሰማዕት ቅዱስ ቴዎድሮስ በአማርኛ,"1-6, 1-6, 1-6, 1-11, 1-12, 1-12, 1-12, 1-15, 1-18, 1-20"
1-27,27,ቅዱስ ቢፋሞን ጻድቅና ሰማዕት,ቢፋሞን ጻድቅና,monthly,NO_BOOK,,,
1-27,27,ማር ቅዱስ ፊቅጦር ሰማዕት,ማር ቅዱስ ፊቅጦር,monthly,CORRECT,GZ-MEL-008:መልክዐ ሊቀ መላእክት ቅዱስ ሱርያል በግእዝ | GZ-MEL-162:መልክዐ ፊቅጦር በግእዝ | GZ-GDL-027:ገድለ ቅዱስ ፊቅጦር በግእዝ | AM-GDL-029:ገድለ ቅዱስ ፊቅጦር በአማርኛ,AM-MEL-012:መልክዐ ቅዱስ መስቀል በአማርኛ | AM-MEL-013:መልክዐ ቅዱስ ሚናስ በአማርኛ | AM-MEL-014:መልክዐ ቅዱስ ራጉኤል በአማርኛ | AM-MEL-015:መልክዐ ቅዱስ ቂርቆስ በአማርኛ | AM-MEL-016:መልክዐ ቅዱስ ዮሐንስ ወንጌላዊ በአማርኛ | AM-TEA-003:ተአምኆ ዘሥሉስ ቅዱስ መልክዕ በአማርኛ | AM-MEL-033:የሐዋርያው የቅዱስ ታዴዎስ መልክዕ በአማርኛ | AM-MEL-036:የሰማዕቱ ቅዱስ ጊጋር መልክዕ በአማርኛ | AM-MEL-039:የቅዱስ መርምሕናም መልክዕ በአማርኛ | AM-MEL-040:የቅዱስ መስቀል 3ኛ መልክዕ በአማርኛ | AM-MEL-041:የቅዱስ ሚካኤል 3ኛ መልክዕ በአማርኛ | AM-MEL-042:የቅዱስ ማርቆስ 2ኛ መልክዕ በአማርኛ | AM-MEL-043:የቅዱስ ሩፋኤል መልክዕ በአማርኛ | AM-MEL-044:የቅዱስ አቦሊ መልክዕ በአማርኛ | AM-MEL-045:የቅዱስ እስጢፋኖስ 2ኛ መልክዕ በአማርኛ | AM-MEL-046:የቅዱስ እንድርያስ ሐዋርያ መልክዕ በአማርኛ | AM-MEL-047:የቅዱስ ዮሐንስ 2ኛ መልክዕ በአማርኛ | AM-MEL-048:የቅዱስ ዮሐንስ መጥምቅ መልክዕ በአማርኛ | AM-MEL-049:የቅዱስ ዳዊት መልክዕ በአማርኛ | AM-MEL-050:የቅዱስ ገብርኤል መልክዕ በአማርኛ | AM-MEL-051:የቅዱስ ጊዮርጊስ መልክዕ በአማርኛ | AM-MEL-052:የነቢዩ የቅዱስ ኤልያስ 3ኛ መልክዕ በአማርኛ | AM-MEL-065:ጸሎተ መልክዐ ሥቃዩ ለቅዱስ ጊዮርጊስ ሊቀ ሰማዕታት በአማርኛ | AM-MEL-066:ጸሎተ መልክዕ ዘቅዱስ ጊዮርጊስ ሊቀ ሰማዕታት በአማርኛ | AM-MEL-067:ጸሎተ መልክዕ ዘቅዱስ ጊዮርጊስ ሊቀ ሰማዕታት ካልዕ በአማርኛ | AM-SIB-001:ስብሐተ ፍቁር ዘቅዱስ ጊዮርጊስ ሊቀ ሰማዕታት በአማርኛ | AM-TEA-002:ተአምኆ ዘሥሉስ ቅዱስ በአማርኛ | GZ-MEL-004:መልክዐ ሊቀ መላእክት ቅዱስ ሚካኤል ሣልስ በግእዝ | GZ-MEL-005:መልክዐ ሊቀ መላእክት ቅዱስ ሚካኤል ካልዕ በግእዝ | GZ-MEL-006:መልክዐ ሊቀ መላእክት ቅዱስ ሩፋኤል በግእዝ | GZ-MEL-007:መልክዐ ሊቀ መላእክት ቅዱስ ራጉኤል በግእዝ | GZ-MEL-008:መልክዐ ሊቀ መላእክት ቅዱስ ሱርያል በግእዝ | GZ-MEL-009:መልክዐ ሊቀ መላእክት ቅዱስ በግእዝ | GZ-MEL-010:መልክዐ ሊቀ መላእክት ቅዱስ አፍኒን በግእዝ | GZ-MEL-011:መልክዐ ሊቀ መላእክት ቅዱስ ዑራኤል በግእዝ | GZ-MEL-012:መልክዐ ሊቀ መላእክት ቅዱስ ዑራኤል ካልእ በግእዝ | GZ-MEL-013:መልክዐ ሊቀ መላእክት ቅዱስ ገብርኤል በግእዝ | GZ-MEL-014:መልክዐ ሊቀ መላእክት ቅዱስ ገብርኤል ካልዕ (ደቅስዮስ) በግእዝ | GZ-MEL-015:መልክዐ ሊቀ መላእክት ቅዱስ ፋኑኤል በግእዝ | GZ-MEL-016:መልክዐ ሊቀ ሰማዕታት ቅዱስ እስጢፋኖስ በግእዝ | GZ-MEL-017:መልክዐ ሊቀ ሰማዕታት ቅዱስ እስጢፋኖስ ካልእ በግእዝ | GZ-MEL-034:መልክዐ ሥሉስ ቅዱስ በግእዝ | GZ-MEL-039:መልክዐ ሰማዕት ቅዱስ መርቆሬዎስ በግእዝ | GZ-MEL-040:መልክዐ ሰማዕት ቅዱስ ቴዎድሮስ በግእዝ | GZ-MEL-041:መልክዐ ሰማዕት ቅዱስ ፋሲለደስ በግእዝ | GZ-MEL-049:መልክዐ ቅዱስ መርምሕናም በግእዝ | GZ-MEL-050:መልክዐ ቅዱስ መስቀል ሣልስ በግእዝ | GZ-MEL-051:መልክዐ ቅዱስ መስቀል በግእዝ | GZ-MEL-052:መልክዐ ቅዱስ ሚናስ በግእዝ | GZ-MEL-053:መልክዐ ቅዱስ ማርቆስ ካልእ በግእዝ | GZ-MEL-054:መልክዐ ቅዱስ ቂርቆስ በግእዝ | GZ-MEL-055:መልክዐ ቅዱስ ታዴዎስ በግእዝ | GZ-MEL-056:መልክዐ ቅዱስ አባዲር በግእዝ | GZ-MEL-057:መልክዐ ቅዱስ አቦሊ በግእዝ | GZ-MEL-058:መልክዐ ቅዱስ አግናጥዮስ ምጥው ለአንበሳ በግእዝ | GZ-MEL-059:መልክዐ ቅዱስ ኤልያስ ነቢይ ሣልስ በግእዝ | GZ-MEL-060:መልክዐ ቅዱስ ዮሐንስ መጥምቅ በግእዝ | GZ-MEL-061:መልክዐ ቅዱስ ዮሐንስ ካልእ በግእዝ | GZ-MEL-062:መልክዐ ቅዱስ ዮሐንስ ወንጌላዊ በግእዝ | GZ-MEL-063:መልክዐ ቅዱስ ዮስጦስ በግእዝ | GZ-MEL-064:መልክዐ ቅዱስ ዳዊት በግእዝ | GZ-MEL-065:መልክዐ ቅዱስ ጊዮርጊስ በግእዝ | GZ-MEL-151:መልክዐ ገብረ መንፈስ ቅዱስ በግእዝ | GZ-MEL-152:መልክዐ ገብረ መንፈስ ቅዱስ ካልዕ በግእዝ | GZ-MEL-162:መልክዐ ፊቅጦር በግእዝ | GZ-TEA-002:ተአምኆ ዘሥሉስ ቅዱስ በግእዝ | GZ-TEA-003:ተአምኆ ዘሥሉስ ቅዱስ በግእዝ ካልእ | GZ-MEL-165:መልክዐ ሊቀ መላእክት ቅዱስ ሚካኤል ካልዕ በግእ | AM-GDL-001:ገድለ ቅዱስ አባ ጊዮርጊስ ዘጋሥጫ በአማርኛ | GZ-GDL-002:ገድለ ሰማዕት ቅዱስ መርቆሬዎስ በግእዝ | GZ-DRS-003:ድርሳነ ቅዱስ ራጉኤል በግእዝ | AM-DRS-001:የቅዱስ ኢያቄምና- የቅድስት ሐና ድርሳን በአማርኛ | GZ-GDL-007:ገድለ ቅዱስ አባ ጊዮርጊስ ዘጋሥጫ በግእዝ | AM-GDL-007:ገድለ አቡነ ገብረ መንፈስ ቅዱስ በአማርኛ | GZ-GDL-008:ገድለ ቅዱስ ዞሲማስ በግእዝ | AM-GDL-009:ገድለ ቅዱስ እስጢፋኖስ አማርኛ | GZ-GDL-009:ገድለ ቅዱስ ሱስንዮስ በግእዝ | GZ-GDL-010:ገድለ ቅዱስ ዮስጦስ በግእዝ | GZ-GDL-012:ገድለ ቅዱስ ቈጵርያኖስ ወቅድስት ኢዩስጣ በግእዝ | AM-GDL-013:የቅዱስ ዮሐንስ ገድል በአማርኛ | GZ-GDL-014:ገድለ ቅዱስ ጊዮርጊስ ሰማዕት በግእዝ | AM-GDL-015:ገድለ ሰማዕት ቅዱስ መርቆሬዎስ በአማርኛ | AM-GDL-018:ገድለ ቅዱስ ጊዮርጊስ ሰማዕት በአማርኛ | GZ-DRS-007:ድርሳን ዘቅዱስ ኢያቄም ወቅድስት ሐና በግእዝ | GZ-GDL-021:ድርሳን ወገድል ዘቅዱስ ያሬድ በግእዝ | GZ-GDL-022:ገድለ ቅዱስ እስጢፋኖስ በግእዝ | GZ-GDL-027:ገድለ ቅዱስ ፊቅጦር በግእዝ | AM-GDL-023:የቅዱስ ቂርቆስና የቅድስት ኢየሉጣ ገድል በአማርኛ | GZ-GDL-030:ገድለ ቅዱስ ቴዎድሮስ በግእዝ | GZ-DRS-009:ድርሳን ቅዱስ ሩፋኤል በግእዝ | GZ-GDL-031:ገድለ ሰማዕት ቅዱስ ቴዎድሮስ በግእዝ | AM-GDL-024:ገድለ ቅዱስ አቡነ አቢብ በአማርኛ | AM-GDL-025:ገድለ ቅዱስ ዞሲማስ በአማርኛ | AM-DRS-010:ድርሳነ ቅዱስ ራጉኤል በአማርኛ | AM-GDL-029:ገድለ ቅዱስ ፊቅጦር በአማርኛ | AM-GDL-030:ገድለ ሰማዕት ቅዱስ ቴዎድሮስ በአማርኛ,"None-None, None-None, None-None, None-None, 1-1, 1-1, 1-1, 1-1, 1-1, 1-1"
1-28,28,ቅዱስ አባዲር ሰማዕት,አባዲር,annual,CORRECT,GZ-MEL-056:መልክዐ ቅዱስ አባዲር በግእዝ | GZ-GDL-026:ገድለ ቅዱሳን አባዲር ወኢራኢ በግእዝ,GZ-MEL-056:መልክዐ ቅዱስ አባዲር በግእዝ | GZ-GDL-026:ገድለ ቅዱሳን አባዲር ወኢራኢ በግእዝ,"1-28, 1-28"
1-28,28,ቅድስት ኢራኢ እህቱ,ኢራኢ እህቱ,annual,CORRECT,GZ-GDL-026:ገድለ ቅዱሳን አባዲር ወኢራኢ በግእዝ,GZ-GDL-026:ገድለ ቅዱሳን አባዲር ወኢራኢ በግእዝ,1-28
1-28,28,ቅድስት ሶስና እናታችን,ሶስና እናታችን,annual,NO_BOOK,,,
1-28,28,ቅዱስ ሉቃስ መነኰስ,ሉቃስ መነኰስ,annual,NO_BOOK,,,
1-28,28,ቅዱስ ዻውፍርና,ዻውፍርና,annual,NO_BOOK,,,
1-28,28,አማኑኤል ቸር አምላካችን,አማኑኤል ቸር አምላካችን,monthly,CORRECT,GZ-MEL-072:መልክዐ አማኑኤል በግእዝ,GZ-MEL-072:መልክዐ አማኑኤል በግእዝ,"1-28, 2-28, 3-28, 4-28, 5-28, 6-28, 7-28, 8-28, 9-28, 10-28"
1-28,28,ቅዱሳን አበው (አብርሃም ይስሐቅና ያዕቆብ),አበው,monthly,WRONG_DATE,,AM-ZNA-002:ዜና አበው በአማርኛ,"3-4, 5-26"
1-28,28,ቅዱስ እንድራኒቆስና ሚስቱ ቅድስት አትናስያ,እንድራኒቆስና ሚስቱ ቅድስት አትናስያ,monthly,NO_BOOK,,,
1-28,28,ቅድስት ዓመተ ክ ክርስቶስ,ዓመተ ክ ክርስቶስ,monthly,WRONG_DATE,,AM-MEL-018:መልክዐ ቅድስት ፍቅርተ ክርስቶስ በአማርኛ | AM-MEL-060:የአቡነ አባለ ክርስቶስ ጻድቅ መልክዕ በአማርኛ | AM-MIK-001:ምክሓ ምእመናን ክርስቶስ በአማርኛ | GZ-MEL-066:መልክዐ ቅድስት ፍቅርተ ክርስቶስ በግእዝ | GZ-MEL-082:መልክዐ አቡነ ሠምረ ክርስቶስ በግእዝ | GZ-MEL-096:መልክዐ አቡነ አባለ ክርስቶስ በግእዝ | GZ-MEL-136:መልክዐ እስትንፋሰ ክርስቶስ በግእዝ | GZ-MEL-143:መልክዐ ክርስቶስ ሠምራ በግእዝ | GZ-MEL-148:መልክዐ ይምርሃነ ክርስቶስ በግእዝ | GZ-MEL-153:መልክዐ ገብረ ክርስቶስ በግእዝ | GZ-MZM-001:መዝሙረ ክርስቶስ በግእዝ | GZ-MZM-002:መዝሙረ ክርስቶስ ካልዕ በግእዝ | GZ-MZM-003:መዝሙረ ክርስቶስ ዘመኃልየ መኃልይ። በግእዝ | GZ-GDL-006:ገድለ አቡነ እስትንፋስ ክርስቶስ በግእዝ | AM-GDL-005:ገድለ ቅድስት ክርስቶስ ሠምራ በአማርኛ | AM-GDL-014:የአቡነ እስትንፋሰ ክርስቶስ ገድል በአማርኛ | GZ-GDL-019:ገድለ ቅድስት ክርስቶስ ሠምራ በግእዝ | GZ-GDL-023:ገድለ አቡነ መዝራዕተ ክርስቶስ በግእዝ | TI-GDL-002:ገድሊ አቡነ እስትንፋስ ክርስቶስ ትግርኛ,"1-9, 1-9, 1-9, 1-9, 1-24, 1-24, 1-24, 1-27, 1-29, 1-29"
1-28,28,ቅዱስ ቴዎድሮስ ሮማዊ (ሰማዕት),ቴዎድሮስ ሮማዊ,monthly,WRONG_DATE,,GZ-MEL-040:መልክዐ ሰማዕት ቅዱስ ቴዎድሮስ በግእዝ | GZ-GDL-030:ገድለ ቅዱስ ቴዎድሮስ በግእዝ | GZ-GDL-031:ገድለ ሰማዕት ቅዱስ ቴዎድሮስ በግእዝ | AM-GDL-030:ገድለ ሰማዕት ቅዱስ ቴዎድሮስ በአማርኛ,"1-12, 1-12, 1-12, 1-12, 1-20, 1-20, 1-20, 1-20, 2-12, 2-12"
1-29,29,ቅድስት አርሴማ ድንግል (ሰማዕት),አርሴማ ድንግል,annual,CORRECT,GZ-MEL-042:መልክዐ ሰማዕት ቅድስት አርሴማ በግእዝ | AM-GDL-008:ገድለ ሰማዕት ቅድስት አርሴማ በአማርኛ | GZ-GDL-033:ገድለ ሰማዕት ቅድስት አርሴማ በግእዝ,AM-MEL-019:መልክዐ አቡነ ሐራ ድንግል በአማርኛ | GZ-MEL-021:መልክዐ ሐራ ድንግል በግእዝ | GZ-MEL-042:መልክዐ ሰማዕት ቅድስት አርሴማ በግእዝ | AM-GDL-008:ገድለ ሰማዕት ቅድስት አርሴማ በአማርኛ | GZ-GDL-033:ገድለ ሰማዕት ቅድስት አርሴማ በግእዝ,"1-6, 1-6, 1-6, 1-11, 1-11, 1-29, 1-29, 1-29, 2-6, 2-6"
1-29,29,ቅድስት አጋታ እመ ምኔት,አጋታ እመ ምኔት,annual,NO_BOOK,,,
1-29,29,"""፲፱፻"" ሰማዕታት (የቅድስት አርሴማ ማሕበር)","""፲፱፻"" ሰማዕታት",annual,WRONG_DATE,,AM-MEL-065:ጸሎተ መልክዐ ሥቃዩ ለቅዱስ ጊዮርጊስ ሊቀ ሰማዕታት በአማርኛ | AM-MEL-066:ጸሎተ መልክዕ ዘቅዱስ ጊዮርጊስ ሊቀ ሰማዕታት በአማርኛ | AM-MEL-067:ጸሎተ መልክዕ ዘቅዱስ ጊዮርጊስ ሊቀ ሰማዕታት ካልዕ በአማርኛ | AM-SIB-001:ስብሐተ ፍቁር ዘቅዱስ ጊዮርጊስ ሊቀ ሰማዕታት በአማርኛ | GZ-MEL-016:መልክዐ ሊቀ ሰማዕታት ቅዱስ እስጢፋኖስ በግእዝ | GZ-MEL-017:መልክዐ ሊቀ ሰማዕታት ቅዱስ እስጢፋኖስ ካልእ በግእዝ | AM-GDL-010:ገድለ ሰማዕታት በአማርኛ,"1-15, 1-15, 1-17, 1-17, 1-23, 1-23, 1-23, 1-23, 2-17, 2-17"
1-29,29,ቅዱስ ዮሐንስ ወንጌላዊ (ነባቤ መለኮት),ዮሐንስ ወንጌላዊ,annual,CORRECT,AM-MEL-016:መልክዐ ቅዱስ ዮሐንስ ወንጌላዊ በአማርኛ | GZ-MEL-062:መልክዐ ቅዱስ ዮሐንስ ወንጌላዊ በግእዝ,AM-MEL-016:መልክዐ ቅዱስ ዮሐንስ ወንጌላዊ በአማርኛ | GZ-MEL-062:መልክዐ ቅዱስ ዮሐንስ ወንጌላዊ በግእዝ,"1-4, 1-4, 1-29, 1-29, 2-4, 2-4, 3-4, 3-4, 4-4, 4-4"
1-29,29,ቅድስት ክርስቶስ ክብራ ኢትዮዽያዊት (በዚህ ቀን ነፍሳትን ከሲዖል ታወጣለች),ክርስቶስ ክብራ ኢትዮዽያዊት,annual,CORRECT,AM-MEL-018:መልክዐ ቅድስት ፍቅርተ ክርስቶስ በአማርኛ | GZ-MEL-066:መልክዐ ቅድስት ፍቅርተ ክርስቶስ በግእዝ | GZ-MZM-001:መዝሙረ ክርስቶስ በግእዝ | GZ-MZM-002:መዝሙረ ክርስቶስ ካልዕ በግእዝ | GZ-MZM-003:መዝሙረ ክርስቶስ ዘመኃልየ መኃልይ። በግእዝ,AM-MEL-018:መልክዐ ቅድስት ፍቅርተ ክርስቶስ በአማርኛ | AM-MEL-060:የአቡነ አባለ ክርስቶስ ጻድቅ መልክዕ በአማርኛ | AM-MIK-001:ምክሓ ምእመናን ክርስቶስ በአማርኛ | GZ-MEL-066:መልክዐ ቅድስት ፍቅርተ ክርስቶስ በግእዝ | GZ-MEL-082:መልክዐ አቡነ ሠምረ ክርስቶስ በግእዝ | GZ-MEL-096:መልክዐ አቡነ አባለ ክርስቶስ በግእዝ | GZ-MEL-136:መልክዐ እስትንፋሰ ክርስቶስ በግእዝ | GZ-MEL-143:መልክዐ ክርስቶስ ሠምራ በግእዝ | GZ-MEL-148:መልክዐ ይምርሃነ ክርስቶስ በግእዝ | GZ-MEL-153:መልክዐ ገብረ ክርስቶስ በግእዝ | GZ-MZM-001:መዝሙረ ክርስቶስ በግእዝ | GZ-MZM-002:መዝሙረ ክርስቶስ ካልዕ በግእዝ | GZ-MZM-003:መዝሙረ ክርስቶስ ዘመኃልየ መኃልይ። በግእዝ | GZ-GDL-006:ገድለ አቡነ እስትንፋስ ክርስቶስ በግእዝ | AM-GDL-005:ገድለ ቅድስት ክርስቶስ ሠምራ በአማርኛ | AM-GDL-014:የአቡነ እስትንፋሰ ክርስቶስ ገድል በአማርኛ | GZ-GDL-019:ገድለ ቅድስት ክርስቶስ ሠምራ በግእዝ | GZ-GDL-023:ገድለ አቡነ መዝራዕተ ክርስቶስ በግእዝ | TI-GDL-002:ገድሊ አቡነ እስትንፋስ ክርስቶስ ትግርኛ,"1-9, 1-9, 1-9, 1-9, 1-24, 1-24, 1-24, 1-27, 1-29, 1-29"
1-29,29,የፈጣሪያችንና ጌታችን ኢየሱስ ክርስቶስ በዓለ ልደት,የፈጣሪያችንና ጌታችን ኢየሱስ ክርስቶስ በዓለ ልደት,monthly,NO_BOOK,,,
1-29,29,ቅዱስ ዼጥሮስ ተፍጻሜተ ሰማዕት,ዼጥሮስ ተፍጻሜተ,monthly,NO_BOOK,,,
1-29,29,ቅዱስ ማርቆስ ዘቶርማቅ,ማርቆስ ዘቶርማቅ,monthly,WRONG_DATE,,AM-MEL-042:የቅዱስ ማርቆስ 2ኛ መልክዕ በአማርኛ | AM-MEL-062:የአቡነ ዜና ማርቆስ መልክዕ በአማርኛ | GZ-MEL-030:መልክዐ ማርቆስ በግእዝ | GZ-MEL-053:መልክዐ ቅዱስ ማርቆስ ካልእ በግእዝ | GZ-MEL-106:መልክዐ አቡነ ዜና ማርቆስ በግእዝ,"1-3, 1-3, 1-30, 1-30, 1-30, 2-3, 2-3, 2-30, 2-30, 2-30"
1-29,29,ቅድስት ፍቅርተ ክርስቶስ ኢትዮዽያዊት,ፍቅርተ ክርስቶስ ኢትዮዽያዊት,monthly,CORRECT,AM-MEL-018:መልክዐ ቅድስት ፍቅርተ ክርስቶስ በአማርኛ | GZ-MEL-066:መልክዐ ቅድስት ፍቅርተ ክርስቶስ በግእዝ,AM-MEL-018:መልክዐ ቅድስት ፍቅርተ ክርስቶስ በአማርኛ | GZ-MEL-066:መልክዐ ቅድስት ፍቅርተ ክርስቶስ በግእዝ,"1-29, 1-29, 2-29, 2-29, 3-29, 3-29, 4-29, 4-29, 5-29, 5-29"
1-29,29,ቅዱስ ዘርዐ ክርስቶስ (ጻድቅና ሰማዕት),ዘርዐ ክርስቶስ,monthly,CORRECT,AM-MEL-018:መልክዐ ቅድስት ፍቅርተ ክርስቶስ በአማርኛ | GZ-MEL-066:መልክዐ ቅድስት ፍቅርተ ክርስቶስ በግእዝ | GZ-MZM-001:መዝሙረ ክርስቶስ በግእዝ | GZ-MZM-002:መዝሙረ ክርስቶስ ካልዕ በግእዝ | GZ-MZM-003:መዝሙረ ክርስቶስ ዘመኃልየ መኃልይ። በግእዝ,AM-MEL-018:መልክዐ ቅድስት ፍቅርተ ክርስቶስ በአማርኛ | AM-MEL-060:የአቡነ አባለ ክርስቶስ ጻድቅ መልክዕ በአማርኛ | AM-MEL-061:የአቡነ ዘርዐ ቡሩክ መልክዕ በአማርኛ | AM-MIK-001:ምክሓ ምእመናን ክርስቶስ በአማርኛ | GZ-MEL-066:መልክዐ ቅድስት ፍቅርተ ክርስቶስ በግእዝ | GZ-MEL-082:መልክዐ አቡነ ሠምረ ክርስቶስ በግእዝ | GZ-MEL-096:መልክዐ አቡነ አባለ ክርስቶስ በግእዝ | GZ-MEL-105:መልክዐ አቡነ ዘርዐ ቡሩክ በግእዝ | GZ-MEL-136:መልክዐ እስትንፋሰ ክርስቶስ በግእዝ | GZ-MEL-143:መልክዐ ክርስቶስ ሠምራ በግእዝ | GZ-MEL-148:መልክዐ ይምርሃነ ክርስቶስ በግእዝ | GZ-MEL-153:መልክዐ ገብረ ክርስቶስ በግእዝ | GZ-MZM-001:መዝሙረ ክርስቶስ በግእዝ | GZ-MZM-002:መዝሙረ ክርስቶስ ካልዕ በግእዝ | GZ-MZM-003:መዝሙረ ክርስቶስ ዘመኃልየ መኃልይ። በግእዝ | GZ-GDL-004:ገድለ አቡነ ዘርዐ ቡሩከ በግእዝ | GZ-GDL-006:ገድለ አቡነ እስትንፋስ ክርስቶስ በግእዝ | AM-GDL-005:ገድለ ቅድስት ክርስቶስ ሠምራ በአማርኛ | AM-GDL-012:ገድለ አቡነ ዘርዐ ቡሩከ በአማርኛ | AM-GDL-014:የአቡነ እስትንፋሰ ክርስቶስ ገድል በአማርኛ | GZ-GDL-013:ገድለ ዘርዐ አብርሃም በግእዝ | GZ-GDL-019:ገድለ ቅድስት ክርስቶስ ሠምራ በግእዝ | GZ-GDL-023:ገድለ አቡነ መዝራዕተ ክርስቶስ በግእዝ | TI-GDL-002:ገድሊ አቡነ እስትንፋስ ክርስቶስ ትግርኛ,"1-9, 1-9, 1-9, 1-9, 1-13, 1-13, 1-13, 1-13, 1-24, 1-24"
1-30,30,ቅዱስ አትናቴዎስ ሐዋርያዊ,አትናቴዎስ ሐዋርያዊ,annual,NO_BOOK,,,
1-30,30,አባ ሣሉሲ ክቡር ጻድቅ,ሣሉሲ ክቡር,annual,NO_BOOK,,,
1-30,30,ቅዱሳን ያዕቆብና ዮሐንስ ሐዋርያት (ለወንጌል የተጠሩበት),ያዕቆብና ዮሐንስ ሐዋርያት,annual,WRONG_DATE,,GZ-MEL-023:መልክዐ ሐዋርያት በግእዝ | GZ-GDL-017:ገድለ አቡነ ተክለ ሐዋርያት በግእዝ | GZ-GDL-032:መጽሐፈ ገድለ ቅዱሳን ሐዋርያት በግእዝ | AM-ZNA-003:ዜና ሐዋርያት በአማርኛ,"3-27, 11-5, 11-5, 11-5, 12-15, 12-15, 12-15"
1-30,30,ቅዱስ ጎርጎርዮስ ዘአርማንያ,ጎርጎርዮስ ዘአርማንያ,annual,NO_BOOK,,,
1-30,30,አባ አብሳዲ ዘደብረ ማርያም,አብሳዲ ዘደብረ ማርያም,annual,CORRECT,GZ-MEL-099:መልክዐ አቡነ አብሳዲ ዘደብረ ማርያም በግእዝ,GZ-MEL-099:መልክዐ አቡነ አብሳዲ ዘደብረ ማርያም በግእዝ,1-30
1-30,30,አባ አሮን ዘገሊላ,አሮን ዘገሊላ,annual,WRONG_DATE,,GZ-MEL-128:መልክዐ አᎄነ አሮን መንክራዌ በግእዝ | GZ-GDL-024:ገድለ አቡነ አሮን መንክራዊ ግእዝ | AM-GDL-028:ገድለ አቡነ አሮን መንክራዊ በአማርኛ,"1-5, 1-5, 1-5, 2-5, 2-5, 2-5, 3-5, 3-5, 3-5, 4-5"
1-30,30,ቅዱስ ማርቆስ ዘአንበሳ (ሐዋርያ),ማርቆስ ዘአንበሳ,monthly,CORRECT,AM-MEL-042:የቅዱስ ማርቆስ 2ኛ መልክዕ በአማርኛ | GZ-MEL-030:መልክዐ ማርቆስ በግእዝ | GZ-MEL-053:መልክዐ ቅዱስ ማርቆስ ካልእ በግእዝ,AM-MEL-042:የቅዱስ ማርቆስ 2ኛ መልክዕ በአማርኛ | AM-MEL-062:የአቡነ ዜና ማርቆስ መልክዕ በአማርኛ | GZ-MEL-030:መልክዐ ማርቆስ በግእዝ | GZ-MEL-053:መልክዐ ቅዱስ ማርቆስ ካልእ በግእዝ | GZ-MEL-106:መልክዐ አቡነ ዜና ማርቆስ በግእዝ,"1-3, 1-3, 1-30, 1-30, 1-30, 2-3, 2-3, 2-30, 2-30, 2-30"
1-30,30,ቅዱስ ጎርጎርዮስ ነባቤ መለኮት,ጎርጎርዮስ ነባቤ መለኮት,monthly,WRONG_DATE,,AM-SEY-001:ሰይፈ መለኮት በአማርኛ | GZ-SEY-001:ሰይፈ መለኮት በግእዝ,"None-None, None-None"
1-30,30,ቅድስት ሶፍያ ሰማዕት,ሶፍያ,monthly,NO_BOOK,,,
1-30,30,ቅዱስ ዮሐንስ መጥምቀ መለኮት,ዮሐንስ መጥምቀ መለኮት,monthly,CORRECT,AM-MEL-048:የቅዱስ ዮሐንስ መጥምቅ መልክዕ በአማርኛ | GZ-MEL-060:መልክዐ ቅዱስ ዮሐንስ መጥምቅ በግእዝ,AM-MEL-016:መልክዐ ቅዱስ ዮሐንስ ወንጌላዊ በአማርኛ | AM-MEL-020:መልክዐ አቡነ ዕጨጌ ዮሐንስ በአማርኛ | AM-MEL-021:መልክዐ አቡነ ዮሐንስ ጻድቅ በአማርኛ | AM-MEL-047:የቅዱስ ዮሐንስ 2ኛ መልክዕ በአማርኛ | AM-MEL-048:የቅዱስ ዮሐንስ መጥምቅ መልክዕ በአማርኛ | AM-SEY-001:ሰይፈ መለኮት በአማርኛ | GZ-MEL-060:መልክዐ ቅዱስ ዮሐንስ መጥምቅ በግእዝ | GZ-MEL-061:መልክዐ ቅዱስ ዮሐንስ ካልእ በግእዝ | GZ-MEL-062:መልክዐ ቅዱስ ዮሐንስ ወንጌላዊ በግእዝ | GZ-MEL-104:መልክዐ አቡነ ዕጨጌ ዮሐንስ በግእዝ | GZ-MEL-109:መልክዐ አቡነ ዮሐንስ ከማ በግእዝ | GZ-MEL-110:መልክዐ አቡነ ዮሐንስ ዘድብረ ዳጋ በግእዝ | GZ-MEL-149:መልክዐ ዮሐንስ ወልደ ነጎድጓድ በግእዝ | GZ-MEL-150:መልክዐ ዮሐንስ ፍቁረ እግዚእ በግእዝ | GZ-SEY-001:ሰይፈ መለኮት በግእዝ | AM-GDL-013:የቅዱስ ዮሐንስ ገድል በአማርኛ | GZ-GDL-018:ገድለ አቡነ ዮሐንስ በግእዝ | AM-GDL-027:ገድለ አቡነ እጨጌ ዮሐንስ ዘጸገሮ በአማርኛ,"None-None, None-None, 1-1, 1-1, 1-2, 1-2, 1-4, 1-4, 1-4, 1-4"
2-1,31,ቅድስት አንስጣስያ (ድንግል ጻድቅት ሰማዕት),አንስጣስያ,annual,NO_BOOK,,,
2-1,31,ቅድስት ማርያም እንተ ዕፍረት,ማርያም እንተ ዕፍረት,annual,CORRECT,AM-GDL-002:ገድለ ማርያም እንተ ዕፍረት በአማርኛ,AM-GDL-002:ገድለ ማርያም እንተ ዕፍረት በአማርኛ,"2-1, 6-6"
2-1,31,ቅድስት ሶስና ድንግል,ሶስና ድንግል,annual,WRONG_DATE,,AM-MEL-019:መልክዐ አቡነ ሐራ ድንግል በአማርኛ | GZ-MEL-021:መልክዐ ሐራ ድንግል በግእዝ,"1-11, 1-11, 2-11, 2-11, 3-11, 3-11, 4-11, 4-11, 5-11, 5-11"
2-1,31,ቅድስት ኅርጣን ድንግል,ኅርጣን ድንግል,annual,WRONG_DATE,,AM-MEL-019:መልክዐ አቡነ ሐራ ድንግል በአማርኛ | GZ-MEL-021:መልክዐ ሐራ ድንግል በግእዝ,"1-11, 1-11, 2-11, 2-11, 3-11, 3-11, 4-11, 4-11, 5-11, 5-11"
2-1,31,ልደታ ለማርያም ድንግል እግዝእትነ,ልደታ ለማርያም ድንግል እግዝእትነ,monthly,CORRECT,GZ-MEL-020:መልክዐ ልደታ በግእዝ | GZ-MTS-001:መጽሐፈ ልደታ ለማርያም በግእዝ,GZ-MEL-020:መልክዐ ልደታ በግእዝ | GZ-MTS-001:መጽሐፈ ልደታ ለማርያም በግእዝ,"1-1, 1-1, 2-1, 2-1, 3-1, 3-1, 4-1, 4-1, 5-1, 5-1"
2-1,31,ቅዱሳን ኢያቄም ወሐና,ኢያቄም ወሐና,monthly,CORRECT,GZ-MEL-133:መልክዐ ኢያቄም በግእዝ | AM-DRS-001:የቅዱስ ኢያቄምና- የቅድስት ሐና ድርሳን በአማርኛ | GZ-DRS-007:ድርሳን ዘቅዱስ ኢያቄም ወቅድስት ሐና በግእዝ,GZ-MEL-133:መልክዐ ኢያቄም በግእዝ | AM-DRS-001:የቅዱስ ኢያቄምና- የቅድስት ሐና ድርሳን በአማርኛ | GZ-DRS-007:ድርሳን ዘቅዱስ ኢያቄም ወቅድስት ሐና በግእዝ,"1-1, 1-1, 1-1, 1-3, 1-3, 1-3, 1-7, 1-7, 1-7, 1-11"
2-1,31,ቅዱስ በርተሎሜዎስ ሐዋርያ,በርተሎሜዎስ,monthly,NO_BOOK,,,
2-1,31,ቅዱስ ሚልኪ ትሩፈ ምግባር,ሚልኪ ትሩፈ ምግባር,monthly,NO_BOOK,,,
2-1,31,ቅዱስ ራጉኤል ሊቀ መላእክት,ራጉኤል ሊቀ መላእክት,monthly,CORRECT,AM-MEL-014:መልክዐ ቅዱስ ራጉኤል በአማርኛ | GZ-MEL-007:መልክዐ ሊቀ መላእክት ቅዱስ ራጉኤል በግእዝ | GZ-DRS-003:ድርሳነ ቅዱስ ራጉኤል በግእዝ | AM-DRS-010:ድርሳነ ቅዱስ ራጉኤል በአማርኛ,AM-DIR-001:የሰባቱ ሊቃነ መላእክት ድርሳን በአማርኛ | AM-MEL-014:መልክዐ ቅዱስ ራጉኤል በአማርኛ | AM-MEL-038:የቅዱሳን አእላፍ መላእክት 2ኛ መልክዕ በአማርኛ | GZ-MEL-004:መልክዐ ሊቀ መላእክት ቅዱስ ሚካኤል ሣልስ በግእዝ | GZ-MEL-005:መልክዐ ሊቀ መላእክት ቅዱስ ሚካኤል ካልዕ በግእዝ | GZ-MEL-006:መልክዐ ሊቀ መላእክት ቅዱስ ሩፋኤል በግእዝ | GZ-MEL-007:መልክዐ ሊቀ መላእክት ቅዱስ ራጉኤል በግእዝ | GZ-MEL-008:መልክዐ ሊቀ መላእክት ቅዱስ ሱርያል በግእዝ | GZ-MEL-009:መልክዐ ሊቀ መላእክት ቅዱስ በግእዝ | GZ-MEL-010:መልክዐ ሊቀ መላእክት ቅዱስ አፍኒን በግእዝ | GZ-MEL-011:መልክዐ ሊቀ መላእክት ቅዱስ ዑራኤል በግእዝ | GZ-MEL-012:መልክዐ ሊቀ መላእክት ቅዱስ ዑራኤል ካልእ በግእዝ | GZ-MEL-013:መልክዐ ሊቀ መላእክት ቅዱስ ገብርኤል በግእዝ | GZ-MEL-014:መልክዐ ሊቀ መላእክት ቅዱስ ገብርኤል ካልዕ (ደቅስዮስ) በግእዝ | GZ-MEL-015:መልክዐ ሊቀ መላእክት ቅዱስ ፋኑኤል በግእዝ | GZ-MEL-125:መልክዐ አእላፍ መላእክት በግእዝ | GZ-MEL-126:መልክዐ አእላፍ መላእክት ካልእ በግእዝ | GZ-MEL-165:መልክዐ ሊቀ መላእክት ቅዱስ ሚካኤል ካልዕ በግእ | GZ-DRS-003:ድርሳነ ቅዱስ ራጉኤል በግእዝ | AM-DRS-010:ድርሳነ ቅዱስ ራጉኤል በአማርኛ,"1-1, 1-1, 1-1, 1-1, 1-3, 1-9, 1-9, 1-9, 1-12, 1-12"
2-2,32,ሊቁ አባ ሕርያቆስ,ሊቁ አባ ሕርያቆስ,annual,NO_BOOK,,,
2-2,32,ቅዱስ ሳዊሮስ ዘአንጾኪያ,ሳዊሮስ ዘአንጾኪያ,annual,NO_BOOK,,,
2-2,32,ቅድስት ቴክላ ሰማዕት,ቴክላ,annual,NO_BOOK,,,
2-2,32,ቅዱስ ታዴዎስ ሐዋርያ (ከ፲፪ቱ ሐዋርያት),ታዴዎስ ሐዋርያ,monthly,CORRECT,AM-MEL-033:የሐዋርያው የቅዱስ ታዴዎስ መልክዕ በአማርኛ | GZ-MEL-055:መልክዐ ቅዱስ ታዴዎስ በግእዝ,AM-MEL-033:የሐዋርያው የቅዱስ ታዴዎስ መልክዕ በአማርኛ | AM-MEL-046:የቅዱስ እንድርያስ ሐዋርያ መልክዕ በአማርኛ | GZ-MEL-023:መልክዐ ሐዋርያት በግእዝ | GZ-MEL-055:መልክዐ ቅዱስ ታዴዎስ በግእዝ | GZ-MEL-137:መልክዐ እንድርያስ ሐዋርያ በግእዝ | GZ-GDL-017:ገድለ አቡነ ተክለ ሐዋርያት በግእዝ | GZ-GDL-032:መጽሐፈ ገድለ ቅዱሳን ሐዋርያት በግእዝ | AM-ZNA-003:ዜና ሐዋርያት በአማርኛ,"1-2, 1-2, 1-4, 1-4, 2-2, 2-2, 2-4, 2-4, 3-2, 3-2"
2-2,32,ቅዱስ ኢዮብ ጻድቅ ተአጋሲ,ኢዮብ ጻድቅ ተአጋሲ,monthly,NO_BOOK,,,
2-2,32,ቅዱስ አቤል ጻድቅ,አቤል,monthly,NO_BOOK,,,
2-2,32,ቅዱስ አባ ዻውሊ ገዳማዊ (ታላቁ),ዻውሊ ገዳማዊ,monthly,NO_BOOK,,,
2-2,32,ቅዱስ ዮሐንስ ነቢይ (መጥምቀ መለኮት),ዮሐንስ ነቢይ,monthly,CORRECT,AM-MEL-048:የቅዱስ ዮሐንስ መጥምቅ መልክዕ በአማርኛ | GZ-MEL-060:መልክዐ ቅዱስ ዮሐንስ መጥምቅ በግእዝ,AM-MEL-016:መልክዐ ቅዱስ ዮሐንስ ወንጌላዊ በአማርኛ | AM-MEL-020:መልክዐ አቡነ ዕጨጌ ዮሐንስ በአማርኛ | AM-MEL-021:መልክዐ አቡነ ዮሐንስ ጻድቅ በአማርኛ | AM-MEL-047:የቅዱስ ዮሐንስ 2ኛ መልክዕ በአማርኛ | AM-MEL-048:የቅዱስ ዮሐንስ መጥምቅ መልክዕ በአማርኛ | GZ-MEL-059:መልክዐ ቅዱስ ኤልያስ ነቢይ ሣልስ በግእዝ | GZ-MEL-060:መልክዐ ቅዱስ ዮሐንስ መጥምቅ በግእዝ | GZ-MEL-061:መልክዐ ቅዱስ ዮሐንስ ካልእ በግእዝ | GZ-MEL-062:መልክዐ ቅዱስ ዮሐንስ ወንጌላዊ በግእዝ | GZ-MEL-104:መልክዐ አቡነ ዕጨጌ ዮሐንስ በግእዝ | GZ-MEL-109:መልክዐ አቡነ ዮሐንስ ከማ በግእዝ | GZ-MEL-110:መልክዐ አቡነ ዮሐንስ ዘድብረ ዳጋ በግእዝ | GZ-MEL-149:መልክዐ ዮሐንስ ወልደ ነጎድጓድ በግእዝ | GZ-MEL-150:መልክዐ ዮሐንስ ፍቁረ እግዚእ በግእዝ | AM-GDL-013:የቅዱስ ዮሐንስ ገድል በአማርኛ | AM-DRS-005:ድርሳነ ኤልያስ ነቢይ በአማርኛ | GZ-GDL-018:ገድለ አቡነ ዮሐንስ በግእዝ | AM-GDL-027:ገድለ አቡነ እጨጌ ዮሐንስ ዘጸገሮ በአማርኛ,"1-1, 1-1, 1-2, 1-2, 1-4, 1-4, 1-4, 1-4, 1-4, 1-4"
2-3,33,ቅዱስ ጊዮርጊስ ሐዲስ (ሰማዕት),ጊዮርጊስ ሐዲስ,annual,WRONG_DATE,,AM-MEL-051:የቅዱስ ጊዮርጊስ መልክዕ በአማርኛ | AM-MEL-065:ጸሎተ መልክዐ ሥቃዩ ለቅዱስ ጊዮርጊስ ሊቀ ሰማዕታት በአማርኛ | AM-MEL-066:ጸሎተ መልክዕ ዘቅዱስ ጊዮርጊስ ሊቀ ሰማዕታት በአማርኛ | AM-MEL-067:ጸሎተ መልክዕ ዘቅዱስ ጊዮርጊስ ሊቀ ሰማዕታት ካልዕ በአማርኛ | AM-SIB-001:ስብሐተ ፍቁር ዘቅዱስ ጊዮርጊስ ሊቀ ሰማዕታት በአማርኛ | GZ-MEL-001:ሐዲስ መልክዐ መድኃኔዓለም በግእዝ | GZ-MEL-036:መልክዐ ሥቃዩ ለጊዮርጊስ በግእዝ | GZ-MEL-065:መልክዐ ቅዱስ ጊዮርጊስ በግእዝ | GZ-MEL-123:መልክዐ አባ ጊዮርጊስ ዘጋሥጫ በግእዝ | GZ-MEL-154:መልክዐ ጊዮርጊስ በግእዝ | GZ-MEL-155:መልክዐ ጊዮርጊስ ካልዕ ወሥቃዩ በግእዝ | AM-GDL-001:ገድለ ቅዱስ አባ ጊዮርጊስ ዘጋሥጫ በአማርኛ | GZ-GDL-007:ገድለ ቅዱስ አባ ጊዮርጊስ ዘጋሥጫ በግእዝ | GZ-GDL-014:ገድለ ቅዱስ ጊዮርጊስ ሰማዕት በግእዝ | AM-GDL-018:ገድለ ቅዱስ ጊዮርጊስ ሰማዕት በአማርኛ,"1-7, 1-7, 1-7, 1-23, 1-23, 1-23, 1-23, 1-23, 1-23, 1-23"
2-3,33,አባ ስምዖን ሊቀ ዻዻሳት,ስምዖን ሊቀ ዻዻሳት,annual,NO_BOOK,,,
2-3,33,ቅዱስ ጎርጎርዮስ ዘአርማንያ,ጎርጎርዮስ ዘአርማንያ,annual,NO_BOOK,,,
2-3,33,ቅድስት ታኦድራ ልዕልት,ታኦድራ ልዕልት,annual,NO_BOOK,,,
2-3,33,ቅድስት ታኦፊላ,ታኦፊላ,annual,NO_BOOK,,,
2-3,33,በዓታ ለእግዝእትነ ማርያም ድንግል ወላዲተ አምላክ,በዓታ ለእግዝእትነ ማርያም ድንግል ወላዲተ አምላክ,monthly,WRONG_DATE,,AM-WUD-003:ውዳሴ አምላክ በአማርኛ | GZ-MEL-088:መልክዐ አቡነ ቡሩከ አምላክ ዘደብረ ኮል በግእዝ | GZ-MEL-089:መልክዐ አቡነ ብፁዓ አምላክ ዘደብረ ምዕዋን ወዘደብረ ኰዳዱ በግእዝ | TI-WUD-002:ውዳሴ አምላክ ብትግርኛ,"None-None, None-None, 4-1, 9-9, 12-14"
2-3,33,ቅዱሳን ኢያቄም ወሐና,ኢያቄም ወሐና,monthly,CORRECT,GZ-MEL-133:መልክዐ ኢያቄም በግእዝ | AM-DRS-001:የቅዱስ ኢያቄምና- የቅድስት ሐና ድርሳን በአማርኛ | GZ-DRS-007:ድርሳን ዘቅዱስ ኢያቄም ወቅድስት ሐና በግእዝ,GZ-MEL-133:መልክዐ ኢያቄም በግእዝ | AM-DRS-001:የቅዱስ ኢያቄምና- የቅድስት ሐና ድርሳን በአማርኛ | GZ-DRS-007:ድርሳን ዘቅዱስ ኢያቄም ወቅድስት ሐና በግእዝ,"1-1, 1-1, 1-1, 1-3, 1-3, 1-3, 1-7, 1-7, 1-7, 1-11"
2-3,33,ቅዱሳን ሊቃነ ካህናት አበው (ዘካርያስና ስምዖን),ሊቃነ ካህናት አበው,monthly,WRONG_DATE,,AM-DIR-001:የሰባቱ ሊቃነ መላእክት ድርሳን በአማርኛ | AM-ZNA-002:ዜና አበው በአማርኛ,"1-13, 2-13, 3-4, 3-13, 4-13, 5-13, 5-26, 6-13, 7-13, 8-13"
2-3,33,አባ ሊባኖስ ዘመጣዕ,ሊባኖስ ዘመጣዕ,monthly,CORRECT,AM-MEL-053:የአቡነ ሊባኖስ 2ኛ መልክዕ በአማርኛ | GZ-MEL-018:መልክዐ ሊባኖስ በግእዝ | GZ-MEL-074:መልክዐ አቡነ ሊባኖስ ካልእ በግእዝ,AM-MEL-053:የአቡነ ሊባኖስ 2ኛ መልክዕ በአማርኛ | GZ-MEL-018:መልክዐ ሊባኖስ በግእዝ | GZ-MEL-074:መልክዐ አቡነ ሊባኖስ ካልእ በግእዝ | GZ-GDL-001:ገድለ አቡነ ፊልጶስ ዘደብረ ሊባኖስ በግእዝ,"1-3, 1-3, 1-3, 2-3, 2-3, 2-3, 3-3, 3-3, 3-3, 4-3"
2-3,33,አቡነ ዜና ማርቆስ,ዜና ማርቆስ,monthly,CORRECT,AM-MEL-062:የአቡነ ዜና ማርቆስ መልክዕ በአማርኛ | GZ-MEL-106:መልክዐ አቡነ ዜና ማርቆስ በግእዝ,AM-MEL-062:የአቡነ ዜና ማርቆስ መልክዕ በአማርኛ | GZ-MEL-106:መልክዐ አቡነ ዜና ማርቆስ በግእዝ,"1-3, 1-3, 2-3, 2-3, 3-3, 3-3, 4-3, 4-3, 5-3, 5-3"
2-3,33,አቡነ መድኃኒነ እግዚእ ዘደብረ በንኮል,መድኃኒነ እግዚእ ዘደብረ በንኮል,monthly,CORRECT,GZ-MEL-078:መልክዐ አቡነ መድኃኒነ እግዚእ በግእዝ,GZ-MEL-078:መልክዐ አቡነ መድኃኒነ እግዚእ በግእዝ,"1-3, 2-3, 3-3, 4-3, 5-3, 6-3, 7-3, 8-3, 9-3, 10-3"
2-3,33,ቅዱስ ቄርሎስ ሊቅ (ዓምደ ሃይማኖት),ቄርሎስ ሊቅ,monthly,NO_BOOK,,,
2-4,34,ቅዱሳን ነገሥት አብርሃ ወአጽብሃ,ነገሥት አብርሃ ወአጽብሃ,annual,WRONG_DATE,,GZ-ZNA-001:ዜናሁ ለንጉሠ ነገሥት በካፋ በግእዝ,
2-4,34,ቅዱስ ሐናንያ ሐዋርያ (ከ፯፪ቱ አርድእት),ሐናንያ ሐዋርያ,annual,CORRECT,AM-MEL-046:የቅዱስ እንድርያስ ሐዋርያ መልክዕ በአማርኛ | GZ-MEL-137:መልክዐ እንድርያስ ሐዋርያ በግእዝ,AM-MEL-033:የሐዋርያው የቅዱስ ታዴዎስ መልክዕ በአማርኛ | AM-MEL-046:የቅዱስ እንድርያስ ሐዋርያ መልክዕ በአማርኛ | GZ-MEL-023:መልክዐ ሐዋርያት በግእዝ | GZ-MEL-137:መልክዐ እንድርያስ ሐዋርያ በግእዝ | GZ-GDL-017:ገድለ አቡነ ተክለ ሐዋርያት በግእዝ | GZ-GDL-032:መጽሐፈ ገድለ ቅዱሳን ሐዋርያት በግእዝ | AM-ZNA-003:ዜና ሐዋርያት በአማርኛ,"1-2, 1-4, 1-4, 2-2, 2-4, 2-4, 3-2, 3-4, 3-4, 3-27"
2-4,34,ቅዱስ በርተሎሜዎስ ሐዋርያ,በርተሎሜዎስ,annual,NO_BOOK,,,
2-4,34,ቅዱስ ባኮስ ሰማዕት,ባኮስ,annual,NO_BOOK,,,
2-4,34,ቅዱሳን ባባ እና ማማ,ባባ እና ማማ,annual,NO_BOOK,,,
2-4,34,ቅዱስ ዮሐንስ ሕጽው,ዮሐንስ ሕጽው,annual,CORRECT,AM-MEL-016:መልክዐ ቅዱስ ዮሐንስ ወንጌላዊ በአማርኛ | AM-MEL-047:የቅዱስ ዮሐንስ 2ኛ መልክዕ በአማርኛ | GZ-MEL-061:መልክዐ ቅዱስ ዮሐንስ ካልእ በግእዝ | GZ-MEL-062:መልክዐ ቅዱስ ዮሐንስ ወንጌላዊ በግእዝ | GZ-MEL-149:መልክዐ ዮሐንስ ወልደ ነጎድጓድ በግእዝ | GZ-MEL-150:መልክዐ ዮሐንስ ፍቁረ እግዚእ በግእዝ | AM-GDL-013:የቅዱስ ዮሐንስ ገድል በአማርኛ,AM-MEL-016:መልክዐ ቅዱስ ዮሐንስ ወንጌላዊ በአማርኛ | AM-MEL-020:መልክዐ አቡነ ዕጨጌ ዮሐንስ በአማርኛ | AM-MEL-021:መልክዐ አቡነ ዮሐንስ ጻድቅ በአማርኛ | AM-MEL-047:የቅዱስ ዮሐንስ 2ኛ መልክዕ በአማርኛ | AM-MEL-048:የቅዱስ ዮሐንስ መጥምቅ መልክዕ በአማርኛ | GZ-MEL-060:መልክዐ ቅዱስ ዮሐንስ መጥምቅ በግእዝ | GZ-MEL-061:መልክዐ ቅዱስ ዮሐንስ ካልእ በግእዝ | GZ-MEL-062:መልክዐ ቅዱስ ዮሐንስ ወንጌላዊ በግእዝ | GZ-MEL-104:መልክዐ አቡነ ዕጨጌ ዮሐንስ በግእዝ | GZ-MEL-109:መልክዐ አቡነ ዮሐንስ ከማ በግእዝ | GZ-MEL-110:መልክዐ አቡነ ዮሐንስ ዘድብረ ዳጋ በግእዝ | GZ-MEL-149:መልክዐ ዮሐንስ ወልደ ነጎድጓድ በግእዝ | GZ-MEL-150:መልክዐ ዮሐንስ ፍቁረ እግዚእ በግእዝ | AM-GDL-013:የቅዱስ ዮሐንስ ገድል በአማርኛ | GZ-GDL-018:ገድለ አቡነ ዮሐንስ በግእዝ | AM-GDL-027:ገድለ አቡነ እጨጌ ዮሐንስ ዘጸገሮ በአማርኛ,"1-1, 1-1, 1-2, 1-2, 1-4, 1-4, 1-4, 1-4, 1-4, 1-4"
2-4,34,ቅዱስ ዮሐንስ ወንጌላዊ,ዮሐንስ ወንጌላዊ,monthly,CORRECT,AM-MEL-016:መልክዐ ቅዱስ ዮሐንስ ወንጌላዊ በአማርኛ | GZ-MEL-062:መልክዐ ቅዱስ ዮሐንስ ወንጌላዊ በግእዝ,AM-MEL-016:መልክዐ ቅዱስ ዮሐንስ ወንጌላዊ በአማርኛ | GZ-MEL-062:መልክዐ ቅዱስ ዮሐንስ ወንጌላዊ በግእዝ,"1-4, 1-4, 1-29, 1-29, 2-4, 2-4, 3-4, 3-4, 4-4, 4-4"
2-4,34,ቅዱስ እንድርያስ ሐዋርያ,እንድርያስ,monthly,CORRECT,AM-MEL-046:የቅዱስ እንድርያስ ሐዋርያ መልክዕ በአማርኛ | GZ-MEL-137:መልክዐ እንድርያስ ሐዋርያ በግእዝ,AM-MEL-046:የቅዱስ እንድርያስ ሐዋርያ መልክዕ በአማርኛ | GZ-MEL-102:መልክዐ አቡነ እንድርያስ ዘደብረ ስኂን (ፅፉን) በግእዝ | GZ-MEL-103:መልክዐ አቡነ እንድርያስ ዘደብረ ጽጌ በግእዝ | GZ-MEL-137:መልክዐ እንድርያስ ሐዋርያ በግእዝ,"1-4, 1-4, 2-4, 2-4, 3-4, 3-4, 4-4, 4-4, 5-4, 5-4"
2-4,34,ቅድስት ሶፍያ ሰማዕት,ሶፍያ,monthly,NO_BOOK,,,
2-4,34,ቅዱስ ዮሐንስ ዘሐራቅሊ (ሰማዕት),ዮሐንስ ዘሐራቅሊ,monthly,CORRECT,AM-MEL-016:መልክዐ ቅዱስ ዮሐንስ ወንጌላዊ በአማርኛ | AM-MEL-047:የቅዱስ ዮሐንስ 2ኛ መልክዕ በአማርኛ | GZ-MEL-061:መልክዐ ቅዱስ ዮሐንስ ካልእ በግእዝ | GZ-MEL-062:መልክዐ ቅዱስ ዮሐንስ ወንጌላዊ በግእዝ | GZ-MEL-149:መልክዐ ዮሐንስ ወልደ ነጎድጓድ በግእዝ | GZ-MEL-150:መልክዐ ዮሐንስ ፍቁረ እግዚእ በግእዝ | AM-GDL-013:የቅዱስ ዮሐንስ ገድል በአማርኛ,AM-MEL-016:መልክዐ ቅዱስ ዮሐንስ ወንጌላዊ በአማርኛ | AM-MEL-020:መልክዐ አቡነ ዕጨጌ ዮሐንስ በአማርኛ | AM-MEL-021:መልክዐ አቡነ ዮሐንስ ጻድቅ በአማርኛ | AM-MEL-047:የቅዱስ ዮሐንስ 2ኛ መልክዕ በአማርኛ | AM-MEL-048:የቅዱስ ዮሐንስ መጥምቅ መልክዕ በአማርኛ | GZ-MEL-060:መልክዐ ቅዱስ ዮሐንስ መጥምቅ በግእዝ | GZ-MEL-061:መልክዐ ቅዱስ ዮሐንስ ካልእ በግእዝ | GZ-MEL-062:መልክዐ ቅዱስ ዮሐንስ ወንጌላዊ በግእዝ | GZ-MEL-104:መልክዐ አቡነ ዕጨጌ ዮሐንስ በግእዝ | GZ-MEL-109:መልክዐ አቡነ ዮሐንስ ከማ በግእዝ | GZ-MEL-110:መልክዐ አቡነ ዮሐንስ ዘድብረ ዳጋ በግእዝ | GZ-MEL-149:መልክዐ ዮሐንስ ወልደ ነጎድጓድ በግእዝ | GZ-MEL-150:መልክዐ ዮሐንስ ፍቁረ እግዚእ በግእዝ | AM-GDL-013:የቅዱስ ዮሐንስ ገድል በአማርኛ | GZ-GDL-018:ገድለ አቡነ ዮሐንስ በግእዝ | AM-GDL-027:ገድለ አቡነ እጨጌ ዮሐንስ ዘጸገሮ በአማርኛ,"1-1, 1-1, 1-2, 1-2, 1-4, 1-4, 1-4, 1-4, 1-4, 1-4"
2-5,35,አቡነ ገብረ መንፈስ ቅዱስ ጻድቅ,ገብረ መንፈስ ቅዱስ,annual,CORRECT,GZ-MEL-151:መልክዐ ገብረ መንፈስ ቅዱስ በግእዝ | GZ-MEL-152:መልክዐ ገብረ መንፈስ ቅዱስ ካልዕ በግእዝ | AM-GDL-007:ገድለ አቡነ ገብረ መንፈስ ቅዱስ በአማርኛ,GZ-MEL-151:መልክዐ ገብረ መንፈስ ቅዱስ በግእዝ | GZ-MEL-152:መልክዐ ገብረ መንፈስ ቅዱስ ካልዕ በግእዝ | AM-GDL-007:ገድለ አቡነ ገብረ መንፈስ ቅዱስ በአማርኛ,"1-5, 1-5, 1-5, 2-5, 2-5, 2-5, 3-5, 3-5, 3-5, 4-5"
2-5,35,ቅዱስ ኪራኮስ አረጋዊ (ዻዻስ ወሰማዕት),ኪራኮስ አረጋዊ,annual,WRONG_DATE,,GZ-MEL-073:መልክዐ አረጋዊ በግእዝ | AM-GDL-016:ገድለ አቡነ አረጋዊ በአማርኛ,"1-14, 1-14, 2-14, 2-14, 3-14, 3-14, 4-14, 4-14, 5-14, 5-14"
2-5,35,ቅድስት ሐና ሰማዕት (እናቱ),ሐና ሰማዕት,annual,WRONG_DATE,,GZ-MEL-039:መልክዐ ሰማዕት ቅዱስ መርቆሬዎስ በግእዝ | GZ-MEL-040:መልክዐ ሰማዕት ቅዱስ ቴዎድሮስ በግእዝ | GZ-MEL-041:መልክዐ ሰማዕት ቅዱስ ፋሲለደስ በግእዝ | GZ-MEL-042:መልክዐ ሰማዕት ቅድስት አርሴማ በግእዝ | GZ-MEL-043:መልክዐ ሰማዕት ቅድስት ኢየሉጣ በግእዝ | GZ-MEL-122:መልክዐ አባ ኖብ ሰማዕት በግእዝ | GZ-GDL-002:ገድለ ሰማዕት ቅዱስ መርቆሬዎስ በግእዝ | AM-GDL-008:ገድለ ሰማዕት ቅድስት አርሴማ በአማርኛ | GZ-GDL-014:ገድለ ቅዱስ ጊዮርጊስ ሰማዕት በግእዝ | AM-GDL-015:ገድለ ሰማዕት ቅዱስ መርቆሬዎስ በአማርኛ | AM-GDL-018:ገድለ ቅዱስ ጊዮርጊስ ሰማዕት በአማርኛ | GZ-GDL-031:ገድለ ሰማዕት ቅዱስ ቴዎድሮስ በግእዝ | GZ-GDL-033:ገድለ ሰማዕት ቅድስት አርሴማ በግእዝ | AM-GDL-030:ገድለ ሰማዕት ቅዱስ ቴዎድሮስ በአማርኛ,"1-6, 1-6, 1-6, 1-11, 1-12, 1-12, 1-12, 1-15, 1-18, 1-20"
2-5,35,ቅዱስ ያዕቆብ ወልደ እልፍዮስ (ከ፲፪ቱ ሐዋርያት),ያዕቆብ ወልደ እልፍዮስ,annual,WRONG_DATE,,AM-MEL-022:መልክዐ አብርሃም ይሥሐቅ ያዕቆብ በአማርኛ | GZ-MEL-124:መልክዐ አብርሃም ይሥሐቅ ወያዕቆብ በግእዝ,"1-28, 1-28, 2-28, 2-28, 3-28, 3-28, 4-28, 4-28, 5-28, 5-28"
2-5,35,አባ ዻውሎስ ሰማዕት (አርዮሳውያን አንቀው የገደሉት አባት),ዻውሎስ ሰማዕት,annual,WRONG_DATE,,GZ-MEL-039:መልክዐ ሰማዕት ቅዱስ መርቆሬዎስ በግእዝ | GZ-MEL-040:መልክዐ ሰማዕት ቅዱስ ቴዎድሮስ በግእዝ | GZ-MEL-041:መልክዐ ሰማዕት ቅዱስ ፋሲለደስ በግእዝ | GZ-MEL-042:መልክዐ ሰማዕት ቅድስት አርሴማ በግእዝ | GZ-MEL-043:መልክዐ ሰማዕት ቅድስት ኢየሉጣ በግእዝ | GZ-MEL-122:መልክዐ አባ ኖብ ሰማዕት በግእዝ | GZ-GDL-002:ገድለ ሰማዕት ቅዱስ መርቆሬዎስ በግእዝ | AM-GDL-008:ገድለ ሰማዕት ቅድስት አርሴማ በአማርኛ | GZ-GDL-014:ገድለ ቅዱስ ጊዮርጊስ ሰማዕት በግእዝ | AM-GDL-015:ገድለ ሰማዕት ቅዱስ መርቆሬዎስ በአማርኛ | AM-GDL-018:ገድለ ቅዱስ ጊዮርጊስ ሰማዕት በአማርኛ | GZ-GDL-031:ገድለ ሰማዕት ቅዱስ ቴዎድሮስ በግእዝ | GZ-GDL-033:ገድለ ሰማዕት ቅድስት አርሴማ በግእዝ | AM-GDL-030:ገድለ ሰማዕት ቅዱስ ቴዎድሮስ በአማርኛ,"1-6, 1-6, 1-6, 1-11, 1-12, 1-12, 1-12, 1-15, 1-18, 1-20"
2-5,35,ቅዱስ ዼጥሮስ ሊቀ ሐዋርያት,ዼጥሮስ ሊቀ ሐዋርያት,monthly,WRONG_DATE,,GZ-MEL-023:መልክዐ ሐዋርያት በግእዝ | GZ-GDL-017:ገድለ አቡነ ተክለ ሐዋርያት በግእዝ | GZ-GDL-032:መጽሐፈ ገድለ ቅዱሳን ሐዋርያት በግእዝ | AM-ZNA-003:ዜና ሐዋርያት በአማርኛ,"3-27, 11-5, 11-5, 11-5, 12-15, 12-15, 12-15"
2-5,35,ቅዱስ ዻውሎስ ብርሃነ ዓለም,ዻውሎስ ብርሃነ ዓለም,monthly,WRONG_DATE,,AM-MEL-034:የመድኀኔ ዓለም 3ኛ መልክዕ በአማርኛ | AM-MEL-035:የመድኀኔ ዓለም መልክዕ በአማርኛ | GZ-MEL-001:ሐዲስ መልክዐ መድኃኔዓለም በግእዝ | GZ-MEL-027:መልክዐ መድኀኔ ዓለም ሣልስ በግዕዝ | GZ-MEL-028:መልክዐ መድኃኔ ዓለም በግእዝ | GZ-DRS-005:ድርሳነ መድኃኔ ዓለም በግእዝ | AM-DRS-004:ድርሳነ መድኃኔ ዓለም በአማርኛ,"1-27, 1-27, 1-27, 1-27, 1-27, 1-27, 1-27, 2-27, 2-27, 2-27"
2-5,35,ቅዱስ ዮሐኒ ኢትዮዽያዊ,ዮሐኒ ኢትዮዽያዊ,monthly,NO_BOOK,,,
2-5,35,ቅዱስ አሞኒ ዘናሒሶ,አሞኒ ዘናሒሶ,monthly,NO_BOOK,,,
2-5,35,ቅድስት አውጋንያ (ሰማዕትና ጻድቅ),አውጋንያ,monthly,NO_BOOK,,,
2-6,36,ቅዱስ ዲዮናስዮስ ሐዋርያዊ,ዲዮናስዮስ ሐዋርያዊ,annual,NO_BOOK,,,
2-6,36,አባ ዸንጠሌዎን ዘጾማዕት,ዸንጠሌዎን ዘጾማዕት,annual,NO_BOOK,,,
2-6,36,ቅዱስ ዕንባቆም ነቢይ (ዕን,ዕንባቆም ነቢይ (ዕን,annual,NO_BOOK,,,
2-6,36,ከ፩ - ፫ ያንብቡ),ከ፩ - ፫ ያንብቡ),annual,NO_BOOK,,,
2-6,36,ቅድስት ሐና ነቢይት (የሳሙኤል እናት - ፩ሳሙ,ሐና ነቢይት (የሳሙኤል እናት - ፩ሳሙ,annual,NO_BOOK,,,
2-6,36,ከ፩ - ፪ን ያንብቡ),ከ፩ - ፪ን ያንብቡ),annual,NO_BOOK,,,
2-6,36,ቅዱሳን ኡሲፎርና ኡርያኖስ (ሰማዕታት),ኡሲፎርና ኡርያኖስ,annual,NO_BOOK,,,
2-6,36,አቡነ በጸሎተ ሚካኤል ኢትዮዽያዊ (ፍልሠቱ),በጸሎተ ሚካኤል ኢትዮዽያዊ,annual,CORRECT,GZ-MEL-121:መልክዐ አባ በጸሎተ ሚካኤል በግእዝ | AM-GDL-011:ገድለ አቡነ በጸሎተ ሚካኤል በአማርኛ | GZ-GDL-015:ገድለ አቡነ በጸሎተ ሚካኤል በግእዝ,GZ-MEL-121:መልክዐ አባ በጸሎተ ሚካኤል በግእዝ | AM-GDL-011:ገድለ አቡነ በጸሎተ ሚካኤል በአማርኛ | GZ-GDL-015:ገድለ አቡነ በጸሎተ ሚካኤል በግእዝ,"1-21, 1-21, 1-21, 2-6, 2-6, 2-6, 2-21, 2-21, 2-21, 3-21"
2-6,36,ቅዱስ ሄኖስ ነቢይ,ሄኖስ,annual,NO_BOOK,,,
2-6,36,ቅድስት ደብረ ቁስቁዋም,ደብረ ቁስቁዋም,monthly,WRONG_DATE,,GZ-MEL-076:መልክዐ አቡነ መርቆሬዎስ ዘደብረ ድማኅ በግእዝ | GZ-MEL-080:መልክዐ አቡነ ማቴዎስ ዘደብረ በርበሬ በግእዝ | GZ-MEL-081:መልክዐ አቡነ ማቴዎስ ዘደብረ በርበሬ በግእዝ ካልእ | GZ-MEL-088:መልክዐ አቡነ ቡሩከ አምላክ ዘደብረ ኮል በግእዝ | GZ-MEL-089:መልክዐ አቡነ ብፁዓ አምላክ ዘደብረ ምዕዋን ወዘደብረ ኰዳዱ በግእዝ | GZ-MEL-099:መልክዐ አቡነ አብሳዲ ዘደብረ ማርያም በግእዝ | GZ-MEL-102:መልክዐ አቡነ እንድርያስ ዘደብረ ስኂን (ፅፉን) በግእዝ | GZ-MEL-103:መልክዐ አቡነ እንድርያስ ዘደብረ ጽጌ በግእዝ | GZ-MEL-107:መልክዐ አቡነ የሐንስ ዘደብረ ቢዘን በግእዝ | GZ-MEL-113:መልክዐ አቡነ ዮናስ ዘደብረ ድኁኃን ዘደብረ ጽጌ ወዘደብረ ጽዮን በግእዝ | GZ-MEL-120:መልክዐ አቡነ ፊልጶስ ዘደብረ ቢዘን በግእዝ | GZ-GDL-001:ገድለ አቡነ ፊልጶስ ዘደብረ ሊባኖስ በግእዝ,"1-13, 1-30, 2-13, 3-13, 3-13, 3-17, 4-1, 4-13, 4-16, 5-13"
2-6,36,አባታችን አዳምና እናታችን ሔዋን,አባታችን አዳምና እናታችን ሔዋን,monthly,CORRECT,AM-MEL-023:መልክዐ አዳም ወሔዋን በአማርኛ | GZ-MEL-127:መልክዐ አዳም ወሔዋን በግእዝ,AM-MEL-023:መልክዐ አዳም ወሔዋን በአማርኛ | AM-MEL-063:የአባታችን አብርሃም መልክዕ በአማርኛ | GZ-MEL-127:መልክዐ አዳም ወሔዋን በግእዝ,"1-6, 1-6, 2-6, 2-6, 3-6, 3-6, 4-6, 4-6, 5-6, 5-6"
2-6,36,አባታችን ኖኅና እናታችን ሐይከል,አባታችን ኖኅና እናታችን ሐይከል,monthly,WRONG_DATE,,AM-MEL-063:የአባታችን አብርሃም መልክዕ በአማርኛ,"11-7, 12-28"
2-6,36,ቅዱስ ኤልያስ ነቢይ,ኤልያስ,monthly,CORRECT,AM-MEL-052:የነቢዩ የቅዱስ ኤልያስ 3ኛ መልክዕ በአማርኛ | GZ-MEL-059:መልክዐ ቅዱስ ኤልያስ ነቢይ ሣልስ በግእዝ | GZ-MEL-134:መልክዐ ኤልያስ በግእዝ | AM-DRS-005:ድርሳነ ኤልያስ ነቢይ በአማርኛ,AM-MEL-052:የነቢዩ የቅዱስ ኤልያስ 3ኛ መልክዕ በአማርኛ | GZ-MEL-059:መልክዐ ቅዱስ ኤልያስ ነቢይ ሣልስ በግእዝ | GZ-MEL-134:መልክዐ ኤልያስ በግእዝ | AM-DRS-005:ድርሳነ ኤልያስ ነቢይ በአማርኛ,"1-6, 1-6, 1-6, 1-6, 2-6, 2-6, 2-6, 2-6, 3-6, 3-6"
2-6,36,ቅዱስ ባስልዮስ ዘቂሣርያ,ባስልዮስ ዘቂሣርያ,monthly,NO_BOOK,,,
2-6,36,ቅዱስ ዮሴፍ አረጋዊ,ዮሴፍ አረጋዊ,monthly,WRONG_DATE,,GZ-MEL-073:መልክዐ አረጋዊ በግእዝ | GZ-MEL-111:መልክዐ አቡነ ዮሴፍ በግእዝ | AM-GDL-016:ገድለ አቡነ አረጋዊ በአማርኛ | GZ-GDL-029:ገድለ አቡነ ዮሴፍ በግእዝ,"1-14, 1-14, 1-19, 1-19, 2-14, 2-14, 2-19, 2-19, 3-14, 3-14"
2-6,36,ቅድስት ሰሎሜ,ሰሎሜ,monthly,NO_BOOK,,,
2-6,36,አባ አርከ ሥሉስ,አርከ ሥሉስ,monthly,WRONG_DATE,,AM-TEA-003:ተአምኆ ዘሥሉስ ቅዱስ መልክዕ በአማርኛ | AM-TEA-002:ተአምኆ ዘሥሉስ ቅዱስ በአማርኛ | GZ-MEL-034:መልክዐ ሥሉስ ቅዱስ በግእዝ | GZ-TEA-002:ተአምኆ ዘሥሉስ ቅዱስ በግእዝ | GZ-TEA-003:ተአምኆ ዘሥሉስ ቅዱስ በግእዝ ካልእ,"None-None, None-None, None-None, None-None, 5-7"
2-6,36,አባ ጽጌ ድንግል,ጽጌ ድንግል,monthly,WRONG_DATE,,AM-MEL-019:መልክዐ አቡነ ሐራ ድንግል በአማርኛ | GZ-MEL-021:መልክዐ ሐራ ድንግል በግእዝ,"1-11, 1-11, 2-11, 2-11, 3-11, 3-11, 4-11, 4-11, 5-11, 5-11"
2-6,36,ቅድስት አርሴማ ድንግል,አርሴማ ድንግል,monthly,CORRECT,GZ-MEL-042:መልክዐ ሰማዕት ቅድስት አርሴማ በግእዝ | AM-GDL-008:ገድለ ሰማዕት ቅድስት አርሴማ በአማርኛ | GZ-GDL-033:ገድለ ሰማዕት ቅድስት አርሴማ በግእዝ,AM-MEL-019:መልክዐ አቡነ ሐራ ድንግል በአማርኛ | GZ-MEL-021:መልክዐ ሐራ ድንግል በግእዝ | GZ-MEL-042:መልክዐ ሰማዕት ቅድስት አርሴማ በግእዝ | AM-GDL-008:ገድለ ሰማዕት ቅድስት አርሴማ በአማርኛ | GZ-GDL-033:ገድለ ሰማዕት ቅድስት አርሴማ በግእዝ,"1-6, 1-6, 1-6, 1-11, 1-11, 1-29, 1-29, 1-29, 2-6, 2-6"
2-7,37,አባ ባውላ መስተጋድል,ባውላ መስተጋድል,annual,NO_BOOK,,,
2-7,37,አባ ሕዝቅኤል ጻድቅ,ሕዝቅኤል,annual,NO_BOOK,,,
2-7,37,ቅዱስ ሚናስ ሰማዕት,ሚናስ,annual,WRONG_DATE,,AM-MEL-013:መልክዐ ቅዱስ ሚናስ በአማርኛ | GZ-MEL-052:መልክዐ ቅዱስ ሚናስ በግእዝ,"1-15, 1-15, 2-15, 2-15, 3-15, 3-15, 4-15, 4-15, 5-15, 5-15"
2-7,37,ቅዱስ ሐናሲ ሰማዕት,ሐናሲ,annual,NO_BOOK,,,
2-7,37,ሥሉስ ቅዱስ (አብ ወወልድ ወመንፈስ ቅዱስ),ሥሉስ ቅዱስ,monthly,WRONG_DATE,,AM-TEA-003:ተአምኆ ዘሥሉስ ቅዱስ መልክዕ በአማርኛ | AM-TEA-002:ተአምኆ ዘሥሉስ ቅዱስ በአማርኛ | GZ-MEL-034:መልክዐ ሥሉስ ቅዱስ በግእዝ | GZ-TEA-002:ተአምኆ ዘሥሉስ ቅዱስ በግእዝ | GZ-TEA-003:ተአምኆ ዘሥሉስ ቅዱስ በግእዝ ካልእ,"None-None, None-None, None-None, None-None, 5-7"
2-7,37,አባ ጊዮርጊስ ዘጋስጫ,ጊዮርጊስ ዘጋስጫ,monthly,CORRECT,GZ-MEL-123:መልክዐ አባ ጊዮርጊስ ዘጋሥጫ በግእዝ | AM-GDL-001:ገድለ ቅዱስ አባ ጊዮርጊስ ዘጋሥጫ በአማርኛ | GZ-GDL-007:ገድለ ቅዱስ አባ ጊዮርጊስ ዘጋሥጫ በግእዝ,AM-MEL-051:የቅዱስ ጊዮርጊስ መልክዕ በአማርኛ | AM-MEL-065:ጸሎተ መልክዐ ሥቃዩ ለቅዱስ ጊዮርጊስ ሊቀ ሰማዕታት በአማርኛ | AM-MEL-066:ጸሎተ መልክዕ ዘቅዱስ ጊዮርጊስ ሊቀ ሰማዕታት በአማርኛ | AM-MEL-067:ጸሎተ መልክዕ ዘቅዱስ ጊዮርጊስ ሊቀ ሰማዕታት ካልዕ በአማርኛ | AM-SIB-001:ስብሐተ ፍቁር ዘቅዱስ ጊዮርጊስ ሊቀ ሰማዕታት በአማርኛ | GZ-MEL-036:መልክዐ ሥቃዩ ለጊዮርጊስ በግእዝ | GZ-MEL-065:መልክዐ ቅዱስ ጊዮርጊስ በግእዝ | GZ-MEL-123:መልክዐ አባ ጊዮርጊስ ዘጋሥጫ በግእዝ | GZ-MEL-154:መልክዐ ጊዮርጊስ በግእዝ | GZ-MEL-155:መልክዐ ጊዮርጊስ ካልዕ ወሥቃዩ በግእዝ | AM-GDL-001:ገድለ ቅዱስ አባ ጊዮርጊስ ዘጋሥጫ በአማርኛ | GZ-GDL-007:ገድለ ቅዱስ አባ ጊዮርጊስ ዘጋሥጫ በግእዝ | GZ-GDL-014:ገድለ ቅዱስ ጊዮርጊስ ሰማዕት በግእዝ | AM-GDL-018:ገድለ ቅዱስ ጊዮርጊስ ሰማዕት በአማርኛ,"1-7, 1-7, 1-7, 1-23, 1-23, 1-23, 1-23, 1-23, 1-23, 1-23"
2-7,37,አባ ሲኖዳ (የባሕታውያን አለቃ),ሲኖዳ,monthly,NO_BOOK,,,
2-7,37,አባ ዳንኤል ዘገዳመ ሲሐት,ዳንኤል ዘገዳመ ሲሐት,monthly,WRONG_DATE,,GZ-MEL-114:መልክዐ አቡነ ዳንኤል በግእዝ | GZ-GDL-028:ገድለ አቡነ ዳንኤል በግእዝ,"3-6, 3-6"
2-7,37,አባ ባውላ ገዳማዊ,ባውላ ገዳማዊ,monthly,NO_BOOK,,,
2-7,37,ቅዱስ አትናቴዎስ ሐዋርያዊ,አትናቴዎስ ሐዋርያዊ,monthly,NO_BOOK,,,
2-7,37,ቅዱስ አግናጥዮስ (ለአንበሳ የተሰጠ),አግናጥዮስ,monthly,CORRECT,GZ-MEL-058:መልክዐ ቅዱስ አግናጥዮስ ምጥው ለአንበሳ በግእዝ,GZ-MEL-058:መልክዐ ቅዱስ አግናጥዮስ ምጥው ለአንበሳ በግእዝ,"1-7, 2-7, 2-26, 3-7, 4-7, 4-24, 5-7, 6-7, 7-7, 8-7"
2-8,38,አባ አጋቶን ባሕታዊ,አጋቶን ባሕታዊ,annual,NO_BOOK,,,
2-8,38,ቅዱስ መጥራ አረጋዊ (ሰማዕት),መጥራ አረጋዊ,annual,WRONG_DATE,,GZ-MEL-073:መልክዐ አረጋዊ በግእዝ | AM-GDL-016:ገድለ አቡነ አረጋዊ በአማርኛ,"1-14, 1-14, 2-14, 2-14, 3-14, 3-14, 4-14, 4-14, 5-14, 5-14"
2-8,38,ቅድስት ሶስናና ልጆቿ (ሰማዕታት),ሶስናና ልጆቿ,annual,NO_BOOK,,,
2-8,38,አባ ሖር,ሖር,annual,NO_BOOK,,,
2-8,38,ቅድስት በላግያ ሰማዕት,በላግያ,annual,NO_BOOK,,,
2-8,38,ቅዱስ ሙሴ ሊቀ ነቢያት,ሙሴ ሊቀ ነቢያት,monthly,WRONG_DATE,,AM-TSE-003:የነቢያት ጸሎት በአማርኛ | GZ-TSE-002:ጸሎተ ነቢያት በግእዝ | TI-MZM-002:መዝሙር መኃልይ ነቢያት ብትግርኛ,"None-None, None-None, None-None"
2-8,38,ኪሩቤል (አርባዕቱ እንስሳ),ኪሩቤል,monthly,NO_BOOK,,,
2-8,38,አባ ብሶይ (ቢሾይ),ብሶይ,monthly,NO_BOOK,,,
2-8,38,አቡነ ኪሮስ,ኪሮስ,monthly,CORRECT,GZ-GDL-016:ገድለ አቡነ ኪሮስ በግእዝ | AM-GDL-021:ገድለ አቡነ ኪሮስ በአማርኛ,GZ-GDL-016:ገድለ አቡነ ኪሮስ በግእዝ | AM-GDL-021:ገድለ አቡነ ኪሮስ በአማርኛ,"1-8, 1-8, 2-8, 2-8, 3-8, 3-8, 4-8, 4-8, 5-8, 5-8"
2-8,38,አባ ሳሙኤል ዘደብረ ቀልሞን,ሳሙኤል ዘደብረ ቀልሞን,monthly,WRONG_DATE,,AM-MEL-054:የአቡነ ሳሙኤል ዘዋልድባ መልክዕ በአማርኛ | AM-MEL-055:የአቡነ ሳሙኤል ዘዋልድባ ኹለተኛ መልክዕ በአማርኛ | GZ-MEL-084:መልክዐ አቡነ ሳሙኤል በግእዝ ሣልስ በግእዝ | GZ-MEL-085:መልክዐ አቡነ ሳሙኤል ዘዋልድባ በግእዝ | GZ-MEL-086:መልክዐ አቡነ ሳሙኤል ዘዋልድባ ካልዕ በግእዝ,"1-12, 1-12, 1-12, 1-12, 1-12, 2-12, 2-12, 2-12, 2-12, 2-12"
2-8,38,ቅዱስ ማትያስ ሐዋርያ (ከ፲፪ቱ ሐዋርያት),ማትያስ ሐዋርያ,monthly,WRONG_DATE,,AM-MEL-033:የሐዋርያው የቅዱስ ታዴዎስ መልክዕ በአማርኛ | AM-MEL-046:የቅዱስ እንድርያስ ሐዋርያ መልክዕ በአማርኛ | GZ-MEL-023:መልክዐ ሐዋርያት በግእዝ | GZ-MEL-137:መልክዐ እንድርያስ ሐዋርያ በግእዝ | GZ-GDL-017:ገድለ አቡነ ተክለ ሐዋርያት በግእዝ | GZ-GDL-032:መጽሐፈ ገድለ ቅዱሳን ሐዋርያት በግእዝ | AM-ZNA-003:ዜና ሐዋርያት በአማርኛ,"1-2, 1-4, 1-4, 2-2, 2-4, 2-4, 3-2, 3-4, 3-4, 3-27"
2-9,39,ቅዱስ ቶማስ ሐዋርያ,ቶማስ,annual,WRONG_DATE,,GZ-MEL-094:መልክዐ አቡነ ቶማስ ዘዘናቁዴ በግእዝ,3-3
2-9,39,ቅዱስ እስጢፋኖስ ካልዕ (ሰማዕት),እስጢፋኖስ ካልዕ,annual,WRONG_DATE,,AM-MEL-045:የቅዱስ እስጢፋኖስ 2ኛ መልክዕ በአማርኛ | AM-MEL-067:ጸሎተ መልክዕ ዘቅዱስ ጊዮርጊስ ሊቀ ሰማዕታት ካልዕ በአማርኛ | GZ-MEL-005:መልክዐ ሊቀ መላእክት ቅዱስ ሚካኤል ካልዕ በግእዝ | GZ-MEL-014:መልክዐ ሊቀ መላእክት ቅዱስ ገብርኤል ካልዕ (ደቅስዮስ) በግእዝ | GZ-MEL-016:መልክዐ ሊቀ ሰማዕታት ቅዱስ እስጢፋኖስ በግእዝ | GZ-MEL-017:መልክዐ ሊቀ ሰማዕታት ቅዱስ እስጢፋኖስ ካልእ በግእዝ | GZ-MEL-086:መልክዐ አቡነ ሳሙኤል ዘዋልድባ ካልዕ በግእዝ | GZ-MEL-132:መልክዐ ኢየሱስ ካልዕ በግእዝ | GZ-MEL-140:መልክዐ እግዚአብሔር አብ ካልዕ በግእዝ | GZ-MEL-144:መልክዐ ዐቢብ ካልዕ በግእዝ | GZ-MEL-147:መልክዐ ያሬድ ካልዕ በግእዝ | GZ-MEL-152:መልክዐ ገብረ መንፈስ ቅዱስ ካልዕ በግእዝ | GZ-MEL-155:መልክዐ ጊዮርጊስ ካልዕ ወሥቃዩ በግእዝ | GZ-MZM-002:መዝሙረ ክርስቶስ ካልዕ በግእዝ | GZ-MEL-165:መልክዐ ሊቀ መላእክት ቅዱስ ሚካኤል ካልዕ በግእ | AM-GDL-009:ገድለ ቅዱስ እስጢፋኖስ አማርኛ | GZ-GDL-022:ገድለ ቅዱስ እስጢፋኖስ በግእዝ,"1-5, 1-9, 1-9, 1-11, 1-12, 1-12, 1-12, 1-13, 1-15, 1-15"
2-9,39,ቅዱስ አትናስዮስ ብጹዕ,አትናስዮስ ብጹዕ,annual,WRONG_DATE,,GZ-DRS-006:ድርሳን ዘብጹዕ ፊሳልጎስ በግእዝ,
2-9,39,ቅዱስ ስምዖን ሰማዕት,ስምዖን,annual,NO_BOOK,,,
2-9,39,ቅዱስ ሊዋርዮስ ሊቀ ዻዻሳት,ሊዋርዮስ ሊቀ ዻዻሳት,annual,NO_BOOK,,,
2-9,39,ቅዱስ ባስልዮስ ዘቂሣርያ,ባስልዮስ ዘቂሣርያ,annual,NO_BOOK,,,
2-9,39,ቅዱስ ቄርሎስ ሊቀ ዻዻሳት,ቄርሎስ ሊቀ ዻዻሳት,annual,NO_BOOK,,,
2-9,39,አቡነ መዝገበ ሥላሴ ጻድቅ (ኢትዮዽያዊ),መዝገበ ሥላሴ ጻድቅ,annual,CORRECT,GZ-MEL-077:መልክዐ አቡነ መዝገበ ሥላሴ በግእዝ,AM-MEL-003:መልክዐ ለአቡነ አቢብ ጻድቅ በአማርኛ | AM-MEL-021:መልክዐ አቡነ ዮሐንስ ጻድቅ በአማርኛ | AM-MEL-060:የአቡነ አባለ ክርስቶስ ጻድቅ መልክዕ በአማርኛ | GZ-MEL-077:መልክዐ አቡነ መዝገበ ሥላሴ በግእዝ,"1-16, 1-25, 2-9, 2-16, 2-25, 3-16, 3-25, 4-16, 4-19, 4-25"
2-9,39,አፄ ዳዊት ጻድቅ ንጉሠ ኢትዮዽያ (ግማደ መስቀሉን ያመጡ),አፄ ዳዊት ጻድቅ ንጉሠ ኢትዮዽያ,annual,WRONG_DATE,,AM-MEL-049:የቅዱስ ዳዊት መልክዕ በአማርኛ | AM-MZM-001:መዝሙረ ዳዊት በአማርኛ | GZ-MEL-064:መልክዐ ቅዱስ ዳዊት በግእዝ | GZ-MZM-004:መዝሙረ ዳዊት በግእዝ | TI-MZM-001:መዝሙረ ዳዊት ብትግርኛ,"None-None, None-None, None-None, 1-23, 1-23, 2-23, 2-23, 3-23, 3-23, 4-23"
2-9,39,አባ በርሱማ ሶርያዊ (ለሶርያ መነኮሳት ኁሉ አባት),በርሱማ ሶርያዊ,monthly,NO_BOOK,,,
2-9,39,አቡነ እስትንፋሰ ክርስቶስ (ኢትዮዽያዊ),እስትንፋሰ ክርስቶስ,monthly,CORRECT,GZ-MEL-136:መልክዐ እስትንፋሰ ክርስቶስ በግእዝ | AM-GDL-014:የአቡነ እስትንፋሰ ክርስቶስ ገድል በአማርኛ,GZ-MEL-136:መልክዐ እስትንፋሰ ክርስቶስ በግእዝ | AM-GDL-014:የአቡነ እስትንፋሰ ክርስቶስ ገድል በአማርኛ,"1-9, 1-9, 2-9, 2-9, 3-9, 3-9, 4-9, 4-9, 5-9, 5-9"
2-9,39,"""፫፲፰ቱ"" ቅዱሳን ሊቃውንት (ርቱዐነ ሃይማኖት ዘኒቅያ)","""፫፲፰ቱ"" ቅዱሳን ሊቃውንት",monthly,NO_BOOK,,,
2-9,39,የብሔረ ብፁዐን ጻድቃን,የብሔረ ብፁዐን ጻድቃን,monthly,WRONG_DATE,,GZ-MEL-160:መልክዐ ጻድቃን ዘባርክናሃ በግእዝ,4-29
2-9,39,አባ መልከ ጼዴቅ ዘሚዳ (ኢትዮዽያዊ),መልከ ጼዴቅ ዘሚዳ,monthly,CORRECT,AM-MEL-068:የአቡነ መልከ ጼዴቅ መልክእ በአማርኛ | GZ-MEL-075:መልክዐ አቡነ መልከ ጼዴቅ በግእዝ,AM-MEL-068:የአቡነ መልከ ጼዴቅ መልክእ በአማርኛ | GZ-MEL-002:መልከዐ ማርያም ዳግሚት በግእዝ | GZ-MEL-003:መልከዐ አቡነ ሊቃኖስ በግእዝ | GZ-MEL-075:መልክዐ አቡነ መልከ ጼዴቅ በግእዝ,"1-9, 1-9, 1-21, 2-9, 2-9, 2-21, 3-9, 3-9, 3-21, 3-28"
2-9,39,ቅዱስ ዞሲማስ ጻድቅ (ዓለመ ብፁዐንን ያየ አባት),ዞሲማስ ጻድቅ,monthly,CORRECT,GZ-GDL-008:ገድለ ቅዱስ ዞሲማስ በግእዝ | AM-GDL-025:ገድለ ቅዱስ ዞሲማስ በአማርኛ,AM-MEL-003:መልክዐ ለአቡነ አቢብ ጻድቅ በአማርኛ | AM-MEL-021:መልክዐ አቡነ ዮሐንስ ጻድቅ በአማርኛ | AM-MEL-060:የአቡነ አባለ ክርስቶስ ጻድቅ መልክዕ በአማርኛ | GZ-GDL-008:ገድለ ቅዱስ ዞሲማስ በግእዝ | AM-GDL-025:ገድለ ቅዱስ ዞሲማስ በአማርኛ,"1-9, 1-9, 1-16, 1-25, 2-9, 2-9, 2-16, 2-25, 3-9, 3-9"
2-10,40,ቅዱሳን ባኮስና ሰርጊስ (ሰማዕታት),ባኮስና ሰርጊስ,annual,NO_BOOK,,,
2-10,40,ቅዱስ ዮሐንስ መስተጋድል,ዮሐንስ መስተጋድል,annual,WRONG_DATE,,AM-MEL-016:መልክዐ ቅዱስ ዮሐንስ ወንጌላዊ በአማርኛ | AM-MEL-020:መልክዐ አቡነ ዕጨጌ ዮሐንስ በአማርኛ | AM-MEL-021:መልክዐ አቡነ ዮሐንስ ጻድቅ በአማርኛ | AM-MEL-047:የቅዱስ ዮሐንስ 2ኛ መልክዕ በአማርኛ | AM-MEL-048:የቅዱስ ዮሐንስ መጥምቅ መልክዕ በአማርኛ | GZ-MEL-060:መልክዐ ቅዱስ ዮሐንስ መጥምቅ በግእዝ | GZ-MEL-061:መልክዐ ቅዱስ ዮሐንስ ካልእ በግእዝ | GZ-MEL-062:መልክዐ ቅዱስ ዮሐንስ ወንጌላዊ በግእዝ | GZ-MEL-104:መልክዐ አቡነ ዕጨጌ ዮሐንስ በግእዝ | GZ-MEL-109:መልክዐ አቡነ ዮሐንስ ከማ በግእዝ | GZ-MEL-110:መልክዐ አቡነ ዮሐንስ ዘድብረ ዳጋ በግእዝ | GZ-MEL-149:መልክዐ ዮሐንስ ወልደ ነጎድጓድ በግእዝ | GZ-MEL-150:መልክዐ ዮሐንስ ፍቁረ እግዚእ በግእዝ | AM-GDL-013:የቅዱስ ዮሐንስ ገድል በአማርኛ | GZ-GDL-018:ገድለ አቡነ ዮሐንስ በግእዝ | AM-GDL-027:ገድለ አቡነ እጨጌ ዮሐንስ ዘጸገሮ በአማርኛ,"1-1, 1-1, 1-2, 1-2, 1-4, 1-4, 1-4, 1-4, 1-4, 1-4"
2-10,40,አባ አውማንዮስ ሊቀ ዻዻሳት,አውማንዮስ ሊቀ ዻዻሳት,annual,NO_BOOK,,,
2-10,40,ቅዱስ ናትናኤል ሐዋርያ,ናትናኤል,monthly,NO_BOOK,,,
2-10,40,ቅዱስ ኒቆላዎስ ዘሃገረ ሜራ,ኒቆላዎስ ዘሃገረ ሜራ,monthly,NO_BOOK,,,
2-10,40,አቡነ መልክዐ ክርስቶስ,መልክዐ ክርስቶስ,monthly,WRONG_DATE,,GZ-MEL-143:መልክዐ ክርስቶስ ሠምራ በግእዝ,"1-24, 2-24, 3-24, 4-24, 5-24, 6-24, 7-24, 8-24, 9-12, 9-24"
2-10,40,ቅዱስ ያዕቆብ ሐዋርያ (ወልደ እልፍዮስ),ያዕቆብ ሐዋርያ,monthly,WRONG_DATE,,AM-MEL-022:መልክዐ አብርሃም ይሥሐቅ ያዕቆብ በአማርኛ | AM-MEL-033:የሐዋርያው የቅዱስ ታዴዎስ መልክዕ በአማርኛ | AM-MEL-046:የቅዱስ እንድርያስ ሐዋርያ መልክዕ በአማርኛ | GZ-MEL-023:መልክዐ ሐዋርያት በግእዝ | GZ-MEL-124:መልክዐ አብርሃም ይሥሐቅ ወያዕቆብ በግእዝ | GZ-MEL-137:መልክዐ እንድርያስ ሐዋርያ በግእዝ | GZ-GDL-017:ገድለ አቡነ ተክለ ሐዋርያት በግእዝ | GZ-GDL-032:መጽሐፈ ገድለ ቅዱሳን ሐዋርያት በግእዝ | AM-ZNA-003:ዜና ሐዋርያት በአማርኛ,"1-2, 1-4, 1-4, 1-28, 1-28, 2-2, 2-4, 2-4, 2-28, 2-28"
2-10,40,ቅድስት ዕሌኒ ንግስት,ዕሌኒ ንግስት,monthly,NO_BOOK,,,
2-10,40,ታላቁ ቅዱስ ቆስጠንጢኖስ,ታላቁ ቅዱስ ቆስጠንጢኖስ,monthly,NO_BOOK,,,
2-10,40,ቅዱስ እፀ መስቀል,እፀ መስቀል,monthly,CORRECT,AM-MEL-012:መልክዐ ቅዱስ መስቀል በአማርኛ | AM-MEL-040:የቅዱስ መስቀል 3ኛ መልክዕ በአማርኛ | GZ-MEL-050:መልክዐ ቅዱስ መስቀል ሣልስ በግእዝ | GZ-MEL-051:መልክዐ ቅዱስ መስቀል በግእዝ | GZ-DRS-002:ድርሳነ መስቀል በግእዝ | AM-DRS-008:ድርሳነ መስቀል በአማርኛ,AM-MEL-004:መልክዐ ሕማማተ መስቀል በአማርኛ | AM-MEL-012:መልክዐ ቅዱስ መስቀል በአማርኛ | AM-MEL-040:የቅዱስ መስቀል 3ኛ መልክዕ በአማርኛ | AM-TSE-001:የመስቀል አጥር ጸሎት በአማርኛ | AM-WUD-001:ውዳሴ መስቀል በአማርኛ | GZ-HAT-001:ሐፁረ መስቀል በግእዝ | GZ-MEL-024:መልክዐ ሕማማተ መስቀል በግእዝ | GZ-MEL-050:መልክዐ ቅዱስ መስቀል ሣልስ በግእዝ | GZ-MEL-051:መልክዐ ቅዱስ መስቀል በግእዝ | GZ-WUD-001:ውዳሴ መስቀል በግእዝ | GZ-DRS-002:ድርሳነ መስቀል በግእዝ | AM-DRS-008:ድርሳነ መስቀል በአማርኛ,"None-None, None-None, None-None, None-None, None-None, None-None, 1-10, 1-10, 1-10, 1-10"
2-11,41,ቅዱስ አባ ያዕቆብ (ስደተኛው ሊቀ ዻዻሳት),ያዕቆብ,annual,WRONG_DATE,,AM-MEL-022:መልክዐ አብርሃም ይሥሐቅ ያዕቆብ በአማርኛ | GZ-MEL-124:መልክዐ አብርሃም ይሥሐቅ ወያዕቆብ በግእዝ,"1-28, 1-28, 2-28, 2-28, 3-28, 3-28, 4-28, 4-28, 5-28, 5-28"
2-11,41,ቅድስት ዺላግያ ገዳማዊት,ዺላግያ ገዳማዊት,annual,NO_BOOK,,,
2-11,41,ቅዱስ ፋሲለደስ ሰማዕት,ፋሲለደስ,annual,CORRECT,GZ-MEL-041:መልክዐ ሰማዕት ቅዱስ ፋሲለደስ በግእዝ,GZ-MEL-041:መልክዐ ሰማዕት ቅዱስ ፋሲለደስ በግእዝ,"1-11, 2-11, 3-11, 4-11, 5-11, 6-11, 7-11, 8-11, 9-11, 10-11"
2-11,41,ቅዱስ አርማሚ ሰማዕት,አርማሚ,annual,NO_BOOK,,,
2-11,41,ቅዱስ ያሬድ ካህን,ያሬድ ካህን,monthly,CORRECT,GZ-MEL-146:መልክዐ ያሬድ በግእዝ | GZ-MEL-147:መልክዐ ያሬድ ካልዕ በግእዝ | GZ-GDL-021:ድርሳን ወገድል ዘቅዱስ ያሬድ በግእዝ,GZ-MEL-146:መልክዐ ያሬድ በግእዝ | GZ-MEL-147:መልክዐ ያሬድ ካልዕ በግእዝ | GZ-GDL-021:ድርሳን ወገድል ዘቅዱስ ያሬድ በግእዝ,"1-11, 1-11, 1-11, 2-11, 2-11, 2-11, 3-11, 3-11, 3-11, 4-11"
2-11,41,ማር ገላውዴዎwስ ሰማዕት,ማር ገላውዴዎwስ,monthly,NO_BOOK,,,
2-11,41,ብፁዐን ኢያቄምና ሐና,ብፁዐን ኢያቄምና ሐና,monthly,CORRECT,AM-DRS-001:የቅዱስ ኢያቄምና- የቅድስት ሐና ድርሳን በአማርኛ,AM-DRS-001:የቅዱስ ኢያቄምና- የቅድስት ሐና ድርሳን በአማርኛ,"1-1, 1-3, 1-7, 1-11, 1-12, 2-1, 2-3, 2-11, 3-1, 3-3"
2-11,41,አቡነ ሐራ ድንግል ጻድቅ,ሐራ ድንግል,monthly,CORRECT,AM-MEL-019:መልክዐ አቡነ ሐራ ድንግል በአማርኛ | GZ-MEL-021:መልክዐ ሐራ ድንግል በግእዝ,AM-MEL-019:መልክዐ አቡነ ሐራ ድንግል በአማርኛ | GZ-MEL-021:መልክዐ ሐራ ድንግል በግእዝ,"1-11, 1-11, 2-11, 2-11, 3-11, 3-11, 4-11, 4-11, 5-11, 5-11"
2-12,42,ቅዱስ ዳዊት ልበ አምላክ (የነገሠበት),ዳዊት ልበ አምላክ,annual,WRONG_DATE,,AM-MEL-049:የቅዱስ ዳዊት መልክዕ በአማርኛ | AM-MZM-001:መዝሙረ ዳዊት በአማርኛ | AM-WUD-003:ውዳሴ አምላክ በአማርኛ | GZ-MEL-064:መልክዐ ቅዱስ ዳዊት በግእዝ | GZ-MEL-088:መልክዐ አቡነ ቡሩከ አምላክ ዘደብረ ኮል በግእዝ | GZ-MEL-089:መልክዐ አቡነ ብፁዓ አምላክ ዘደብረ ምዕዋን ወዘደብረ ኰዳዱ በግእዝ | GZ-MZM-004:መዝሙረ ዳዊት በግእዝ | TI-MZM-001:መዝሙረ ዳዊት ብትግርኛ | TI-WUD-002:ውዳሴ አምላክ ብትግርኛ,"None-None, None-None, None-None, None-None, None-None, 1-23, 1-23, 2-23, 2-23, 3-23"
2-12,42,ቅዱስ ማቴዎስ ሐዋርያ,ማቴዎስ,annual,WRONG_DATE,,GZ-MEL-080:መልክዐ አቡነ ማቴዎስ ዘደብረ በርበሬ በግእዝ | GZ-MEL-081:መልክዐ አቡነ ማቴዎስ ዘደብረ በርበሬ በግእዝ ካልእ,"3-13, 5-14"
2-12,42,ቅዱስ ድሜጥሮስ ሊቅ,ድሜጥሮስ ሊቅ,annual,NO_BOOK,,,
2-12,42,ቅድስት ልዕልተ ወይን,ልዕልተ ወይን,annual,NO_BOOK,,,
2-12,42,ቅዱስ ሳሙኤል ነቢይ,ሳሙኤል,annual,CORRECT,AM-MEL-054:የአቡነ ሳሙኤል ዘዋልድባ መልክዕ በአማርኛ | AM-MEL-055:የአቡነ ሳሙኤል ዘዋልድባ ኹለተኛ መልክዕ በአማርኛ | GZ-MEL-084:መልክዐ አቡነ ሳሙኤል በግእዝ ሣልስ በግእዝ | GZ-MEL-085:መልክዐ አቡነ ሳሙኤል ዘዋልድባ በግእዝ | GZ-MEL-086:መልክዐ አቡነ ሳሙኤል ዘዋልድባ ካልዕ በግእዝ,AM-MEL-054:የአቡነ ሳሙኤል ዘዋልድባ መልክዕ በአማርኛ | AM-MEL-055:የአቡነ ሳሙኤል ዘዋልድባ ኹለተኛ መልክዕ በአማርኛ | GZ-MEL-084:መልክዐ አቡነ ሳሙኤል በግእዝ ሣልስ በግእዝ | GZ-MEL-085:መልክዐ አቡነ ሳሙኤል ዘዋልድባ በግእዝ | GZ-MEL-086:መልክዐ አቡነ ሳሙኤል ዘዋልድባ ካልዕ በግእዝ,"1-12, 1-12, 1-12, 1-12, 1-12, 2-12, 2-12, 2-12, 2-12, 2-12"
2-12,42,ጻድቃን ዼጥሮስ ወዻውሎስ,ጻድቃን ዼጥሮስ ወዻውሎስ,annual,WRONG_DATE,,GZ-MEL-160:መልክዐ ጻድቃን ዘባርክናሃ በግእዝ,4-29
2-12,42,ቅዱስ ሚካኤል ሊቀ መላእክት,ሚካኤል ሊቀ መላእክት,monthly,CORRECT,AM-MEL-006:መልክዐ ሚካኤል በአማርኛ | AM-MEL-041:የቅዱስ ሚካኤል 3ኛ መልክዕ በአማርኛ | GZ-MEL-004:መልክዐ ሊቀ መላእክት ቅዱስ ሚካኤል ሣልስ በግእዝ | GZ-MEL-005:መልክዐ ሊቀ መላእክት ቅዱስ ሚካኤል ካልዕ በግእዝ | GZ-MEL-009:መልክዐ ሊቀ መላእክት ቅዱስ በግእዝ | GZ-MEL-165:መልክዐ ሊቀ መላእክት ቅዱስ ሚካኤል ካልዕ በግእ | GZ-DRS-008:ድርሳነ ሚካኤል በግእዝ | AM-DRS-009:ድርሳነ ሚካኤል በአማርኛ,AM-DIR-001:የሰባቱ ሊቃነ መላእክት ድርሳን በአማርኛ | AM-MEL-006:መልክዐ ሚካኤል በአማርኛ | AM-MEL-038:የቅዱሳን አእላፍ መላእክት 2ኛ መልክዕ በአማርኛ | AM-MEL-041:የቅዱስ ሚካኤል 3ኛ መልክዕ በአማርኛ | GZ-MEL-004:መልክዐ ሊቀ መላእክት ቅዱስ ሚካኤል ሣልስ በግእዝ | GZ-MEL-005:መልክዐ ሊቀ መላእክት ቅዱስ ሚካኤል ካልዕ በግእዝ | GZ-MEL-006:መልክዐ ሊቀ መላእክት ቅዱስ ሩፋኤል በግእዝ | GZ-MEL-007:መልክዐ ሊቀ መላእክት ቅዱስ ራጉኤል በግእዝ | GZ-MEL-008:መልክዐ ሊቀ መላእክት ቅዱስ ሱርያል በግእዝ | GZ-MEL-009:መልክዐ ሊቀ መላእክት ቅዱስ በግእዝ | GZ-MEL-010:መልክዐ ሊቀ መላእክት ቅዱስ አፍኒን በግእዝ | GZ-MEL-011:መልክዐ ሊቀ መላእክት ቅዱስ ዑራኤል በግእዝ | GZ-MEL-012:መልክዐ ሊቀ መላእክት ቅዱስ ዑራኤል ካልእ በግእዝ | GZ-MEL-013:መልክዐ ሊቀ መላእክት ቅዱስ ገብርኤል በግእዝ | GZ-MEL-014:መልክዐ ሊቀ መላእክት ቅዱስ ገብርኤል ካልዕ (ደቅስዮስ) በግእዝ | GZ-MEL-015:መልክዐ ሊቀ መላእክት ቅዱስ ፋኑኤል በግእዝ | GZ-MEL-083:መልክዐ አቡነ ሰይፈ ሚካኤል በግእዝ | GZ-MEL-121:መልክዐ አባ በጸሎተ ሚካኤል በግእዝ | GZ-MEL-125:መልክዐ አእላፍ መላእክት በግእዝ | GZ-MEL-126:መልክዐ አእላፍ መላእክት ካልእ በግእዝ | GZ-MEL-165:መልክዐ ሊቀ መላእክት ቅዱስ ሚካኤል ካልዕ በግእ | AM-GDL-011:ገድለ አቡነ በጸሎተ ሚካኤል በአማርኛ | GZ-GDL-015:ገድለ አቡነ በጸሎተ ሚካኤል በግእዝ | GZ-DRS-008:ድርሳነ ሚካኤል በግእዝ | AM-DRS-009:ድርሳነ ሚካኤል በአማርኛ | GZ-GDL-034:ገድለ አቡነ ፍሬ ሚካኤል በግእዝ,"1-1, 1-3, 1-9, 1-9, 1-9, 1-9, 1-9, 1-9, 1-9, 1-12"
2-12,42,ቅዱስ ላሊበላ ጻድቅ (ንጉሠ ኢትዮዽያ),ላሊበላ ጻድቅ,monthly,CORRECT,GZ-MEL-019:መልክዐ ላሊበላ በግዕዝ,AM-MEL-003:መልክዐ ለአቡነ አቢብ ጻድቅ በአማርኛ | AM-MEL-021:መልክዐ አቡነ ዮሐንስ ጻድቅ በአማርኛ | AM-MEL-060:የአቡነ አባለ ክርስቶስ ጻድቅ መልክዕ በአማርኛ | GZ-MEL-019:መልክዐ ላሊበላ በግዕዝ,"1-12, 1-16, 1-25, 2-12, 2-16, 2-25, 3-12, 3-16, 3-25, 4-12"
2-12,42,ቅዱስ ዮሐንስ አፈ ወርቅ,ዮሐንስ አፈ ወርቅ,monthly,WRONG_DATE,,AM-MEL-016:መልክዐ ቅዱስ ዮሐንስ ወንጌላዊ በአማርኛ | AM-MEL-020:መልክዐ አቡነ ዕጨጌ ዮሐንስ በአማርኛ | AM-MEL-021:መልክዐ አቡነ ዮሐንስ ጻድቅ በአማርኛ | AM-MEL-047:የቅዱስ ዮሐንስ 2ኛ መልክዕ በአማርኛ | AM-MEL-048:የቅዱስ ዮሐንስ መጥምቅ መልክዕ በአማርኛ | GZ-MEL-060:መልክዐ ቅዱስ ዮሐንስ መጥምቅ በግእዝ | GZ-MEL-061:መልክዐ ቅዱስ ዮሐንስ ካልእ በግእዝ | GZ-MEL-062:መልክዐ ቅዱስ ዮሐንስ ወንጌላዊ በግእዝ | GZ-MEL-104:መልክዐ አቡነ ዕጨጌ ዮሐንስ በግእዝ | GZ-MEL-109:መልክዐ አቡነ ዮሐንስ ከማ በግእዝ | GZ-MEL-110:መልክዐ አቡነ ዮሐንስ ዘድብረ ዳጋ በግእዝ | GZ-MEL-149:መልክዐ ዮሐንስ ወልደ ነጎድጓድ በግእዝ | GZ-MEL-150:መልክዐ ዮሐንስ ፍቁረ እግዚእ በግእዝ | AM-GDL-013:የቅዱስ ዮሐንስ ገድል በአማርኛ | GZ-GDL-018:ገድለ አቡነ ዮሐንስ በግእዝ | AM-GDL-027:ገድለ አቡነ እጨጌ ዮሐንስ ዘጸገሮ በአማርኛ,"1-1, 1-1, 1-2, 1-2, 1-4, 1-4, 1-4, 1-4, 1-4, 1-4"
2-12,42,ቅዱስ ቴዎድሮስ ምሥራቃዊ (ሰማዕት),ቴዎድሮስ ምሥራቃዊ,monthly,CORRECT,GZ-MEL-040:መልክዐ ሰማዕት ቅዱስ ቴዎድሮስ በግእዝ | GZ-GDL-030:ገድለ ቅዱስ ቴዎድሮስ በግእዝ | GZ-GDL-031:ገድለ ሰማዕት ቅዱስ ቴዎድሮስ በግእዝ | AM-GDL-030:ገድለ ሰማዕት ቅዱስ ቴዎድሮስ በአማርኛ,GZ-MEL-040:መልክዐ ሰማዕት ቅዱስ ቴዎድሮስ በግእዝ | GZ-GDL-030:ገድለ ቅዱስ ቴዎድሮስ በግእዝ | GZ-GDL-031:ገድለ ሰማዕት ቅዱስ ቴዎድሮስ በግእዝ | AM-GDL-030:ገድለ ሰማዕት ቅዱስ ቴዎድሮስ በአማርኛ,"1-12, 1-12, 1-12, 1-12, 1-20, 1-20, 1-20, 1-20, 2-12, 2-12"
2-12,42,ቅድስት ክርስቶስ ሠምራ,ክርስቶስ ሠምራ,monthly,WRONG_DATE,,GZ-MEL-143:መልክዐ ክርስቶስ ሠምራ በግእዝ | AM-GDL-005:ገድለ ቅድስት ክርስቶስ ሠምራ በአማርኛ | GZ-GDL-019:ገድለ ቅድስት ክርስቶስ ሠምራ በግእዝ,"1-24, 1-24, 1-24, 2-24, 2-24, 2-24, 3-24, 3-24, 3-24, 4-24"
2-12,42,አቡነ ሳሙኤል ዘዋልድባ,ሳሙኤል ዘዋልድባ,monthly,CORRECT,AM-MEL-054:የአቡነ ሳሙኤል ዘዋልድባ መልክዕ በአማርኛ | AM-MEL-055:የአቡነ ሳሙኤል ዘዋልድባ ኹለተኛ መልክዕ በአማርኛ | GZ-MEL-085:መልክዐ አቡነ ሳሙኤል ዘዋልድባ በግእዝ | GZ-MEL-086:መልክዐ አቡነ ሳሙኤል ዘዋልድባ ካልዕ በግእዝ,AM-MEL-054:የአቡነ ሳሙኤል ዘዋልድባ መልክዕ በአማርኛ | AM-MEL-055:የአቡነ ሳሙኤል ዘዋልድባ ኹለተኛ መልክዕ በአማርኛ | GZ-MEL-085:መልክዐ አቡነ ሳሙኤል ዘዋልድባ በግእዝ | GZ-MEL-086:መልክዐ አቡነ ሳሙኤል ዘዋልድባ ካልዕ በግእዝ,"1-12, 1-12, 1-12, 1-12, 2-12, 2-12, 2-12, 2-12, 3-12, 3-12"
2-13,43,ቅዱስ ዮሐንስ አፈ ወርቅ,ዮሐንስ አፈ ወርቅ,annual,WRONG_DATE,,AM-MEL-016:መልክዐ ቅዱስ ዮሐንስ ወንጌላዊ በአማርኛ | AM-MEL-020:መልክዐ አቡነ ዕጨጌ ዮሐንስ በአማርኛ | AM-MEL-021:መልክዐ አቡነ ዮሐንስ ጻድቅ በአማርኛ | AM-MEL-047:የቅዱስ ዮሐንስ 2ኛ መልክዕ በአማርኛ | AM-MEL-048:የቅዱስ ዮሐንስ መጥምቅ መልክዕ በአማርኛ | GZ-MEL-060:መልክዐ ቅዱስ ዮሐንስ መጥምቅ በግእዝ | GZ-MEL-061:መልክዐ ቅዱስ ዮሐንስ ካልእ በግእዝ | GZ-MEL-062:መልክዐ ቅዱስ ዮሐንስ ወንጌላዊ በግእዝ | GZ-MEL-104:መልክዐ አቡነ ዕጨጌ ዮሐንስ በግእዝ | GZ-MEL-109:መልክዐ አቡነ ዮሐንስ ከማ በግእዝ | GZ-MEL-110:መልክዐ አቡነ ዮሐንስ ዘድብረ ዳጋ በግእዝ | GZ-MEL-149:መልክዐ ዮሐንስ ወልደ ነጎድጓድ በግእዝ | GZ-MEL-150:መልክዐ ዮሐንስ ፍቁረ እግዚእ በግእዝ | AM-GDL-013:የቅዱስ ዮሐንስ ገድል በአማርኛ | GZ-GDL-018:ገድለ አቡነ ዮሐንስ በግእዝ | AM-GDL-027:ገድለ አቡነ እጨጌ ዮሐንስ ዘጸገሮ በአማርኛ,"1-1, 1-1, 1-2, 1-2, 1-4, 1-4, 1-4, 1-4, 1-4, 1-4"
2-13,43,አባ ዘካርያስ ገዳማዊ,ዘካርያስ ገዳማዊ,annual,NO_BOOK,,,
2-13,43,አባ ማርዳሪ ጻድቅ,ማርዳሪ,annual,NO_BOOK,,,
2-13,43,ቅዱስ አብጥማዎስ ሰማዕት,አብጥማዎስ,annual,NO_BOOK,,,
2-13,43,እግዚአብሔር አብ,እግዚአብሔር አብ,monthly,CORRECT,GZ-MEL-139:መልክዐ እግዚአብሔር አብ በግእዝ | GZ-MEL-140:መልክዐ እግዚአብሔር አብ ካልዕ በግእዝ,GZ-MEL-139:መልክዐ እግዚአብሔር አብ በግእዝ | GZ-MEL-140:መልክዐ እግዚአብሔር አብ ካልዕ በግእዝ,"1-13, 1-13, 2-13, 2-13, 3-13, 3-13, 4-13, 4-13, 5-13, 5-13"
2-13,43,ቅዱስ ሩፋኤል ሊቀ መላዕክት,ሩፋኤል ሊቀ መላዕክት,monthly,CORRECT,AM-MEL-043:የቅዱስ ሩፋኤል መልክዕ በአማርኛ | GZ-MEL-006:መልክዐ ሊቀ መላእክት ቅዱስ ሩፋኤል በግእዝ | GZ-DRS-009:ድርሳን ቅዱስ ሩፋኤል በግእዝ,AM-MEL-043:የቅዱስ ሩፋኤል መልክዕ በአማርኛ | GZ-MEL-006:መልክዐ ሊቀ መላእክት ቅዱስ ሩፋኤል በግእዝ | GZ-DRS-009:ድርሳን ቅዱስ ሩፋኤል በግእዝ,"1-13, 1-13, 1-13, 2-13, 2-13, 2-13, 3-13, 3-13, 3-13, 4-13"
2-13,43,"""፺፱ኙ"" ነገደ መላዕክት","""፺፱ኙ"" ነገደ መላዕክት",monthly,NO_BOOK,,,
2-13,43,ቅዱስ አስከናፍር,አስከናፍር,monthly,NO_BOOK,,,
2-13,43,"""፲፫ቱ"" ግኁሳን አባቶች","""፲፫ቱ"" ግኁሳን አባቶች",monthly,NO_BOOK,,,
2-13,43,ቅዱስ አርሳንዮስ ጠቢብ ገዳማዊ,አርሳንዮስ ጠቢብ ገዳማዊ,monthly,NO_BOOK,,,
2-13,43,አቡነ ዘርዐ ቡሩክ,ዘርዐ ቡሩክ,monthly,CORRECT,AM-MEL-061:የአቡነ ዘርዐ ቡሩክ መልክዕ በአማርኛ | GZ-MEL-105:መልክዐ አቡነ ዘርዐ ቡሩክ በግእዝ,AM-MEL-061:የአቡነ ዘርዐ ቡሩክ መልክዕ በአማርኛ | GZ-MEL-105:መልክዐ አቡነ ዘርዐ ቡሩክ በግእዝ,"1-13, 1-13, 2-13, 2-13, 3-13, 3-13, 4-13, 4-13, 5-13, 5-13"
2-14,44,አቡነ አረጋዊ (ዘሚካኤል),አረጋዊ,annual,CORRECT,GZ-MEL-073:መልክዐ አረጋዊ በግእዝ | AM-GDL-016:ገድለ አቡነ አረጋዊ በአማርኛ,GZ-MEL-073:መልክዐ አረጋዊ በግእዝ | AM-GDL-016:ገድለ አቡነ አረጋዊ በአማርኛ,"1-14, 1-14, 2-14, 2-14, 3-14, 3-14, 4-14, 4-14, 5-14, 5-14"
2-14,44,ቅዱስ ፊልዾስ ሐዋርያ (ከ፸፪ቱ አርድእት),ፊልዾስ ሐዋርያ,annual,WRONG_DATE,,AM-MEL-033:የሐዋርያው የቅዱስ ታዴዎስ መልክዕ በአማርኛ | AM-MEL-046:የቅዱስ እንድርያስ ሐዋርያ መልክዕ በአማርኛ | GZ-MEL-023:መልክዐ ሐዋርያት በግእዝ | GZ-MEL-137:መልክዐ እንድርያስ ሐዋርያ በግእዝ | GZ-GDL-017:ገድለ አቡነ ተክለ ሐዋርያት በግእዝ | GZ-GDL-032:መጽሐፈ ገድለ ቅዱሳን ሐዋርያት በግእዝ | AM-ZNA-003:ዜና ሐዋርያት በአማርኛ,"1-2, 1-4, 1-4, 2-2, 2-4, 2-4, 3-2, 3-4, 3-4, 3-27"
2-14,44,ቅዱስ ገብረ ክርስቶስ መርዓዊ,ገብረ ክርስቶስ መርዓዊ,annual,CORRECT,GZ-MEL-153:መልክዐ ገብረ ክርስቶስ በግእዝ,GZ-MEL-151:መልክዐ ገብረ መንፈስ ቅዱስ በግእዝ | GZ-MEL-152:መልክዐ ገብረ መንፈስ ቅዱስ ካልዕ በግእዝ | GZ-MEL-153:መልክዐ ገብረ ክርስቶስ በግእዝ | AM-GDL-007:ገድለ አቡነ ገብረ መንፈስ ቅዱስ በአማርኛ,"1-5, 1-5, 1-5, 2-5, 2-5, 2-5, 2-14, 3-5, 3-5, 3-5"
2-14,44,ቅዱስ ሙሴ መርዓዊ,ሙሴ መርዓዊ,annual,NO_BOOK,,,
2-14,44,ቅድስት እድና (የአረጋዊ እናት),እድና,annual,NO_BOOK,,,
2-14,44,አባ ማትያስ (የአረጋዊ ረድዕ),ማትያስ,annual,NO_BOOK,,,
2-14,44,አቡነ አረጋዊ (ዘ ሚካኤል ),አረጋዊ,monthly,CORRECT,GZ-MEL-073:መልክዐ አረጋዊ በግእዝ | AM-GDL-016:ገድለ አቡነ አረጋዊ በአማርኛ,GZ-MEL-073:መልክዐ አረጋዊ በግእዝ | AM-GDL-016:ገድለ አቡነ አረጋዊ በአማርኛ,"1-14, 1-14, 2-14, 2-14, 3-14, 3-14, 4-14, 4-14, 5-14, 5-14"
2-14,44,አባ ስምዖን ገዳማዊ,ስምዖን ገዳማዊ,monthly,NO_BOOK,,,
2-14,44,አባ ዮሐንስ ጻድቅ,ዮሐንስ,monthly,WRONG_DATE,,AM-MEL-016:መልክዐ ቅዱስ ዮሐንስ ወንጌላዊ በአማርኛ | AM-MEL-020:መልክዐ አቡነ ዕጨጌ ዮሐንስ በአማርኛ | AM-MEL-021:መልክዐ አቡነ ዮሐንስ ጻድቅ በአማርኛ | AM-MEL-047:የቅዱስ ዮሐንስ 2ኛ መልክዕ በአማርኛ | AM-MEL-048:የቅዱስ ዮሐንስ መጥምቅ መልክዕ በአማርኛ | GZ-MEL-060:መልክዐ ቅዱስ ዮሐንስ መጥምቅ በግእዝ | GZ-MEL-061:መልክዐ ቅዱስ ዮሐንስ ካልእ በግእዝ | GZ-MEL-062:መልክዐ ቅዱስ ዮሐንስ ወንጌላዊ በግእዝ | GZ-MEL-104:መልክዐ አቡነ ዕጨጌ ዮሐንስ በግእዝ | GZ-MEL-109:መልክዐ አቡነ ዮሐንስ ከማ በግእዝ | GZ-MEL-110:መልክዐ አቡነ ዮሐንስ ዘድብረ ዳጋ በግእዝ | GZ-MEL-149:መልክዐ ዮሐንስ ወልደ ነጎድጓድ በግእዝ | GZ-MEL-150:መልክዐ ዮሐንስ ፍቁረ እግዚእ በግእዝ | AM-GDL-013:የቅዱስ ዮሐንስ ገድል በአማርኛ | GZ-GDL-018:ገድለ አቡነ ዮሐንስ በግእዝ | AM-GDL-027:ገድለ አቡነ እጨጌ ዮሐንስ ዘጸገሮ በአማርኛ,"1-1, 1-1, 1-2, 1-2, 1-4, 1-4, 1-4, 1-4, 1-4, 1-4"
2-14,44,እናታችን ቅድስት ነሣሒት,እናታችን ቅድስት ነሣሒት,monthly,NO_BOOK,,,
2-15,45,"""፲፪ቱ"" ቅዱሳን ሐዋርያት","""፲፪ቱ"" ቅዱሳን ሐዋርያት",annual,WRONG_DATE,,GZ-MEL-023:መልክዐ ሐዋርያት በግእዝ | GZ-GDL-017:ገድለ አቡነ ተክለ ሐዋርያት በግእዝ | GZ-GDL-032:መጽሐፈ ገድለ ቅዱሳን ሐዋርያት በግእዝ | AM-ZNA-003:ዜና ሐዋርያት በአማርኛ,"3-27, 11-5, 11-5, 11-5, 12-15, 12-15, 12-15"
2-15,45,ቅዱስ ቢላሞን ሰማዕት,ቢላሞን,annual,NO_BOOK,,,
2-15,45,"""፻፶፰"" ሰማዕታት (የቅዱስ ቢላሞን ማሕበር)","""፻፶፰"" ሰማዕታት",annual,WRONG_DATE,,AM-MEL-065:ጸሎተ መልክዐ ሥቃዩ ለቅዱስ ጊዮርጊስ ሊቀ ሰማዕታት በአማርኛ | AM-MEL-066:ጸሎተ መልክዕ ዘቅዱስ ጊዮርጊስ ሊቀ ሰማዕታት በአማርኛ | AM-MEL-067:ጸሎተ መልክዕ ዘቅዱስ ጊዮርጊስ ሊቀ ሰማዕታት ካልዕ በአማርኛ | AM-SIB-001:ስብሐተ ፍቁር ዘቅዱስ ጊዮርጊስ ሊቀ ሰማዕታት በአማርኛ | GZ-MEL-016:መልክዐ ሊቀ ሰማዕታት ቅዱስ እስጢፋኖስ በግእዝ | GZ-MEL-017:መልክዐ ሊቀ ሰማዕታት ቅዱስ እስጢፋኖስ ካልእ በግእዝ | AM-GDL-010:ገድለ ሰማዕታት በአማርኛ,"1-15, 1-15, 1-17, 1-17, 1-23, 1-23, 1-23, 1-23, 2-17, 2-17"
2-15,45,ቅዱስ ሲላስ ሐዋርያ,ሲላስ,annual,NO_BOOK,,,
2-15,45,ቅድስት ጾመታ,ጾመታ,annual,NO_BOOK,,,
2-15,45,ቅዱስ ቂርቆስና እናቱ ኢየሉጣ,ቂርቆስና እናቱ ኢየሉጣ,monthly,CORRECT,GZ-MEL-043:መልክዐ ሰማዕት ቅድስት ኢየሉጣ በግእዝ | AM-GDL-023:የቅዱስ ቂርቆስና የቅድስት ኢየሉጣ ገድል በአማርኛ,GZ-MEL-043:መልክዐ ሰማዕት ቅድስት ኢየሉጣ በግእዝ | AM-GDL-023:የቅዱስ ቂርቆስና የቅድስት ኢየሉጣ ገድል በአማርኛ,"1-15, 1-15, 2-15, 2-15, 3-15, 3-15, 4-15, 4-15, 5-15, 5-15"
2-15,45,ቅዱስ ኤፍሬም ሶርያዊ (አፈ በረከት),ኤፍሬም ሶርያዊ,monthly,NO_BOOK,,,
2-15,45,ቅዱስ ሚናስ ግብፃዊ,ሚናስ ግብፃዊ,monthly,CORRECT,AM-MEL-013:መልክዐ ቅዱስ ሚናስ በአማርኛ | GZ-MEL-052:መልክዐ ቅዱስ ሚናስ በግእዝ,AM-MEL-013:መልክዐ ቅዱስ ሚናስ በአማርኛ | GZ-MEL-052:መልክዐ ቅዱስ ሚናስ በግእዝ,"1-15, 1-15, 2-15, 2-15, 3-15, 3-15, 4-15, 4-15, 5-15, 5-15"
2-15,45,ቅድስት እንባ መሪና,እንባ መሪና,monthly,NO_BOOK,,,
2-15,45,ቅድስት ክርስጢና,ክርስጢና,monthly,NO_BOOK,,,
2-16,46,አባ ያቃቱ ሊቀ ዻዻሳት,ያቃቱ ሊቀ ዻዻሳት,annual,NO_BOOK,,,
2-16,46,ጻድቃን እለ ድርቂ,ጻድቃን እለ ድርቂ,annual,WRONG_DATE,,GZ-MEL-160:መልክዐ ጻድቃን ዘባርክናሃ በግእዝ,4-29
2-16,46,አባ ዻውሊ ገዳማዊ,ዻውሊ ገዳማዊ,annual,NO_BOOK,,,
2-16,46,አባ ማርቆስ መስተጋድል,ማርቆስ መስተጋድል,annual,WRONG_DATE,,AM-MEL-042:የቅዱስ ማርቆስ 2ኛ መልክዕ በአማርኛ | AM-MEL-062:የአቡነ ዜና ማርቆስ መልክዕ በአማርኛ | GZ-MEL-030:መልክዐ ማርቆስ በግእዝ | GZ-MEL-053:መልክዐ ቅዱስ ማርቆስ ካልእ በግእዝ | GZ-MEL-106:መልክዐ አቡነ ዜና ማርቆስ በግእዝ,"1-3, 1-3, 1-30, 1-30, 1-30, 2-3, 2-3, 2-30, 2-30, 2-30"
2-16,46,አባ አሮን መስተጋድል,አሮን መስተጋድል,annual,WRONG_DATE,,GZ-MEL-128:መልክዐ አᎄነ አሮን መንክራዌ በግእዝ | GZ-GDL-024:ገድለ አቡነ አሮን መንክራዊ ግእዝ | AM-GDL-028:ገድለ አቡነ አሮን መንክራዊ በአማርኛ,"1-5, 1-5, 1-5, 2-5, 2-5, 2-5, 3-5, 3-5, 3-5, 4-5"
2-16,46,ኪዳነ ምሕረት (የሰባቱ ኪዳናት ማሕተም),ኪዳነ ምሕረት,monthly,CORRECT,AM-MEL-027:መልክዐ ኪዳነ ምሕረት በአማርኛ | GZ-MEL-141:መልክዐ ኪዳነ ምሕረት በግእዝ,AM-MEL-027:መልክዐ ኪዳነ ምሕረት በአማርኛ | GZ-MEL-141:መልክዐ ኪዳነ ምሕረት በግእዝ,"1-16, 1-16, 2-16, 2-16, 3-16, 3-16, 4-16, 4-16, 5-16, 5-16"
2-16,46,ቅድስት ኤልሳቤጥ (የመጥምቁ ዮሐንስ እናት),ኤልሳቤጥ,monthly,NO_BOOK,,,
2-16,46,ቅዱስ ገብረ ማርያም ጻድቅ ንጉሠ ኢትዮዽያ (የቅ/ላሊበላ ወንድም),ገብረ ማርያም ጻድቅ ንጉሠ ኢትዮዽያ,monthly,WRONG_DATE,,GZ-MEL-151:መልክዐ ገብረ መንፈስ ቅዱስ በግእዝ | GZ-MEL-152:መልክዐ ገብረ መንፈስ ቅዱስ ካልዕ በግእዝ | GZ-MEL-153:መልክዐ ገብረ ክርስቶስ በግእዝ | AM-GDL-007:ገድለ አቡነ ገብረ መንፈስ ቅዱስ በአማርኛ,"1-5, 1-5, 1-5, 2-5, 2-5, 2-5, 2-14, 3-5, 3-5, 3-5"
2-16,46,ቅዱስ አኖሬዎስ ንጉሥ ጻድቅ,አኖሬዎስ ንጉሥ,monthly,WRONG_DATE,,GZ-ZNA-002:ዜናሁ ለንጉሥ ገላውዴዎስ በግእዝ | GZ-ZNA-003:ዜና ሕይወቱ ለንጉሥ ላልይበላ በግእዝ,7-27
2-16,46,አባ አቡናፍር ገዳማዊ,አቡናፍር ገዳማዊ,monthly,NO_BOOK,,,
2-16,46,አባ ዳንኤል ጻድቅ,ዳንኤል,monthly,WRONG_DATE,,GZ-MEL-114:መልክዐ አቡነ ዳንኤል በግእዝ | GZ-GDL-028:ገድለ አቡነ ዳንኤል በግእዝ,"3-6, 3-6"
2-16,46,ቅዱስ አባ ዮሐንስ ጻድቅ (ወንጌሉ ዘወርቅ),ዮሐንስ ጻድቅ,monthly,CORRECT,AM-MEL-021:መልክዐ አቡነ ዮሐንስ ጻድቅ በአማርኛ,AM-MEL-021:መልክዐ አቡነ ዮሐንስ ጻድቅ በአማርኛ,"1-16, 2-16, 3-16, 4-16, 5-16, 5-20, 6-16, 7-16, 8-16, 9-7"
2-17,47,ቅዱስ እስጢፋኖስ ሊቀ ዲያቆናት (ወቀዳሜ ሰማዕት),እስጢፋኖስ ሊቀ ዲያቆናት,annual,CORRECT,AM-MEL-045:የቅዱስ እስጢፋኖስ 2ኛ መልክዕ በአማርኛ | GZ-MEL-016:መልክዐ ሊቀ ሰማዕታት ቅዱስ እስጢፋኖስ በግእዝ | GZ-MEL-017:መልክዐ ሊቀ ሰማዕታት ቅዱስ እስጢፋኖስ ካልእ በግእዝ | AM-GDL-009:ገድለ ቅዱስ እስጢፋኖስ አማርኛ | GZ-GDL-022:ገድለ ቅዱስ እስጢፋኖስ በግእዝ,AM-MEL-045:የቅዱስ እስጢፋኖስ 2ኛ መልክዕ በአማርኛ | GZ-MEL-016:መልክዐ ሊቀ ሰማዕታት ቅዱስ እስጢፋኖስ በግእዝ | GZ-MEL-017:መልክዐ ሊቀ ሰማዕታት ቅዱስ እስጢፋኖስ ካልእ በግእዝ | AM-GDL-009:ገድለ ቅዱስ እስጢፋኖስ አማርኛ | GZ-GDL-022:ገድለ ቅዱስ እስጢፋኖስ በግእዝ,"1-15, 1-15, 1-15, 1-15, 1-15, 1-17, 1-17, 1-17, 1-17, 1-17"
2-17,47,ቅዱስ ፊልያስ ሰማዕት,ፊልያስ,annual,NO_BOOK,,,
2-17,47,ቅድስት ሐና ነቢይት,ሐና ነቢይት,annual,NO_BOOK,,,
2-17,47,ታላቁ ሊቅ ቅዱስ ጎርጎርዮስ ዘኑሲስ,ታላቁ ሊቅ ቅዱስ ጎርጎርዮስ ዘኑሲስ,annual,NO_BOOK,,,
2-17,47,የደብረ ሊባኖስ ሰማዕታት (ካቶሊካውያን የገደሏቸው),የደብረ ሊባኖስ ሰማዕታት,annual,CORRECT,GZ-MEL-016:መልክዐ ሊቀ ሰማዕታት ቅዱስ እስጢፋኖስ በግእዝ | GZ-MEL-017:መልክዐ ሊቀ ሰማዕታት ቅዱስ እስጢፋኖስ ካልእ በግእዝ,AM-MEL-065:ጸሎተ መልክዐ ሥቃዩ ለቅዱስ ጊዮርጊስ ሊቀ ሰማዕታት በአማርኛ | AM-MEL-066:ጸሎተ መልክዕ ዘቅዱስ ጊዮርጊስ ሊቀ ሰማዕታት በአማርኛ | AM-MEL-067:ጸሎተ መልክዕ ዘቅዱስ ጊዮርጊስ ሊቀ ሰማዕታት ካልዕ በአማርኛ | AM-SIB-001:ስብሐተ ፍቁር ዘቅዱስ ጊዮርጊስ ሊቀ ሰማዕታት በአማርኛ | GZ-MEL-016:መልክዐ ሊቀ ሰማዕታት ቅዱስ እስጢፋኖስ በግእዝ | GZ-MEL-017:መልክዐ ሊቀ ሰማዕታት ቅዱስ እስጢፋኖስ ካልእ በግእዝ | AM-GDL-010:ገድለ ሰማዕታት በአማርኛ,"1-15, 1-15, 1-17, 1-17, 1-23, 1-23, 1-23, 1-23, 2-17, 2-17"
2-17,47,ቅዱሳን ሔራን ሰማዕታት,ሔራን ሰማዕታት,annual,CORRECT,GZ-MEL-016:መልክዐ ሊቀ ሰማዕታት ቅዱስ እስጢፋኖስ በግእዝ | GZ-MEL-017:መልክዐ ሊቀ ሰማዕታት ቅዱስ እስጢፋኖስ ካልእ በግእዝ,AM-MEL-065:ጸሎተ መልክዐ ሥቃዩ ለቅዱስ ጊዮርጊስ ሊቀ ሰማዕታት በአማርኛ | AM-MEL-066:ጸሎተ መልክዕ ዘቅዱስ ጊዮርጊስ ሊቀ ሰማዕታት በአማርኛ | AM-MEL-067:ጸሎተ መልክዕ ዘቅዱስ ጊዮርጊስ ሊቀ ሰማዕታት ካልዕ በአማርኛ | AM-SIB-001:ስብሐተ ፍቁር ዘቅዱስ ጊዮርጊስ ሊቀ ሰማዕታት በአማርኛ | GZ-MEL-016:መልክዐ ሊቀ ሰማዕታት ቅዱስ እስጢፋኖስ በግእዝ | GZ-MEL-017:መልክዐ ሊቀ ሰማዕታት ቅዱስ እስጢፋኖስ ካልእ በግእዝ | AM-GDL-010:ገድለ ሰማዕታት በአማርኛ,"1-15, 1-15, 1-17, 1-17, 1-23, 1-23, 1-23, 1-23, 2-17, 2-17"
2-17,47,አባ ዲዮስቆሮስ ካልዕ,ዲዮስቆሮስ ካልዕ,annual,WRONG_DATE,,AM-MEL-067:ጸሎተ መልክዕ ዘቅዱስ ጊዮርጊስ ሊቀ ሰማዕታት ካልዕ በአማርኛ | GZ-MEL-005:መልክዐ ሊቀ መላእክት ቅዱስ ሚካኤል ካልዕ በግእዝ | GZ-MEL-014:መልክዐ ሊቀ መላእክት ቅዱስ ገብርኤል ካልዕ (ደቅስዮስ) በግእዝ | GZ-MEL-086:መልክዐ አቡነ ሳሙኤል ዘዋልድባ ካልዕ በግእዝ | GZ-MEL-132:መልክዐ ኢየሱስ ካልዕ በግእዝ | GZ-MEL-140:መልክዐ እግዚአብሔር አብ ካልዕ በግእዝ | GZ-MEL-144:መልክዐ ዐቢብ ካልዕ በግእዝ | GZ-MEL-147:መልክዐ ያሬድ ካልዕ በግእዝ | GZ-MEL-152:መልክዐ ገብረ መንፈስ ቅዱስ ካልዕ በግእዝ | GZ-MEL-155:መልክዐ ጊዮርጊስ ካልዕ ወሥቃዩ በግእዝ | GZ-MZM-002:መዝሙረ ክርስቶስ ካልዕ በግእዝ | GZ-MEL-165:መልክዐ ሊቀ መላእክት ቅዱስ ሚካኤል ካልዕ በግእ,"1-5, 1-9, 1-9, 1-11, 1-12, 1-12, 1-12, 1-13, 1-19, 1-23"
2-17,47,ቅዱስ ያዕቆብ ሐዋርያ (ወልደ ዘብዴዎስ),ያዕቆብ ሐዋርያ,monthly,WRONG_DATE,,AM-MEL-022:መልክዐ አብርሃም ይሥሐቅ ያዕቆብ በአማርኛ | AM-MEL-033:የሐዋርያው የቅዱስ ታዴዎስ መልክዕ በአማርኛ | AM-MEL-046:የቅዱስ እንድርያስ ሐዋርያ መልክዕ በአማርኛ | GZ-MEL-023:መልክዐ ሐዋርያት በግእዝ | GZ-MEL-124:መልክዐ አብርሃም ይሥሐቅ ወያዕቆብ በግእዝ | GZ-MEL-137:መልክዐ እንድርያስ ሐዋርያ በግእዝ | GZ-GDL-017:ገድለ አቡነ ተክለ ሐዋርያት በግእዝ | GZ-GDL-032:መጽሐፈ ገድለ ቅዱሳን ሐዋርያት በግእዝ | AM-ZNA-003:ዜና ሐዋርያት በአማርኛ,"1-2, 1-4, 1-4, 1-28, 1-28, 2-2, 2-4, 2-4, 2-28, 2-28"
2-17,47,ቅዱሳን አበው መክሲሞስና ዱማቴዎስ,አበው መክሲሞስና ዱማቴዎስ,monthly,WRONG_DATE,,AM-ZNA-002:ዜና አበው በአማርኛ,"3-4, 5-26"
2-17,47,አባ ገሪማ ዘመደራ,ገሪማ ዘመደራ,monthly,CORRECT,AM-GDL-017:ገድለ አቡነ ገሪማ በአማርኛ,AM-GDL-017:ገድለ አቡነ ገሪማ በአማርኛ,"1-17, 2-17, 3-17, 4-17, 5-17, 6-17, 7-17, 8-17, 9-17, 10-17"
2-17,47,አባ ዸላሞን ፈላሢ,ዸላሞን ፈላሢ,monthly,NO_BOOK,,,
2-17,47,አባ ለትጹን የዋህ,ለትጹን የዋህ,monthly,NO_BOOK,,,
2-17,47,ቅዱስ ኤዺፋንዮስ ሊቅ (ዘደሴተ ቆዽሮስ),ኤዺፋንዮስ ሊቅ,monthly,NO_BOOK,,,
2-18,48,ቅዱስ ቴዎፍሎስ ሊቅ,ቴዎፍሎስ ሊቅ,annual,NO_BOOK,,,
2-18,48,ቅዱስ ሮማኖስ ሰማዕት,ሮማኖስ,annual,NO_BOOK,,,
2-18,48,ቅዱስ ዮሐንስ ሰማዕት,ዮሐንስ,annual,WRONG_DATE,,AM-MEL-016:መልክዐ ቅዱስ ዮሐንስ ወንጌላዊ በአማርኛ | AM-MEL-020:መልክዐ አቡነ ዕጨጌ ዮሐንስ በአማርኛ | AM-MEL-021:መልክዐ አቡነ ዮሐንስ ጻድቅ በአማርኛ | AM-MEL-047:የቅዱስ ዮሐንስ 2ኛ መልክዕ በአማርኛ | AM-MEL-048:የቅዱስ ዮሐንስ መጥምቅ መልክዕ በአማርኛ | GZ-MEL-060:መልክዐ ቅዱስ ዮሐንስ መጥምቅ በግእዝ | GZ-MEL-061:መልክዐ ቅዱስ ዮሐንስ ካልእ በግእዝ | GZ-MEL-062:መልክዐ ቅዱስ ዮሐንስ ወንጌላዊ በግእዝ | GZ-MEL-104:መልክዐ አቡነ ዕጨጌ ዮሐንስ በግእዝ | GZ-MEL-109:መልክዐ አቡነ ዮሐንስ ከማ በግእዝ | GZ-MEL-110:መልክዐ አቡነ ዮሐንስ ዘድብረ ዳጋ በግእዝ | GZ-MEL-149:መልክዐ ዮሐንስ ወልደ ነጎድጓድ በግእዝ | GZ-MEL-150:መልክዐ ዮሐንስ ፍቁረ እግዚእ በግእዝ | AM-GDL-013:የቅዱስ ዮሐንስ ገድል በአማርኛ | GZ-GDL-018:ገድለ አቡነ ዮሐንስ በግእዝ | AM-GDL-027:ገድለ አቡነ እጨጌ ዮሐንስ ዘጸገሮ በአማርኛ,"1-1, 1-1, 1-2, 1-2, 1-4, 1-4, 1-4, 1-4, 1-4, 1-4"
2-18,48,ቅድስት አስማኒትና ፯ቱ ልጆቿ,አስማኒትና ፯ቱ ልጆቿ,annual,NO_BOOK,,,
2-18,48,አቡነ ኤዎስጣቴዎስ ረባን,ኤዎስጣቴዎስ ረባን,monthly,CORRECT,GZ-MEL-135:መልክዐ ኤዎስጣቴዎስ በግእዝ,GZ-MEL-135:መልክዐ ኤዎስጣቴዎስ በግእዝ,"1-18, 2-18, 3-18, 4-18, 5-18, 6-18, 7-18, 8-18, 9-18, 10-18"
2-18,48,አቡነ አኖሬዎስ ዓቢይ,አኖሬዎስ ዓቢይ,monthly,NO_BOOK,,,
2-18,48,ማር ያዕቆብ ግብጻዊ,ማር ያዕቆብ ግብጻዊ,monthly,WRONG_DATE,,AM-MEL-022:መልክዐ አብርሃም ይሥሐቅ ያዕቆብ በአማርኛ | GZ-MEL-124:መልክዐ አብርሃም ይሥሐቅ ወያዕቆብ በግእዝ,"1-28, 1-28, 2-28, 2-28, 3-28, 3-28, 4-28, 4-28, 5-28, 5-28"
2-18,48,ቅዱስ ፊልዾስ ሐዋርያ,ፊልዾስ,monthly,NO_BOOK,,,
2-18,48,ቅዱስ ያዕቆብ ሐዋርያ (ከ፯፪ቱ አርድእት),ያዕቆብ ሐዋርያ,monthly,WRONG_DATE,,AM-MEL-022:መልክዐ አብርሃም ይሥሐቅ ያዕቆብ በአማርኛ | AM-MEL-033:የሐዋርያው የቅዱስ ታዴዎስ መልክዕ በአማርኛ | AM-MEL-046:የቅዱስ እንድርያስ ሐዋርያ መልክዕ በአማርኛ | GZ-MEL-023:መልክዐ ሐዋርያት በግእዝ | GZ-MEL-124:መልክዐ አብርሃም ይሥሐቅ ወያዕቆብ በግእዝ | GZ-MEL-137:መልክዐ እንድርያስ ሐዋርያ በግእዝ | GZ-GDL-017:ገድለ አቡነ ተክለ ሐዋርያት በግእዝ | GZ-GDL-032:መጽሐፈ ገድለ ቅዱሳን ሐዋርያት በግእዝ | AM-ZNA-003:ዜና ሐዋርያት በአማርኛ,"1-2, 1-4, 1-4, 1-28, 1-28, 2-2, 2-4, 2-4, 2-28, 2-28"
2-19,49,ቅዱስ ይምርሐነ ክርስቶስ (ጻድቅ ንጉሠ ኢትዮዽያ),ይምርሐነ ክርስቶስ,annual,CORRECT,GZ-MEL-148:መልክዐ ይምርሃነ ክርስቶስ በግእዝ,AM-MEL-018:መልክዐ ቅድስት ፍቅርተ ክርስቶስ በአማርኛ | AM-MEL-060:የአቡነ አባለ ክርስቶስ ጻድቅ መልክዕ በአማርኛ | AM-MIK-001:ምክሓ ምእመናን ክርስቶስ በአማርኛ | GZ-MEL-066:መልክዐ ቅድስት ፍቅርተ ክርስቶስ በግእዝ | GZ-MEL-082:መልክዐ አቡነ ሠምረ ክርስቶስ በግእዝ | GZ-MEL-096:መልክዐ አቡነ አባለ ክርስቶስ በግእዝ | GZ-MEL-136:መልክዐ እስትንፋሰ ክርስቶስ በግእዝ | GZ-MEL-143:መልክዐ ክርስቶስ ሠምራ በግእዝ | GZ-MEL-148:መልክዐ ይምርሃነ ክርስቶስ በግእዝ | GZ-MEL-153:መልክዐ ገብረ ክርስቶስ በግእዝ | GZ-MZM-001:መዝሙረ ክርስቶስ በግእዝ | GZ-MZM-002:መዝሙረ ክርስቶስ ካልዕ በግእዝ | GZ-MZM-003:መዝሙረ ክርስቶስ ዘመኃልየ መኃልይ። በግእዝ | GZ-GDL-006:ገድለ አቡነ እስትንፋስ ክርስቶስ በግእዝ | AM-GDL-005:ገድለ ቅድስት ክርስቶስ ሠምራ በአማርኛ | AM-GDL-014:የአቡነ እስትንፋሰ ክርስቶስ ገድል በአማርኛ | GZ-GDL-019:ገድለ ቅድስት ክርስቶስ ሠምራ በግእዝ | GZ-GDL-023:ገድለ አቡነ መዝራዕተ ክርስቶስ በግእዝ | TI-GDL-002:ገድሊ አቡነ እስትንፋስ ክርስቶስ ትግርኛ,"1-9, 1-9, 1-9, 1-9, 1-24, 1-24, 1-24, 1-27, 1-29, 1-29"
2-19,49,ቅዱስ ዮሐንስ ዘጸይለም,ዮሐንስ ዘጸይለም,annual,WRONG_DATE,,AM-MEL-016:መልክዐ ቅዱስ ዮሐንስ ወንጌላዊ በአማርኛ | AM-MEL-020:መልክዐ አቡነ ዕጨጌ ዮሐንስ በአማርኛ | AM-MEL-021:መልክዐ አቡነ ዮሐንስ ጻድቅ በአማርኛ | AM-MEL-047:የቅዱስ ዮሐንስ 2ኛ መልክዕ በአማርኛ | AM-MEL-048:የቅዱስ ዮሐንስ መጥምቅ መልክዕ በአማርኛ | GZ-MEL-060:መልክዐ ቅዱስ ዮሐንስ መጥምቅ በግእዝ | GZ-MEL-061:መልክዐ ቅዱስ ዮሐንስ ካልእ በግእዝ | GZ-MEL-062:መልክዐ ቅዱስ ዮሐንስ ወንጌላዊ በግእዝ | GZ-MEL-104:መልክዐ አቡነ ዕጨጌ ዮሐንስ በግእዝ | GZ-MEL-109:መልክዐ አቡነ ዮሐንስ ከማ በግእዝ | GZ-MEL-110:መልክዐ አቡነ ዮሐንስ ዘድብረ ዳጋ በግእዝ | GZ-MEL-149:መልክዐ ዮሐንስ ወልደ ነጎድጓድ በግእዝ | GZ-MEL-150:መልክዐ ዮሐንስ ፍቁረ እግዚእ በግእዝ | AM-GDL-013:የቅዱስ ዮሐንስ ገድል በአማርኛ | GZ-GDL-018:ገድለ አቡነ ዮሐንስ በግእዝ | AM-GDL-027:ገድለ አቡነ እጨጌ ዮሐንስ ዘጸገሮ በአማርኛ,"1-1, 1-1, 1-2, 1-2, 1-4, 1-4, 1-4, 1-4, 1-4, 1-4"
2-19,49,አባ ስምዖን ገዳማዊ,ስምዖን ገዳማዊ,annual,NO_BOOK,,,
2-19,49,ቅዱሳን በርተሎሜዎስና ሚስቱ (ሰማዕታት),በርተሎሜዎስና ሚስቱ,annual,NO_BOOK,,,
2-19,49,አበው ኤዺስ ቆዾሳት (ሳምሳጢን ያወገዙ),አበው ኤዺስ ቆዾሳት,annual,WRONG_DATE,,AM-ZNA-002:ዜና አበው በአማርኛ,"3-4, 5-26"
2-19,49,ጻድቃን እለ መጥራ (ቅዱስ ይምርሐነ ቤተ መቅደስ ውስጥ የምናያቸው አጽማቸው የፈሰሰው ቅዱሳን ናቸው),ጻድቃን እለ መጥራ,annual,WRONG_DATE,,GZ-MEL-160:መልክዐ ጻድቃን ዘባርክናሃ በግእዝ,4-29
2-19,49,ቅዱስ ገብርኤል ሊቀ መላእክት,ገብርኤል ሊቀ መላእክት,monthly,CORRECT,AM-MEL-050:የቅዱስ ገብርኤል መልክዕ በአማርኛ | GZ-MEL-013:መልክዐ ሊቀ መላእክት ቅዱስ ገብርኤል በግእዝ | GZ-MEL-014:መልክዐ ሊቀ መላእክት ቅዱስ ገብርኤል ካልዕ (ደቅስዮስ) በግእዝ | AM-DRS-003:ድርሳነ ገብርኤል በአማርኛ | GZ-DRS-010:ድርሳነ ገብርኤል በግእዝ,AM-DIR-001:የሰባቱ ሊቃነ መላእክት ድርሳን በአማርኛ | AM-MEL-038:የቅዱሳን አእላፍ መላእክት 2ኛ መልክዕ በአማርኛ | AM-MEL-050:የቅዱስ ገብርኤል መልክዕ በአማርኛ | GZ-MEL-004:መልክዐ ሊቀ መላእክት ቅዱስ ሚካኤል ሣልስ በግእዝ | GZ-MEL-005:መልክዐ ሊቀ መላእክት ቅዱስ ሚካኤል ካልዕ በግእዝ | GZ-MEL-006:መልክዐ ሊቀ መላእክት ቅዱስ ሩፋኤል በግእዝ | GZ-MEL-007:መልክዐ ሊቀ መላእክት ቅዱስ ራጉኤል በግእዝ | GZ-MEL-008:መልክዐ ሊቀ መላእክት ቅዱስ ሱርያል በግእዝ | GZ-MEL-009:መልክዐ ሊቀ መላእክት ቅዱስ በግእዝ | GZ-MEL-010:መልክዐ ሊቀ መላእክት ቅዱስ አፍኒን በግእዝ | GZ-MEL-011:መልክዐ ሊቀ መላእክት ቅዱስ ዑራኤል በግእዝ | GZ-MEL-012:መልክዐ ሊቀ መላእክት ቅዱስ ዑራኤል ካልእ በግእዝ | GZ-MEL-013:መልክዐ ሊቀ መላእክት ቅዱስ ገብርኤል በግእዝ | GZ-MEL-014:መልክዐ ሊቀ መላእክት ቅዱስ ገብርኤል ካልዕ (ደቅስዮስ) በግእዝ | GZ-MEL-015:መልክዐ ሊቀ መላእክት ቅዱስ ፋኑኤል በግእዝ | GZ-MEL-125:መልክዐ አእላፍ መላእክት በግእዝ | GZ-MEL-126:መልክዐ አእላፍ መላእክት ካልእ በግእዝ | GZ-MEL-165:መልክዐ ሊቀ መላእክት ቅዱስ ሚካኤል ካልዕ በግእ | AM-DRS-003:ድርሳነ ገብርኤል በአማርኛ | GZ-DRS-010:ድርሳነ ገብርኤል በግእዝ,"1-1, 1-3, 1-9, 1-9, 1-9, 1-12, 1-12, 1-12, 1-12, 1-13"
2-19,49,ቅዱስ ኤስድሮስ ሰማዕት,ኤስድሮስ,monthly,NO_BOOK,,,
2-19,49,አቡነ ዓቢየ እግዚእ ጻድቅ,ዓቢየ እግዚእ,monthly,CORRECT,GZ-MEL-145:መልክዐ ዓቢየ እግዚእ በግእዝ,GZ-MEL-145:መልክዐ ዓቢየ እግዚእ በግእዝ,"1-19, 2-19, 3-19, 4-19, 5-19, 6-19, 7-19, 8-19, 9-19, 10-19"
2-19,49,አቡነ ስነ ኢየሱስ,ስነ ኢየሱስ,monthly,WRONG_DATE,,AM-MEL-002:መልክአ ኢየሱስ በአማርኛ | GZ-MEL-130:መልክዐ ኢየሱስ ሞዐ በግእዝ | GZ-MEL-131:መልክዐ ኢየሱስ በግእዝ | GZ-MEL-132:መልክዐ ኢየሱስ ካልዕ በግእዝ | AM-TAM-001:ተአምረ ኢየሱስ በአማርኛ | TI-TAM-001:ተአምረ ኢየሱስ ብትግርኛ | GZ-TAM-002:ተአምረ ኢየሱስ በግእዝ | AM-GDL-026:ገድለ አቡነ ኢየሱስ ሞዐ በአማርኛ,"1-26, 1-26, 1-29, 1-29, 1-29, 1-29, 1-29, 1-29, 2-26, 2-26"
2-19,49,አቡነ ዮሴፍ ብርሃነ ዓለም,ዮሴፍ ብርሃነ ዓለም,monthly,CORRECT,GZ-MEL-111:መልክዐ አቡነ ዮሴፍ በግእዝ | GZ-GDL-029:ገድለ አቡነ ዮሴፍ በግእዝ,AM-MEL-034:የመድኀኔ ዓለም 3ኛ መልክዕ በአማርኛ | AM-MEL-035:የመድኀኔ ዓለም መልክዕ በአማርኛ | GZ-MEL-001:ሐዲስ መልክዐ መድኃኔዓለም በግእዝ | GZ-MEL-027:መልክዐ መድኀኔ ዓለም ሣልስ በግዕዝ | GZ-MEL-028:መልክዐ መድኃኔ ዓለም በግእዝ | GZ-MEL-111:መልክዐ አቡነ ዮሴፍ በግእዝ | GZ-DRS-005:ድርሳነ መድኃኔ ዓለም በግእዝ | AM-DRS-004:ድርሳነ መድኃኔ ዓለም በአማርኛ | GZ-GDL-029:ገድለ አቡነ ዮሴፍ በግእዝ,"1-19, 1-19, 1-27, 1-27, 1-27, 1-27, 1-27, 1-27, 1-27, 2-19"
2-20,50,ቅዱስ አባ ዮሐንስ ሐጺር,ዮሐንስ ሐጺር,annual,WRONG_DATE,,AM-MEL-016:መልክዐ ቅዱስ ዮሐንስ ወንጌላዊ በአማርኛ | AM-MEL-020:መልክዐ አቡነ ዕጨጌ ዮሐንስ በአማርኛ | AM-MEL-021:መልክዐ አቡነ ዮሐንስ ጻድቅ በአማርኛ | AM-MEL-047:የቅዱስ ዮሐንስ 2ኛ መልክዕ በአማርኛ | AM-MEL-048:የቅዱስ ዮሐንስ መጥምቅ መልክዕ በአማርኛ | GZ-MEL-060:መልክዐ ቅዱስ ዮሐንስ መጥምቅ በግእዝ | GZ-MEL-061:መልክዐ ቅዱስ ዮሐንስ ካልእ በግእዝ | GZ-MEL-062:መልክዐ ቅዱስ ዮሐንስ ወንጌላዊ በግእዝ | GZ-MEL-104:መልክዐ አቡነ ዕጨጌ ዮሐንስ በግእዝ | GZ-MEL-109:መልክዐ አቡነ ዮሐንስ ከማ በግእዝ | GZ-MEL-110:መልክዐ አቡነ ዮሐንስ ዘድብረ ዳጋ በግእዝ | GZ-MEL-149:መልክዐ ዮሐንስ ወልደ ነጎድጓድ በግእዝ | GZ-MEL-150:መልክዐ ዮሐንስ ፍቁረ እግዚእ በግእዝ | AM-GDL-013:የቅዱስ ዮሐንስ ገድል በአማርኛ | GZ-GDL-018:ገድለ አቡነ ዮሐንስ በግእዝ | AM-GDL-027:ገድለ አቡነ እጨጌ ዮሐንስ ዘጸገሮ በአማርኛ,"1-1, 1-1, 1-2, 1-2, 1-4, 1-4, 1-4, 1-4, 1-4, 1-4"
2-20,50,ቅዱስ ኤልሳዕ ነቢይ,ኤልሳዕ,annual,NO_BOOK,,,
2-20,50,አባ ባይሞይ,ባይሞይ,annual,NO_BOOK,,,
2-20,50,ቅዱስ አክሎግ ቀሲስ,አክሎግ ቀሲስ,monthly,NO_BOOK,,,
2-20,50,ቅዱስ አፄ ካሌብ ጻድቅ (ንጉሠ ኢትዮዽያ),አፄ ካሌብ ጻድቅ,monthly,WRONG_DATE,,AM-MEL-003:መልክዐ ለአቡነ አቢብ ጻድቅ በአማርኛ | AM-MEL-021:መልክዐ አቡነ ዮሐንስ ጻድቅ በአማርኛ | AM-MEL-060:የአቡነ አባለ ክርስቶስ ጻድቅ መልክዕ በአማርኛ,"1-16, 1-25, 2-16, 2-25, 3-16, 3-25, 4-16, 4-19, 4-25, 5-16"
2-20,50,አባ አሞንዮስ ዘሃገረ ቶና,አሞንዮስ ዘሃገረ ቶና,monthly,NO_BOOK,,,
2-20,50,ቅድስት ሳድዥ የዋሒት,ሳድዥ የዋሒት,monthly,NO_BOOK,,,
2-20,50,ቅዱስ ወክቡር ማር ቴዎድሮስ ሰማዕት,ወክቡር ማር ቴዎድሮስ,monthly,CORRECT,GZ-MEL-040:መልክዐ ሰማዕት ቅዱስ ቴዎድሮስ በግእዝ | GZ-GDL-030:ገድለ ቅዱስ ቴዎድሮስ በግእዝ | GZ-GDL-031:ገድለ ሰማዕት ቅዱስ ቴዎድሮስ በግእዝ | AM-GDL-030:ገድለ ሰማዕት ቅዱስ ቴዎድሮስ በአማርኛ,GZ-MEL-040:መልክዐ ሰማዕት ቅዱስ ቴዎድሮስ በግእዝ | GZ-GDL-030:ገድለ ቅዱስ ቴዎድሮስ በግእዝ | GZ-GDL-031:ገድለ ሰማዕት ቅዱስ ቴዎድሮስ በግእዝ | AM-GDL-030:ገድለ ሰማዕት ቅዱስ ቴዎድሮስ በአማርኛ,"1-12, 1-12, 1-12, 1-12, 1-20, 1-20, 1-20, 1-20, 2-12, 2-12"
2-21,51,እግዝእትነ ማርያም,እግዝእትነ ማርያም,annual,CORRECT,AM-LAH-001:ላሐ ማርያም በአማርኛ | AM-MEL-008:መልክዐ ማርያም ሣልሲት በአማርኛ | AM-MEL-009:መልክዐ ማርያም በአማርኛ | AM-MEL-064:የጽዮን ማርያም 3ኛ መልክዕ በአማርኛ | AM-RAY-001:ራዕየ ማርያም በአማርኛ | GZ-ETA-001:እትአመነኪ ማርያም በሰማይ ወበምድር በግእዝ | GZ-LAH-001:ላሐ ማርያም በግእዝ | GZ-MEL-002:መልከዐ ማርያም ዳግሚት በግእዝ | GZ-MEL-031:መልክዐ ማርያም ሣልሲት በግእዝ | GZ-MEL-032:መልክዐ ማርያም በግእዝ | GZ-MEL-161:መልክዐ ጽዮን ማርያም ሣልስ በግእዝ | TI-RAY-001:ራእየ ማርያም ብትግርኛ | GZ-TAM-001:ተአምረ ማርያም በግእዝ | AM-TAM-002:ተአምረ ማርያም በአማርኛ,AM-LAH-001:ላሐ ማርያም በአማርኛ | AM-MEL-008:መልክዐ ማርያም ሣልሲት በአማርኛ | AM-MEL-009:መልክዐ ማርያም በአማርኛ | AM-MEL-017:መልክዐ ቅድስት ጸበለ ማርያም በአማርኛ | AM-MEL-064:የጽዮን ማርያም 3ኛ መልክዕ በአማርኛ | AM-RAY-001:ራዕየ ማርያም በአማርኛ | AM-WUD-002:ውዳሴ ማርያም በአማርኛ | GZ-ETA-001:እትአመነኪ ማርያም በሰማይ ወበምድር በግእዝ | GZ-LAH-001:ላሐ ማርያም በግእዝ | GZ-MEL-002:መልከዐ ማርያም ዳግሚት በግእዝ | GZ-MEL-031:መልክዐ ማርያም ሣልሲት በግእዝ | GZ-MEL-032:መልክዐ ማርያም በግእዝ | GZ-MEL-070:መልክዐ ተክለ ማርያም ዘይሰመይ መብዓ ጽዮን በግእዝ | GZ-MEL-099:መልክዐ አቡነ አብሳዲ ዘደብረ ማርያም በግእዝ | GZ-MEL-159:መልክዐ ጸበለ ማርያም ቅድስት በግእዝ | GZ-MEL-161:መልክዐ ጽዮን ማርያም ሣልስ በግእዝ | GZ-WUD-002:ውዳሴ ማርያም በግእዝ | TI-RAY-001:ራእየ ማርያም ብትግርኛ | TI-WUD-001:ውዳሴ ማርያም ብትግርኛ | AM-GDL-002:ገድለ ማርያም እንተ ዕፍረት በአማርኛ | GZ-TAM-001:ተአምረ ማርያም በግእዝ | AM-GDL-003:ገድለ ማርያም መግደላዊት በአማርኛ | GZ-MTS-001:መጽሐፈ ልደታ ለማርያም በግእዝ | AM-TAM-002:ተአምረ ማርያም በአማርኛ,"None-None, None-None, None-None, 1-1, 1-21, 1-21, 1-21, 1-21, 1-21, 1-21"
2-21,51,ቅዱስ አልዓዛር ሐዋርያ,አልዓዛር,annual,NO_BOOK,,,
2-21,51,አባ ዮሐንስ ዘኢየሩሳሌም,ዮሐንስ ዘኢየሩሳሌም,annual,WRONG_DATE,,AM-MEL-016:መልክዐ ቅዱስ ዮሐንስ ወንጌላዊ በአማርኛ | AM-MEL-020:መልክዐ አቡነ ዕጨጌ ዮሐንስ በአማርኛ | AM-MEL-021:መልክዐ አቡነ ዮሐንስ ጻድቅ በአማርኛ | AM-MEL-047:የቅዱስ ዮሐንስ 2ኛ መልክዕ በአማርኛ | AM-MEL-048:የቅዱስ ዮሐንስ መጥምቅ መልክዕ በአማርኛ | GZ-MEL-060:መልክዐ ቅዱስ ዮሐንስ መጥምቅ በግእዝ | GZ-MEL-061:መልክዐ ቅዱስ ዮሐንስ ካልእ በግእዝ | GZ-MEL-062:መልክዐ ቅዱስ ዮሐንስ ወንጌላዊ በግእዝ | GZ-MEL-104:መልክዐ አቡነ ዕጨጌ ዮሐንስ በግእዝ | GZ-MEL-109:መልክዐ አቡነ ዮሐንስ ከማ በግእዝ | GZ-MEL-110:መልክዐ አቡነ ዮሐንስ ዘድብረ ዳጋ በግእዝ | GZ-MEL-149:መልክዐ ዮሐንስ ወልደ ነጎድጓድ በግእዝ | GZ-MEL-150:መልክዐ ዮሐንስ ፍቁረ እግዚእ በግእዝ | AM-GDL-013:የቅዱስ ዮሐንስ ገድል በአማርኛ | GZ-GDL-018:ገድለ አቡነ ዮሐንስ በግእዝ | AM-GDL-027:ገድለ አቡነ እጨጌ ዮሐንስ ዘጸገሮ በአማርኛ,"1-1, 1-1, 1-2, 1-2, 1-4, 1-4, 1-4, 1-4, 1-4, 1-4"
2-21,51,ቅዱስ ኢዩኤል ነቢይ,ኢዩኤል,annual,NO_BOOK,,,
2-21,51,ቅዱስ ማትያስ ረድእ,ማትያስ ረድእ,annual,NO_BOOK,,,
2-21,51,ቅድስት ድንግል እግዝእትነ ማርያም ወላዲተ አምላክ,ድንግል እግዝእትነ ማርያም ወላዲተ አምላክ,monthly,WRONG_DATE,,AM-MEL-019:መልክዐ አቡነ ሐራ ድንግል በአማርኛ | AM-WUD-003:ውዳሴ አምላክ በአማርኛ | GZ-MEL-021:መልክዐ ሐራ ድንግል በግእዝ | GZ-MEL-088:መልክዐ አቡነ ቡሩከ አምላክ ዘደብረ ኮል በግእዝ | GZ-MEL-089:መልክዐ አቡነ ብፁዓ አምላክ ዘደብረ ምዕዋን ወዘደብረ ኰዳዱ በግእዝ | TI-WUD-002:ውዳሴ አምላክ ብትግርኛ,"None-None, None-None, 1-11, 1-11, 2-11, 2-11, 3-11, 3-11, 4-1, 4-11"
2-21,51,አበው ጎርጎርዮሳት,አበው ጎርጎርዮሳት,monthly,WRONG_DATE,,AM-ZNA-002:ዜና አበው በአማርኛ,"3-4, 5-26"
2-21,51,አቡነ ምዕመነ ድንግል,ምዕመነ ድንግል,monthly,WRONG_DATE,,AM-MEL-019:መልክዐ አቡነ ሐራ ድንግል በአማርኛ | GZ-MEL-021:መልክዐ ሐራ ድንግል በግእዝ,"1-11, 1-11, 2-11, 2-11, 3-11, 3-11, 4-11, 4-11, 5-11, 5-11"
2-21,51,አቡነ አምደ ሥላሴ,አምደ ሥላሴ,monthly,WRONG_DATE,,AM-MEL-010:መልክዐ ሥላሴ በአማርኛ | AM-SEY-002:ሰይፈ ሥላሴ በአማርኛ | GZ-HIB-001:ኅብረ ሥላሴ በግእዝ | GZ-MEL-035:መልክዐ ሥላሴ በግእዝ | GZ-MEL-077:መልክዐ አቡነ መዝገበ ሥላሴ በግእዝ | GZ-SEY-002:ሰይፈ ሥላሴ በግእዝ | AM-ZNA-001:ዜና ሥላሴ በአማርኛ | GZ-ZNA-004:ዜና ሥላሴ በግእዝ | GZ-TAM-003:ተአምራቲሆሙ ለሥላሴ,"None-None, None-None, None-None, None-None, None-None, None-None, None-None, 1-7, 2-7, 2-9"
2-21,51,አባ አሮን ሶርያዊ,አሮን ሶርያዊ,monthly,WRONG_DATE,,GZ-MEL-128:መልክዐ አᎄነ አሮን መንክራዌ በግእዝ | GZ-GDL-024:ገድለ አቡነ አሮን መንክራዊ ግእዝ | AM-GDL-028:ገድለ አቡነ አሮን መንክራዊ በአማርኛ,"1-5, 1-5, 1-5, 2-5, 2-5, 2-5, 3-5, 3-5, 3-5, 4-5"
2-21,51,አባ መርትያኖስ ጻድቅ,መርትያኖስ,monthly,NO_BOOK,,,
2-22,52,ቅዱስ ሉቃስ ወንጌላዊ ሐዋርያ,ሉቃስ ወንጌላዊ,annual,WRONG_DATE,,AM-MEL-016:መልክዐ ቅዱስ ዮሐንስ ወንጌላዊ በአማርኛ | GZ-MEL-062:መልክዐ ቅዱስ ዮሐንስ ወንጌላዊ በግእዝ,"1-4, 1-4, 1-29, 1-29, 2-4, 2-4, 3-4, 3-4, 4-4, 4-4"
2-22,52,ቅዱስ ሲላስ አረጋዊ (የቅዱስ ሉቃስ ረድእ),ሲላስ አረጋዊ,annual,WRONG_DATE,,GZ-MEL-073:መልክዐ አረጋዊ በግእዝ | AM-GDL-016:ገድለ አቡነ አረጋዊ በአማርኛ,"1-14, 1-14, 2-14, 2-14, 3-14, 3-14, 4-14, 4-14, 5-14, 5-14"
2-22,52,ቅዱስ ታኦፊላ,ታኦፊላ,annual,NO_BOOK,,,
2-22,52,"""፵፻፸፯"" ሰማዕታት (የቅዱስ ሉቃስ ማሕበር)","""፵፻፸፯"" ሰማዕታት",annual,WRONG_DATE,,AM-MEL-065:ጸሎተ መልክዐ ሥቃዩ ለቅዱስ ጊዮርጊስ ሊቀ ሰማዕታት በአማርኛ | AM-MEL-066:ጸሎተ መልክዕ ዘቅዱስ ጊዮርጊስ ሊቀ ሰማዕታት በአማርኛ | AM-MEL-067:ጸሎተ መልክዕ ዘቅዱስ ጊዮርጊስ ሊቀ ሰማዕታት ካልዕ በአማርኛ | AM-SIB-001:ስብሐተ ፍቁር ዘቅዱስ ጊዮርጊስ ሊቀ ሰማዕታት በአማርኛ | GZ-MEL-016:መልክዐ ሊቀ ሰማዕታት ቅዱስ እስጢፋኖስ በግእዝ | GZ-MEL-017:መልክዐ ሊቀ ሰማዕታት ቅዱስ እስጢፋኖስ ካልእ በግእዝ | AM-GDL-010:ገድለ ሰማዕታት በአማርኛ,"1-15, 1-15, 1-17, 1-17, 1-23, 1-23, 1-23, 1-23, 2-17, 2-17"
2-22,52,ቅዱስ ዑራኤል ሊቀ መላእክት,ዑራኤል ሊቀ መላእክት,monthly,CORRECT,GZ-MEL-011:መልክዐ ሊቀ መላእክት ቅዱስ ዑራኤል በግእዝ | GZ-MEL-012:መልክዐ ሊቀ መላእክት ቅዱስ ዑራኤል ካልእ በግእዝ | GZ-DRS-001:ድርሳነ ዑራኤል በግእዝ | AM-DRS-006:ድርሳነ ዑራኤል በአማርኛ,AM-DIR-001:የሰባቱ ሊቃነ መላእክት ድርሳን በአማርኛ | AM-MEL-038:የቅዱሳን አእላፍ መላእክት 2ኛ መልክዕ በአማርኛ | GZ-MEL-004:መልክዐ ሊቀ መላእክት ቅዱስ ሚካኤል ሣልስ በግእዝ | GZ-MEL-005:መልክዐ ሊቀ መላእክት ቅዱስ ሚካኤል ካልዕ በግእዝ | GZ-MEL-006:መልክዐ ሊቀ መላእክት ቅዱስ ሩፋኤል በግእዝ | GZ-MEL-007:መልክዐ ሊቀ መላእክት ቅዱስ ራጉኤል በግእዝ | GZ-MEL-008:መልክዐ ሊቀ መላእክት ቅዱስ ሱርያል በግእዝ | GZ-MEL-009:መልክዐ ሊቀ መላእክት ቅዱስ በግእዝ | GZ-MEL-010:መልክዐ ሊቀ መላእክት ቅዱስ አፍኒን በግእዝ | GZ-MEL-011:መልክዐ ሊቀ መላእክት ቅዱስ ዑራኤል በግእዝ | GZ-MEL-012:መልክዐ ሊቀ መላእክት ቅዱስ ዑራኤል ካልእ በግእዝ | GZ-MEL-013:መልክዐ ሊቀ መላእክት ቅዱስ ገብርኤል በግእዝ | GZ-MEL-014:መልክዐ ሊቀ መላእክት ቅዱስ ገብርኤል ካልዕ (ደቅስዮስ) በግእዝ | GZ-MEL-015:መልክዐ ሊቀ መላእክት ቅዱስ ፋኑኤል በግእዝ | GZ-MEL-125:መልክዐ አእላፍ መላእክት በግእዝ | GZ-MEL-126:መልክዐ አእላፍ መላእክት ካልእ በግእዝ | GZ-MEL-165:መልክዐ ሊቀ መላእክት ቅዱስ ሚካኤል ካልዕ በግእ | GZ-DRS-001:ድርሳነ ዑራኤል በግእዝ | AM-DRS-006:ድርሳነ ዑራኤል በአማርኛ,"1-1, 1-3, 1-9, 1-9, 1-9, 1-12, 1-12, 1-12, 1-12, 1-13"
2-22,52,ቅዱስ ደቅስዮስ (የእመቤታችን ወዳጅ),ደቅስዮስ,monthly,WRONG_DATE,,GZ-MEL-014:መልክዐ ሊቀ መላእክት ቅዱስ ገብርኤል ካልዕ (ደቅስዮስ) በግእዝ,"1-19, 2-19, 3-19, 4-19, 4-22, 5-19, 6-19, 7-19, 7-30, 8-19"
2-22,52,አባ እንጦንስ አበ መነኮሳት,እንጦንስ አበ መነኮሳት,monthly,NO_BOOK,,,
2-22,52,አባ ዻውሊ የዋህ,ዻውሊ የዋህ,monthly,NO_BOOK,,,
2-22,52,ቅዱስ ዮልዮስ ሰማዕት,ዮልዮስ,monthly,NO_BOOK,,,
2-23,53,አባ ዮሴፍ ጻድቅ ሊቀ ዻዻሳት,ዮሴፍ ጻድቅ ሊቀ ዻዻሳት,annual,WRONG_DATE,,GZ-MEL-111:መልክዐ አቡነ ዮሴፍ በግእዝ | GZ-GDL-029:ገድለ አቡነ ዮሴፍ በግእዝ,"1-19, 1-19, 2-19, 2-19, 3-19, 3-19, 4-19, 4-19, 5-19, 5-19"
2-23,53,ቅዱስ ዲዮናስዮስ ሰማዕት,ዲዮናስዮስ,annual,NO_BOOK,,,
2-23,53,ቅዱስ ኢላርዮስ,ኢላርዮስ,annual,NO_BOOK,,,
2-23,53,ቅድስት እለእስክንድርያ ሰማዕት,እለእስክንድርያ,annual,NO_BOOK,,,
2-23,53,ልበ አምላክ ቅዱስ ዳዊት,ልበ አምላክ ቅዱስ ዳዊት,monthly,CORRECT,AM-MEL-049:የቅዱስ ዳዊት መልክዕ በአማርኛ | GZ-MEL-064:መልክዐ ቅዱስ ዳዊት በግእዝ,AM-MEL-049:የቅዱስ ዳዊት መልክዕ በአማርኛ | AM-MZM-001:መዝሙረ ዳዊት በአማርኛ | AM-WUD-003:ውዳሴ አምላክ በአማርኛ | GZ-MEL-064:መልክዐ ቅዱስ ዳዊት በግእዝ | GZ-MEL-088:መልክዐ አቡነ ቡሩከ አምላክ ዘደብረ ኮል በግእዝ | GZ-MEL-089:መልክዐ አቡነ ብፁዓ አምላክ ዘደብረ ምዕዋን ወዘደብረ ኰዳዱ በግእዝ | GZ-MZM-004:መዝሙረ ዳዊት በግእዝ | TI-MZM-001:መዝሙረ ዳዊት ብትግርኛ | TI-WUD-002:ውዳሴ አምላክ ብትግርኛ,"None-None, None-None, None-None, None-None, None-None, 1-23, 1-23, 2-23, 2-23, 3-23"
2-23,53,ቅዱስ ጊዮርጊስ ሊቀ ሰማዕታት,ጊዮርጊስ ሊቀ ሰማዕታት,monthly,CORRECT,AM-MEL-065:ጸሎተ መልክዐ ሥቃዩ ለቅዱስ ጊዮርጊስ ሊቀ ሰማዕታት በአማርኛ | AM-MEL-066:ጸሎተ መልክዕ ዘቅዱስ ጊዮርጊስ ሊቀ ሰማዕታት በአማርኛ | AM-MEL-067:ጸሎተ መልክዕ ዘቅዱስ ጊዮርጊስ ሊቀ ሰማዕታት ካልዕ በአማርኛ | AM-SIB-001:ስብሐተ ፍቁር ዘቅዱስ ጊዮርጊስ ሊቀ ሰማዕታት በአማርኛ,AM-MEL-065:ጸሎተ መልክዐ ሥቃዩ ለቅዱስ ጊዮርጊስ ሊቀ ሰማዕታት በአማርኛ | AM-MEL-066:ጸሎተ መልክዕ ዘቅዱስ ጊዮርጊስ ሊቀ ሰማዕታት በአማርኛ | AM-MEL-067:ጸሎተ መልክዕ ዘቅዱስ ጊዮርጊስ ሊቀ ሰማዕታት ካልዕ በአማርኛ | AM-SIB-001:ስብሐተ ፍቁር ዘቅዱስ ጊዮርጊስ ሊቀ ሰማዕታት በአማርኛ,"1-23, 1-23, 1-23, 1-23, 2-23, 2-23, 2-23, 2-23, 3-7, 3-7"
2-23,53,ነቢየ ጽድቅ ቅዱስ ሰሎሞን (ንጉሠ እሥራኤል),ነቢየ ጽድቅ ቅዱስ ሰሎሞን,monthly,WRONG_DATE,,GZ-TBB-001:ጥበበ ሰሎሞን በግእዝ,
2-23,53,አባ ጢሞቴዎስ ገዳማዊ,ጢሞቴዎስ ገዳማዊ,monthly,NO_BOOK,,,
2-23,53,ቅዱስ ዳንኤል ነቢይ,ዳንኤል,monthly,WRONG_DATE,,GZ-MEL-114:መልክዐ አቡነ ዳንኤል በግእዝ | GZ-GDL-028:ገድለ አቡነ ዳንኤል በግእዝ,"3-6, 3-6"
2-23,53,አባ ሳሙኤል,ሳሙኤል,monthly,WRONG_DATE,,AM-MEL-054:የአቡነ ሳሙኤል ዘዋልድባ መልክዕ በአማርኛ | AM-MEL-055:የአቡነ ሳሙኤል ዘዋልድባ ኹለተኛ መልክዕ በአማርኛ | GZ-MEL-084:መልክዐ አቡነ ሳሙኤል በግእዝ ሣልስ በግእዝ | GZ-MEL-085:መልክዐ አቡነ ሳሙኤል ዘዋልድባ በግእዝ | GZ-MEL-086:መልክዐ አቡነ ሳሙኤል ዘዋልድባ ካልዕ በግእዝ,"1-12, 1-12, 1-12, 1-12, 1-12, 2-12, 2-12, 2-12, 2-12, 2-12"
2-23,53,አባ ስምዖን,ስምዖን,monthly,NO_BOOK,,,
2-23,53,አባ ገብርኤል,ገብርኤል,monthly,WRONG_DATE,,AM-MEL-050:የቅዱስ ገብርኤል መልክዕ በአማርኛ | GZ-MEL-013:መልክዐ ሊቀ መላእክት ቅዱስ ገብርኤል በግእዝ | GZ-MEL-014:መልክዐ ሊቀ መላእክት ቅዱስ ገብርኤል ካልዕ (ደቅስዮስ) በግእዝ | AM-DRS-003:ድርሳነ ገብርኤል በአማርኛ | GZ-DRS-010:ድርሳነ ገብርኤል በግእዝ,"1-19, 1-19, 1-19, 1-19, 1-19, 2-19, 2-19, 2-19, 2-19, 2-19"
2-24,54,ቅዱስ አብላርዮስ ገዳማዊ,አብላርዮስ ገዳማዊ,annual,NO_BOOK,,,
2-24,54,ቅድስት ጸበለ ማርያም,ጸበለ ማርያም,annual,CORRECT,AM-MEL-017:መልክዐ ቅድስት ጸበለ ማርያም በአማርኛ | GZ-MEL-159:መልክዐ ጸበለ ማርያም ቅድስት በግእዝ,AM-MEL-017:መልክዐ ቅድስት ጸበለ ማርያም በአማርኛ | GZ-MEL-159:መልክዐ ጸበለ ማርያም ቅድስት በግእዝ,"1-24, 1-24, 2-24, 2-24, 3-24, 3-24, 4-24, 4-24, 5-24, 5-24"
2-24,54,ቅድስት አውስያ,አውስያ,annual,NO_BOOK,,,
2-24,54,አባ ዻውሎስ ሊቀ ዻዻሳት,ዻውሎስ ሊቀ ዻዻሳት,annual,NO_BOOK,,,
2-24,54,ቅዱስ አቡነ ተክለ ሃይማኖት (መምሕረ ትሩፋት),ተክለ ሃይማኖት,monthly,CORRECT,AM-MEL-057:የአቡነ ተክለ ሃይማኖት 2ኛ መልክዕ በአማርኛ | AM-MEL-058:የአቡነ ተክለ ሃይማኖት መልክዕ በአማርኛ | GZ-MEL-068:መልክዐ ተክለ ሃይማኖት በግእዝ | GZ-MEL-069:መልክዐ ተክለ ሃይማኖት ካልእ በግእዝ | GZ-MEL-092:መልክዐ አቡነ ተክለ ሃይማኖት በግእዝ | AM-GDL-004:ገድለ ተክለ ሃይማኖት በአማርኛ,AM-MEL-057:የአቡነ ተክለ ሃይማኖት 2ኛ መልክዕ በአማርኛ | AM-MEL-058:የአቡነ ተክለ ሃይማኖት መልክዕ በአማርኛ | GZ-MEL-068:መልክዐ ተክለ ሃይማኖት በግእዝ | GZ-MEL-069:መልክዐ ተክለ ሃይማኖት ካልእ በግእዝ | GZ-MEL-092:መልክዐ አቡነ ተክለ ሃይማኖት በግእዝ | AM-GDL-004:ገድለ ተክለ ሃይማኖት በአማርኛ,"1-24, 1-24, 1-24, 1-24, 1-24, 1-24, 2-24, 2-24, 2-24, 2-24"
2-24,54,ቅዱስ ቶማስ ዘመርዐስ,ቶማስ ዘመርዐስ,monthly,WRONG_DATE,,GZ-MEL-094:መልክዐ አቡነ ቶማስ ዘዘናቁዴ በግእዝ,3-3
2-24,54,አቡነ ዘዮሐንስ ጻድቅ ዘክብራን,ዘዮሐንስ ጻድቅ ዘክብራን,monthly,NO_BOOK,,,
2-24,54,ቅዱስ አጋቢጦስ (ጻድቅ ኤዺስቆዾስ),አጋቢጦስ,monthly,NO_BOOK,,,
2-24,54,ቅዱስ አብላርዮስ ታላቁ,አብላርዮስ ታላቁ,monthly,NO_BOOK,,,
2-24,54,"""፳፬ቱ"" ካኅናተ ሰማይ (ሱራፌል)","""፳፬ቱ"" ካኅናተ ሰማይ",monthly,CORRECT,GZ-MEL-142:መልክዐ ካህናተ ሰማይ በግእዝ,AM-MEN-001:መንገደ ሰማይ በአማርኛ | AM-ETA-001:በሰማይ ወበምድር በአማርኛ | GZ-ETA-001:እትአመነኪ ማርያም በሰማይ ወበምድር በግእዝ | GZ-MEL-142:መልክዐ ካህናተ ሰማይ በግእዝ,"None-None, 1-21, 1-24, 2-21, 2-24, 3-21, 3-24, 4-21, 4-24, 5-21"
2-24,54,ቅዱስ አባ ሙሴ ጸሊም (ኢትዮዽያዊ),ሙሴ ጸሊም,monthly,NO_BOOK,,,
2-24,54,ቅድስት ክርስቶስ ሠምራ,ክርስቶስ ሠምራ,monthly,CORRECT,GZ-MEL-143:መልክዐ ክርስቶስ ሠምራ በግእዝ | AM-GDL-005:ገድለ ቅድስት ክርስቶስ ሠምራ በአማርኛ | GZ-GDL-019:ገድለ ቅድስት ክርስቶስ ሠምራ በግእዝ,GZ-MEL-143:መልክዐ ክርስቶስ ሠምራ በግእዝ | AM-GDL-005:ገድለ ቅድስት ክርስቶስ ሠምራ በአማርኛ | GZ-GDL-019:ገድለ ቅድስት ክርስቶስ ሠምራ በግእዝ,"1-24, 1-24, 1-24, 2-24, 2-24, 2-24, 3-24, 3-24, 3-24, 4-24"
2-25,55,አቡነ አቢብ (አባ ቡላ),አቢብ,annual,CORRECT,AM-MEL-003:መልክዐ ለአቡነ አቢብ ጻድቅ በአማርኛ | AM-MEL-059:የአቡነ አቢብ መልክዕ በአማርኛ | GZ-MEL-095:መልክዐ አቡነ አቢብ በግእዝ | AM-GDL-024:ገድለ ቅዱስ አቡነ አቢብ በአማርኛ,AM-MEL-003:መልክዐ ለአቡነ አቢብ ጻድቅ በአማርኛ | AM-MEL-059:የአቡነ አቢብ መልክዕ በአማርኛ | GZ-MEL-095:መልክዐ አቡነ አቢብ በግእዝ | AM-GDL-024:ገድለ ቅዱስ አቡነ አቢብ በአማርኛ,"1-25, 1-25, 1-25, 1-25, 2-25, 2-25, 2-25, 2-25, 3-25, 3-25"
2-25,55,አባ ዕብሎይ ገዳማዊ,ዕብሎይ ገዳማዊ,annual,NO_BOOK,,,
2-25,55,ቅዱስ ዮልዮስ ሰማዕት,ዮልዮስ,annual,NO_BOOK,,,
2-25,55,ቅዱሳን አብርሃምና ሐሪክ,አብርሃምና ሐሪክ,annual,NO_BOOK,,,
2-25,55,ቅዱሳን አሞኒና ሙስያ (የታላቁ ዕብሎ ወላጆች),አሞኒና ሙስያ,annual,NO_BOOK,,,
2-25,55,ቅዱስ መርቆሬዎስ ሰማዕት,መርቆሬዎስ,monthly,CORRECT,GZ-MEL-039:መልክዐ ሰማዕት ቅዱስ መርቆሬዎስ በግእዝ | GZ-GDL-002:ገድለ ሰማዕት ቅዱስ መርቆሬዎስ በግእዝ | AM-GDL-015:ገድለ ሰማዕት ቅዱስ መርቆሬዎስ በአማርኛ,GZ-MEL-039:መልክዐ ሰማዕት ቅዱስ መርቆሬዎስ በግእዝ | GZ-MEL-076:መልክዐ አቡነ መርቆሬዎስ ዘደብረ ድማኅ በግእዝ | GZ-GDL-002:ገድለ ሰማዕት ቅዱስ መርቆሬዎስ በግእዝ | AM-GDL-015:ገድለ ሰማዕት ቅዱስ መርቆሬዎስ በአማርኛ,"1-25, 1-25, 1-25, 2-25, 2-25, 2-25, 3-25, 3-25, 3-25, 4-16"
2-25,55,ቅድስት ቴክላ ሐዋርያዊት,ቴክላ ሐዋርያዊት,monthly,NO_BOOK,,,
2-25,55,ቅዱስ አበከረዙን ሰማዕት,አበከረዙን,monthly,NO_BOOK,,,
2-25,55,ቅዱስ ዱማድዮስ ሶርያዊ,ዱማድዮስ ሶርያዊ,monthly,NO_BOOK,,,
2-25,55,ቅዱስ አቡፋና ጻድቅ,አቡፋና,monthly,NO_BOOK,,,
2-25,55,ታላቁ አባ ቢጻርዮን,ታላቁ አባ ቢጻርዮን,monthly,NO_BOOK,,,
2-26,56,ቅዱስ ያዕቆብ ሐዋርያ (ወልደ ዮሴፍ),ያዕቆብ ሐዋርያ,annual,WRONG_DATE,,AM-MEL-022:መልክዐ አብርሃም ይሥሐቅ ያዕቆብ በአማርኛ | AM-MEL-033:የሐዋርያው የቅዱስ ታዴዎስ መልክዕ በአማርኛ | AM-MEL-046:የቅዱስ እንድርያስ ሐዋርያ መልክዕ በአማርኛ | GZ-MEL-023:መልክዐ ሐዋርያት በግእዝ | GZ-MEL-124:መልክዐ አብርሃም ይሥሐቅ ወያዕቆብ በግእዝ | GZ-MEL-137:መልክዐ እንድርያስ ሐዋርያ በግእዝ | GZ-GDL-017:ገድለ አቡነ ተክለ ሐዋርያት በግእዝ | GZ-GDL-032:መጽሐፈ ገድለ ቅዱሳን ሐዋርያት በግእዝ | AM-ZNA-003:ዜና ሐዋርያት በአማርኛ,"1-2, 1-4, 1-4, 1-28, 1-28, 2-2, 2-4, 2-4, 2-28, 2-28"
2-26,56,ቅዱስ ጢሞና ሐዋርያ ወዲያቆን,ጢሞና ሐዋርያ ወዲያቆን,annual,NO_BOOK,,,
2-26,56,ቅዱስ አግናጥዮስ,አግናጥዮስ,annual,CORRECT,GZ-MEL-058:መልክዐ ቅዱስ አግናጥዮስ ምጥው ለአንበሳ በግእዝ,GZ-MEL-058:መልክዐ ቅዱስ አግናጥዮስ ምጥው ለአንበሳ በግእዝ,"1-7, 2-7, 2-26, 3-7, 4-7, 4-24, 5-7, 6-7, 7-7, 8-7"
2-26,56,ቅዱስ ፊልዾስ,ፊልዾስ,annual,NO_BOOK,,,
2-26,56,ቅዱስ ቶማስ ሐዋርያ,ቶማስ,monthly,WRONG_DATE,,GZ-MEL-094:መልክዐ አቡነ ቶማስ ዘዘናቁዴ በግእዝ,3-3
2-26,56,አቡነ ሐብተ ማርያም ጻድቅ,ሐብተ ማርያም,monthly,WRONG_DATE,,AM-LAH-001:ላሐ ማርያም በአማርኛ | AM-MEL-008:መልክዐ ማርያም ሣልሲት በአማርኛ | AM-MEL-009:መልክዐ ማርያም በአማርኛ | AM-MEL-017:መልክዐ ቅድስት ጸበለ ማርያም በአማርኛ | AM-MEL-064:የጽዮን ማርያም 3ኛ መልክዕ በአማርኛ | AM-RAY-001:ራዕየ ማርያም በአማርኛ | AM-WUD-002:ውዳሴ ማርያም በአማርኛ | GZ-ETA-001:እትአመነኪ ማርያም በሰማይ ወበምድር በግእዝ | GZ-LAH-001:ላሐ ማርያም በግእዝ | GZ-MEL-002:መልከዐ ማርያም ዳግሚት በግእዝ | GZ-MEL-031:መልክዐ ማርያም ሣልሲት በግእዝ | GZ-MEL-032:መልክዐ ማርያም በግእዝ | GZ-MEL-070:መልክዐ ተክለ ማርያም ዘይሰመይ መብዓ ጽዮን በግእዝ | GZ-MEL-099:መልክዐ አቡነ አብሳዲ ዘደብረ ማርያም በግእዝ | GZ-MEL-159:መልክዐ ጸበለ ማርያም ቅድስት በግእዝ | GZ-MEL-161:መልክዐ ጽዮን ማርያም ሣልስ በግእዝ | GZ-WUD-002:ውዳሴ ማርያም በግእዝ | TI-RAY-001:ራእየ ማርያም ብትግርኛ | TI-WUD-001:ውዳሴ ማርያም ብትግርኛ | AM-GDL-002:ገድለ ማርያም እንተ ዕፍረት በአማርኛ | GZ-TAM-001:ተአምረ ማርያም በግእዝ | AM-GDL-003:ገድለ ማርያም መግደላዊት በአማርኛ | GZ-MTS-001:መጽሐፈ ልደታ ለማርያም በግእዝ | AM-TAM-002:ተአምረ ማርያም በአማርኛ,"None-None, None-None, None-None, 1-1, 1-21, 1-21, 1-21, 1-21, 1-21, 1-21"
2-26,56,አቡነ ኢየሱስ ሞዐ ዘሐይቅ,ኢየሱስ ሞዐ ዘሐይቅ,monthly,CORRECT,GZ-MEL-130:መልክዐ ኢየሱስ ሞዐ በግእዝ | AM-GDL-026:ገድለ አቡነ ኢየሱስ ሞዐ በአማርኛ,AM-MEL-002:መልክአ ኢየሱስ በአማርኛ | GZ-MEL-130:መልክዐ ኢየሱስ ሞዐ በግእዝ | GZ-MEL-131:መልክዐ ኢየሱስ በግእዝ | GZ-MEL-132:መልክዐ ኢየሱስ ካልዕ በግእዝ | AM-TAM-001:ተአምረ ኢየሱስ በአማርኛ | TI-TAM-001:ተአምረ ኢየሱስ ብትግርኛ | GZ-TAM-002:ተአምረ ኢየሱስ በግእዝ | AM-GDL-026:ገድለ አቡነ ኢየሱስ ሞዐ በአማርኛ,"1-26, 1-26, 1-29, 1-29, 1-29, 1-29, 1-29, 1-29, 2-26, 2-26"
2-26,56,ቅዱሳን ሰማዕታተ ናግራን,ሰማዕታተ ናግራን,monthly,NO_BOOK,,,
2-26,56,ቅዱስ አቡነ ሰላማ ከሣቴ ብርሃን,ሰላማ ከሣቴ ብርሃን,monthly,WRONG_DATE,,AM-KOH-001:ኆኅተ ብርሃን በአማርኛ | AM-MEL-056:የአቡነ ተከስተ ብርሃን መልክዕ በአማርኛ | GZ-KOH-001:ኆኅተ ብርሃን በግእዝ | GZ-MEL-038:መልክዐ ሰላማ በግእዝ | GZ-MEL-091:መልክዐ አቡነ ተከስተ ብርሃን በግእዝ,"None-None, None-None, 4-18, 7-10, 7-10, 11-26"
2-27,57,ጌታችን ኢየሱስ ክርስቶስ,ጌታችን ኢየሱስ ክርስቶስ,annual,CORRECT,AM-MIK-001:ምክሓ ምእመናን ክርስቶስ በአማርኛ,AM-MEL-018:መልክዐ ቅድስት ፍቅርተ ክርስቶስ በአማርኛ | AM-MEL-060:የአቡነ አባለ ክርስቶስ ጻድቅ መልክዕ በአማርኛ | AM-MIK-001:ምክሓ ምእመናን ክርስቶስ በአማርኛ | GZ-MEL-066:መልክዐ ቅድስት ፍቅርተ ክርስቶስ በግእዝ | GZ-MEL-082:መልክዐ አቡነ ሠምረ ክርስቶስ በግእዝ | GZ-MEL-096:መልክዐ አቡነ አባለ ክርስቶስ በግእዝ | GZ-MEL-136:መልክዐ እስትንፋሰ ክርስቶስ በግእዝ | GZ-MEL-143:መልክዐ ክርስቶስ ሠምራ በግእዝ | GZ-MEL-148:መልክዐ ይምርሃነ ክርስቶስ በግእዝ | GZ-MEL-153:መልክዐ ገብረ ክርስቶስ በግእዝ | GZ-MZM-001:መዝሙረ ክርስቶስ በግእዝ | GZ-MZM-002:መዝሙረ ክርስቶስ ካልዕ በግእዝ | GZ-MZM-003:መዝሙረ ክርስቶስ ዘመኃልየ መኃልይ። በግእዝ | GZ-GDL-006:ገድለ አቡነ እስትንፋስ ክርስቶስ በግእዝ | AM-GDL-005:ገድለ ቅድስት ክርስቶስ ሠምራ በአማርኛ | AM-GDL-014:የአቡነ እስትንፋሰ ክርስቶስ ገድል በአማርኛ | GZ-GDL-019:ገድለ ቅድስት ክርስቶስ ሠምራ በግእዝ | GZ-GDL-023:ገድለ አቡነ መዝራዕተ ክርስቶስ በግእዝ | TI-GDL-002:ገድሊ አቡነ እስትንፋስ ክርስቶስ ትግርኛ,"1-9, 1-9, 1-9, 1-9, 1-24, 1-24, 1-24, 1-27, 1-29, 1-29"
2-27,57,ቅዱስ መቃርስ ብጹዓዊ,መቃርስ ብጹዓዊ,annual,NO_BOOK,,,
2-27,57,አቡነ መብዓ ጽዮን ጻድቅ,መባዓ ጽዮን,annual,CORRECT,AM-GDL-022:የመባዓ ጽዮን ገድል በአማርኛ,AM-GDL-022:የመባዓ ጽዮን ገድል በአማርኛ,"1-27, 2-27, 3-27, 4-27, 5-27, 6-27, 7-27, 8-27, 9-27, 10-27"
2-27,57,አባ ጽጌ ድንግል ዘወለቃ,ጽጌ ድንግል ዘወለቃ,annual,WRONG_DATE,,AM-MEL-019:መልክዐ አቡነ ሐራ ድንግል በአማርኛ | GZ-MEL-021:መልክዐ ሐራ ድንግል በግእዝ,"1-11, 1-11, 2-11, 2-11, 3-11, 3-11, 4-11, 4-11, 5-11, 5-11"
2-27,57,ቅዱስ መቃርስ (የመነኮሳት ሁሉ አለቃ),መቃርስ,monthly,NO_BOOK,,,
2-27,57,ቅዱስ ያዕቆብ ዘግሙድ,ያዕቆብ ዘግሙድ,monthly,WRONG_DATE,,AM-MEL-022:መልክዐ አብርሃም ይሥሐቅ ያዕቆብ በአማርኛ | GZ-MEL-124:መልክዐ አብርሃም ይሥሐቅ ወያዕቆብ በግእዝ,"1-28, 1-28, 2-28, 2-28, 3-28, 3-28, 4-28, 4-28, 5-28, 5-28"
2-27,57,ቅዱስ ገላውዴዎስ ሰማዕት (ንጉሠ ኢትዮዽያ),ገላውዴዎስ ሰማዕት,monthly,WRONG_DATE,,GZ-MEL-039:መልክዐ ሰማዕት ቅዱስ መርቆሬዎስ በግእዝ | GZ-MEL-040:መልክዐ ሰማዕት ቅዱስ ቴዎድሮስ በግእዝ | GZ-MEL-041:መልክዐ ሰማዕት ቅዱስ ፋሲለደስ በግእዝ | GZ-MEL-042:መልክዐ ሰማዕት ቅድስት አርሴማ በግእዝ | GZ-MEL-043:መልክዐ ሰማዕት ቅድስት ኢየሉጣ በግእዝ | GZ-MEL-122:መልክዐ አባ ኖብ ሰማዕት በግእዝ | GZ-GDL-002:ገድለ ሰማዕት ቅዱስ መርቆሬዎስ በግእዝ | GZ-ZNA-002:ዜናሁ ለንጉሥ ገላውዴዎስ በግእዝ | AM-GDL-008:ገድለ ሰማዕት ቅድስት አርሴማ በአማርኛ | GZ-GDL-014:ገድለ ቅዱስ ጊዮርጊስ ሰማዕት በግእዝ | AM-GDL-015:ገድለ ሰማዕት ቅዱስ መርቆሬዎስ በአማርኛ | AM-GDL-018:ገድለ ቅዱስ ጊዮርጊስ ሰማዕት በአማርኛ | GZ-GDL-031:ገድለ ሰማዕት ቅዱስ ቴዎድሮስ በግእዝ | GZ-GDL-033:ገድለ ሰማዕት ቅድስት አርሴማ በግእዝ | AM-GDL-030:ገድለ ሰማዕት ቅዱስ ቴዎድሮስ በአማርኛ,"1-6, 1-6, 1-6, 1-11, 1-12, 1-12, 1-12, 1-15, 1-18, 1-20"
2-27,57,ቅዱስ ቢፋሞን ጻድቅና ሰማዕት,ቢፋሞን ጻድቅና,monthly,NO_BOOK,,,
2-27,57,ማር ቅዱስ ፊቅጦር ሰማዕት,ማር ቅዱስ ፊቅጦር,monthly,CORRECT,GZ-MEL-008:መልክዐ ሊቀ መላእክት ቅዱስ ሱርያል በግእዝ | GZ-MEL-162:መልክዐ ፊቅጦር በግእዝ | GZ-GDL-027:ገድለ ቅዱስ ፊቅጦር በግእዝ | AM-GDL-029:ገድለ ቅዱስ ፊቅጦር በአማርኛ,AM-MEL-012:መልክዐ ቅዱስ መስቀል በአማርኛ | AM-MEL-013:መልክዐ ቅዱስ ሚናስ በአማርኛ | AM-MEL-014:መልክዐ ቅዱስ ራጉኤል በአማርኛ | AM-MEL-015:መልክዐ ቅዱስ ቂርቆስ በአማርኛ | AM-MEL-016:መልክዐ ቅዱስ ዮሐንስ ወንጌላዊ በአማርኛ | AM-TEA-003:ተአምኆ ዘሥሉስ ቅዱስ መልክዕ በአማርኛ | AM-MEL-033:የሐዋርያው የቅዱስ ታዴዎስ መልክዕ በአማርኛ | AM-MEL-036:የሰማዕቱ ቅዱስ ጊጋር መልክዕ በአማርኛ | AM-MEL-039:የቅዱስ መርምሕናም መልክዕ በአማርኛ | AM-MEL-040:የቅዱስ መስቀል 3ኛ መልክዕ በአማርኛ | AM-MEL-041:የቅዱስ ሚካኤል 3ኛ መልክዕ በአማርኛ | AM-MEL-042:የቅዱስ ማርቆስ 2ኛ መልክዕ በአማርኛ | AM-MEL-043:የቅዱስ ሩፋኤል መልክዕ በአማርኛ | AM-MEL-044:የቅዱስ አቦሊ መልክዕ በአማርኛ | AM-MEL-045:የቅዱስ እስጢፋኖስ 2ኛ መልክዕ በአማርኛ | AM-MEL-046:የቅዱስ እንድርያስ ሐዋርያ መልክዕ በአማርኛ | AM-MEL-047:የቅዱስ ዮሐንስ 2ኛ መልክዕ በአማርኛ | AM-MEL-048:የቅዱስ ዮሐንስ መጥምቅ መልክዕ በአማርኛ | AM-MEL-049:የቅዱስ ዳዊት መልክዕ በአማርኛ | AM-MEL-050:የቅዱስ ገብርኤል መልክዕ በአማርኛ | AM-MEL-051:የቅዱስ ጊዮርጊስ መልክዕ በአማርኛ | AM-MEL-052:የነቢዩ የቅዱስ ኤልያስ 3ኛ መልክዕ በአማርኛ | AM-MEL-065:ጸሎተ መልክዐ ሥቃዩ ለቅዱስ ጊዮርጊስ ሊቀ ሰማዕታት በአማርኛ | AM-MEL-066:ጸሎተ መልክዕ ዘቅዱስ ጊዮርጊስ ሊቀ ሰማዕታት በአማርኛ | AM-MEL-067:ጸሎተ መልክዕ ዘቅዱስ ጊዮርጊስ ሊቀ ሰማዕታት ካልዕ በአማርኛ | AM-SIB-001:ስብሐተ ፍቁር ዘቅዱስ ጊዮርጊስ ሊቀ ሰማዕታት በአማርኛ | AM-TEA-002:ተአምኆ ዘሥሉስ ቅዱስ በአማርኛ | GZ-MEL-004:መልክዐ ሊቀ መላእክት ቅዱስ ሚካኤል ሣልስ በግእዝ | GZ-MEL-005:መልክዐ ሊቀ መላእክት ቅዱስ ሚካኤል ካልዕ በግእዝ | GZ-MEL-006:መልክዐ ሊቀ መላእክት ቅዱስ ሩፋኤል በግእዝ | GZ-MEL-007:መልክዐ ሊቀ መላእክት ቅዱስ ራጉኤል በግእዝ | GZ-MEL-008:መልክዐ ሊቀ መላእክት ቅዱስ ሱርያል በግእዝ | GZ-MEL-009:መልክዐ ሊቀ መላእክት ቅዱስ በግእዝ | GZ-MEL-010:መልክዐ ሊቀ መላእክት ቅዱስ አፍኒን በግእዝ | GZ-MEL-011:መልክዐ ሊቀ መላእክት ቅዱስ ዑራኤል በግእዝ | GZ-MEL-012:መልክዐ ሊቀ መላእክት ቅዱስ ዑራኤል ካልእ በግእዝ | GZ-MEL-013:መልክዐ ሊቀ መላእክት ቅዱስ ገብርኤል በግእዝ | GZ-MEL-014:መልክዐ ሊቀ መላእክት ቅዱስ ገብርኤል ካልዕ (ደቅስዮስ) በግእዝ | GZ-MEL-015:መልክዐ ሊቀ መላእክት ቅዱስ ፋኑኤል በግእዝ | GZ-MEL-016:መልክዐ ሊቀ ሰማዕታት ቅዱስ እስጢፋኖስ በግእዝ | GZ-MEL-017:መልክዐ ሊቀ ሰማዕታት ቅዱስ እስጢፋኖስ ካልእ በግእዝ | GZ-MEL-034:መልክዐ ሥሉስ ቅዱስ በግእዝ | GZ-MEL-039:መልክዐ ሰማዕት ቅዱስ መርቆሬዎስ በግእዝ | GZ-MEL-040:መልክዐ ሰማዕት ቅዱስ ቴዎድሮስ በግእዝ | GZ-MEL-041:መልክዐ ሰማዕት ቅዱስ ፋሲለደስ በግእዝ | GZ-MEL-049:መልክዐ ቅዱስ መርምሕናም በግእዝ | GZ-MEL-050:መልክዐ ቅዱስ መስቀል ሣልስ በግእዝ | GZ-MEL-051:መልክዐ ቅዱስ መስቀል በግእዝ | GZ-MEL-052:መልክዐ ቅዱስ ሚናስ በግእዝ | GZ-MEL-053:መልክዐ ቅዱስ ማርቆስ ካልእ በግእዝ | GZ-MEL-054:መልክዐ ቅዱስ ቂርቆስ በግእዝ | GZ-MEL-055:መልክዐ ቅዱስ ታዴዎስ በግእዝ | GZ-MEL-056:መልክዐ ቅዱስ አባዲር በግእዝ | GZ-MEL-057:መልክዐ ቅዱስ አቦሊ በግእዝ | GZ-MEL-058:መልክዐ ቅዱስ አግናጥዮስ ምጥው ለአንበሳ በግእዝ | GZ-MEL-059:መልክዐ ቅዱስ ኤልያስ ነቢይ ሣልስ በግእዝ | GZ-MEL-060:መልክዐ ቅዱስ ዮሐንስ መጥምቅ በግእዝ | GZ-MEL-061:መልክዐ ቅዱስ ዮሐንስ ካልእ በግእዝ | GZ-MEL-062:መልክዐ ቅዱስ ዮሐንስ ወንጌላዊ በግእዝ | GZ-MEL-063:መልክዐ ቅዱስ ዮስጦስ በግእዝ | GZ-MEL-064:መልክዐ ቅዱስ ዳዊት በግእዝ | GZ-MEL-065:መልክዐ ቅዱስ ጊዮርጊስ በግእዝ | GZ-MEL-151:መልክዐ ገብረ መንፈስ ቅዱስ በግእዝ | GZ-MEL-152:መልክዐ ገብረ መንፈስ ቅዱስ ካልዕ በግእዝ | GZ-MEL-162:መልክዐ ፊቅጦር በግእዝ | GZ-TEA-002:ተአምኆ ዘሥሉስ ቅዱስ በግእዝ | GZ-TEA-003:ተአምኆ ዘሥሉስ ቅዱስ በግእዝ ካልእ | GZ-MEL-165:መልክዐ ሊቀ መላእክት ቅዱስ ሚካኤል ካልዕ በግእ | AM-GDL-001:ገድለ ቅዱስ አባ ጊዮርጊስ ዘጋሥጫ በአማርኛ | GZ-GDL-002:ገድለ ሰማዕት ቅዱስ መርቆሬዎስ በግእዝ | GZ-DRS-003:ድርሳነ ቅዱስ ራጉኤል በግእዝ | AM-DRS-001:የቅዱስ ኢያቄምና- የቅድስት ሐና ድርሳን በአማርኛ | GZ-GDL-007:ገድለ ቅዱስ አባ ጊዮርጊስ ዘጋሥጫ በግእዝ | AM-GDL-007:ገድለ አቡነ ገብረ መንፈስ ቅዱስ በአማርኛ | GZ-GDL-008:ገድለ ቅዱስ ዞሲማስ በግእዝ | AM-GDL-009:ገድለ ቅዱስ እስጢፋኖስ አማርኛ | GZ-GDL-009:ገድለ ቅዱስ ሱስንዮስ በግእዝ | GZ-GDL-010:ገድለ ቅዱስ ዮስጦስ በግእዝ | GZ-GDL-012:ገድለ ቅዱስ ቈጵርያኖስ ወቅድስት ኢዩስጣ በግእዝ | AM-GDL-013:የቅዱስ ዮሐንስ ገድል በአማርኛ | GZ-GDL-014:ገድለ ቅዱስ ጊዮርጊስ ሰማዕት በግእዝ | AM-GDL-015:ገድለ ሰማዕት ቅዱስ መርቆሬዎስ በአማርኛ | AM-GDL-018:ገድለ ቅዱስ ጊዮርጊስ ሰማዕት በአማርኛ | GZ-DRS-007:ድርሳን ዘቅዱስ ኢያቄም ወቅድስት ሐና በግእዝ | GZ-GDL-021:ድርሳን ወገድል ዘቅዱስ ያሬድ በግእዝ | GZ-GDL-022:ገድለ ቅዱስ እስጢፋኖስ በግእዝ | GZ-GDL-027:ገድለ ቅዱስ ፊቅጦር በግእዝ | AM-GDL-023:የቅዱስ ቂርቆስና የቅድስት ኢየሉጣ ገድል በአማርኛ | GZ-GDL-030:ገድለ ቅዱስ ቴዎድሮስ በግእዝ | GZ-DRS-009:ድርሳን ቅዱስ ሩፋኤል በግእዝ | GZ-GDL-031:ገድለ ሰማዕት ቅዱስ ቴዎድሮስ በግእዝ | AM-GDL-024:ገድለ ቅዱስ አቡነ አቢብ በአማርኛ | AM-GDL-025:ገድለ ቅዱስ ዞሲማስ በአማርኛ | AM-DRS-010:ድርሳነ ቅዱስ ራጉኤል በአማርኛ | AM-GDL-029:ገድለ ቅዱስ ፊቅጦር በአማርኛ | AM-GDL-030:ገድለ ሰማዕት ቅዱስ ቴዎድሮስ በአማርኛ,"None-None, None-None, None-None, None-None, 1-1, 1-1, 1-1, 1-1, 1-1, 1-1"
2-28,58,አባ ይምዓታ ጻድቅ (ከተስዓቱ ቅዱሳን),ይምዓታ ጻድቅ,annual,WRONG_DATE,,AM-MEL-003:መልክዐ ለአቡነ አቢብ ጻድቅ በአማርኛ | AM-MEL-021:መልክዐ አቡነ ዮሐንስ ጻድቅ በአማርኛ | AM-MEL-060:የአቡነ አባለ ክርስቶስ ጻድቅ መልክዕ በአማርኛ,"1-16, 1-25, 2-16, 2-25, 3-16, 3-25, 4-16, 4-19, 4-25, 5-16"
2-28,58,ቅዱሳን መርትያኖስ ወመርቆሬዎስ (ሰማዕታት),መርትያኖስ ወመርቆሬዎስ,annual,NO_BOOK,,,
2-28,58,አባታችን ያፌት (የኖኅ ልጅ),አባታችን ያፌት,annual,WRONG_DATE,,AM-MEL-063:የአባታችን አብርሃም መልክዕ በአማርኛ,"11-7, 12-28"
2-28,58,አማኑኤል ቸር አምላካችን,አማኑኤል ቸር አምላካችን,monthly,CORRECT,GZ-MEL-072:መልክዐ አማኑኤል በግእዝ,GZ-MEL-072:መልክዐ አማኑኤል በግእዝ,"1-28, 2-28, 3-28, 4-28, 5-28, 6-28, 7-28, 8-28, 9-28, 10-28"
2-28,58,ቅዱሳን አበው (አብርሃም ይስሐቅና ያዕቆብ),አበው,monthly,WRONG_DATE,,AM-ZNA-002:ዜና አበው በአማርኛ,"3-4, 5-26"
2-28,58,ቅዱስ እንድራኒቆስና ሚስቱ ቅድስት አትናስያ,እንድራኒቆስና ሚስቱ ቅድስት አትናስያ,monthly,NO_BOOK,,,
2-28,58,ቅድስት ዓመተ ክ ክርስቶስ,ዓመተ ክ ክርስቶስ,monthly,WRONG_DATE,,AM-MEL-018:መልክዐ ቅድስት ፍቅርተ ክርስቶስ በአማርኛ | AM-MEL-060:የአቡነ አባለ ክርስቶስ ጻድቅ መልክዕ በአማርኛ | AM-MIK-001:ምክሓ ምእመናን ክርስቶስ በአማርኛ | GZ-MEL-066:መልክዐ ቅድስት ፍቅርተ ክርስቶስ በግእዝ | GZ-MEL-082:መልክዐ አቡነ ሠምረ ክርስቶስ በግእዝ | GZ-MEL-096:መልክዐ አቡነ አባለ ክርስቶስ በግእዝ | GZ-MEL-136:መልክዐ እስትንፋሰ ክርስቶስ በግእዝ | GZ-MEL-143:መልክዐ ክርስቶስ ሠምራ በግእዝ | GZ-MEL-148:መልክዐ ይምርሃነ ክርስቶስ በግእዝ | GZ-MEL-153:መልክዐ ገብረ ክርስቶስ በግእዝ | GZ-MZM-001:መዝሙረ ክርስቶስ በግእዝ | GZ-MZM-002:መዝሙረ ክርስቶስ ካልዕ በግእዝ | GZ-MZM-003:መዝሙረ ክርስቶስ ዘመኃልየ መኃልይ። በግእዝ | GZ-GDL-006:ገድለ አቡነ እስትንፋስ ክርስቶስ በግእዝ | AM-GDL-005:ገድለ ቅድስት ክርስቶስ ሠምራ በአማርኛ | AM-GDL-014:የአቡነ እስትንፋሰ ክርስቶስ ገድል በአማርኛ | GZ-GDL-019:ገድለ ቅድስት ክርስቶስ ሠምራ በግእዝ | GZ-GDL-023:ገድለ አቡነ መዝራዕተ ክርስቶስ በግእዝ | TI-GDL-002:ገድሊ አቡነ እስትንፋስ ክርስቶስ ትግርኛ,"1-9, 1-9, 1-9, 1-9, 1-24, 1-24, 1-24, 1-27, 1-29, 1-29"
2-28,58,ቅዱስ ቴዎድሮስ ሮማዊ (ሰማዕት),ቴዎድሮስ ሮማዊ,monthly,WRONG_DATE,,GZ-MEL-040:መልክዐ ሰማዕት ቅዱስ ቴዎድሮስ በግእዝ | GZ-GDL-030:ገድለ ቅዱስ ቴዎድሮስ በግእዝ | GZ-GDL-031:ገድለ ሰማዕት ቅዱስ ቴዎድሮስ በግእዝ | AM-GDL-030:ገድለ ሰማዕት ቅዱስ ቴዎድሮስ በአማርኛ,"1-12, 1-12, 1-12, 1-12, 1-20, 1-20, 1-20, 1-20, 2-12, 2-12"
2-28,58,ቅዱስ አባዲርና ቅድስት ኢራኢ,አባዲርና ቅድስት ኢራኢ,monthly,WRONG_DATE,,GZ-GDL-026:ገድለ ቅዱሳን አባዲር ወኢራኢ በግእዝ,1-28
2-29,59,አቡነ ሳሙኤል ጻድቅ (ዘደብረ ወገግ),ሳሙኤል ጻድቅ,annual,CORRECT,GZ-MEL-084:መልክዐ አቡነ ሳሙኤል በግእዝ ሣልስ በግእዝ,AM-MEL-003:መልክዐ ለአቡነ አቢብ ጻድቅ በአማርኛ | AM-MEL-021:መልክዐ አቡነ ዮሐንስ ጻድቅ በአማርኛ | AM-MEL-054:የአቡነ ሳሙኤል ዘዋልድባ መልክዕ በአማርኛ | AM-MEL-055:የአቡነ ሳሙኤል ዘዋልድባ ኹለተኛ መልክዕ በአማርኛ | AM-MEL-060:የአቡነ አባለ ክርስቶስ ጻድቅ መልክዕ በአማርኛ | GZ-MEL-084:መልክዐ አቡነ ሳሙኤል በግእዝ ሣልስ በግእዝ | GZ-MEL-085:መልክዐ አቡነ ሳሙኤል ዘዋልድባ በግእዝ | GZ-MEL-086:መልክዐ አቡነ ሳሙኤል ዘዋልድባ ካልዕ በግእዝ,"1-12, 1-12, 1-12, 1-12, 1-12, 1-16, 1-25, 2-12, 2-12, 2-12"
2-29,59,አባ ጸቃውዐ ድንግል (ዘደብረ ዘኸኝ),ጸቃውዐ ድንግል,annual,WRONG_DATE,,AM-MEL-019:መልክዐ አቡነ ሐራ ድንግል በአማርኛ | GZ-MEL-021:መልክዐ ሐራ ድንግል በግእዝ,"1-11, 1-11, 2-11, 2-11, 3-11, 3-11, 4-11, 4-11, 5-11, 5-11"
2-29,59,ቅዱስ ድሜጥሮስ ሰማዕት,ድሜጥሮስ,annual,NO_BOOK,,,
2-29,59,ቅዱስ ስቅጣር ሰማዕት,ስቅጣር,annual,NO_BOOK,,,
2-29,59,የፈጣሪያችን ኢየሱስ ክርስቶስ ልደት,የፈጣሪያችን ኢየሱስ ክርስቶስ ልደት,monthly,NO_BOOK,,,
2-29,59,ቅዱስ ዼጥሮስ ተፍጻሜተ ሰማዕት,ዼጥሮስ ተፍጻሜተ,monthly,NO_BOOK,,,
2-29,59,ቅዱስ ማርቆስ ዘቶርማቅ,ማርቆስ ዘቶርማቅ,monthly,WRONG_DATE,,AM-MEL-042:የቅዱስ ማርቆስ 2ኛ መልክዕ በአማርኛ | AM-MEL-062:የአቡነ ዜና ማርቆስ መልክዕ በአማርኛ | GZ-MEL-030:መልክዐ ማርቆስ በግእዝ | GZ-MEL-053:መልክዐ ቅዱስ ማርቆስ ካልእ በግእዝ | GZ-MEL-106:መልክዐ አቡነ ዜና ማርቆስ በግእዝ,"1-3, 1-3, 1-30, 1-30, 1-30, 2-3, 2-3, 2-30, 2-30, 2-30"
2-29,59,ቅድስት ፍቅርተ ክርስቶስ ኢትዮዽያዊት,ፍቅርተ ክርስቶስ ኢትዮዽያዊት,monthly,CORRECT,AM-MEL-018:መልክዐ ቅድስት ፍቅርተ ክርስቶስ በአማርኛ | GZ-MEL-066:መልክዐ ቅድስት ፍቅርተ ክርስቶስ በግእዝ,AM-MEL-018:መልክዐ ቅድስት ፍቅርተ ክርስቶስ በአማርኛ | GZ-MEL-066:መልክዐ ቅድስት ፍቅርተ ክርስቶስ በግእዝ,"1-29, 1-29, 2-29, 2-29, 3-29, 3-29, 4-29, 4-29, 5-29, 5-29"
2-29,59,ቅዱስ ዘርዐ ክርስቶስ,ዘርዐ ክርስቶስ,monthly,CORRECT,AM-MEL-018:መልክዐ ቅድስት ፍቅርተ ክርስቶስ በአማርኛ | GZ-MEL-066:መልክዐ ቅድስት ፍቅርተ ክርስቶስ በግእዝ | GZ-MZM-001:መዝሙረ ክርስቶስ በግእዝ | GZ-MZM-002:መዝሙረ ክርስቶስ ካልዕ በግእዝ | GZ-MZM-003:መዝሙረ ክርስቶስ ዘመኃልየ መኃልይ። በግእዝ,AM-MEL-018:መልክዐ ቅድስት ፍቅርተ ክርስቶስ በአማርኛ | AM-MEL-060:የአቡነ አባለ ክርስቶስ ጻድቅ መልክዕ በአማርኛ | AM-MEL-061:የአቡነ ዘርዐ ቡሩክ መልክዕ በአማርኛ | AM-MIK-001:ምክሓ ምእመናን ክርስቶስ በአማርኛ | GZ-MEL-066:መልክዐ ቅድስት ፍቅርተ ክርስቶስ በግእዝ | GZ-MEL-082:መልክዐ አቡነ ሠምረ ክርስቶስ በግእዝ | GZ-MEL-096:መልክዐ አቡነ አባለ ክርስቶስ በግእዝ | GZ-MEL-105:መልክዐ አቡነ ዘርዐ ቡሩክ በግእዝ | GZ-MEL-136:መልክዐ እስትንፋሰ ክርስቶስ በግእዝ | GZ-MEL-143:መልክዐ ክርስቶስ ሠምራ በግእዝ | GZ-MEL-148:መልክዐ ይምርሃነ ክርስቶስ በግእዝ | GZ-MEL-153:መልክዐ ገብረ ክርስቶስ በግእዝ | GZ-MZM-001:መዝሙረ ክርስቶስ በግእዝ | GZ-MZM-002:መዝሙረ ክርስቶስ ካልዕ በግእዝ | GZ-MZM-003:መዝሙረ ክርስቶስ ዘመኃልየ መኃልይ። በግእዝ | GZ-GDL-004:ገድለ አቡነ ዘርዐ ቡሩከ በግእዝ | GZ-GDL-006:ገድለ አቡነ እስትንፋስ ክርስቶስ በግእዝ | AM-GDL-005:ገድለ ቅድስት ክርስቶስ ሠምራ በአማርኛ | AM-GDL-012:ገድለ አቡነ ዘርዐ ቡሩከ በአማርኛ | AM-GDL-014:የአቡነ እስትንፋሰ ክርስቶስ ገድል በአማርኛ | GZ-GDL-013:ገድለ ዘርዐ አብርሃም በግእዝ | GZ-GDL-019:ገድለ ቅድስት ክርስቶስ ሠምራ በግእዝ | GZ-GDL-023:ገድለ አቡነ መዝራዕተ ክርስቶስ በግእዝ | TI-GDL-002:ገድሊ አቡነ እስትንፋስ ክርስቶስ ትግርኛ,"1-9, 1-9, 1-9, 1-9, 1-13, 1-13, 1-13, 1-13, 1-24, 1-24"
2-29,59,ቅድስት አርሴማ ድንግል,አርሴማ ድንግል,monthly,WRONG_DATE,,AM-MEL-019:መልክዐ አቡነ ሐራ ድንግል በአማርኛ | GZ-MEL-021:መልክዐ ሐራ ድንግል በግእዝ | GZ-MEL-042:መልክዐ ሰማዕት ቅድስት አርሴማ በግእዝ | AM-GDL-008:ገድለ ሰማዕት ቅድስት አርሴማ በአማርኛ | GZ-GDL-033:ገድለ ሰማዕት ቅድስት አርሴማ በግእዝ,"1-6, 1-6, 1-6, 1-11, 1-11, 1-29, 1-29, 1-29, 2-6, 2-6"
2-30,60,ቅዱስ ማርቆስ ሐዋርያ,ማርቆስ,annual,CORRECT,AM-MEL-042:የቅዱስ ማርቆስ 2ኛ መልክዕ በአማርኛ | GZ-MEL-030:መልክዐ ማርቆስ በግእዝ | GZ-MEL-053:መልክዐ ቅዱስ ማርቆስ ካልእ በግእዝ,AM-MEL-042:የቅዱስ ማርቆስ 2ኛ መልክዕ በአማርኛ | AM-MEL-062:የአቡነ ዜና ማርቆስ መልክዕ በአማርኛ | GZ-MEL-030:መልክዐ ማርቆስ በግእዝ | GZ-MEL-053:መልክዐ ቅዱስ ማርቆስ ካልእ በግእዝ | GZ-MEL-106:መልክዐ አቡነ ዜና ማርቆስ በግእዝ,"1-3, 1-3, 1-30, 1-30, 1-30, 2-3, 2-3, 2-30, 2-30, 2-30"
2-30,60,ቅዱስ አርስጥቦሎስ (አባቱ),አርስጥቦሎስ,annual,NO_BOOK,,,
2-30,60,ቅድስት ማርያም (እናቱ),ማርያም,annual,WRONG_DATE,,AM-LAH-001:ላሐ ማርያም በአማርኛ | AM-MEL-008:መልክዐ ማርያም ሣልሲት በአማርኛ | AM-MEL-009:መልክዐ ማርያም በአማርኛ | AM-MEL-017:መልክዐ ቅድስት ጸበለ ማርያም በአማርኛ | AM-MEL-064:የጽዮን ማርያም 3ኛ መልክዕ በአማርኛ | AM-RAY-001:ራዕየ ማርያም በአማርኛ | AM-WUD-002:ውዳሴ ማርያም በአማርኛ | GZ-ETA-001:እትአመነኪ ማርያም በሰማይ ወበምድር በግእዝ | GZ-LAH-001:ላሐ ማርያም በግእዝ | GZ-MEL-002:መልከዐ ማርያም ዳግሚት በግእዝ | GZ-MEL-031:መልክዐ ማርያም ሣልሲት በግእዝ | GZ-MEL-032:መልክዐ ማርያም በግእዝ | GZ-MEL-070:መልክዐ ተክለ ማርያም ዘይሰመይ መብዓ ጽዮን በግእዝ | GZ-MEL-099:መልክዐ አቡነ አብሳዲ ዘደብረ ማርያም በግእዝ | GZ-MEL-159:መልክዐ ጸበለ ማርያም ቅድስት በግእዝ | GZ-MEL-161:መልክዐ ጽዮን ማርያም ሣልስ በግእዝ | GZ-WUD-002:ውዳሴ ማርያም በግእዝ | TI-RAY-001:ራእየ ማርያም ብትግርኛ | TI-WUD-001:ውዳሴ ማርያም ብትግርኛ | AM-GDL-002:ገድለ ማርያም እንተ ዕፍረት በአማርኛ | GZ-TAM-001:ተአምረ ማርያም በግእዝ | AM-GDL-003:ገድለ ማርያም መግደላዊት በአማርኛ | GZ-MTS-001:መጽሐፈ ልደታ ለማርያም በግእዝ | AM-TAM-002:ተአምረ ማርያም በአማርኛ,"None-None, None-None, None-None, 1-1, 1-21, 1-21, 1-21, 1-21, 1-21, 1-21"
2-30,60,ቅዱስ ዮሐንስ መጥምቀ መለኮት,ዮሐንስ መጥምቀ መለኮት,annual,CORRECT,AM-MEL-048:የቅዱስ ዮሐንስ መጥምቅ መልክዕ በአማርኛ | GZ-MEL-060:መልክዐ ቅዱስ ዮሐንስ መጥምቅ በግእዝ,AM-MEL-016:መልክዐ ቅዱስ ዮሐንስ ወንጌላዊ በአማርኛ | AM-MEL-020:መልክዐ አቡነ ዕጨጌ ዮሐንስ በአማርኛ | AM-MEL-021:መልክዐ አቡነ ዮሐንስ ጻድቅ በአማርኛ | AM-MEL-047:የቅዱስ ዮሐንስ 2ኛ መልክዕ በአማርኛ | AM-MEL-048:የቅዱስ ዮሐንስ መጥምቅ መልክዕ በአማርኛ | AM-SEY-001:ሰይፈ መለኮት በአማርኛ | GZ-MEL-060:መልክዐ ቅዱስ ዮሐንስ መጥምቅ በግእዝ | GZ-MEL-061:መልክዐ ቅዱስ ዮሐንስ ካልእ በግእዝ | GZ-MEL-062:መልክዐ ቅዱስ ዮሐንስ ወንጌላዊ በግእዝ | GZ-MEL-104:መልክዐ አቡነ ዕጨጌ ዮሐንስ በግእዝ | GZ-MEL-109:መልክዐ አቡነ ዮሐንስ ከማ በግእዝ | GZ-MEL-110:መልክዐ አቡነ ዮሐንስ ዘድብረ ዳጋ በግእዝ | GZ-MEL-149:መልክዐ ዮሐንስ ወልደ ነጎድጓድ በግእዝ | GZ-MEL-150:መልክዐ ዮሐንስ ፍቁረ እግዚእ በግእዝ | GZ-SEY-001:ሰይፈ መለኮት በግእዝ | AM-GDL-013:የቅዱስ ዮሐንስ ገድል በአማርኛ | GZ-GDL-018:ገድለ አቡነ ዮሐንስ በግእዝ | AM-GDL-027:ገድለ አቡነ እጨጌ ዮሐንስ ዘጸገሮ በአማርኛ,"None-None, None-None, 1-1, 1-1, 1-2, 1-2, 1-4, 1-4, 1-4, 1-4"
2-30,60,አባ አብርሃም ገዳማዊ,አብርሃም ገዳማዊ,annual,WRONG_DATE,,AM-MEL-022:መልክዐ አብርሃም ይሥሐቅ ያዕቆብ በአማርኛ | AM-MEL-063:የአባታችን አብርሃም መልክዕ በአማርኛ | GZ-MEL-098:መልክዐ አቡነ አብርሃም በግእዝ | GZ-MEL-124:መልክዐ አብርሃም ይሥሐቅ ወያዕቆብ በግእዝ | GZ-GDL-013:ገድለ ዘርዐ አብርሃም በግእዝ,"1-28, 1-28, 2-28, 2-28, 3-28, 3-28, 4-24, 4-28, 4-28, 5-28"
2-30,60,ቅዱስ ይስሐቅ ንጉሥ,ይስሐቅ ንጉሥ,annual,WRONG_DATE,,GZ-ZNA-002:ዜናሁ ለንጉሥ ገላውዴዎስ በግእዝ | GZ-ZNA-003:ዜና ሕይወቱ ለንጉሥ ላልይበላ በግእዝ,7-27
2-30,60,ቅዱስ ጐርጐርዮስ ነባቤ መለኮት,ጐርጐርዮስ ነባቤ መለኮት,monthly,WRONG_DATE,,AM-SEY-001:ሰይፈ መለኮት በአማርኛ | GZ-SEY-001:ሰይፈ መለኮት በግእዝ,"None-None, None-None"
2-30,60,ቅድስት ሶፍያ ሰማዕት,ሶፍያ,monthly,NO_BOOK,,,
2-30,60,አባ ሣሉሲ ክቡር ጻድቅ,ሣሉሲ ክቡር,monthly,NO_BOOK,,,
3-1,61,ቅዱስ ነአኩቶ ለአብ ጻድቅ (ንጉሠ ኢትዮዽያ),ነአኩቶ ለአብ ጻድቅ,annual,WRONG_DATE,,AM-MEL-003:መልክዐ ለአቡነ አቢብ ጻድቅ በአማርኛ | AM-MEL-021:መልክዐ አቡነ ዮሐንስ ጻድቅ በአማርኛ | AM-MEL-060:የአቡነ አባለ ክርስቶስ ጻድቅ መልክዕ በአማርኛ,"1-16, 1-25, 2-16, 2-25, 3-16, 3-25, 4-16, 4-19, 4-25, 5-16"
3-1,61,ቅዱሳን መክሲሞስና ባልንጀሮቹ (ሰማዕታት),መክሲሞስና ባልንጀሮቹ,annual,NO_BOOK,,,
3-1,61,ልደታ ለማርያም ድንግል እግዝእትነ,ልደታ ለማርያም ድንግል እግዝእትነ,monthly,CORRECT,GZ-MEL-020:መልክዐ ልደታ በግእዝ | GZ-MTS-001:መጽሐፈ ልደታ ለማርያም በግእዝ,GZ-MEL-020:መልክዐ ልደታ በግእዝ | GZ-MTS-001:መጽሐፈ ልደታ ለማርያም በግእዝ,"1-1, 1-1, 2-1, 2-1, 3-1, 3-1, 4-1, 4-1, 5-1, 5-1"
3-1,61,ቅዱሳን ኢያቄም ወሐና,ኢያቄም ወሐና,monthly,CORRECT,GZ-MEL-133:መልክዐ ኢያቄም በግእዝ | AM-DRS-001:የቅዱስ ኢያቄምና- የቅድስት ሐና ድርሳን በአማርኛ | GZ-DRS-007:ድርሳን ዘቅዱስ ኢያቄም ወቅድስት ሐና በግእዝ,GZ-MEL-133:መልክዐ ኢያቄም በግእዝ | AM-DRS-001:የቅዱስ ኢያቄምና- የቅድስት ሐና ድርሳን በአማርኛ | GZ-DRS-007:ድርሳን ዘቅዱስ ኢያቄም ወቅድስት ሐና በግእዝ,"1-1, 1-1, 1-1, 1-3, 1-3, 1-3, 1-7, 1-7, 1-7, 1-11"
3-1,61,ቅዱስ በርተሎሜዎስ ሐዋርያ,በርተሎሜዎስ,monthly,NO_BOOK,,,
3-1,61,ቅዱስ ሚልኪ ትሩፈ ምግባር,ሚልኪ ትሩፈ ምግባር,monthly,NO_BOOK,,,
3-1,61,ቅዱስ ራጉኤል ሊቀ መላእክት,ራጉኤል ሊቀ መላእክት,monthly,CORRECT,AM-MEL-014:መልክዐ ቅዱስ ራጉኤል በአማርኛ | GZ-MEL-007:መልክዐ ሊቀ መላእክት ቅዱስ ራጉኤል በግእዝ | GZ-DRS-003:ድርሳነ ቅዱስ ራጉኤል በግእዝ | AM-DRS-010:ድርሳነ ቅዱስ ራጉኤል በአማርኛ,AM-DIR-001:የሰባቱ ሊቃነ መላእክት ድርሳን በአማርኛ | AM-MEL-014:መልክዐ ቅዱስ ራጉኤል በአማርኛ | AM-MEL-038:የቅዱሳን አእላፍ መላእክት 2ኛ መልክዕ በአማርኛ | GZ-MEL-004:መልክዐ ሊቀ መላእክት ቅዱስ ሚካኤል ሣልስ በግእዝ | GZ-MEL-005:መልክዐ ሊቀ መላእክት ቅዱስ ሚካኤል ካልዕ በግእዝ | GZ-MEL-006:መልክዐ ሊቀ መላእክት ቅዱስ ሩፋኤል በግእዝ | GZ-MEL-007:መልክዐ ሊቀ መላእክት ቅዱስ ራጉኤል በግእዝ | GZ-MEL-008:መልክዐ ሊቀ መላእክት ቅዱስ ሱርያል በግእዝ | GZ-MEL-009:መልክዐ ሊቀ መላእክት ቅዱስ በግእዝ | GZ-MEL-010:መልክዐ ሊቀ መላእክት ቅዱስ አፍኒን በግእዝ | GZ-MEL-011:መልክዐ ሊቀ መላእክት ቅዱስ ዑራኤል በግእዝ | GZ-MEL-012:መልክዐ ሊቀ መላእክት ቅዱስ ዑራኤል ካልእ በግእዝ | GZ-MEL-013:መልክዐ ሊቀ መላእክት ቅዱስ ገብርኤል በግእዝ | GZ-MEL-014:መልክዐ ሊቀ መላእክት ቅዱስ ገብርኤል ካልዕ (ደቅስዮስ) በግእዝ | GZ-MEL-015:መልክዐ ሊቀ መላእክት ቅዱስ ፋኑኤል በግእዝ | GZ-MEL-125:መልክዐ አእላፍ መላእክት በግእዝ | GZ-MEL-126:መልክዐ አእላፍ መላእክት ካልእ በግእዝ | GZ-MEL-165:መልክዐ ሊቀ መላእክት ቅዱስ ሚካኤል ካልዕ በግእ | GZ-DRS-003:ድርሳነ ቅዱስ ራጉኤል በግእዝ | AM-DRS-010:ድርሳነ ቅዱስ ራጉኤል በአማርኛ,"1-1, 1-1, 1-1, 1-1, 1-3, 1-9, 1-9, 1-9, 1-12, 1-12"
3-2,62,አባ ዼጥሮስ ሊቀ ዻዻሳት ሣልስ,ዼጥሮስ ሊቀ ዻዻሳት ሣልስ,annual,WRONG_DATE,,GZ-MEL-004:መልክዐ ሊቀ መላእክት ቅዱስ ሚካኤል ሣልስ በግእዝ | GZ-MEL-027:መልክዐ መድኀኔ ዓለም ሣልስ በግዕዝ | GZ-MEL-050:መልክዐ ቅዱስ መስቀል ሣልስ በግእዝ | GZ-MEL-059:መልክዐ ቅዱስ ኤልያስ ነቢይ ሣልስ በግእዝ | GZ-MEL-084:መልክዐ አቡነ ሳሙኤል በግእዝ ሣልስ በግእዝ | GZ-MEL-161:መልክዐ ጽዮን ማርያም ሣልስ በግእዝ,"1-6, 1-9, 1-10, 1-12, 1-12, 1-17, 1-18, 1-19, 1-21, 1-25"
3-2,62,አባ ሱንትዩ ሊቀ ዻዻሳት,ሱንትዩ ሊቀ ዻዻሳት,annual,NO_BOOK,,,
3-2,62,ቅድስት ሴቴንዋ ነቢዪት,ሴቴንዋ ነቢዪት,annual,NO_BOOK,,,
3-2,62,ቅድስት አንስጣስያ,አንስጣስያ,annual,NO_BOOK,,,
3-2,62,ቅዱስ ታዴዎስ ሐዋርያ (ከ፲፪ቱ ሐዋርያት),ታዴዎስ ሐዋርያ,monthly,CORRECT,AM-MEL-033:የሐዋርያው የቅዱስ ታዴዎስ መልክዕ በአማርኛ | GZ-MEL-055:መልክዐ ቅዱስ ታዴዎስ በግእዝ,AM-MEL-033:የሐዋርያው የቅዱስ ታዴዎስ መልክዕ በአማርኛ | AM-MEL-046:የቅዱስ እንድርያስ ሐዋርያ መልክዕ በአማርኛ | GZ-MEL-023:መልክዐ ሐዋርያት በግእዝ | GZ-MEL-055:መልክዐ ቅዱስ ታዴዎስ በግእዝ | GZ-MEL-137:መልክዐ እንድርያስ ሐዋርያ በግእዝ | GZ-GDL-017:ገድለ አቡነ ተክለ ሐዋርያት በግእዝ | GZ-GDL-032:መጽሐፈ ገድለ ቅዱሳን ሐዋርያት በግእዝ | AM-ZNA-003:ዜና ሐዋርያት በአማርኛ,"1-2, 1-2, 1-4, 1-4, 2-2, 2-2, 2-4, 2-4, 3-2, 3-2"
3-2,62,ቅዱስ ኢዮብ ጻድቅ ተአጋሲ,ኢዮብ ጻድቅ ተአጋሲ,monthly,NO_BOOK,,,
3-2,62,ቅዱስ አቤል ጻድቅ,አቤል,monthly,NO_BOOK,,,
3-2,62,ቅዱስ አባ ዻውሊ ገዳማዊ (ታላቁ),ዻውሊ ገዳማዊ,monthly,NO_BOOK,,,
3-2,62,ቅዱስ ዮሐንስ ነቢይ (መጥምቀ መለኮት),ዮሐንስ ነቢይ,monthly,CORRECT,AM-MEL-048:የቅዱስ ዮሐንስ መጥምቅ መልክዕ በአማርኛ | GZ-MEL-060:መልክዐ ቅዱስ ዮሐንስ መጥምቅ በግእዝ,AM-MEL-016:መልክዐ ቅዱስ ዮሐንስ ወንጌላዊ በአማርኛ | AM-MEL-020:መልክዐ አቡነ ዕጨጌ ዮሐንስ በአማርኛ | AM-MEL-021:መልክዐ አቡነ ዮሐንስ ጻድቅ በአማርኛ | AM-MEL-047:የቅዱስ ዮሐንስ 2ኛ መልክዕ በአማርኛ | AM-MEL-048:የቅዱስ ዮሐንስ መጥምቅ መልክዕ በአማርኛ | GZ-MEL-059:መልክዐ ቅዱስ ኤልያስ ነቢይ ሣልስ በግእዝ | GZ-MEL-060:መልክዐ ቅዱስ ዮሐንስ መጥምቅ በግእዝ | GZ-MEL-061:መልክዐ ቅዱስ ዮሐንስ ካልእ በግእዝ | GZ-MEL-062:መልክዐ ቅዱስ ዮሐንስ ወንጌላዊ በግእዝ | GZ-MEL-104:መልክዐ አቡነ ዕጨጌ ዮሐንስ በግእዝ | GZ-MEL-109:መልክዐ አቡነ ዮሐንስ ከማ በግእዝ | GZ-MEL-110:መልክዐ አቡነ ዮሐንስ ዘድብረ ዳጋ በግእዝ | GZ-MEL-149:መልክዐ ዮሐንስ ወልደ ነጎድጓድ በግእዝ | GZ-MEL-150:መልክዐ ዮሐንስ ፍቁረ እግዚእ በግእዝ | AM-GDL-013:የቅዱስ ዮሐንስ ገድል በአማርኛ | AM-DRS-005:ድርሳነ ኤልያስ ነቢይ በአማርኛ | GZ-GDL-018:ገድለ አቡነ ዮሐንስ በግእዝ | AM-GDL-027:ገድለ አቡነ እጨጌ ዮሐንስ ዘጸገሮ በአማርኛ,"1-1, 1-1, 1-2, 1-2, 1-4, 1-4, 1-4, 1-4, 1-4, 1-4"
3-2,62,ሊቁ አባ ሕርያቆስ,ሊቁ አባ ሕርያቆስ,monthly,NO_BOOK,,,
3-2,62,ቅዱስ ሳዊሮስ ዘአንጾኪያ,ሳዊሮስ ዘአንጾኪያ,monthly,NO_BOOK,,,
3-3,63,አቡነ መድኃኒነ እግዚእ ጻድቅ (ዘደብረ በንኮል),መድኃኒነ እግዚእ ጻድቅ,annual,CORRECT,GZ-MEL-078:መልክዐ አቡነ መድኃኒነ እግዚእ በግእዝ,AM-MEL-003:መልክዐ ለአቡነ አቢብ ጻድቅ በአማርኛ | AM-MEL-021:መልክዐ አቡነ ዮሐንስ ጻድቅ በአማርኛ | AM-MEL-060:የአቡነ አባለ ክርስቶስ ጻድቅ መልክዕ በአማርኛ | GZ-MEL-078:መልክዐ አቡነ መድኃኒነ እግዚእ በግእዝ,"1-3, 1-16, 1-25, 2-3, 2-16, 2-25, 3-3, 3-16, 3-25, 4-3"
3-3,63,ቅዱስ ዓምደ ሚካኤል ጻድቅ (የሠራዊት አለቃ),ዓምደ ሚካኤል ጻድቅ,annual,WRONG_DATE,,AM-MEL-003:መልክዐ ለአቡነ አቢብ ጻድቅ በአማርኛ | AM-MEL-021:መልክዐ አቡነ ዮሐንስ ጻድቅ በአማርኛ | AM-MEL-060:የአቡነ አባለ ክርስቶስ ጻድቅ መልክዕ በአማርኛ,"1-16, 1-25, 2-16, 2-25, 3-16, 3-25, 4-16, 4-19, 4-25, 5-16"
3-3,63,ቅዱስ ኪርያቆስ ሊቅ,ኪርያቆስ ሊቅ,annual,NO_BOOK,,,
3-3,63,ቅዱስ ነአኩቶ ለአብ ንጉሥ (ልደቱ),ነአኩቶ ለአብ ንጉሥ,annual,WRONG_DATE,,GZ-ZNA-002:ዜናሁ ለንጉሥ ገላውዴዎስ በግእዝ | GZ-ZNA-003:ዜና ሕይወቱ ለንጉሥ ላልይበላ በግእዝ,7-27
3-3,63,ቅዱሳን አትናቴዎስና እህቱ ኢራኢ (ሰማዕታት),አትናቴዎስና እህቱ ኢራኢ,annual,WRONG_DATE,,GZ-GDL-026:ገድለ ቅዱሳን አባዲር ወኢራኢ በግእዝ,1-28
3-3,63,አቡነ ፍሬ ካህን,ፍሬ ካህን,annual,NO_BOOK,,,
3-3,63,በዓታ ለእግዝእትነ ማርያም ድንግል ወላዲተ አምላክ,በዓታ ለእግዝእትነ ማርያም ድንግል ወላዲተ አምላክ,monthly,WRONG_DATE,,AM-WUD-003:ውዳሴ አምላክ በአማርኛ | GZ-MEL-088:መልክዐ አቡነ ቡሩከ አምላክ ዘደብረ ኮል በግእዝ | GZ-MEL-089:መልክዐ አቡነ ብፁዓ አምላክ ዘደብረ ምዕዋን ወዘደብረ ኰዳዱ በግእዝ | TI-WUD-002:ውዳሴ አምላክ ብትግርኛ,"None-None, None-None, 4-1, 9-9, 12-14"
3-3,63,ቅዱሳን ኢያቄም ወሐና,ኢያቄም ወሐና,monthly,CORRECT,GZ-MEL-133:መልክዐ ኢያቄም በግእዝ | AM-DRS-001:የቅዱስ ኢያቄምና- የቅድስት ሐና ድርሳን በአማርኛ | GZ-DRS-007:ድርሳን ዘቅዱስ ኢያቄም ወቅድስት ሐና በግእዝ,GZ-MEL-133:መልክዐ ኢያቄም በግእዝ | AM-DRS-001:የቅዱስ ኢያቄምና- የቅድስት ሐና ድርሳን በአማርኛ | GZ-DRS-007:ድርሳን ዘቅዱስ ኢያቄም ወቅድስት ሐና በግእዝ,"1-1, 1-1, 1-1, 1-3, 1-3, 1-3, 1-7, 1-7, 1-7, 1-11"
3-3,63,ቅዱሳን ሊቃነ ካህናት አበው (ዘካርያስና ስምዖን),ሊቃነ ካህናት አበው,monthly,WRONG_DATE,,AM-DIR-001:የሰባቱ ሊቃነ መላእክት ድርሳን በአማርኛ | AM-ZNA-002:ዜና አበው በአማርኛ,"1-13, 2-13, 3-4, 3-13, 4-13, 5-13, 5-26, 6-13, 7-13, 8-13"
3-3,63,አባ ሊባኖስ ዘመጣዕ,ሊባኖስ ዘመጣዕ,monthly,CORRECT,AM-MEL-053:የአቡነ ሊባኖስ 2ኛ መልክዕ በአማርኛ | GZ-MEL-018:መልክዐ ሊባኖስ በግእዝ | GZ-MEL-074:መልክዐ አቡነ ሊባኖስ ካልእ በግእዝ,AM-MEL-053:የአቡነ ሊባኖስ 2ኛ መልክዕ በአማርኛ | GZ-MEL-018:መልክዐ ሊባኖስ በግእዝ | GZ-MEL-074:መልክዐ አቡነ ሊባኖስ ካልእ በግእዝ | GZ-GDL-001:ገድለ አቡነ ፊልጶስ ዘደብረ ሊባኖስ በግእዝ,"1-3, 1-3, 1-3, 2-3, 2-3, 2-3, 3-3, 3-3, 3-3, 4-3"
3-3,63,አቡነ ዜና ማርቆስ,ዜና ማርቆስ,monthly,CORRECT,AM-MEL-062:የአቡነ ዜና ማርቆስ መልክዕ በአማርኛ | GZ-MEL-106:መልክዐ አቡነ ዜና ማርቆስ በግእዝ,AM-MEL-062:የአቡነ ዜና ማርቆስ መልክዕ በአማርኛ | GZ-MEL-106:መልክዐ አቡነ ዜና ማርቆስ በግእዝ,"1-3, 1-3, 2-3, 2-3, 3-3, 3-3, 4-3, 4-3, 5-3, 5-3"
3-3,63,ቅዱስ ቄርሎስ ሊቅ (ዓምደ ሃይማኖት),ቄርሎስ ሊቅ,monthly,NO_BOOK,,,
3-4,64,ቅዱስ ቶማስ ዘደማስቆ,ቶማስ ዘደማስቆ,annual,WRONG_DATE,,GZ-MEL-094:መልክዐ አቡነ ቶማስ ዘዘናቁዴ በግእዝ,3-3
3-4,64,ቅዱሳን ያዕቆብና ዮሐንስ,ያዕቆብና ዮሐንስ,annual,CORRECT,AM-MEL-016:መልክዐ ቅዱስ ዮሐንስ ወንጌላዊ በአማርኛ | AM-MEL-047:የቅዱስ ዮሐንስ 2ኛ መልክዕ በአማርኛ | GZ-MEL-061:መልክዐ ቅዱስ ዮሐንስ ካልእ በግእዝ | GZ-MEL-062:መልክዐ ቅዱስ ዮሐንስ ወንጌላዊ በግእዝ | GZ-MEL-149:መልክዐ ዮሐንስ ወልደ ነጎድጓድ በግእዝ | GZ-MEL-150:መልክዐ ዮሐንስ ፍቁረ እግዚእ በግእዝ | AM-GDL-013:የቅዱስ ዮሐንስ ገድል በአማርኛ,AM-MEL-016:መልክዐ ቅዱስ ዮሐንስ ወንጌላዊ በአማርኛ | AM-MEL-020:መልክዐ አቡነ ዕጨጌ ዮሐንስ በአማርኛ | AM-MEL-021:መልክዐ አቡነ ዮሐንስ ጻድቅ በአማርኛ | AM-MEL-047:የቅዱስ ዮሐንስ 2ኛ መልክዕ በአማርኛ | AM-MEL-048:የቅዱስ ዮሐንስ መጥምቅ መልክዕ በአማርኛ | GZ-MEL-060:መልክዐ ቅዱስ ዮሐንስ መጥምቅ በግእዝ | GZ-MEL-061:መልክዐ ቅዱስ ዮሐንስ ካልእ በግእዝ | GZ-MEL-062:መልክዐ ቅዱስ ዮሐንስ ወንጌላዊ በግእዝ | GZ-MEL-104:መልክዐ አቡነ ዕጨጌ ዮሐንስ በግእዝ | GZ-MEL-109:መልክዐ አቡነ ዮሐንስ ከማ በግእዝ | GZ-MEL-110:መልክዐ አቡነ ዮሐንስ ዘድብረ ዳጋ በግእዝ | GZ-MEL-149:መልክዐ ዮሐንስ ወልደ ነጎድጓድ በግእዝ | GZ-MEL-150:መልክዐ ዮሐንስ ፍቁረ እግዚእ በግእዝ | AM-GDL-013:የቅዱስ ዮሐንስ ገድል በአማርኛ | GZ-GDL-018:ገድለ አቡነ ዮሐንስ በግእዝ | AM-GDL-027:ገድለ አቡነ እጨጌ ዮሐንስ ዘጸገሮ በአማርኛ,"1-1, 1-1, 1-2, 1-2, 1-4, 1-4, 1-4, 1-4, 1-4, 1-4"
3-4,64,ቅዱሳን አቢማኮስ ወአዛርያኖስ,አቢማኮስ ወአዛርያኖስ,annual,NO_BOOK,,,
3-4,64,አባ አበጊዶ ዘትግራይ,አበጊዶ ዘትግራይ,annual,NO_BOOK,,,
3-4,64,ታላቁ አባ ዘካርያስ,ታላቁ አባ ዘካርያስ,annual,NO_BOOK,,,
3-4,64,ጉባኤ ቅዱሳን ሰማዕታት,ጉባኤ ቅዱሳን ሰማዕታት,annual,CORRECT,AM-GDL-010:ገድለ ሰማዕታት በአማርኛ,AM-MEL-065:ጸሎተ መልክዐ ሥቃዩ ለቅዱስ ጊዮርጊስ ሊቀ ሰማዕታት በአማርኛ | AM-MEL-066:ጸሎተ መልክዕ ዘቅዱስ ጊዮርጊስ ሊቀ ሰማዕታት በአማርኛ | AM-MEL-067:ጸሎተ መልክዕ ዘቅዱስ ጊዮርጊስ ሊቀ ሰማዕታት ካልዕ በአማርኛ | AM-SIB-001:ስብሐተ ፍቁር ዘቅዱስ ጊዮርጊስ ሊቀ ሰማዕታት በአማርኛ | GZ-MEL-016:መልክዐ ሊቀ ሰማዕታት ቅዱስ እስጢፋኖስ በግእዝ | GZ-MEL-017:መልክዐ ሊቀ ሰማዕታት ቅዱስ እስጢፋኖስ ካልእ በግእዝ | AM-GDL-010:ገድለ ሰማዕታት በአማርኛ,"1-15, 1-15, 1-17, 1-17, 1-23, 1-23, 1-23, 1-23, 2-17, 2-17"
3-4,64,ቅዱስ ዮሐንስ ወንጌላዊ,ዮሐንስ ወንጌላዊ,monthly,CORRECT,AM-MEL-016:መልክዐ ቅዱስ ዮሐንስ ወንጌላዊ በአማርኛ | GZ-MEL-062:መልክዐ ቅዱስ ዮሐንስ ወንጌላዊ በግእዝ,AM-MEL-016:መልክዐ ቅዱስ ዮሐንስ ወንጌላዊ በአማርኛ | GZ-MEL-062:መልክዐ ቅዱስ ዮሐንስ ወንጌላዊ በግእዝ,"1-4, 1-4, 1-29, 1-29, 2-4, 2-4, 3-4, 3-4, 4-4, 4-4"
3-4,64,ቅዱስ እንድርያስ ሐዋርያ,እንድርያስ,monthly,CORRECT,AM-MEL-046:የቅዱስ እንድርያስ ሐዋርያ መልክዕ በአማርኛ | GZ-MEL-137:መልክዐ እንድርያስ ሐዋርያ በግእዝ,AM-MEL-046:የቅዱስ እንድርያስ ሐዋርያ መልክዕ በአማርኛ | GZ-MEL-102:መልክዐ አቡነ እንድርያስ ዘደብረ ስኂን (ፅፉን) በግእዝ | GZ-MEL-103:መልክዐ አቡነ እንድርያስ ዘደብረ ጽጌ በግእዝ | GZ-MEL-137:መልክዐ እንድርያስ ሐዋርያ በግእዝ,"1-4, 1-4, 2-4, 2-4, 3-4, 3-4, 4-4, 4-4, 5-4, 5-4"
3-4,64,ቅድስት ሶፍያ ሰማዕት,ሶፍያ,monthly,NO_BOOK,,,
3-4,64,ቅዱስ ዮሐንስ ዘሐራቅሊ (ሰማዕት),ዮሐንስ ዘሐራቅሊ,monthly,CORRECT,AM-MEL-016:መልክዐ ቅዱስ ዮሐንስ ወንጌላዊ በአማርኛ | AM-MEL-047:የቅዱስ ዮሐንስ 2ኛ መልክዕ በአማርኛ | GZ-MEL-061:መልክዐ ቅዱስ ዮሐንስ ካልእ በግእዝ | GZ-MEL-062:መልክዐ ቅዱስ ዮሐንስ ወንጌላዊ በግእዝ | GZ-MEL-149:መልክዐ ዮሐንስ ወልደ ነጎድጓድ በግእዝ | GZ-MEL-150:መልክዐ ዮሐንስ ፍቁረ እግዚእ በግእዝ | AM-GDL-013:የቅዱስ ዮሐንስ ገድል በአማርኛ,AM-MEL-016:መልክዐ ቅዱስ ዮሐንስ ወንጌላዊ በአማርኛ | AM-MEL-020:መልክዐ አቡነ ዕጨጌ ዮሐንስ በአማርኛ | AM-MEL-021:መልክዐ አቡነ ዮሐንስ ጻድቅ በአማርኛ | AM-MEL-047:የቅዱስ ዮሐንስ 2ኛ መልክዕ በአማርኛ | AM-MEL-048:የቅዱስ ዮሐንስ መጥምቅ መልክዕ በአማርኛ | GZ-MEL-060:መልክዐ ቅዱስ ዮሐንስ መጥምቅ በግእዝ | GZ-MEL-061:መልክዐ ቅዱስ ዮሐንስ ካልእ በግእዝ | GZ-MEL-062:መልክዐ ቅዱስ ዮሐንስ ወንጌላዊ በግእዝ | GZ-MEL-104:መልክዐ አቡነ ዕጨጌ ዮሐንስ በግእዝ | GZ-MEL-109:መልክዐ አቡነ ዮሐንስ ከማ በግእዝ | GZ-MEL-110:መልክዐ አቡነ ዮሐንስ ዘድብረ ዳጋ በግእዝ | GZ-MEL-149:መልክዐ ዮሐንስ ወልደ ነጎድጓድ በግእዝ | GZ-MEL-150:መልክዐ ዮሐንስ ፍቁረ እግዚእ በግእዝ | AM-GDL-013:የቅዱስ ዮሐንስ ገድል በአማርኛ | GZ-GDL-018:ገድለ አቡነ ዮሐንስ በግእዝ | AM-GDL-027:ገድለ አቡነ እጨጌ ዮሐንስ ዘጸገሮ በአማርኛ,"1-1, 1-1, 1-2, 1-2, 1-4, 1-4, 1-4, 1-4, 1-4, 1-4"
3-5,65,ታላቁ ቅዱስ ዮሐኒ (ዘትግራይ),ታላቁ ቅዱስ ዮሐኒ,annual,NO_BOOK,,,
3-5,65,አባ አሞኒ ዘናሕሶ,አሞኒ ዘናሕሶ,annual,NO_BOOK,,,
3-5,65,ቅዱስ ለንጊኖስ ሰማዕት,ለንጊኖስ,annual,NO_BOOK,,,
3-5,65,ቅዱስ ቴዎድሮስ ሊቀ ሠራዊት,ቴዎድሮስ ሊቀ ሠራዊት,annual,CORRECT,GZ-MEL-040:መልክዐ ሰማዕት ቅዱስ ቴዎድሮስ በግእዝ | GZ-GDL-030:ገድለ ቅዱስ ቴዎድሮስ በግእዝ | GZ-GDL-031:ገድለ ሰማዕት ቅዱስ ቴዎድሮስ በግእዝ | AM-GDL-030:ገድለ ሰማዕት ቅዱስ ቴዎድሮስ በአማርኛ,GZ-MEL-040:መልክዐ ሰማዕት ቅዱስ ቴዎድሮስ በግእዝ | GZ-GDL-030:ገድለ ቅዱስ ቴዎድሮስ በግእዝ | GZ-GDL-031:ገድለ ሰማዕት ቅዱስ ቴዎድሮስ በግእዝ | AM-GDL-030:ገድለ ሰማዕት ቅዱስ ቴዎድሮስ በአማርኛ,"1-12, 1-12, 1-12, 1-12, 1-20, 1-20, 1-20, 1-20, 2-12, 2-12"
3-5,65,ቅዱስ ጢሞቴዎስ ሰማዕት,ጢሞቴዎስ,annual,NO_BOOK,,,
3-5,65,ቅዱስ ዼጥሮስ ሊቀ ሐዋርያት,ዼጥሮስ ሊቀ ሐዋርያት,monthly,WRONG_DATE,,GZ-MEL-023:መልክዐ ሐዋርያት በግእዝ | GZ-GDL-017:ገድለ አቡነ ተክለ ሐዋርያት በግእዝ | GZ-GDL-032:መጽሐፈ ገድለ ቅዱሳን ሐዋርያት በግእዝ | AM-ZNA-003:ዜና ሐዋርያት በአማርኛ,"3-27, 11-5, 11-5, 11-5, 12-15, 12-15, 12-15"
3-5,65,ቅዱስ ዻውሎስ ብርሃነ ዓለም,ዻውሎስ ብርሃነ ዓለም,monthly,WRONG_DATE,,AM-MEL-034:የመድኀኔ ዓለም 3ኛ መልክዕ በአማርኛ | AM-MEL-035:የመድኀኔ ዓለም መልክዕ በአማርኛ | GZ-MEL-001:ሐዲስ መልክዐ መድኃኔዓለም በግእዝ | GZ-MEL-027:መልክዐ መድኀኔ ዓለም ሣልስ በግዕዝ | GZ-MEL-028:መልክዐ መድኃኔ ዓለም በግእዝ | GZ-DRS-005:ድርሳነ መድኃኔ ዓለም በግእዝ | AM-DRS-004:ድርሳነ መድኃኔ ዓለም በአማርኛ,"1-27, 1-27, 1-27, 1-27, 1-27, 1-27, 1-27, 2-27, 2-27, 2-27"
3-5,65,ቅድስት አውጋንያ (ሰማዕትና ጻድቅ),አውጋንያ,monthly,NO_BOOK,,,
3-5,65,አቡነ ገብረ መንፈስ ቅዱስ ጻድቅ,ገብረ መንፈስ ቅዱስ,monthly,CORRECT,GZ-MEL-151:መልክዐ ገብረ መንፈስ ቅዱስ በግእዝ | GZ-MEL-152:መልክዐ ገብረ መንፈስ ቅዱስ ካልዕ በግእዝ | AM-GDL-007:ገድለ አቡነ ገብረ መንፈስ ቅዱስ በአማርኛ,GZ-MEL-151:መልክዐ ገብረ መንፈስ ቅዱስ በግእዝ | GZ-MEL-152:መልክዐ ገብረ መንፈስ ቅዱስ ካልዕ በግእዝ | AM-GDL-007:ገድለ አቡነ ገብረ መንፈስ ቅዱስ በአማርኛ,"1-5, 1-5, 1-5, 2-5, 2-5, 2-5, 3-5, 3-5, 3-5, 4-5"
3-6,66,ቅድስት ደብረ ቁስቁዋም (ሚጠታ ለማርያም ),ደብረ ቁስቁዋም,annual,WRONG_DATE,,GZ-MEL-076:መልክዐ አቡነ መርቆሬዎስ ዘደብረ ድማኅ በግእዝ | GZ-MEL-080:መልክዐ አቡነ ማቴዎስ ዘደብረ በርበሬ በግእዝ | GZ-MEL-081:መልክዐ አቡነ ማቴዎስ ዘደብረ በርበሬ በግእዝ ካልእ | GZ-MEL-088:መልክዐ አቡነ ቡሩከ አምላክ ዘደብረ ኮል በግእዝ | GZ-MEL-089:መልክዐ አቡነ ብፁዓ አምላክ ዘደብረ ምዕዋን ወዘደብረ ኰዳዱ በግእዝ | GZ-MEL-099:መልክዐ አቡነ አብሳዲ ዘደብረ ማርያም በግእዝ | GZ-MEL-102:መልክዐ አቡነ እንድርያስ ዘደብረ ስኂን (ፅፉን) በግእዝ | GZ-MEL-103:መልክዐ አቡነ እንድርያስ ዘደብረ ጽጌ በግእዝ | GZ-MEL-107:መልክዐ አቡነ የሐንስ ዘደብረ ቢዘን በግእዝ | GZ-MEL-113:መልክዐ አቡነ ዮናስ ዘደብረ ድኁኃን ዘደብረ ጽጌ ወዘደብረ ጽዮን በግእዝ | GZ-MEL-120:መልክዐ አቡነ ፊልጶስ ዘደብረ ቢዘን በግእዝ | GZ-GDL-001:ገድለ አቡነ ፊልጶስ ዘደብረ ሊባኖስ በግእዝ,"1-13, 1-30, 2-13, 3-13, 3-13, 3-17, 4-1, 4-13, 4-16, 5-13"
3-6,66,ቅዱስ ዮሴፍ አረጋዊ,ዮሴፍ አረጋዊ,annual,WRONG_DATE,,GZ-MEL-073:መልክዐ አረጋዊ በግእዝ | GZ-MEL-111:መልክዐ አቡነ ዮሴፍ በግእዝ | AM-GDL-016:ገድለ አቡነ አረጋዊ በአማርኛ | GZ-GDL-029:ገድለ አቡነ ዮሴፍ በግእዝ,"1-14, 1-14, 1-19, 1-19, 2-14, 2-14, 2-19, 2-19, 3-14, 3-14"
3-6,66,ቅድስት ሰሎሜ ቡርክት,ሰሎሜ ቡርክት,annual,NO_BOOK,,,
3-6,66,ቅዱስ ዮሳ (ወልደ ዮሴፍ),ዮሳ,annual,NO_BOOK,,,
3-6,66,ቅዱስ ቴዎፍሎስ ሊቅ,ቴዎፍሎስ ሊቅ,annual,NO_BOOK,,,
3-6,66,አባ ጽጌ ድንግል ዘወለቃ,ጽጌ ድንግል ዘወለቃ,annual,WRONG_DATE,,AM-MEL-019:መልክዐ አቡነ ሐራ ድንግል በአማርኛ | GZ-MEL-021:መልክዐ ሐራ ድንግል በግእዝ,"1-11, 1-11, 2-11, 2-11, 3-11, 3-11, 4-11, 4-11, 5-11, 5-11"
3-6,66,አባ ፊልክስ ዘሮሜ,ፊልክስ ዘሮሜ,annual,NO_BOOK,,,
3-6,66,አባታችን አዳምና እናታችን ሔዋን,አባታችን አዳምና እናታችን ሔዋን,monthly,CORRECT,AM-MEL-023:መልክዐ አዳም ወሔዋን በአማርኛ | GZ-MEL-127:መልክዐ አዳም ወሔዋን በግእዝ,AM-MEL-023:መልክዐ አዳም ወሔዋን በአማርኛ | AM-MEL-063:የአባታችን አብርሃም መልክዕ በአማርኛ | GZ-MEL-127:መልክዐ አዳም ወሔዋን በግእዝ,"1-6, 1-6, 2-6, 2-6, 3-6, 3-6, 4-6, 4-6, 5-6, 5-6"
3-6,66,አባታችን ኖኅና እናታችን ሐይከል,አባታችን ኖኅና እናታችን ሐይከል,monthly,WRONG_DATE,,AM-MEL-063:የአባታችን አብርሃም መልክዕ በአማርኛ,"11-7, 12-28"
3-6,66,ቅዱስ ኤልያስ ነቢይ,ኤልያስ,monthly,CORRECT,AM-MEL-052:የነቢዩ የቅዱስ ኤልያስ 3ኛ መልክዕ በአማርኛ | GZ-MEL-059:መልክዐ ቅዱስ ኤልያስ ነቢይ ሣልስ በግእዝ | GZ-MEL-134:መልክዐ ኤልያስ በግእዝ | AM-DRS-005:ድርሳነ ኤልያስ ነቢይ በአማርኛ,AM-MEL-052:የነቢዩ የቅዱስ ኤልያስ 3ኛ መልክዕ በአማርኛ | GZ-MEL-059:መልክዐ ቅዱስ ኤልያስ ነቢይ ሣልስ በግእዝ | GZ-MEL-134:መልክዐ ኤልያስ በግእዝ | AM-DRS-005:ድርሳነ ኤልያስ ነቢይ በአማርኛ,"1-6, 1-6, 1-6, 1-6, 2-6, 2-6, 2-6, 2-6, 3-6, 3-6"
3-6,66,ቅዱስ ባስልዮስ ዘቂሣርያ,ባስልዮስ ዘቂሣርያ,monthly,NO_BOOK,,,
3-6,66,አባ አርከ ሥሉስ,አርከ ሥሉስ,monthly,WRONG_DATE,,AM-TEA-003:ተአምኆ ዘሥሉስ ቅዱስ መልክዕ በአማርኛ | AM-TEA-002:ተአምኆ ዘሥሉስ ቅዱስ በአማርኛ | GZ-MEL-034:መልክዐ ሥሉስ ቅዱስ በግእዝ | GZ-TEA-002:ተአምኆ ዘሥሉስ ቅዱስ በግእዝ | GZ-TEA-003:ተአምኆ ዘሥሉስ ቅዱስ በግእዝ ካልእ,"None-None, None-None, None-None, None-None, 5-7"
3-6,66,ቅድስት አርሴማ ድንግል,አርሴማ ድንግል,monthly,CORRECT,GZ-MEL-042:መልክዐ ሰማዕት ቅድስት አርሴማ በግእዝ | AM-GDL-008:ገድለ ሰማዕት ቅድስት አርሴማ በአማርኛ | GZ-GDL-033:ገድለ ሰማዕት ቅድስት አርሴማ በግእዝ,AM-MEL-019:መልክዐ አቡነ ሐራ ድንግል በአማርኛ | GZ-MEL-021:መልክዐ ሐራ ድንግል በግእዝ | GZ-MEL-042:መልክዐ ሰማዕት ቅድስት አርሴማ በግእዝ | AM-GDL-008:ገድለ ሰማዕት ቅድስት አርሴማ በአማርኛ | GZ-GDL-033:ገድለ ሰማዕት ቅድስት አርሴማ በግእዝ,"1-6, 1-6, 1-6, 1-11, 1-11, 1-29, 1-29, 1-29, 2-6, 2-6"
3-7,67,ቅዱስ ጊዮርጊስ ሊቀ ሰማዕታት (ቅዳሴ ቤቱ),ጊዮርጊስ ሊቀ ሰማዕታት,annual,CORRECT,AM-MEL-065:ጸሎተ መልክዐ ሥቃዩ ለቅዱስ ጊዮርጊስ ሊቀ ሰማዕታት በአማርኛ | AM-MEL-066:ጸሎተ መልክዕ ዘቅዱስ ጊዮርጊስ ሊቀ ሰማዕታት በአማርኛ | AM-MEL-067:ጸሎተ መልክዕ ዘቅዱስ ጊዮርጊስ ሊቀ ሰማዕታት ካልዕ በአማርኛ | AM-SIB-001:ስብሐተ ፍቁር ዘቅዱስ ጊዮርጊስ ሊቀ ሰማዕታት በአማርኛ,AM-MEL-065:ጸሎተ መልክዐ ሥቃዩ ለቅዱስ ጊዮርጊስ ሊቀ ሰማዕታት በአማርኛ | AM-MEL-066:ጸሎተ መልክዕ ዘቅዱስ ጊዮርጊስ ሊቀ ሰማዕታት በአማርኛ | AM-MEL-067:ጸሎተ መልክዕ ዘቅዱስ ጊዮርጊስ ሊቀ ሰማዕታት ካልዕ በአማርኛ | AM-SIB-001:ስብሐተ ፍቁር ዘቅዱስ ጊዮርጊስ ሊቀ ሰማዕታት በአማርኛ,"1-23, 1-23, 1-23, 1-23, 2-23, 2-23, 2-23, 2-23, 3-7, 3-7"
3-7,67,ቅዱስ ጊዮርጊስ እስክንድርያዊ,ጊዮርጊስ እስክንድርያዊ,annual,CORRECT,AM-MEL-051:የቅዱስ ጊዮርጊስ መልክዕ በአማርኛ | AM-MEL-065:ጸሎተ መልክዐ ሥቃዩ ለቅዱስ ጊዮርጊስ ሊቀ ሰማዕታት በአማርኛ | AM-MEL-066:ጸሎተ መልክዕ ዘቅዱስ ጊዮርጊስ ሊቀ ሰማዕታት በአማርኛ | AM-MEL-067:ጸሎተ መልክዕ ዘቅዱስ ጊዮርጊስ ሊቀ ሰማዕታት ካልዕ በአማርኛ | AM-SIB-001:ስብሐተ ፍቁር ዘቅዱስ ጊዮርጊስ ሊቀ ሰማዕታት በአማርኛ | GZ-MEL-036:መልክዐ ሥቃዩ ለጊዮርጊስ በግእዝ | GZ-MEL-065:መልክዐ ቅዱስ ጊዮርጊስ በግእዝ | GZ-MEL-123:መልክዐ አባ ጊዮርጊስ ዘጋሥጫ በግእዝ | GZ-MEL-154:መልክዐ ጊዮርጊስ በግእዝ | GZ-MEL-155:መልክዐ ጊዮርጊስ ካልዕ ወሥቃዩ በግእዝ | AM-GDL-001:ገድለ ቅዱስ አባ ጊዮርጊስ ዘጋሥጫ በአማርኛ | GZ-GDL-007:ገድለ ቅዱስ አባ ጊዮርጊስ ዘጋሥጫ በግእዝ | GZ-GDL-014:ገድለ ቅዱስ ጊዮርጊስ ሰማዕት በግእዝ | AM-GDL-018:ገድለ ቅዱስ ጊዮርጊስ ሰማዕት በአማርኛ,AM-MEL-051:የቅዱስ ጊዮርጊስ መልክዕ በአማርኛ | AM-MEL-065:ጸሎተ መልክዐ ሥቃዩ ለቅዱስ ጊዮርጊስ ሊቀ ሰማዕታት በአማርኛ | AM-MEL-066:ጸሎተ መልክዕ ዘቅዱስ ጊዮርጊስ ሊቀ ሰማዕታት በአማርኛ | AM-MEL-067:ጸሎተ መልክዕ ዘቅዱስ ጊዮርጊስ ሊቀ ሰማዕታት ካልዕ በአማርኛ | AM-SIB-001:ስብሐተ ፍቁር ዘቅዱስ ጊዮርጊስ ሊቀ ሰማዕታት በአማርኛ | GZ-MEL-036:መልክዐ ሥቃዩ ለጊዮርጊስ በግእዝ | GZ-MEL-065:መልክዐ ቅዱስ ጊዮርጊስ በግእዝ | GZ-MEL-123:መልክዐ አባ ጊዮርጊስ ዘጋሥጫ በግእዝ | GZ-MEL-154:መልክዐ ጊዮርጊስ በግእዝ | GZ-MEL-155:መልክዐ ጊዮርጊስ ካልዕ ወሥቃዩ በግእዝ | AM-GDL-001:ገድለ ቅዱስ አባ ጊዮርጊስ ዘጋሥጫ በአማርኛ | GZ-GDL-007:ገድለ ቅዱስ አባ ጊዮርጊስ ዘጋሥጫ በግእዝ | GZ-GDL-014:ገድለ ቅዱስ ጊዮርጊስ ሰማዕት በግእዝ | AM-GDL-018:ገድለ ቅዱስ ጊዮርጊስ ሰማዕት በአማርኛ,"1-7, 1-7, 1-7, 1-23, 1-23, 1-23, 1-23, 1-23, 1-23, 1-23"
3-7,67,ቅዱሳን ዘኖቢስና ዘኖብያ (ሰማዕታት),ዘኖቢስና ዘኖብያ,annual,NO_BOOK,,,
3-7,67,ቅዱስ ሚናስ ዘተመይ,ሚናስ ዘተመይ,annual,WRONG_DATE,,AM-MEL-013:መልክዐ ቅዱስ ሚናስ በአማርኛ | GZ-MEL-052:መልክዐ ቅዱስ ሚናስ በግእዝ,"1-15, 1-15, 2-15, 2-15, 3-15, 3-15, 4-15, 4-15, 5-15, 5-15"
3-7,67,ቅዱሳን መርቆሬዎስና ዮሐንስ (ጻድቃን ወሰማዕት),መርቆሬዎስና ዮሐንስ,annual,WRONG_DATE,,AM-MEL-016:መልክዐ ቅዱስ ዮሐንስ ወንጌላዊ በአማርኛ | AM-MEL-020:መልክዐ አቡነ ዕጨጌ ዮሐንስ በአማርኛ | AM-MEL-021:መልክዐ አቡነ ዮሐንስ ጻድቅ በአማርኛ | AM-MEL-047:የቅዱስ ዮሐንስ 2ኛ መልክዕ በአማርኛ | AM-MEL-048:የቅዱስ ዮሐንስ መጥምቅ መልክዕ በአማርኛ | GZ-MEL-060:መልክዐ ቅዱስ ዮሐንስ መጥምቅ በግእዝ | GZ-MEL-061:መልክዐ ቅዱስ ዮሐንስ ካልእ በግእዝ | GZ-MEL-062:መልክዐ ቅዱስ ዮሐንስ ወንጌላዊ በግእዝ | GZ-MEL-104:መልክዐ አቡነ ዕጨጌ ዮሐንስ በግእዝ | GZ-MEL-109:መልክዐ አቡነ ዮሐንስ ከማ በግእዝ | GZ-MEL-110:መልክዐ አቡነ ዮሐንስ ዘድብረ ዳጋ በግእዝ | GZ-MEL-149:መልክዐ ዮሐንስ ወልደ ነጎድጓድ በግእዝ | GZ-MEL-150:መልክዐ ዮሐንስ ፍቁረ እግዚእ በግእዝ | AM-GDL-013:የቅዱስ ዮሐንስ ገድል በአማርኛ | GZ-GDL-018:ገድለ አቡነ ዮሐንስ በግእዝ | AM-GDL-027:ገድለ አቡነ እጨጌ ዮሐንስ ዘጸገሮ በአማርኛ,"1-1, 1-1, 1-2, 1-2, 1-4, 1-4, 1-4, 1-4, 1-4, 1-4"
3-7,67,አባ ናሕርው ሰማዕት,ናሕርው,annual,NO_BOOK,,,
3-7,67,ሥሉስ ቅዱስ (አብ ወወልድ ወመንፈስ ቅዱስ),ሥሉስ ቅዱስ,monthly,WRONG_DATE,,AM-TEA-003:ተአምኆ ዘሥሉስ ቅዱስ መልክዕ በአማርኛ | AM-TEA-002:ተአምኆ ዘሥሉስ ቅዱስ በአማርኛ | GZ-MEL-034:መልክዐ ሥሉስ ቅዱስ በግእዝ | GZ-TEA-002:ተአምኆ ዘሥሉስ ቅዱስ በግእዝ | GZ-TEA-003:ተአምኆ ዘሥሉስ ቅዱስ በግእዝ ካልእ,"None-None, None-None, None-None, None-None, 5-7"
3-7,67,አባ ጊዮርጊስ ዘጋስጫ,ጊዮርጊስ ዘጋስጫ,monthly,CORRECT,AM-MEL-051:የቅዱስ ጊዮርጊስ መልክዕ በአማርኛ | AM-MEL-065:ጸሎተ መልክዐ ሥቃዩ ለቅዱስ ጊዮርጊስ ሊቀ ሰማዕታት በአማርኛ | AM-MEL-066:ጸሎተ መልክዕ ዘቅዱስ ጊዮርጊስ ሊቀ ሰማዕታት በአማርኛ | AM-MEL-067:ጸሎተ መልክዕ ዘቅዱስ ጊዮርጊስ ሊቀ ሰማዕታት ካልዕ በአማርኛ | AM-SIB-001:ስብሐተ ፍቁር ዘቅዱስ ጊዮርጊስ ሊቀ ሰማዕታት በአማርኛ | GZ-MEL-036:መልክዐ ሥቃዩ ለጊዮርጊስ በግእዝ | GZ-MEL-065:መልክዐ ቅዱስ ጊዮርጊስ በግእዝ | GZ-MEL-123:መልክዐ አባ ጊዮርጊስ ዘጋሥጫ በግእዝ | GZ-MEL-154:መልክዐ ጊዮርጊስ በግእዝ | GZ-MEL-155:መልክዐ ጊዮርጊስ ካልዕ ወሥቃዩ በግእዝ | AM-GDL-001:ገድለ ቅዱስ አባ ጊዮርጊስ ዘጋሥጫ በአማርኛ | GZ-GDL-007:ገድለ ቅዱስ አባ ጊዮርጊስ ዘጋሥጫ በግእዝ | GZ-GDL-014:ገድለ ቅዱስ ጊዮርጊስ ሰማዕት በግእዝ | AM-GDL-018:ገድለ ቅዱስ ጊዮርጊስ ሰማዕት በአማርኛ,AM-MEL-051:የቅዱስ ጊዮርጊስ መልክዕ በአማርኛ | AM-MEL-065:ጸሎተ መልክዐ ሥቃዩ ለቅዱስ ጊዮርጊስ ሊቀ ሰማዕታት በአማርኛ | AM-MEL-066:ጸሎተ መልክዕ ዘቅዱስ ጊዮርጊስ ሊቀ ሰማዕታት በአማርኛ | AM-MEL-067:ጸሎተ መልክዕ ዘቅዱስ ጊዮርጊስ ሊቀ ሰማዕታት ካልዕ በአማርኛ | AM-SIB-001:ስብሐተ ፍቁር ዘቅዱስ ጊዮርጊስ ሊቀ ሰማዕታት በአማርኛ | GZ-MEL-036:መልክዐ ሥቃዩ ለጊዮርጊስ በግእዝ | GZ-MEL-065:መልክዐ ቅዱስ ጊዮርጊስ በግእዝ | GZ-MEL-123:መልክዐ አባ ጊዮርጊስ ዘጋሥጫ በግእዝ | GZ-MEL-154:መልክዐ ጊዮርጊስ በግእዝ | GZ-MEL-155:መልክዐ ጊዮርጊስ ካልዕ ወሥቃዩ በግእዝ | AM-GDL-001:ገድለ ቅዱስ አባ ጊዮርጊስ ዘጋሥጫ በአማርኛ | GZ-GDL-007:ገድለ ቅዱስ አባ ጊዮርጊስ ዘጋሥጫ በግእዝ | GZ-GDL-014:ገድለ ቅዱስ ጊዮርጊስ ሰማዕት በግእዝ | AM-GDL-018:ገድለ ቅዱስ ጊዮርጊስ ሰማዕት በአማርኛ,"1-7, 1-7, 1-7, 1-23, 1-23, 1-23, 1-23, 1-23, 1-23, 1-23"
3-7,67,አባ ሲኖዳ (የባሕታውያን አለቃ),ሲኖዳ,monthly,NO_BOOK,,,
3-7,67,አባ ዳንኤል ዘገዳመ ሲሐት,ዳንኤል ዘገዳመ ሲሐት,monthly,WRONG_DATE,,GZ-MEL-114:መልክዐ አቡነ ዳንኤል በግእዝ | GZ-GDL-028:ገድለ አቡነ ዳንኤል በግእዝ,"3-6, 3-6"
3-7,67,አባ ባውላ ገዳማዊ,ባውላ ገዳማዊ,monthly,NO_BOOK,,,
3-7,67,ቅዱስ አትናቴዎስ ሐዋርያዊ,አትናቴዎስ ሐዋርያዊ,monthly,NO_BOOK,,,
3-7,67,ቅዱስ አግናጥዮስ (ለአንበሳ የተሰጠ),አግናጥዮስ,monthly,CORRECT,GZ-MEL-058:መልክዐ ቅዱስ አግናጥዮስ ምጥው ለአንበሳ በግእዝ,GZ-MEL-058:መልክዐ ቅዱስ አግናጥዮስ ምጥው ለአንበሳ በግእዝ,"1-7, 2-7, 2-26, 3-7, 4-7, 4-24, 5-7, 6-7, 7-7, 8-7"
3-8,68,ቅዱሳን ፬ቱ እንስሳ (ኪሩቤል),፬ቱ እንስሳ,annual,CORRECT,GZ-MEL-164:መልክዐ ፬ቱ እንስሳ በግእዝ,GZ-MEL-164:መልክዐ ፬ቱ እንስሳ በግእዝ,"1-8, 2-8, 3-8, 4-8, 5-8, 6-8, 7-8, 8-8, 9-8, 10-8"
3-8,68,ቅዱስ አፍኒን ሊቀ መላእክት,አፍኒን ሊቀ መላእክት,annual,CORRECT,GZ-MEL-010:መልክዐ ሊቀ መላእክት ቅዱስ አፍኒን በግእዝ,AM-DIR-001:የሰባቱ ሊቃነ መላእክት ድርሳን በአማርኛ | AM-MEL-038:የቅዱሳን አእላፍ መላእክት 2ኛ መልክዕ በአማርኛ | GZ-MEL-004:መልክዐ ሊቀ መላእክት ቅዱስ ሚካኤል ሣልስ በግእዝ | GZ-MEL-005:መልክዐ ሊቀ መላእክት ቅዱስ ሚካኤል ካልዕ በግእዝ | GZ-MEL-006:መልክዐ ሊቀ መላእክት ቅዱስ ሩፋኤል በግእዝ | GZ-MEL-007:መልክዐ ሊቀ መላእክት ቅዱስ ራጉኤል በግእዝ | GZ-MEL-008:መልክዐ ሊቀ መላእክት ቅዱስ ሱርያል በግእዝ | GZ-MEL-009:መልክዐ ሊቀ መላእክት ቅዱስ በግእዝ | GZ-MEL-010:መልክዐ ሊቀ መላእክት ቅዱስ አፍኒን በግእዝ | GZ-MEL-011:መልክዐ ሊቀ መላእክት ቅዱስ ዑራኤል በግእዝ | GZ-MEL-012:መልክዐ ሊቀ መላእክት ቅዱስ ዑራኤል ካልእ በግእዝ | GZ-MEL-013:መልክዐ ሊቀ መላእክት ቅዱስ ገብርኤል በግእዝ | GZ-MEL-014:መልክዐ ሊቀ መላእክት ቅዱስ ገብርኤል ካልዕ (ደቅስዮስ) በግእዝ | GZ-MEL-015:መልክዐ ሊቀ መላእክት ቅዱስ ፋኑኤል በግእዝ | GZ-MEL-125:መልክዐ አእላፍ መላእክት በግእዝ | GZ-MEL-126:መልክዐ አእላፍ መላእክት ካልእ በግእዝ | GZ-MEL-165:መልክዐ ሊቀ መላእክት ቅዱስ ሚካኤል ካልዕ በግእ,"1-1, 1-3, 1-9, 1-9, 1-9, 1-12, 1-12, 1-12, 1-12, 1-13"
3-8,68,አባ ቅፍሮንያ ጻድቅ,ቅፍሮንያ,annual,NO_BOOK,,,
3-8,68,ቅዱስ ቆስጠንጢኖስ ንጉሥ (ዘምስለ ቅዱስ መስቀል),ቆስጠንጢኖስ ንጉሥ,annual,WRONG_DATE,,GZ-ZNA-002:ዜናሁ ለንጉሥ ገላውዴዎስ በግእዝ | GZ-ZNA-003:ዜና ሕይወቱ ለንጉሥ ላልይበላ በግእዝ,7-27
3-8,68,ቅድስት እግዚእ ክብራ,እግዚእ ክብራ,annual,WRONG_DATE,,GZ-MEL-078:መልክዐ አቡነ መድኃኒነ እግዚእ በግእዝ | GZ-MEL-100:መልክዐ አቡነ አፍቅረነ እግዚእ በግእዝ | GZ-MEL-145:መልክዐ ዓቢየ እግዚእ በግእዝ | GZ-MEL-150:መልክዐ ዮሐንስ ፍቁረ እግዚእ በግእዝ,"1-3, 1-4, 1-19, 1-29, 2-3, 2-4, 2-19, 3-3, 3-4, 3-19"
3-8,68,ቅዱስ ሙሴ ሊቀ ነቢያት,ሙሴ ሊቀ ነቢያት,monthly,WRONG_DATE,,AM-TSE-003:የነቢያት ጸሎት በአማርኛ | GZ-TSE-002:ጸሎተ ነቢያት በግእዝ | TI-MZM-002:መዝሙር መኃልይ ነቢያት ብትግርኛ,"None-None, None-None, None-None"
3-8,68,አባ ብሶይ (ቢሾይ),ብሶይ,monthly,NO_BOOK,,,
3-8,68,አቡነ ኪሮስ,ኪሮስ,monthly,CORRECT,GZ-GDL-016:ገድለ አቡነ ኪሮስ በግእዝ | AM-GDL-021:ገድለ አቡነ ኪሮስ በአማርኛ,GZ-GDL-016:ገድለ አቡነ ኪሮስ በግእዝ | AM-GDL-021:ገድለ አቡነ ኪሮስ በአማርኛ,"1-8, 1-8, 2-8, 2-8, 3-8, 3-8, 4-8, 4-8, 5-8, 5-8"
3-8,68,አባ ሳሙኤል ዘደብረ ቀልሞን,ሳሙኤል ዘደብረ ቀልሞን,monthly,WRONG_DATE,,AM-MEL-054:የአቡነ ሳሙኤል ዘዋልድባ መልክዕ በአማርኛ | AM-MEL-055:የአቡነ ሳሙኤል ዘዋልድባ ኹለተኛ መልክዕ በአማርኛ | GZ-MEL-084:መልክዐ አቡነ ሳሙኤል በግእዝ ሣልስ በግእዝ | GZ-MEL-085:መልክዐ አቡነ ሳሙኤል ዘዋልድባ በግእዝ | GZ-MEL-086:መልክዐ አቡነ ሳሙኤል ዘዋልድባ ካልዕ በግእዝ,"1-12, 1-12, 1-12, 1-12, 1-12, 2-12, 2-12, 2-12, 2-12, 2-12"
3-8,68,ቅዱስ ማትያስ ሐዋርያ (ከ፲፪ቱ ሐዋርያት),ማትያስ ሐዋርያ,monthly,WRONG_DATE,,AM-MEL-033:የሐዋርያው የቅዱስ ታዴዎስ መልክዕ በአማርኛ | AM-MEL-046:የቅዱስ እንድርያስ ሐዋርያ መልክዕ በአማርኛ | GZ-MEL-023:መልክዐ ሐዋርያት በግእዝ | GZ-MEL-137:መልክዐ እንድርያስ ሐዋርያ በግእዝ | GZ-GDL-017:ገድለ አቡነ ተክለ ሐዋርያት በግእዝ | GZ-GDL-032:መጽሐፈ ገድለ ቅዱሳን ሐዋርያት በግእዝ | AM-ZNA-003:ዜና ሐዋርያት በአማርኛ,"1-2, 1-4, 1-4, 2-2, 2-4, 2-4, 3-2, 3-4, 3-4, 3-27"
3-9,69,ቅዱሳን ፫፲፰ቱ ሊቃውንት,፫፲፰ቱ ሊቃውንት,annual,NO_BOOK,,,
3-9,69,ቅዱስ እለእስክንድሮስ ሊቅ,እለእስክንድሮስ ሊቅ,annual,NO_BOOK,,,
3-9,69,ቅዱስ አትናቴዎስ ሐዋርያዊ,አትናቴዎስ ሐዋርያዊ,annual,NO_BOOK,,,
3-9,69,አባ ይስሐቅ ሊቀ ዻዻሳት,ይስሐቅ ሊቀ ዻዻሳት,annual,NO_BOOK,,,
3-9,69,ሊቁ አካለ ወልድ,ሊቁ አካለ ወልድ,annual,NO_BOOK,,,
3-9,69,አባ በርሱማ ሶርያዊ (ለሶርያ መነኮሳት ኁሉ አባት),በርሱማ ሶርያዊ,monthly,NO_BOOK,,,
3-9,69,አቡነ እስትንፋሰ ክርስቶስ,እስትንፋሰ ክርስቶስ,monthly,CORRECT,GZ-MEL-136:መልክዐ እስትንፋሰ ክርስቶስ በግእዝ | AM-GDL-014:የአቡነ እስትንፋሰ ክርስቶስ ገድል በአማርኛ,GZ-MEL-136:መልክዐ እስትንፋሰ ክርስቶስ በግእዝ | AM-GDL-014:የአቡነ እስትንፋሰ ክርስቶስ ገድል በአማርኛ,"1-9, 1-9, 2-9, 2-9, 3-9, 3-9, 4-9, 4-9, 5-9, 5-9"
3-9,69,የብሔረ ብፁዐን ጻድቃን,የብሔረ ብፁዐን ጻድቃን,monthly,WRONG_DATE,,GZ-MEL-160:መልክዐ ጻድቃን ዘባርክናሃ በግእዝ,4-29
3-9,69,አባ መልከ ጼዴቅ ዘሚዳ,መልከ ጼዴቅ ዘሚዳ,monthly,CORRECT,AM-MEL-068:የአቡነ መልከ ጼዴቅ መልክእ በአማርኛ | GZ-MEL-075:መልክዐ አቡነ መልከ ጼዴቅ በግእዝ,AM-MEL-068:የአቡነ መልከ ጼዴቅ መልክእ በአማርኛ | GZ-MEL-002:መልከዐ ማርያም ዳግሚት በግእዝ | GZ-MEL-003:መልከዐ አቡነ ሊቃኖስ በግእዝ | GZ-MEL-075:መልክዐ አቡነ መልከ ጼዴቅ በግእዝ,"1-9, 1-9, 1-21, 2-9, 2-9, 2-21, 3-9, 3-9, 3-21, 3-28"
3-9,69,ቅዱስ ዞሲማስ ጻድቅ,ዞሲማስ,monthly,CORRECT,GZ-GDL-008:ገድለ ቅዱስ ዞሲማስ በግእዝ | AM-GDL-025:ገድለ ቅዱስ ዞሲማስ በአማርኛ,GZ-GDL-008:ገድለ ቅዱስ ዞሲማስ በግእዝ | AM-GDL-025:ገድለ ቅዱስ ዞሲማስ በአማርኛ,"1-9, 1-9, 2-9, 2-9, 3-9, 3-9, 4-9, 4-9, 5-9, 5-9"
3-10,70,ቅድስት ሶፍያ ሰማዕት,ሶፍያ,annual,NO_BOOK,,,
3-10,70,ደናግለ ሮሜ (ሰማዕታት),ደናግለ ሮሜ,annual,NO_BOOK,,,
3-10,70,ቅዱስ ዻውሎስ ሰማዕት,ዻውሎስ,annual,NO_BOOK,,,
3-10,70,ቅዱስ ድሜጥሮስ ሊቅ,ድሜጥሮስ ሊቅ,annual,NO_BOOK,,,
3-10,70,ጉቡዓን ኤዺስ ቆዾሳት,ጉቡዓን ኤዺስ ቆዾሳት,annual,NO_BOOK,,,
3-10,70,ቅዱስ ናትናኤል ሐዋርያ,ናትናኤል,monthly,NO_BOOK,,,
3-10,70,ቅዱስ ኒቆላዎስ ዘሃገረ ሜራ,ኒቆላዎስ ዘሃገረ ሜራ,monthly,NO_BOOK,,,
3-10,70,አቡነ መልክዐ ክርስቶስ,መልክዐ ክርስቶስ,monthly,WRONG_DATE,,GZ-MEL-143:መልክዐ ክርስቶስ ሠምራ በግእዝ,"1-24, 2-24, 3-24, 4-24, 5-24, 6-24, 7-24, 8-24, 9-12, 9-24"
3-10,70,ቅዱስ ያዕቆብ ሐዋርያ (ወልደ እልፍዮስ),ያዕቆብ ሐዋርያ,monthly,WRONG_DATE,,AM-MEL-022:መልክዐ አብርሃም ይሥሐቅ ያዕቆብ በአማርኛ | AM-MEL-033:የሐዋርያው የቅዱስ ታዴዎስ መልክዕ በአማርኛ | AM-MEL-046:የቅዱስ እንድርያስ ሐዋርያ መልክዕ በአማርኛ | GZ-MEL-023:መልክዐ ሐዋርያት በግእዝ | GZ-MEL-124:መልክዐ አብርሃም ይሥሐቅ ወያዕቆብ በግእዝ | GZ-MEL-137:መልክዐ እንድርያስ ሐዋርያ በግእዝ | GZ-GDL-017:ገድለ አቡነ ተክለ ሐዋርያት በግእዝ | GZ-GDL-032:መጽሐፈ ገድለ ቅዱሳን ሐዋርያት በግእዝ | AM-ZNA-003:ዜና ሐዋርያት በአማርኛ,"1-2, 1-4, 1-4, 1-28, 1-28, 2-2, 2-4, 2-4, 2-28, 2-28"
3-10,70,ቅድስት ዕሌኒ ንግስት,ዕሌኒ ንግስት,monthly,NO_BOOK,,,
3-10,70,ታላቁ ቅዱስ ቆስጠንጢኖስ,ታላቁ ቅዱስ ቆስጠንጢኖስ,monthly,NO_BOOK,,,
3-10,70,ቅዱስ እፀ መስቀል,እፀ መስቀል,monthly,CORRECT,AM-MEL-012:መልክዐ ቅዱስ መስቀል በአማርኛ | AM-MEL-040:የቅዱስ መስቀል 3ኛ መልክዕ በአማርኛ | GZ-MEL-050:መልክዐ ቅዱስ መስቀል ሣልስ በግእዝ | GZ-MEL-051:መልክዐ ቅዱስ መስቀል በግእዝ | GZ-DRS-002:ድርሳነ መስቀል በግእዝ | AM-DRS-008:ድርሳነ መስቀል በአማርኛ,AM-MEL-004:መልክዐ ሕማማተ መስቀል በአማርኛ | AM-MEL-012:መልክዐ ቅዱስ መስቀል በአማርኛ | AM-MEL-040:የቅዱስ መስቀል 3ኛ መልክዕ በአማርኛ | AM-TSE-001:የመስቀል አጥር ጸሎት በአማርኛ | AM-WUD-001:ውዳሴ መስቀል በአማርኛ | GZ-HAT-001:ሐፁረ መስቀል በግእዝ | GZ-MEL-024:መልክዐ ሕማማተ መስቀል በግእዝ | GZ-MEL-050:መልክዐ ቅዱስ መስቀል ሣልስ በግእዝ | GZ-MEL-051:መልክዐ ቅዱስ መስቀል በግእዝ | GZ-WUD-001:ውዳሴ መስቀል በግእዝ | GZ-DRS-002:ድርሳነ መስቀል በግእዝ | AM-DRS-008:ድርሳነ መስቀል በአማርኛ,"None-None, None-None, None-None, None-None, None-None, None-None, 1-10, 1-10, 1-10, 1-10"
3-11,71,ቅድስት ሐና ቡርክት,ሐና ቡርክት,annual,NO_BOOK,,,
3-11,71,ቅዱስ አርኬላዎስ ሰማዕት,አርኬላዎስ,annual,NO_BOOK,,,
3-11,71,አባ ኤልሳዕ አበ ምኔት,ኤልሳዕ አበ ምኔት,annual,NO_BOOK,,,
3-11,71,አባ ዻኩሚስ መነኮስ,ዻኩሚስ መነኮስ,annual,NO_BOOK,,,
3-11,71,ቅዱስ ሚናስ ሰማዕት,ሚናስ,annual,WRONG_DATE,,AM-MEL-013:መልክዐ ቅዱስ ሚናስ በአማርኛ | GZ-MEL-052:መልክዐ ቅዱስ ሚናስ በግእዝ,"1-15, 1-15, 2-15, 2-15, 3-15, 3-15, 4-15, 4-15, 5-15, 5-15"
3-11,71,ቅድስት አውራንያ (የሰማዕቱ እናት),አውራንያ,annual,NO_BOOK,,,
3-11,71,ቅዱስ ያሬድ ካህን,ያሬድ ካህን,monthly,CORRECT,GZ-MEL-146:መልክዐ ያሬድ በግእዝ | GZ-MEL-147:መልክዐ ያሬድ ካልዕ በግእዝ | GZ-GDL-021:ድርሳን ወገድል ዘቅዱስ ያሬድ በግእዝ,GZ-MEL-146:መልክዐ ያሬድ በግእዝ | GZ-MEL-147:መልክዐ ያሬድ ካልዕ በግእዝ | GZ-GDL-021:ድርሳን ወገድል ዘቅዱስ ያሬድ በግእዝ,"1-11, 1-11, 1-11, 2-11, 2-11, 2-11, 3-11, 3-11, 3-11, 4-11"
3-11,71,ማር ገላውዴዎስ ሰማዕት,ማር ገላውዴዎስ,monthly,WRONG_DATE,,GZ-ZNA-002:ዜናሁ ለንጉሥ ገላውዴዎስ በግእዝ,7-27
3-11,71,ቅዱስ ፋሲለደስ ሰማዕት,ፋሲለደስ,monthly,CORRECT,GZ-MEL-041:መልክዐ ሰማዕት ቅዱስ ፋሲለደስ በግእዝ,GZ-MEL-041:መልክዐ ሰማዕት ቅዱስ ፋሲለደስ በግእዝ,"1-11, 2-11, 3-11, 4-11, 5-11, 6-11, 7-11, 8-11, 9-11, 10-11"
3-11,71,አቡነ ሐራ ድንግል ጻድቅ,ሐራ ድንግል,monthly,CORRECT,AM-MEL-019:መልክዐ አቡነ ሐራ ድንግል በአማርኛ | GZ-MEL-021:መልክዐ ሐራ ድንግል በግእዝ,AM-MEL-019:መልክዐ አቡነ ሐራ ድንግል በአማርኛ | GZ-MEL-021:መልክዐ ሐራ ድንግል በግእዝ,"1-11, 1-11, 2-11, 2-11, 3-11, 3-11, 4-11, 4-11, 5-11, 5-11"
3-12,72,ቅዱስ ሚካኤል ሊቀ መላእክት,ሚካኤል ሊቀ መላእክት,annual,CORRECT,AM-MEL-006:መልክዐ ሚካኤል በአማርኛ | AM-MEL-041:የቅዱስ ሚካኤል 3ኛ መልክዕ በአማርኛ | GZ-MEL-004:መልክዐ ሊቀ መላእክት ቅዱስ ሚካኤል ሣልስ በግእዝ | GZ-MEL-005:መልክዐ ሊቀ መላእክት ቅዱስ ሚካኤል ካልዕ በግእዝ | GZ-MEL-009:መልክዐ ሊቀ መላእክት ቅዱስ በግእዝ | GZ-MEL-165:መልክዐ ሊቀ መላእክት ቅዱስ ሚካኤል ካልዕ በግእ | GZ-DRS-008:ድርሳነ ሚካኤል በግእዝ | AM-DRS-009:ድርሳነ ሚካኤል በአማርኛ,AM-DIR-001:የሰባቱ ሊቃነ መላእክት ድርሳን በአማርኛ | AM-MEL-006:መልክዐ ሚካኤል በአማርኛ | AM-MEL-038:የቅዱሳን አእላፍ መላእክት 2ኛ መልክዕ በአማርኛ | AM-MEL-041:የቅዱስ ሚካኤል 3ኛ መልክዕ በአማርኛ | GZ-MEL-004:መልክዐ ሊቀ መላእክት ቅዱስ ሚካኤል ሣልስ በግእዝ | GZ-MEL-005:መልክዐ ሊቀ መላእክት ቅዱስ ሚካኤል ካልዕ በግእዝ | GZ-MEL-006:መልክዐ ሊቀ መላእክት ቅዱስ ሩፋኤል በግእዝ | GZ-MEL-007:መልክዐ ሊቀ መላእክት ቅዱስ ራጉኤል በግእዝ | GZ-MEL-008:መልክዐ ሊቀ መላእክት ቅዱስ ሱርያል በግእዝ | GZ-MEL-009:መልክዐ ሊቀ መላእክት ቅዱስ በግእዝ | GZ-MEL-010:መልክዐ ሊቀ መላእክት ቅዱስ አፍኒን በግእዝ | GZ-MEL-011:መልክዐ ሊቀ መላእክት ቅዱስ ዑራኤል በግእዝ | GZ-MEL-012:መልክዐ ሊቀ መላእክት ቅዱስ ዑራኤል ካልእ በግእዝ | GZ-MEL-013:መልክዐ ሊቀ መላእክት ቅዱስ ገብርኤል በግእዝ | GZ-MEL-014:መልክዐ ሊቀ መላእክት ቅዱስ ገብርኤል ካልዕ (ደቅስዮስ) በግእዝ | GZ-MEL-015:መልክዐ ሊቀ መላእክት ቅዱስ ፋኑኤል በግእዝ | GZ-MEL-083:መልክዐ አቡነ ሰይፈ ሚካኤል በግእዝ | GZ-MEL-121:መልክዐ አባ በጸሎተ ሚካኤል በግእዝ | GZ-MEL-125:መልክዐ አእላፍ መላእክት በግእዝ | GZ-MEL-126:መልክዐ አእላፍ መላእክት ካልእ በግእዝ | GZ-MEL-165:መልክዐ ሊቀ መላእክት ቅዱስ ሚካኤል ካልዕ በግእ | AM-GDL-011:ገድለ አቡነ በጸሎተ ሚካኤል በአማርኛ | GZ-GDL-015:ገድለ አቡነ በጸሎተ ሚካኤል በግእዝ | GZ-DRS-008:ድርሳነ ሚካኤል በግእዝ | AM-DRS-009:ድርሳነ ሚካኤል በአማርኛ | GZ-GDL-034:ገድለ አቡነ ፍሬ ሚካኤል በግእዝ,"1-1, 1-3, 1-9, 1-9, 1-9, 1-9, 1-9, 1-9, 1-9, 1-12"
3-12,72,ቅዱስ ኢያሱ ነቢይ,ኢያሱ,annual,NO_BOOK,,,
3-12,72,ቅዱሳን ዱራታኦስና ቴዎብስታ,ዱራታኦስና ቴዎብስታ,annual,NO_BOOK,,,
3-12,72,አፄ በዕደ ማርያም ጻድቅ,አፄ በዕደ ማርያም,annual,WRONG_DATE,,AM-LAH-001:ላሐ ማርያም በአማርኛ | AM-MEL-008:መልክዐ ማርያም ሣልሲት በአማርኛ | AM-MEL-009:መልክዐ ማርያም በአማርኛ | AM-MEL-017:መልክዐ ቅድስት ጸበለ ማርያም በአማርኛ | AM-MEL-064:የጽዮን ማርያም 3ኛ መልክዕ በአማርኛ | AM-RAY-001:ራዕየ ማርያም በአማርኛ | AM-WUD-002:ውዳሴ ማርያም በአማርኛ | GZ-ETA-001:እትአመነኪ ማርያም በሰማይ ወበምድር በግእዝ | GZ-LAH-001:ላሐ ማርያም በግእዝ | GZ-MEL-002:መልከዐ ማርያም ዳግሚት በግእዝ | GZ-MEL-031:መልክዐ ማርያም ሣልሲት በግእዝ | GZ-MEL-032:መልክዐ ማርያም በግእዝ | GZ-MEL-070:መልክዐ ተክለ ማርያም ዘይሰመይ መብዓ ጽዮን በግእዝ | GZ-MEL-099:መልክዐ አቡነ አብሳዲ ዘደብረ ማርያም በግእዝ | GZ-MEL-159:መልክዐ ጸበለ ማርያም ቅድስት በግእዝ | GZ-MEL-161:መልክዐ ጽዮን ማርያም ሣልስ በግእዝ | GZ-WUD-002:ውዳሴ ማርያም በግእዝ | TI-RAY-001:ራእየ ማርያም ብትግርኛ | TI-WUD-001:ውዳሴ ማርያም ብትግርኛ | AM-GDL-002:ገድለ ማርያም እንተ ዕፍረት በአማርኛ | GZ-TAM-001:ተአምረ ማርያም በግእዝ | AM-GDL-003:ገድለ ማርያም መግደላዊት በአማርኛ | GZ-MTS-001:መጽሐፈ ልደታ ለማርያም በግእዝ | AM-TAM-002:ተአምረ ማርያም በአማርኛ,"None-None, None-None, None-None, 1-1, 1-21, 1-21, 1-21, 1-21, 1-21, 1-21"
3-12,72,ቅዱስ ዮሐንስ መጥምቅ,ዮሐንስ መጥምቅ,annual,WRONG_DATE,,AM-MEL-048:የቅዱስ ዮሐንስ መጥምቅ መልክዕ በአማርኛ | GZ-MEL-060:መልክዐ ቅዱስ ዮሐንስ መጥምቅ በግእዝ,"1-1, 1-1, 1-2, 1-2, 1-26, 1-26, 1-30, 1-30, 2-2, 2-2"
3-12,72,ቅዱስ ባሕራን ቀሲስ,ባሕራን ቀሲስ,annual,NO_BOOK,,,
3-12,72,አባ ፊላታዎስ ሊቀ ዻዻሳት,ፊላታዎስ ሊቀ ዻዻሳት,annual,NO_BOOK,,,
3-12,72,ቅዱስ ላሊበላ ጻድቅ (ንጉሠ ኢትዮዽያ),ላሊበላ ጻድቅ,monthly,CORRECT,GZ-MEL-019:መልክዐ ላሊበላ በግዕዝ,AM-MEL-003:መልክዐ ለአቡነ አቢብ ጻድቅ በአማርኛ | AM-MEL-021:መልክዐ አቡነ ዮሐንስ ጻድቅ በአማርኛ | AM-MEL-060:የአቡነ አባለ ክርስቶስ ጻድቅ መልክዕ በአማርኛ | GZ-MEL-019:መልክዐ ላሊበላ በግዕዝ,"1-12, 1-16, 1-25, 2-12, 2-16, 2-25, 3-12, 3-16, 3-25, 4-12"
3-12,72,ቅዱስ ዮሐንስ አፈ ወርቅ,ዮሐንስ አፈ ወርቅ,monthly,WRONG_DATE,,AM-MEL-016:መልክዐ ቅዱስ ዮሐንስ ወንጌላዊ በአማርኛ | AM-MEL-020:መልክዐ አቡነ ዕጨጌ ዮሐንስ በአማርኛ | AM-MEL-021:መልክዐ አቡነ ዮሐንስ ጻድቅ በአማርኛ | AM-MEL-047:የቅዱስ ዮሐንስ 2ኛ መልክዕ በአማርኛ | AM-MEL-048:የቅዱስ ዮሐንስ መጥምቅ መልክዕ በአማርኛ | GZ-MEL-060:መልክዐ ቅዱስ ዮሐንስ መጥምቅ በግእዝ | GZ-MEL-061:መልክዐ ቅዱስ ዮሐንስ ካልእ በግእዝ | GZ-MEL-062:መልክዐ ቅዱስ ዮሐንስ ወንጌላዊ በግእዝ | GZ-MEL-104:መልክዐ አቡነ ዕጨጌ ዮሐንስ በግእዝ | GZ-MEL-109:መልክዐ አቡነ ዮሐንስ ከማ በግእዝ | GZ-MEL-110:መልክዐ አቡነ ዮሐንስ ዘድብረ ዳጋ በግእዝ | GZ-MEL-149:መልክዐ ዮሐንስ ወልደ ነጎድጓድ በግእዝ | GZ-MEL-150:መልክዐ ዮሐንስ ፍቁረ እግዚእ በግእዝ | AM-GDL-013:የቅዱስ ዮሐንስ ገድል በአማርኛ | GZ-GDL-018:ገድለ አቡነ ዮሐንስ በግእዝ | AM-GDL-027:ገድለ አቡነ እጨጌ ዮሐንስ ዘጸገሮ በአማርኛ,"1-1, 1-1, 1-2, 1-2, 1-4, 1-4, 1-4, 1-4, 1-4, 1-4"
3-12,72,ቅዱስ ቴዎድሮስ ምሥራቃዊ (ሰማዕት),ቴዎድሮስ ምሥራቃዊ,monthly,CORRECT,GZ-MEL-040:መልክዐ ሰማዕት ቅዱስ ቴዎድሮስ በግእዝ | GZ-GDL-030:ገድለ ቅዱስ ቴዎድሮስ በግእዝ | GZ-GDL-031:ገድለ ሰማዕት ቅዱስ ቴዎድሮስ በግእዝ | AM-GDL-030:ገድለ ሰማዕት ቅዱስ ቴዎድሮስ በአማርኛ,GZ-MEL-040:መልክዐ ሰማዕት ቅዱስ ቴዎድሮስ በግእዝ | GZ-GDL-030:ገድለ ቅዱስ ቴዎድሮስ በግእዝ | GZ-GDL-031:ገድለ ሰማዕት ቅዱስ ቴዎድሮስ በግእዝ | AM-GDL-030:ገድለ ሰማዕት ቅዱስ ቴዎድሮስ በአማርኛ,"1-12, 1-12, 1-12, 1-12, 1-20, 1-20, 1-20, 1-20, 2-12, 2-12"
3-12,72,ቅድስት ክርስቶስ ሠምራ,ክርስቶስ ሠምራ,monthly,WRONG_DATE,,GZ-MEL-143:መልክዐ ክርስቶስ ሠምራ በግእዝ | AM-GDL-005:ገድለ ቅድስት ክርስቶስ ሠምራ በአማርኛ | GZ-GDL-019:ገድለ ቅድስት ክርስቶስ ሠምራ በግእዝ,"1-24, 1-24, 1-24, 2-24, 2-24, 2-24, 3-24, 3-24, 3-24, 4-24"
3-12,72,አቡነ ሳሙኤል ዘዋልድባ,ሳሙኤል ዘዋልድባ,monthly,CORRECT,AM-MEL-054:የአቡነ ሳሙኤል ዘዋልድባ መልክዕ በአማርኛ | AM-MEL-055:የአቡነ ሳሙኤል ዘዋልድባ ኹለተኛ መልክዕ በአማርኛ | GZ-MEL-085:መልክዐ አቡነ ሳሙኤል ዘዋልድባ በግእዝ | GZ-MEL-086:መልክዐ አቡነ ሳሙኤል ዘዋልድባ ካልዕ በግእዝ,AM-MEL-054:የአቡነ ሳሙኤል ዘዋልድባ መልክዕ በአማርኛ | AM-MEL-055:የአቡነ ሳሙኤል ዘዋልድባ ኹለተኛ መልክዕ በአማርኛ | GZ-MEL-085:መልክዐ አቡነ ሳሙኤል ዘዋልድባ በግእዝ | GZ-MEL-086:መልክዐ አቡነ ሳሙኤል ዘዋልድባ ካልዕ በግእዝ,"1-12, 1-12, 1-12, 1-12, 2-12, 2-12, 2-12, 2-12, 3-12, 3-12"
3-12,72,ቅዱስ ማቴዎስ ሐዋርያ,ማቴዎስ,monthly,WRONG_DATE,,GZ-MEL-080:መልክዐ አቡነ ማቴዎስ ዘደብረ በርበሬ በግእዝ | GZ-MEL-081:መልክዐ አቡነ ማቴዎስ ዘደብረ በርበሬ በግእዝ ካልእ,"3-13, 5-14"
3-12,72,ቅዱስ ድሜጥሮስ ሊቅ,ድሜጥሮስ ሊቅ,monthly,NO_BOOK,,,
3-13,73,አእላፍ (፱፱ኙ) ነገደ መላእክት,አእላፍ  ነገደ መላእክት,annual,CORRECT,AM-DIR-001:የሰባቱ ሊቃነ መላእክት ድርሳን በአማርኛ | AM-MEL-038:የቅዱሳን አእላፍ መላእክት 2ኛ መልክዕ በአማርኛ | GZ-MEL-006:መልክዐ ሊቀ መላእክት ቅዱስ ሩፋኤል በግእዝ | GZ-MEL-125:መልክዐ አእላፍ መላእክት በግእዝ | GZ-MEL-126:መልክዐ አእላፍ መላእክት ካልእ በግእዝ,AM-DIR-001:የሰባቱ ሊቃነ መላእክት ድርሳን በአማርኛ | AM-MEL-038:የቅዱሳን አእላፍ መላእክት 2ኛ መልክዕ በአማርኛ | GZ-MEL-004:መልክዐ ሊቀ መላእክት ቅዱስ ሚካኤል ሣልስ በግእዝ | GZ-MEL-005:መልክዐ ሊቀ መላእክት ቅዱስ ሚካኤል ካልዕ በግእዝ | GZ-MEL-006:መልክዐ ሊቀ መላእክት ቅዱስ ሩፋኤል በግእዝ | GZ-MEL-007:መልክዐ ሊቀ መላእክት ቅዱስ ራጉኤል በግእዝ | GZ-MEL-008:መልክዐ ሊቀ መላእክት ቅዱስ ሱርያል በግእዝ | GZ-MEL-009:መልክዐ ሊቀ መላእክት ቅዱስ በግእዝ | GZ-MEL-010:መልክዐ ሊቀ መላእክት ቅዱስ አፍኒን በግእዝ | GZ-MEL-011:መልክዐ ሊቀ መላእክት ቅዱስ ዑራኤል በግእዝ | GZ-MEL-012:መልክዐ ሊቀ መላእክት ቅዱስ ዑራኤል ካልእ በግእዝ | GZ-MEL-013:መልክዐ ሊቀ መላእክት ቅዱስ ገብርኤል በግእዝ | GZ-MEL-014:መልክዐ ሊቀ መላእክት ቅዱስ ገብርኤል ካልዕ (ደቅስዮስ) በግእዝ | GZ-MEL-015:መልክዐ ሊቀ መላእክት ቅዱስ ፋኑኤል በግእዝ | GZ-MEL-125:መልክዐ አእላፍ መላእክት በግእዝ | GZ-MEL-126:መልክዐ አእላፍ መላእክት ካልእ በግእዝ | GZ-MEL-165:መልክዐ ሊቀ መላእክት ቅዱስ ሚካኤል ካልዕ በግእ,"1-1, 1-3, 1-9, 1-9, 1-9, 1-12, 1-12, 1-12, 1-12, 1-13"
3-13,73,ቅዱስ አስከናፍር ሮማዊ,አስከናፍር ሮማዊ,annual,NO_BOOK,,,
3-13,73,"""፲፫ቱ"" ግኁሳን አበው (ሽፍቶች የነበሩ)","""፲፫ቱ"" ግኁሳን አበው",annual,WRONG_DATE,,AM-ZNA-002:ዜና አበው በአማርኛ,"3-4, 5-26"
3-13,73,ቅዱስ ጢሞቴዎስ ዘእንጽና,ጢሞቴዎስ ዘእንጽና,annual,NO_BOOK,,,
3-13,73,አባ ዘካርያስ ሊቀ ዻዻሳት,ዘካርያስ ሊቀ ዻዻሳት,annual,NO_BOOK,,,
3-13,73,እግዚአብሔር አብ,እግዚአብሔር አብ,monthly,CORRECT,GZ-MEL-139:መልክዐ እግዚአብሔር አብ በግእዝ | GZ-MEL-140:መልክዐ እግዚአብሔር አብ ካልዕ በግእዝ,GZ-MEL-139:መልክዐ እግዚአብሔር አብ በግእዝ | GZ-MEL-140:መልክዐ እግዚአብሔር አብ ካልዕ በግእዝ,"1-13, 1-13, 2-13, 2-13, 3-13, 3-13, 4-13, 4-13, 5-13, 5-13"
3-13,73,ቅዱስ ሩፋኤል ሊቀ መላዕክት,ሩፋኤል ሊቀ መላዕክት,monthly,CORRECT,AM-MEL-043:የቅዱስ ሩፋኤል መልክዕ በአማርኛ | GZ-MEL-006:መልክዐ ሊቀ መላእክት ቅዱስ ሩፋኤል በግእዝ | GZ-DRS-009:ድርሳን ቅዱስ ሩፋኤል በግእዝ,AM-MEL-043:የቅዱስ ሩፋኤል መልክዕ በአማርኛ | GZ-MEL-006:መልክዐ ሊቀ መላእክት ቅዱስ ሩፋኤል በግእዝ | GZ-DRS-009:ድርሳን ቅዱስ ሩፋኤል በግእዝ,"1-13, 1-13, 1-13, 2-13, 2-13, 2-13, 3-13, 3-13, 3-13, 4-13"
3-13,73,ቅዱስ አርሳንዮስ ጠቢብ ገዳማዊ,አርሳንዮስ ጠቢብ ገዳማዊ,monthly,NO_BOOK,,,
3-13,73,አቡነ ዘርዐ ቡሩክ,ዘርዐ ቡሩክ,monthly,CORRECT,AM-MEL-061:የአቡነ ዘርዐ ቡሩክ መልክዕ በአማርኛ | GZ-MEL-105:መልክዐ አቡነ ዘርዐ ቡሩክ በግእዝ,AM-MEL-061:የአቡነ ዘርዐ ቡሩክ መልክዕ በአማርኛ | GZ-MEL-105:መልክዐ አቡነ ዘርዐ ቡሩክ በግእዝ,"1-13, 1-13, 2-13, 2-13, 3-13, 3-13, 4-13, 4-13, 5-13, 5-13"
3-14,74,አባ ዳንኤል ገዳማዊ,ዳንኤል ገዳማዊ,annual,WRONG_DATE,,GZ-MEL-114:መልክዐ አቡነ ዳንኤል በግእዝ | GZ-GDL-028:ገድለ አቡነ ዳንኤል በግእዝ,"3-6, 3-6"
3-14,74,አባ መርትያኖስ ካልዕ (ዘጠራክያ),መርትያኖስ ካልዕ,annual,WRONG_DATE,,AM-MEL-067:ጸሎተ መልክዕ ዘቅዱስ ጊዮርጊስ ሊቀ ሰማዕታት ካልዕ በአማርኛ | GZ-MEL-005:መልክዐ ሊቀ መላእክት ቅዱስ ሚካኤል ካልዕ በግእዝ | GZ-MEL-014:መልክዐ ሊቀ መላእክት ቅዱስ ገብርኤል ካልዕ (ደቅስዮስ) በግእዝ | GZ-MEL-086:መልክዐ አቡነ ሳሙኤል ዘዋልድባ ካልዕ በግእዝ | GZ-MEL-132:መልክዐ ኢየሱስ ካልዕ በግእዝ | GZ-MEL-140:መልክዐ እግዚአብሔር አብ ካልዕ በግእዝ | GZ-MEL-144:መልክዐ ዐቢብ ካልዕ በግእዝ | GZ-MEL-147:መልክዐ ያሬድ ካልዕ በግእዝ | GZ-MEL-152:መልክዐ ገብረ መንፈስ ቅዱስ ካልዕ በግእዝ | GZ-MEL-155:መልክዐ ጊዮርጊስ ካልዕ ወሥቃዩ በግእዝ | GZ-MZM-002:መዝሙረ ክርስቶስ ካልዕ በግእዝ | GZ-MEL-165:መልክዐ ሊቀ መላእክት ቅዱስ ሚካኤል ካልዕ በግእ,"1-5, 1-9, 1-9, 1-11, 1-12, 1-12, 1-12, 1-13, 1-19, 1-23"
3-14,74,አባ ዮሐንስ ዘደብረ ቢዘን (ኤርትራ),ዮሐንስ ዘደብረ ቢዘን,annual,WRONG_DATE,,AM-MEL-016:መልክዐ ቅዱስ ዮሐንስ ወንጌላዊ በአማርኛ | AM-MEL-020:መልክዐ አቡነ ዕጨጌ ዮሐንስ በአማርኛ | AM-MEL-021:መልክዐ አቡነ ዮሐንስ ጻድቅ በአማርኛ | AM-MEL-047:የቅዱስ ዮሐንስ 2ኛ መልክዕ በአማርኛ | AM-MEL-048:የቅዱስ ዮሐንስ መጥምቅ መልክዕ በአማርኛ | GZ-MEL-060:መልክዐ ቅዱስ ዮሐንስ መጥምቅ በግእዝ | GZ-MEL-061:መልክዐ ቅዱስ ዮሐንስ ካልእ በግእዝ | GZ-MEL-062:መልክዐ ቅዱስ ዮሐንስ ወንጌላዊ በግእዝ | GZ-MEL-104:መልክዐ አቡነ ዕጨጌ ዮሐንስ በግእዝ | GZ-MEL-107:መልክዐ አቡነ የሐንስ ዘደብረ ቢዘን በግእዝ | GZ-MEL-109:መልክዐ አቡነ ዮሐንስ ከማ በግእዝ | GZ-MEL-110:መልክዐ አቡነ ዮሐንስ ዘድብረ ዳጋ በግእዝ | GZ-MEL-120:መልክዐ አቡነ ፊልጶስ ዘደብረ ቢዘን በግእዝ | GZ-MEL-149:መልክዐ ዮሐንስ ወልደ ነጎድጓድ በግእዝ | GZ-MEL-150:መልክዐ ዮሐንስ ፍቁረ እግዚእ በግእዝ | AM-GDL-013:የቅዱስ ዮሐንስ ገድል በአማርኛ | GZ-GDL-018:ገድለ አቡነ ዮሐንስ በግእዝ | AM-GDL-027:ገድለ አቡነ እጨጌ ዮሐንስ ዘጸገሮ በአማርኛ,"1-1, 1-1, 1-2, 1-2, 1-4, 1-4, 1-4, 1-4, 1-4, 1-4"
3-14,74,ቅድስት ደብረ ቀልሞን,ደብረ ቀልሞን,annual,WRONG_DATE,,GZ-MEL-076:መልክዐ አቡነ መርቆሬዎስ ዘደብረ ድማኅ በግእዝ | GZ-MEL-080:መልክዐ አቡነ ማቴዎስ ዘደብረ በርበሬ በግእዝ | GZ-MEL-081:መልክዐ አቡነ ማቴዎስ ዘደብረ በርበሬ በግእዝ ካልእ | GZ-MEL-088:መልክዐ አቡነ ቡሩከ አምላክ ዘደብረ ኮል በግእዝ | GZ-MEL-089:መልክዐ አቡነ ብፁዓ አምላክ ዘደብረ ምዕዋን ወዘደብረ ኰዳዱ በግእዝ | GZ-MEL-099:መልክዐ አቡነ አብሳዲ ዘደብረ ማርያም በግእዝ | GZ-MEL-102:መልክዐ አቡነ እንድርያስ ዘደብረ ስኂን (ፅፉን) በግእዝ | GZ-MEL-103:መልክዐ አቡነ እንድርያስ ዘደብረ ጽጌ በግእዝ | GZ-MEL-107:መልክዐ አቡነ የሐንስ ዘደብረ ቢዘን በግእዝ | GZ-MEL-113:መልክዐ አቡነ ዮናስ ዘደብረ ድኁኃን ዘደብረ ጽጌ ወዘደብረ ጽዮን በግእዝ | GZ-MEL-120:መልክዐ አቡነ ፊልጶስ ዘደብረ ቢዘን በግእዝ | GZ-GDL-001:ገድለ አቡነ ፊልጶስ ዘደብረ ሊባኖስ በግእዝ,"1-13, 1-30, 2-13, 3-13, 3-13, 3-17, 4-1, 4-13, 4-16, 5-13"
3-14,74,አቡነ አረጋዊ (ዘ ሚካኤል ),አረጋዊ,monthly,CORRECT,GZ-MEL-073:መልክዐ አረጋዊ በግእዝ | AM-GDL-016:ገድለ አቡነ አረጋዊ በአማርኛ,GZ-MEL-073:መልክዐ አረጋዊ በግእዝ | AM-GDL-016:ገድለ አቡነ አረጋዊ በአማርኛ,"1-14, 1-14, 2-14, 2-14, 3-14, 3-14, 4-14, 4-14, 5-14, 5-14"
3-14,74,አባ ስምዖን ገዳማዊ,ስምዖን ገዳማዊ,monthly,NO_BOOK,,,
3-14,74,አባ ዮሐንስ ጻድቅ,ዮሐንስ,monthly,WRONG_DATE,,AM-MEL-016:መልክዐ ቅዱስ ዮሐንስ ወንጌላዊ በአማርኛ | AM-MEL-020:መልክዐ አቡነ ዕጨጌ ዮሐንስ በአማርኛ | AM-MEL-021:መልክዐ አቡነ ዮሐንስ ጻድቅ በአማርኛ | AM-MEL-047:የቅዱስ ዮሐንስ 2ኛ መልክዕ በአማርኛ | AM-MEL-048:የቅዱስ ዮሐንስ መጥምቅ መልክዕ በአማርኛ | GZ-MEL-060:መልክዐ ቅዱስ ዮሐንስ መጥምቅ በግእዝ | GZ-MEL-061:መልክዐ ቅዱስ ዮሐንስ ካልእ በግእዝ | GZ-MEL-062:መልክዐ ቅዱስ ዮሐንስ ወንጌላዊ በግእዝ | GZ-MEL-104:መልክዐ አቡነ ዕጨጌ ዮሐንስ በግእዝ | GZ-MEL-109:መልክዐ አቡነ ዮሐንስ ከማ በግእዝ | GZ-MEL-110:መልክዐ አቡነ ዮሐንስ ዘድብረ ዳጋ በግእዝ | GZ-MEL-149:መልክዐ ዮሐንስ ወልደ ነጎድጓድ በግእዝ | GZ-MEL-150:መልክዐ ዮሐንስ ፍቁረ እግዚእ በግእዝ | AM-GDL-013:የቅዱስ ዮሐንስ ገድል በአማርኛ | GZ-GDL-018:ገድለ አቡነ ዮሐንስ በግእዝ | AM-GDL-027:ገድለ አቡነ እጨጌ ዮሐንስ ዘጸገሮ በአማርኛ,"1-1, 1-1, 1-2, 1-2, 1-4, 1-4, 1-4, 1-4, 1-4, 1-4"
3-14,74,እናታችን ቅድስት ነሣሒት,እናታችን ቅድስት ነሣሒት,monthly,NO_BOOK,,,
3-14,74,ቅዱስ ፊልዾስ ሐዋርያ (ከ፯፪ቱ አርድእት),ፊልዾስ ሐዋርያ,monthly,WRONG_DATE,,AM-MEL-033:የሐዋርያው የቅዱስ ታዴዎስ መልክዕ በአማርኛ | AM-MEL-046:የቅዱስ እንድርያስ ሐዋርያ መልክዕ በአማርኛ | GZ-MEL-023:መልክዐ ሐዋርያት በግእዝ | GZ-MEL-137:መልክዐ እንድርያስ ሐዋርያ በግእዝ | GZ-GDL-017:ገድለ አቡነ ተክለ ሐዋርያት በግእዝ | GZ-GDL-032:መጽሐፈ ገድለ ቅዱሳን ሐዋርያት በግእዝ | AM-ZNA-003:ዜና ሐዋርያት በአማርኛ,"1-2, 1-4, 1-4, 2-2, 2-4, 2-4, 3-2, 3-4, 3-4, 3-27"
3-14,74,ቅዱስ ገብረ ክርስቶስ መርዓዊ,ገብረ ክርስቶስ መርዓዊ,monthly,WRONG_DATE,,GZ-MEL-151:መልክዐ ገብረ መንፈስ ቅዱስ በግእዝ | GZ-MEL-152:መልክዐ ገብረ መንፈስ ቅዱስ ካልዕ በግእዝ | GZ-MEL-153:መልክዐ ገብረ ክርስቶስ በግእዝ | AM-GDL-007:ገድለ አቡነ ገብረ መንፈስ ቅዱስ በአማርኛ,"1-5, 1-5, 1-5, 2-5, 2-5, 2-5, 2-14, 3-5, 3-5, 3-5"
3-14,74,ቅዱስ ሙሴ መርዓዊ,ሙሴ መርዓዊ,monthly,NO_BOOK,,,
3-15,75,በዓተ ጾመ ነቢያት,በዓተ ጾመ ነቢያት,annual,WRONG_DATE,,AM-TSE-003:የነቢያት ጸሎት በአማርኛ | GZ-TSE-002:ጸሎተ ነቢያት በግእዝ | TI-MZM-002:መዝሙር መኃልይ ነቢያት ብትግርኛ,"None-None, None-None, None-None"
3-15,75,ቅዱስ ሚናስ ሰማዕት,ሚናስ,annual,CORRECT,AM-MEL-013:መልክዐ ቅዱስ ሚናስ በአማርኛ | GZ-MEL-052:መልክዐ ቅዱስ ሚናስ በግእዝ,AM-MEL-013:መልክዐ ቅዱስ ሚናስ በአማርኛ | GZ-MEL-052:መልክዐ ቅዱስ ሚናስ በግእዝ,"1-15, 1-15, 2-15, 2-15, 3-15, 3-15, 4-15, 4-15, 5-15, 5-15"
3-15,75,ልደተ ቅዱስ ቂርቆስ,ልደተ ቅዱስ ቂርቆስ,annual,CORRECT,AM-MEL-015:መልክዐ ቅዱስ ቂርቆስ በአማርኛ | GZ-MEL-054:መልክዐ ቅዱስ ቂርቆስ በግእዝ | AM-GDL-023:የቅዱስ ቂርቆስና የቅድስት ኢየሉጣ ገድል በአማርኛ,AM-MEL-015:መልክዐ ቅዱስ ቂርቆስ በአማርኛ | GZ-MEL-054:መልክዐ ቅዱስ ቂርቆስ በግእዝ | AM-GDL-023:የቅዱስ ቂርቆስና የቅድስት ኢየሉጣ ገድል በአማርኛ,"1-15, 1-15, 1-15, 2-15, 2-15, 2-15, 3-15, 3-15, 3-15, 4-15"
3-15,75,ብጽዕት ኢየሉጣ,ብጽዕት ኢየሉጣ,annual,CORRECT,GZ-MEL-043:መልክዐ ሰማዕት ቅድስት ኢየሉጣ በግእዝ | AM-GDL-023:የቅዱስ ቂርቆስና የቅድስት ኢየሉጣ ገድል በአማርኛ,GZ-MEL-043:መልክዐ ሰማዕት ቅድስት ኢየሉጣ በግእዝ | AM-GDL-023:የቅዱስ ቂርቆስና የቅድስት ኢየሉጣ ገድል በአማርኛ,"1-15, 1-15, 2-15, 2-15, 3-15, 3-15, 4-15, 4-15, 5-15, 5-15"
3-15,75,አባ ሚናስ ዳግማይ,ሚናስ ዳግማይ,annual,CORRECT,AM-MEL-013:መልክዐ ቅዱስ ሚናስ በአማርኛ | GZ-MEL-052:መልክዐ ቅዱስ ሚናስ በግእዝ,AM-MEL-013:መልክዐ ቅዱስ ሚናስ በአማርኛ | GZ-MEL-052:መልክዐ ቅዱስ ሚናስ በግእዝ,"1-15, 1-15, 2-15, 2-15, 3-15, 3-15, 4-15, 4-15, 5-15, 5-15"
3-15,75,ቅዱስ ኤፍሬም ሶርያዊ (አፈ በረከት),ኤፍሬም ሶርያዊ,monthly,NO_BOOK,,,
3-15,75,ቅድስት እንባ መሪና,እንባ መሪና,monthly,NO_BOOK,,,
3-15,75,ቅድስት ክርስጢና,ክርስጢና,monthly,NO_BOOK,,,
3-16,76,ቅዱስ አኖሬዎስ ጻድቅ (ንጉሠ ሮም),አኖሬዎስ ጻድቅ,annual,CORRECT,AM-MEL-021:መልክዐ አቡነ ዮሐንስ ጻድቅ በአማርኛ,AM-MEL-003:መልክዐ ለአቡነ አቢብ ጻድቅ በአማርኛ | AM-MEL-021:መልክዐ አቡነ ዮሐንስ ጻድቅ በአማርኛ | AM-MEL-060:የአቡነ አባለ ክርስቶስ ጻድቅ መልክዕ በአማርኛ,"1-16, 1-25, 2-16, 2-25, 3-16, 3-25, 4-16, 4-19, 4-25, 5-16"
3-16,76,አባ ዳንኤል ገዳማዊ,ዳንኤል ገዳማዊ,annual,WRONG_DATE,,GZ-MEL-114:መልክዐ አቡነ ዳንኤል በግእዝ | GZ-GDL-028:ገድለ አቡነ ዳንኤል በግእዝ,"3-6, 3-6"
3-16,76,ቅዱስ አውሎጊስ መነኮስ,አውሎጊስ መነኮስ,annual,NO_BOOK,,,
3-16,76,ቅድስት ጣጡስ ሰማዕት,ጣጡስ,annual,NO_BOOK,,,
3-16,76,አባ አቡናፍር ገዳማዊ,አቡናፍር ገዳማዊ,annual,NO_BOOK,,,
3-16,76,ቅዱስ ኪስጦስ ሰማዕት,ኪስጦስ,annual,NO_BOOK,,,
3-16,76,ቅዱስ ፊቅጦር ምዑዝ,ፊቅጦር ምዑዝ,annual,WRONG_DATE,,GZ-MEL-162:መልክዐ ፊቅጦር በግእዝ | GZ-GDL-027:ገድለ ቅዱስ ፊቅጦር በግእዝ | AM-GDL-029:ገድለ ቅዱስ ፊቅጦር በአማርኛ,"1-27, 1-27, 1-27, 2-27, 2-27, 2-27, 3-27, 3-27, 3-27, 4-5"
3-16,76,አባ ዮሐንስ መሐሪ,ዮሐንስ መሐሪ,annual,CORRECT,AM-MEL-021:መልክዐ አቡነ ዮሐንስ ጻድቅ በአማርኛ,AM-MEL-016:መልክዐ ቅዱስ ዮሐንስ ወንጌላዊ በአማርኛ | AM-MEL-020:መልክዐ አቡነ ዕጨጌ ዮሐንስ በአማርኛ | AM-MEL-021:መልክዐ አቡነ ዮሐንስ ጻድቅ በአማርኛ | AM-MEL-047:የቅዱስ ዮሐንስ 2ኛ መልክዕ በአማርኛ | AM-MEL-048:የቅዱስ ዮሐንስ መጥምቅ መልክዕ በአማርኛ | GZ-MEL-060:መልክዐ ቅዱስ ዮሐንስ መጥምቅ በግእዝ | GZ-MEL-061:መልክዐ ቅዱስ ዮሐንስ ካልእ በግእዝ | GZ-MEL-062:መልክዐ ቅዱስ ዮሐንስ ወንጌላዊ በግእዝ | GZ-MEL-104:መልክዐ አቡነ ዕጨጌ ዮሐንስ በግእዝ | GZ-MEL-109:መልክዐ አቡነ ዮሐንስ ከማ በግእዝ | GZ-MEL-110:መልክዐ አቡነ ዮሐንስ ዘድብረ ዳጋ በግእዝ | GZ-MEL-149:መልክዐ ዮሐንስ ወልደ ነጎድጓድ በግእዝ | GZ-MEL-150:መልክዐ ዮሐንስ ፍቁረ እግዚእ በግእዝ | AM-GDL-013:የቅዱስ ዮሐንስ ገድል በአማርኛ | GZ-GDL-018:ገድለ አቡነ ዮሐንስ በግእዝ | AM-GDL-027:ገድለ አቡነ እጨጌ ዮሐንስ ዘጸገሮ በአማርኛ,"1-1, 1-1, 1-2, 1-2, 1-4, 1-4, 1-4, 1-4, 1-4, 1-4"
3-16,76,ኪዳነ ምሕረት (የሰባቱ ኪዳናት ማሕተም),ኪዳነ ምሕረት,monthly,CORRECT,AM-MEL-027:መልክዐ ኪዳነ ምሕረት በአማርኛ | GZ-MEL-141:መልክዐ ኪዳነ ምሕረት በግእዝ,AM-MEL-027:መልክዐ ኪዳነ ምሕረት በአማርኛ | GZ-MEL-141:መልክዐ ኪዳነ ምሕረት በግእዝ,"1-16, 1-16, 2-16, 2-16, 3-16, 3-16, 4-16, 4-16, 5-16, 5-16"
3-16,76,ቅድስት ኤልሳቤጥ (የመጥምቁ ዮሐንስ እናት),ኤልሳቤጥ,monthly,NO_BOOK,,,
3-16,76,ቅዱስ ገብረ ማርያም ጻድቅ ንጉሠ ኢትዮዽያ,ገብረ ማርያም ጻድቅ ንጉሠ ኢትዮዽያ,monthly,WRONG_DATE,,GZ-MEL-151:መልክዐ ገብረ መንፈስ ቅዱስ በግእዝ | GZ-MEL-152:መልክዐ ገብረ መንፈስ ቅዱስ ካልዕ በግእዝ | GZ-MEL-153:መልክዐ ገብረ ክርስቶስ በግእዝ | AM-GDL-007:ገድለ አቡነ ገብረ መንፈስ ቅዱስ በአማርኛ,"1-5, 1-5, 1-5, 2-5, 2-5, 2-5, 2-14, 3-5, 3-5, 3-5"
3-16,76,ቅዱስ ዮሐንስ ወንጌሉ ዘወርቅ,ዮሐንስ ወንጌሉ ዘወርቅ,monthly,CORRECT,AM-MEL-021:መልክዐ አቡነ ዮሐንስ ጻድቅ በአማርኛ,AM-MEL-016:መልክዐ ቅዱስ ዮሐንስ ወንጌላዊ በአማርኛ | AM-MEL-020:መልክዐ አቡነ ዕጨጌ ዮሐንስ በአማርኛ | AM-MEL-021:መልክዐ አቡነ ዮሐንስ ጻድቅ በአማርኛ | AM-MEL-047:የቅዱስ ዮሐንስ 2ኛ መልክዕ በአማርኛ | AM-MEL-048:የቅዱስ ዮሐንስ መጥምቅ መልክዕ በአማርኛ | GZ-MEL-060:መልክዐ ቅዱስ ዮሐንስ መጥምቅ በግእዝ | GZ-MEL-061:መልክዐ ቅዱስ ዮሐንስ ካልእ በግእዝ | GZ-MEL-062:መልክዐ ቅዱስ ዮሐንስ ወንጌላዊ በግእዝ | GZ-MEL-104:መልክዐ አቡነ ዕጨጌ ዮሐንስ በግእዝ | GZ-MEL-109:መልክዐ አቡነ ዮሐንስ ከማ በግእዝ | GZ-MEL-110:መልክዐ አቡነ ዮሐንስ ዘድብረ ዳጋ በግእዝ | GZ-MEL-149:መልክዐ ዮሐንስ ወልደ ነጎድጓድ በግእዝ | GZ-MEL-150:መልክዐ ዮሐንስ ፍቁረ እግዚእ በግእዝ | AM-GDL-013:የቅዱስ ዮሐንስ ገድል በአማርኛ | GZ-GDL-018:ገድለ አቡነ ዮሐንስ በግእዝ | AM-GDL-027:ገድለ አቡነ እጨጌ ዮሐንስ ዘጸገሮ በአማርኛ,"1-1, 1-1, 1-2, 1-2, 1-4, 1-4, 1-4, 1-4, 1-4, 1-4"
3-17,77,ቅዱስ ዮሐንስ አፈ ወርቅ (ፍልሠቱ),ዮሐንስ አፈ ወርቅ,annual,WRONG_DATE,,AM-MEL-016:መልክዐ ቅዱስ ዮሐንስ ወንጌላዊ በአማርኛ | AM-MEL-020:መልክዐ አቡነ ዕጨጌ ዮሐንስ በአማርኛ | AM-MEL-021:መልክዐ አቡነ ዮሐንስ ጻድቅ በአማርኛ | AM-MEL-047:የቅዱስ ዮሐንስ 2ኛ መልክዕ በአማርኛ | AM-MEL-048:የቅዱስ ዮሐንስ መጥምቅ መልክዕ በአማርኛ | GZ-MEL-060:መልክዐ ቅዱስ ዮሐንስ መጥምቅ በግእዝ | GZ-MEL-061:መልክዐ ቅዱስ ዮሐንስ ካልእ በግእዝ | GZ-MEL-062:መልክዐ ቅዱስ ዮሐንስ ወንጌላዊ በግእዝ | GZ-MEL-104:መልክዐ አቡነ ዕጨጌ ዮሐንስ በግእዝ | GZ-MEL-109:መልክዐ አቡነ ዮሐንስ ከማ በግእዝ | GZ-MEL-110:መልክዐ አቡነ ዮሐንስ ዘድብረ ዳጋ በግእዝ | GZ-MEL-149:መልክዐ ዮሐንስ ወልደ ነጎድጓድ በግእዝ | GZ-MEL-150:መልክዐ ዮሐንስ ፍቁረ እግዚእ በግእዝ | AM-GDL-013:የቅዱስ ዮሐንስ ገድል በአማርኛ | GZ-GDL-018:ገድለ አቡነ ዮሐንስ በግእዝ | AM-GDL-027:ገድለ አቡነ እጨጌ ዮሐንስ ዘጸገሮ በአማርኛ,"1-1, 1-1, 1-2, 1-2, 1-4, 1-4, 1-4, 1-4, 1-4, 1-4"
3-17,77,ቅድስት ወለተ ዼጥሮስ ኢትዮዽያዊት,ወለተ ዼጥሮስ ኢትዮዽያዊት,annual,CORRECT,GZ-GDL-003:ገድለ እምነ ወለተ ጴጥሮስ በግእዝ | AM-GDL-020:ገድለ እምነ ወለተ ጴጥሮስ በአማርኛ,GZ-GDL-003:ገድለ እምነ ወለተ ጴጥሮስ በግእዝ | AM-GDL-020:ገድለ እምነ ወለተ ጴጥሮስ በአማርኛ,"1-17, 1-17, 2-17, 2-17, 3-17, 3-17, 4-17, 4-17, 5-17, 5-17"
3-17,77,አባ ሲኖዳ (ዘደብረ ጽሙና - ጐጃም),ሲኖዳ,annual,NO_BOOK,,,
3-17,77,ጻድቃን እለ ወጺፍ,ጻድቃን እለ ወጺፍ,annual,WRONG_DATE,,GZ-MEL-160:መልክዐ ጻድቃን ዘባርክናሃ በግእዝ,4-29
3-17,77,ቅዱሳን አብርሃምና ሐሪክ,አብርሃምና ሐሪክ,annual,NO_BOOK,,,
3-17,77,ቅድስት ወለተ ዻውሎስና ወለተ ክርስቶስ,ወለተ ዻውሎስና ወለተ ክርስቶስ,annual,CORRECT,GZ-GDL-003:ገድለ እምነ ወለተ ጴጥሮስ በግእዝ | AM-GDL-020:ገድለ እምነ ወለተ ጴጥሮስ በአማርኛ,AM-MEL-018:መልክዐ ቅድስት ፍቅርተ ክርስቶስ በአማርኛ | AM-MEL-060:የአቡነ አባለ ክርስቶስ ጻድቅ መልክዕ በአማርኛ | AM-MIK-001:ምክሓ ምእመናን ክርስቶስ በአማርኛ | GZ-MEL-066:መልክዐ ቅድስት ፍቅርተ ክርስቶስ በግእዝ | GZ-MEL-082:መልክዐ አቡነ ሠምረ ክርስቶስ በግእዝ | GZ-MEL-096:መልክዐ አቡነ አባለ ክርስቶስ በግእዝ | GZ-MEL-136:መልክዐ እስትንፋሰ ክርስቶስ በግእዝ | GZ-MEL-143:መልክዐ ክርስቶስ ሠምራ በግእዝ | GZ-MEL-148:መልክዐ ይምርሃነ ክርስቶስ በግእዝ | GZ-MEL-153:መልክዐ ገብረ ክርስቶስ በግእዝ | GZ-MZM-001:መዝሙረ ክርስቶስ በግእዝ | GZ-MZM-002:መዝሙረ ክርስቶስ ካልዕ በግእዝ | GZ-MZM-003:መዝሙረ ክርስቶስ ዘመኃልየ መኃልይ። በግእዝ | GZ-GDL-003:ገድለ እምነ ወለተ ጴጥሮስ በግእዝ | GZ-GDL-006:ገድለ አቡነ እስትንፋስ ክርስቶስ በግእዝ | AM-GDL-005:ገድለ ቅድስት ክርስቶስ ሠምራ በአማርኛ | AM-GDL-014:የአቡነ እስትንፋሰ ክርስቶስ ገድል በአማርኛ | GZ-GDL-019:ገድለ ቅድስት ክርስቶስ ሠምራ በግእዝ | AM-GDL-020:ገድለ እምነ ወለተ ጴጥሮስ በአማርኛ | GZ-GDL-023:ገድለ አቡነ መዝራዕተ ክርስቶስ በግእዝ | TI-GDL-002:ገድሊ አቡነ እስትንፋስ ክርስቶስ ትግርኛ,"1-9, 1-9, 1-9, 1-9, 1-17, 1-17, 1-24, 1-24, 1-24, 1-27"
3-17,77,እስጢፋኖስ ሊቀ ዲያቆናት,እስጢፋኖስ ሊቀ ዲያቆናት,monthly,CORRECT,AM-MEL-045:የቅዱስ እስጢፋኖስ 2ኛ መልክዕ በአማርኛ | GZ-MEL-016:መልክዐ ሊቀ ሰማዕታት ቅዱስ እስጢፋኖስ በግእዝ | GZ-MEL-017:መልክዐ ሊቀ ሰማዕታት ቅዱስ እስጢፋኖስ ካልእ በግእዝ | AM-GDL-009:ገድለ ቅዱስ እስጢፋኖስ አማርኛ | GZ-GDL-022:ገድለ ቅዱስ እስጢፋኖስ በግእዝ,AM-MEL-045:የቅዱስ እስጢፋኖስ 2ኛ መልክዕ በአማርኛ | GZ-MEL-016:መልክዐ ሊቀ ሰማዕታት ቅዱስ እስጢፋኖስ በግእዝ | GZ-MEL-017:መልክዐ ሊቀ ሰማዕታት ቅዱስ እስጢፋኖስ ካልእ በግእዝ | AM-GDL-009:ገድለ ቅዱስ እስጢፋኖስ አማርኛ | GZ-GDL-022:ገድለ ቅዱስ እስጢፋኖስ በግእዝ,"1-15, 1-15, 1-15, 1-15, 1-15, 1-17, 1-17, 1-17, 1-17, 1-17"
3-17,77,ያዕቆብ ሐዋርያ,ያዕቆብ,monthly,WRONG_DATE,,AM-MEL-022:መልክዐ አብርሃም ይሥሐቅ ያዕቆብ በአማርኛ | GZ-MEL-124:መልክዐ አብርሃም ይሥሐቅ ወያዕቆብ በግእዝ,"1-28, 1-28, 2-28, 2-28, 3-28, 3-28, 4-28, 4-28, 5-28, 5-28"
3-17,77,መክሲሞስና ዱማቴዎስ,መክሲሞስና ዱማቴዎስ,monthly,NO_BOOK,,,
3-17,77,አባ ገሪማ,ገሪማ,monthly,CORRECT,AM-GDL-017:ገድለ አቡነ ገሪማ በአማርኛ,AM-GDL-017:ገድለ አቡነ ገሪማ በአማርኛ,"1-17, 2-17, 3-17, 4-17, 5-17, 6-17, 7-17, 8-17, 9-17, 10-17"
3-17,77,አባ ዸላሞን,ዸላሞን,monthly,NO_BOOK,,,
3-17,77,አባ ለትጹን,ለትጹን,monthly,NO_BOOK,,,
3-17,77,ቅዱስ ኤዺፋንዮስ,ኤዺፋንዮስ,monthly,NO_BOOK,,,
3-18,78,ቅዱስ ፊልዾስ ሐዋርያ (ከ፲፪ቱ),ፊልዾስ ሐዋርያ,annual,WRONG_DATE,,AM-MEL-033:የሐዋርያው የቅዱስ ታዴዎስ መልክዕ በአማርኛ | AM-MEL-046:የቅዱስ እንድርያስ ሐዋርያ መልክዕ በአማርኛ | GZ-MEL-023:መልክዐ ሐዋርያት በግእዝ | GZ-MEL-137:መልክዐ እንድርያስ ሐዋርያ በግእዝ | GZ-GDL-017:ገድለ አቡነ ተክለ ሐዋርያት በግእዝ | GZ-GDL-032:መጽሐፈ ገድለ ቅዱሳን ሐዋርያት በግእዝ | AM-ZNA-003:ዜና ሐዋርያት በአማርኛ,"1-2, 1-4, 1-4, 2-2, 2-4, 2-4, 3-2, 3-4, 3-4, 3-27"
3-18,78,ቅዱስ ኤላውትሮስና እናቱ እንትያ (ሰማዕታት),ኤላውትሮስና እናቱ እንትያ,annual,NO_BOOK,,,
3-18,78,ቅዱሳት ደናግል አጥራስስ ወዮና (ሰማዕታት),ቅዱሳት ደናግል አጥራስስ ወዮና,annual,NO_BOOK,,,
3-18,78,ቅዱስ አትናቴዎስ የዋሕ,አትናቴዎስ የዋሕ,annual,NO_BOOK,,,
3-18,78,አቡነ ኤዎስጣቴዎስ ረባን,ኤዎስጣቴዎስ ረባን,monthly,CORRECT,GZ-MEL-135:መልክዐ ኤዎስጣቴዎስ በግእዝ,GZ-MEL-135:መልክዐ ኤዎስጣቴዎስ በግእዝ,"1-18, 2-18, 3-18, 4-18, 5-18, 6-18, 7-18, 8-18, 9-18, 10-18"
3-18,78,አቡነ አኖሬዎስ ዓቢይ,አኖሬዎስ ዓቢይ,monthly,NO_BOOK,,,
3-18,78,ማር ያዕቆብ ግብጻዊ,ማር ያዕቆብ ግብጻዊ,monthly,WRONG_DATE,,AM-MEL-022:መልክዐ አብርሃም ይሥሐቅ ያዕቆብ በአማርኛ | GZ-MEL-124:መልክዐ አብርሃም ይሥሐቅ ወያዕቆብ በግእዝ,"1-28, 1-28, 2-28, 2-28, 3-28, 3-28, 4-28, 4-28, 5-28, 5-28"
3-18,78,ቅዱስ ያዕቆብ ሐዋርያ (ከ፯፪ቱ አርድእት),ያዕቆብ ሐዋርያ,monthly,WRONG_DATE,,AM-MEL-022:መልክዐ አብርሃም ይሥሐቅ ያዕቆብ በአማርኛ | AM-MEL-033:የሐዋርያው የቅዱስ ታዴዎስ መልክዕ በአማርኛ | AM-MEL-046:የቅዱስ እንድርያስ ሐዋርያ መልክዕ በአማርኛ | GZ-MEL-023:መልክዐ ሐዋርያት በግእዝ | GZ-MEL-124:መልክዐ አብርሃም ይሥሐቅ ወያዕቆብ በግእዝ | GZ-MEL-137:መልክዐ እንድርያስ ሐዋርያ በግእዝ | GZ-GDL-017:ገድለ አቡነ ተክለ ሐዋርያት በግእዝ | GZ-GDL-032:መጽሐፈ ገድለ ቅዱሳን ሐዋርያት በግእዝ | AM-ZNA-003:ዜና ሐዋርያት በአማርኛ,"1-2, 1-4, 1-4, 1-28, 1-28, 2-2, 2-4, 2-4, 2-28, 2-28"
3-19,79,ቅዱስ ሰርጊስ ሰማዕት,ሰርጊስ,annual,NO_BOOK,,,
3-19,79,ቅዱስ ቴዎፍሎስ ሰማዕት,ቴዎፍሎስ,annual,NO_BOOK,,,
3-19,79,ቅዱሳን ዸጥሪቃና ደማሊስ (የቅዱሱ ሚስትና ልጅ),ዸጥሪቃና ደማሊስ,annual,NO_BOOK,,,
3-19,79,ቅዱስ በርተሎሜዎስ ሐዋርያ (ልደቱ),በርተሎሜዎስ ሐዋርያ,annual,WRONG_DATE,,AM-MEL-033:የሐዋርያው የቅዱስ ታዴዎስ መልክዕ በአማርኛ | AM-MEL-046:የቅዱስ እንድርያስ ሐዋርያ መልክዕ በአማርኛ | GZ-MEL-023:መልክዐ ሐዋርያት በግእዝ | GZ-MEL-137:መልክዐ እንድርያስ ሐዋርያ በግእዝ | GZ-GDL-017:ገድለ አቡነ ተክለ ሐዋርያት በግእዝ | GZ-GDL-032:መጽሐፈ ገድለ ቅዱሳን ሐዋርያት በግእዝ | AM-ZNA-003:ዜና ሐዋርያት በአማርኛ,"1-2, 1-4, 1-4, 2-2, 2-4, 2-4, 3-2, 3-4, 3-4, 3-27"
3-19,79,ቅዱስ ገብርኤል ሊቀ መላእክት,ገብርኤል ሊቀ መላእክት,monthly,CORRECT,AM-MEL-050:የቅዱስ ገብርኤል መልክዕ በአማርኛ | GZ-MEL-013:መልክዐ ሊቀ መላእክት ቅዱስ ገብርኤል በግእዝ | GZ-MEL-014:መልክዐ ሊቀ መላእክት ቅዱስ ገብርኤል ካልዕ (ደቅስዮስ) በግእዝ | AM-DRS-003:ድርሳነ ገብርኤል በአማርኛ | GZ-DRS-010:ድርሳነ ገብርኤል በግእዝ,AM-DIR-001:የሰባቱ ሊቃነ መላእክት ድርሳን በአማርኛ | AM-MEL-038:የቅዱሳን አእላፍ መላእክት 2ኛ መልክዕ በአማርኛ | AM-MEL-050:የቅዱስ ገብርኤል መልክዕ በአማርኛ | GZ-MEL-004:መልክዐ ሊቀ መላእክት ቅዱስ ሚካኤል ሣልስ በግእዝ | GZ-MEL-005:መልክዐ ሊቀ መላእክት ቅዱስ ሚካኤል ካልዕ በግእዝ | GZ-MEL-006:መልክዐ ሊቀ መላእክት ቅዱስ ሩፋኤል በግእዝ | GZ-MEL-007:መልክዐ ሊቀ መላእክት ቅዱስ ራጉኤል በግእዝ | GZ-MEL-008:መልክዐ ሊቀ መላእክት ቅዱስ ሱርያል በግእዝ | GZ-MEL-009:መልክዐ ሊቀ መላእክት ቅዱስ በግእዝ | GZ-MEL-010:መልክዐ ሊቀ መላእክት ቅዱስ አፍኒን በግእዝ | GZ-MEL-011:መልክዐ ሊቀ መላእክት ቅዱስ ዑራኤል በግእዝ | GZ-MEL-012:መልክዐ ሊቀ መላእክት ቅዱስ ዑራኤል ካልእ በግእዝ | GZ-MEL-013:መልክዐ ሊቀ መላእክት ቅዱስ ገብርኤል በግእዝ | GZ-MEL-014:መልክዐ ሊቀ መላእክት ቅዱስ ገብርኤል ካልዕ (ደቅስዮስ) በግእዝ | GZ-MEL-015:መልክዐ ሊቀ መላእክት ቅዱስ ፋኑኤል በግእዝ | GZ-MEL-125:መልክዐ አእላፍ መላእክት በግእዝ | GZ-MEL-126:መልክዐ አእላፍ መላእክት ካልእ በግእዝ | GZ-MEL-165:መልክዐ ሊቀ መላእክት ቅዱስ ሚካኤል ካልዕ በግእ | AM-DRS-003:ድርሳነ ገብርኤል በአማርኛ | GZ-DRS-010:ድርሳነ ገብርኤል በግእዝ,"1-1, 1-3, 1-9, 1-9, 1-9, 1-12, 1-12, 1-12, 1-12, 1-13"
3-19,79,ቅዱስ ኤስድሮስ ሰማዕት,ኤስድሮስ,monthly,NO_BOOK,,,
3-19,79,አቡነ ዓቢየ እግዚእ ጻድቅ,ዓቢየ እግዚእ,monthly,CORRECT,GZ-MEL-145:መልክዐ ዓቢየ እግዚእ በግእዝ,GZ-MEL-145:መልክዐ ዓቢየ እግዚእ በግእዝ,"1-19, 2-19, 3-19, 4-19, 5-19, 6-19, 7-19, 8-19, 9-19, 10-19"
3-19,79,አቡነ ስነ ኢየሱስ,ስነ ኢየሱስ,monthly,WRONG_DATE,,AM-MEL-002:መልክአ ኢየሱስ በአማርኛ | GZ-MEL-130:መልክዐ ኢየሱስ ሞዐ በግእዝ | GZ-MEL-131:መልክዐ ኢየሱስ በግእዝ | GZ-MEL-132:መልክዐ ኢየሱስ ካልዕ በግእዝ | AM-TAM-001:ተአምረ ኢየሱስ በአማርኛ | TI-TAM-001:ተአምረ ኢየሱስ ብትግርኛ | GZ-TAM-002:ተአምረ ኢየሱስ በግእዝ | AM-GDL-026:ገድለ አቡነ ኢየሱስ ሞዐ በአማርኛ,"1-26, 1-26, 1-29, 1-29, 1-29, 1-29, 1-29, 1-29, 2-26, 2-26"
3-19,79,አቡነ ዮሴፍ ብርሃነ ዓለም,ዮሴፍ ብርሃነ ዓለም,monthly,CORRECT,GZ-MEL-111:መልክዐ አቡነ ዮሴፍ በግእዝ | GZ-GDL-029:ገድለ አቡነ ዮሴፍ በግእዝ,AM-MEL-034:የመድኀኔ ዓለም 3ኛ መልክዕ በአማርኛ | AM-MEL-035:የመድኀኔ ዓለም መልክዕ በአማርኛ | GZ-MEL-001:ሐዲስ መልክዐ መድኃኔዓለም በግእዝ | GZ-MEL-027:መልክዐ መድኀኔ ዓለም ሣልስ በግዕዝ | GZ-MEL-028:መልክዐ መድኃኔ ዓለም በግእዝ | GZ-MEL-111:መልክዐ አቡነ ዮሴፍ በግእዝ | GZ-DRS-005:ድርሳነ መድኃኔ ዓለም በግእዝ | AM-DRS-004:ድርሳነ መድኃኔ ዓለም በአማርኛ | GZ-GDL-029:ገድለ አቡነ ዮሴፍ በግእዝ,"1-19, 1-19, 1-27, 1-27, 1-27, 1-27, 1-27, 1-27, 1-27, 2-19"
3-19,79,ቅዱስ ይምርሐነ ክርስቶስ,ይምርሐነ ክርስቶስ,monthly,WRONG_DATE,,AM-MEL-018:መልክዐ ቅድስት ፍቅርተ ክርስቶስ በአማርኛ | AM-MEL-060:የአቡነ አባለ ክርስቶስ ጻድቅ መልክዕ በአማርኛ | AM-MIK-001:ምክሓ ምእመናን ክርስቶስ በአማርኛ | GZ-MEL-066:መልክዐ ቅድስት ፍቅርተ ክርስቶስ በግእዝ | GZ-MEL-082:መልክዐ አቡነ ሠምረ ክርስቶስ በግእዝ | GZ-MEL-096:መልክዐ አቡነ አባለ ክርስቶስ በግእዝ | GZ-MEL-136:መልክዐ እስትንፋሰ ክርስቶስ በግእዝ | GZ-MEL-143:መልክዐ ክርስቶስ ሠምራ በግእዝ | GZ-MEL-148:መልክዐ ይምርሃነ ክርስቶስ በግእዝ | GZ-MEL-153:መልክዐ ገብረ ክርስቶስ በግእዝ | GZ-MZM-001:መዝሙረ ክርስቶስ በግእዝ | GZ-MZM-002:መዝሙረ ክርስቶስ ካልዕ በግእዝ | GZ-MZM-003:መዝሙረ ክርስቶስ ዘመኃልየ መኃልይ። በግእዝ | GZ-GDL-006:ገድለ አቡነ እስትንፋስ ክርስቶስ በግእዝ | AM-GDL-005:ገድለ ቅድስት ክርስቶስ ሠምራ በአማርኛ | AM-GDL-014:የአቡነ እስትንፋሰ ክርስቶስ ገድል በአማርኛ | GZ-GDL-019:ገድለ ቅድስት ክርስቶስ ሠምራ በግእዝ | GZ-GDL-023:ገድለ አቡነ መዝራዕተ ክርስቶስ በግእዝ | TI-GDL-002:ገድሊ አቡነ እስትንፋስ ክርስቶስ ትግርኛ,"1-9, 1-9, 1-9, 1-9, 1-24, 1-24, 1-24, 1-27, 1-29, 1-29"
3-20,80,ማር ቴዎድሮስ ኃያል ሰማዕት,ማር ቴዎድሮስ ኃያል,annual,CORRECT,GZ-MEL-040:መልክዐ ሰማዕት ቅዱስ ቴዎድሮስ በግእዝ | GZ-GDL-030:ገድለ ቅዱስ ቴዎድሮስ በግእዝ | GZ-GDL-031:ገድለ ሰማዕት ቅዱስ ቴዎድሮስ በግእዝ | AM-GDL-030:ገድለ ሰማዕት ቅዱስ ቴዎድሮስ በአማርኛ,GZ-MEL-040:መልክዐ ሰማዕት ቅዱስ ቴዎድሮስ በግእዝ | GZ-GDL-030:ገድለ ቅዱስ ቴዎድሮስ በግእዝ | GZ-GDL-031:ገድለ ሰማዕት ቅዱስ ቴዎድሮስ በግእዝ | AM-GDL-030:ገድለ ሰማዕት ቅዱስ ቴዎድሮስ በአማርኛ,"1-12, 1-12, 1-12, 1-12, 1-20, 1-20, 1-20, 1-20, 2-12, 2-12"
3-20,80,ቅዱስ አንያኖስ (አንያኑ),አንያኖስ,annual,NO_BOOK,,,
3-20,80,ቅዱስ ዮሐንስ ሐፂር,ዮሐንስ ሐፂር,monthly,WRONG_DATE,,AM-MEL-016:መልክዐ ቅዱስ ዮሐንስ ወንጌላዊ በአማርኛ | AM-MEL-020:መልክዐ አቡነ ዕጨጌ ዮሐንስ በአማርኛ | AM-MEL-021:መልክዐ አቡነ ዮሐንስ ጻድቅ በአማርኛ | AM-MEL-047:የቅዱስ ዮሐንስ 2ኛ መልክዕ በአማርኛ | AM-MEL-048:የቅዱስ ዮሐንስ መጥምቅ መልክዕ በአማርኛ | GZ-MEL-060:መልክዐ ቅዱስ ዮሐንስ መጥምቅ በግእዝ | GZ-MEL-061:መልክዐ ቅዱስ ዮሐንስ ካልእ በግእዝ | GZ-MEL-062:መልክዐ ቅዱስ ዮሐንስ ወንጌላዊ በግእዝ | GZ-MEL-104:መልክዐ አቡነ ዕጨጌ ዮሐንስ በግእዝ | GZ-MEL-109:መልክዐ አቡነ ዮሐንስ ከማ በግእዝ | GZ-MEL-110:መልክዐ አቡነ ዮሐንስ ዘድብረ ዳጋ በግእዝ | GZ-MEL-149:መልክዐ ዮሐንስ ወልደ ነጎድጓድ በግእዝ | GZ-MEL-150:መልክዐ ዮሐንስ ፍቁረ እግዚእ በግእዝ | AM-GDL-013:የቅዱስ ዮሐንስ ገድል በአማርኛ | GZ-GDL-018:ገድለ አቡነ ዮሐንስ በግእዝ | AM-GDL-027:ገድለ አቡነ እጨጌ ዮሐንስ ዘጸገሮ በአማርኛ,"1-1, 1-1, 1-2, 1-2, 1-4, 1-4, 1-4, 1-4, 1-4, 1-4"
3-20,80,ቅዱስ አክሎግ ቀሲስ,አክሎግ ቀሲስ,monthly,NO_BOOK,,,
3-20,80,ቅዱስ አፄ ካሌብ ጻድቅ (ንጉሠ ኢትዮዽያ),አፄ ካሌብ ጻድቅ,monthly,WRONG_DATE,,AM-MEL-003:መልክዐ ለአቡነ አቢብ ጻድቅ በአማርኛ | AM-MEL-021:መልክዐ አቡነ ዮሐንስ ጻድቅ በአማርኛ | AM-MEL-060:የአቡነ አባለ ክርስቶስ ጻድቅ መልክዕ በአማርኛ,"1-16, 1-25, 2-16, 2-25, 3-16, 3-25, 4-16, 4-19, 4-25, 5-16"
3-20,80,አባ አሞንዮስ ዘሃገረ ቶና,አሞንዮስ ዘሃገረ ቶና,monthly,NO_BOOK,,,
3-20,80,ቅድስት ሳድዥ የዋሒት,ሳድዥ የዋሒት,monthly,NO_BOOK,,,
3-21,81,ቅድስት ጽዮን ድንግል ማርያም,ጽዮን ድንግል ማርያም,annual,CORRECT,AM-LAH-001:ላሐ ማርያም በአማርኛ | AM-MEL-008:መልክዐ ማርያም ሣልሲት በአማርኛ | AM-MEL-009:መልክዐ ማርያም በአማርኛ | AM-MEL-064:የጽዮን ማርያም 3ኛ መልክዕ በአማርኛ | AM-RAY-001:ራዕየ ማርያም በአማርኛ | GZ-ETA-001:እትአመነኪ ማርያም በሰማይ ወበምድር በግእዝ | GZ-LAH-001:ላሐ ማርያም በግእዝ | GZ-MEL-002:መልከዐ ማርያም ዳግሚት በግእዝ | GZ-MEL-031:መልክዐ ማርያም ሣልሲት በግእዝ | GZ-MEL-032:መልክዐ ማርያም በግእዝ | GZ-MEL-161:መልክዐ ጽዮን ማርያም ሣልስ በግእዝ | TI-RAY-001:ራእየ ማርያም ብትግርኛ | GZ-TAM-001:ተአምረ ማርያም በግእዝ | AM-TAM-002:ተአምረ ማርያም በአማርኛ,AM-LAH-001:ላሐ ማርያም በአማርኛ | AM-MEL-008:መልክዐ ማርያም ሣልሲት በአማርኛ | AM-MEL-009:መልክዐ ማርያም በአማርኛ | AM-MEL-017:መልክዐ ቅድስት ጸበለ ማርያም በአማርኛ | AM-MEL-064:የጽዮን ማርያም 3ኛ መልክዕ በአማርኛ | AM-RAY-001:ራዕየ ማርያም በአማርኛ | AM-WUD-002:ውዳሴ ማርያም በአማርኛ | GZ-ETA-001:እትአመነኪ ማርያም በሰማይ ወበምድር በግእዝ | GZ-LAH-001:ላሐ ማርያም በግእዝ | GZ-MEL-002:መልከዐ ማርያም ዳግሚት በግእዝ | GZ-MEL-031:መልክዐ ማርያም ሣልሲት በግእዝ | GZ-MEL-032:መልክዐ ማርያም በግእዝ | GZ-MEL-070:መልክዐ ተክለ ማርያም ዘይሰመይ መብዓ ጽዮን በግእዝ | GZ-MEL-099:መልክዐ አቡነ አብሳዲ ዘደብረ ማርያም በግእዝ | GZ-MEL-113:መልክዐ አቡነ ዮናስ ዘደብረ ድኁኃን ዘደብረ ጽጌ ወዘደብረ ጽዮን በግእዝ | GZ-MEL-159:መልክዐ ጸበለ ማርያም ቅድስት በግእዝ | GZ-MEL-161:መልክዐ ጽዮን ማርያም ሣልስ በግእዝ | GZ-WUD-002:ውዳሴ ማርያም በግእዝ | TI-RAY-001:ራእየ ማርያም ብትግርኛ | TI-WUD-001:ውዳሴ ማርያም ብትግርኛ | AM-GDL-002:ገድለ ማርያም እንተ ዕፍረት በአማርኛ | GZ-TAM-001:ተአምረ ማርያም በግእዝ | AM-GDL-003:ገድለ ማርያም መግደላዊት በአማርኛ | GZ-MTS-001:መጽሐፈ ልደታ ለማርያም በግእዝ | AM-GDL-022:የመባዓ ጽዮን ገድል በአማርኛ | AM-TAM-002:ተአምረ ማርያም በአማርኛ,"None-None, None-None, None-None, 1-1, 1-21, 1-21, 1-21, 1-21, 1-21, 1-21"
3-21,81,ቅዱስ ጐርጐርዮስ ዘሮሜ,ጐርጐርዮስ ዘሮሜ,annual,NO_BOOK,,,
3-21,81,ቅዱስ ዮሐንስ ዘአስዩጥ,ዮሐንስ ዘአስዩጥ,annual,WRONG_DATE,,AM-MEL-016:መልክዐ ቅዱስ ዮሐንስ ወንጌላዊ በአማርኛ | AM-MEL-020:መልክዐ አቡነ ዕጨጌ ዮሐንስ በአማርኛ | AM-MEL-021:መልክዐ አቡነ ዮሐንስ ጻድቅ በአማርኛ | AM-MEL-047:የቅዱስ ዮሐንስ 2ኛ መልክዕ በአማርኛ | AM-MEL-048:የቅዱስ ዮሐንስ መጥምቅ መልክዕ በአማርኛ | GZ-MEL-060:መልክዐ ቅዱስ ዮሐንስ መጥምቅ በግእዝ | GZ-MEL-061:መልክዐ ቅዱስ ዮሐንስ ካልእ በግእዝ | GZ-MEL-062:መልክዐ ቅዱስ ዮሐንስ ወንጌላዊ በግእዝ | GZ-MEL-104:መልክዐ አቡነ ዕጨጌ ዮሐንስ በግእዝ | GZ-MEL-109:መልክዐ አቡነ ዮሐንስ ከማ በግእዝ | GZ-MEL-110:መልክዐ አቡነ ዮሐንስ ዘድብረ ዳጋ በግእዝ | GZ-MEL-149:መልክዐ ዮሐንስ ወልደ ነጎድጓድ በግእዝ | GZ-MEL-150:መልክዐ ዮሐንስ ፍቁረ እግዚእ በግእዝ | AM-GDL-013:የቅዱስ ዮሐንስ ገድል በአማርኛ | GZ-GDL-018:ገድለ አቡነ ዮሐንስ በግእዝ | AM-GDL-027:ገድለ አቡነ እጨጌ ዮሐንስ ዘጸገሮ በአማርኛ,"1-1, 1-1, 1-2, 1-2, 1-4, 1-4, 1-4, 1-4, 1-4, 1-4"
3-21,81,ቅዱስ ቆዝሞስ ሊቀ ዻዻሳት,ቆዝሞስ ሊቀ ዻዻሳት,annual,NO_BOOK,,,
3-21,81,ቅድስት ዲቦራ ዘድልበት,ዲቦራ ዘድልበት,annual,NO_BOOK,,,
3-21,81,ቅዱስ ዘኬዎስ ሐጺር,ዘኬዎስ ሐጺር,annual,NO_BOOK,,,
3-21,81,አበው ጎርጎርዮሳት,አበው ጎርጎርዮሳት,monthly,WRONG_DATE,,AM-ZNA-002:ዜና አበው በአማርኛ,"3-4, 5-26"
3-21,81,አቡነ ምዕመነ ድንግል,ምዕመነ ድንግል,monthly,WRONG_DATE,,AM-MEL-019:መልክዐ አቡነ ሐራ ድንግል በአማርኛ | GZ-MEL-021:መልክዐ ሐራ ድንግል በግእዝ,"1-11, 1-11, 2-11, 2-11, 3-11, 3-11, 4-11, 4-11, 5-11, 5-11"
3-21,81,አቡነ አምደ ሥላሴ,አምደ ሥላሴ,monthly,WRONG_DATE,,AM-MEL-010:መልክዐ ሥላሴ በአማርኛ | AM-SEY-002:ሰይፈ ሥላሴ በአማርኛ | GZ-HIB-001:ኅብረ ሥላሴ በግእዝ | GZ-MEL-035:መልክዐ ሥላሴ በግእዝ | GZ-MEL-077:መልክዐ አቡነ መዝገበ ሥላሴ በግእዝ | GZ-SEY-002:ሰይፈ ሥላሴ በግእዝ | AM-ZNA-001:ዜና ሥላሴ በአማርኛ | GZ-ZNA-004:ዜና ሥላሴ በግእዝ | GZ-TAM-003:ተአምራቲሆሙ ለሥላሴ,"None-None, None-None, None-None, None-None, None-None, None-None, None-None, 1-7, 2-7, 2-9"
3-21,81,አባ አሮን ሶርያዊ,አሮን ሶርያዊ,monthly,WRONG_DATE,,GZ-MEL-128:መልክዐ አᎄነ አሮን መንክራዌ በግእዝ | GZ-GDL-024:ገድለ አቡነ አሮን መንክራዊ ግእዝ | AM-GDL-028:ገድለ አቡነ አሮን መንክራዊ በአማርኛ,"1-5, 1-5, 1-5, 2-5, 2-5, 2-5, 3-5, 3-5, 3-5, 4-5"
3-21,81,አባ መርትያኖስ ጻድቅ,መርትያኖስ,monthly,NO_BOOK,,,
3-22,82,ቅዱሳን ቆዝሞስ ወድምያኖስ (ሰማዕታት),ቆዝሞስ ወድምያኖስ,annual,NO_BOOK,,,
3-22,82,ቅድስት ቴዎዳዳ (እናታቸው),ቴዎዳዳ,annual,NO_BOOK,,,
3-22,82,ቅዱሳን አንቲቆስ ዮንዲኖስና አብራንዮስ (ወንድሞቻቸው),አንቲቆስ ዮንዲኖስና አብራንዮስ,annual,CORRECT,GZ-MEL-097:መልክዐ አቡነ አብራንዮስ ዘደብር ጥሉል በግእዝ,GZ-MEL-097:መልክዐ አቡነ አብራንዮስ ዘደብር ጥሉል በግእዝ,"3-22, 10-22"
3-22,82,"""፫፲፩"" ሰማዕታት (የነ ቆዝሞስ ማሕበር)","""፫፲፩"" ሰማዕታት",annual,WRONG_DATE,,AM-MEL-065:ጸሎተ መልክዐ ሥቃዩ ለቅዱስ ጊዮርጊስ ሊቀ ሰማዕታት በአማርኛ | AM-MEL-066:ጸሎተ መልክዕ ዘቅዱስ ጊዮርጊስ ሊቀ ሰማዕታት በአማርኛ | AM-MEL-067:ጸሎተ መልክዕ ዘቅዱስ ጊዮርጊስ ሊቀ ሰማዕታት ካልዕ በአማርኛ | AM-SIB-001:ስብሐተ ፍቁር ዘቅዱስ ጊዮርጊስ ሊቀ ሰማዕታት በአማርኛ | GZ-MEL-016:መልክዐ ሊቀ ሰማዕታት ቅዱስ እስጢፋኖስ በግእዝ | GZ-MEL-017:መልክዐ ሊቀ ሰማዕታት ቅዱስ እስጢፋኖስ ካልእ በግእዝ | AM-GDL-010:ገድለ ሰማዕታት በአማርኛ,"1-15, 1-15, 1-17, 1-17, 1-23, 1-23, 1-23, 1-23, 2-17, 2-17"
3-22,82,ቅዱስ ዑራኤል ሊቀ መላእክት,ዑራኤል ሊቀ መላእክት,monthly,CORRECT,GZ-MEL-011:መልክዐ ሊቀ መላእክት ቅዱስ ዑራኤል በግእዝ | GZ-MEL-012:መልክዐ ሊቀ መላእክት ቅዱስ ዑራኤል ካልእ በግእዝ | GZ-DRS-001:ድርሳነ ዑራኤል በግእዝ | AM-DRS-006:ድርሳነ ዑራኤል በአማርኛ,AM-DIR-001:የሰባቱ ሊቃነ መላእክት ድርሳን በአማርኛ | AM-MEL-038:የቅዱሳን አእላፍ መላእክት 2ኛ መልክዕ በአማርኛ | GZ-MEL-004:መልክዐ ሊቀ መላእክት ቅዱስ ሚካኤል ሣልስ በግእዝ | GZ-MEL-005:መልክዐ ሊቀ መላእክት ቅዱስ ሚካኤል ካልዕ በግእዝ | GZ-MEL-006:መልክዐ ሊቀ መላእክት ቅዱስ ሩፋኤል በግእዝ | GZ-MEL-007:መልክዐ ሊቀ መላእክት ቅዱስ ራጉኤል በግእዝ | GZ-MEL-008:መልክዐ ሊቀ መላእክት ቅዱስ ሱርያል በግእዝ | GZ-MEL-009:መልክዐ ሊቀ መላእክት ቅዱስ በግእዝ | GZ-MEL-010:መልክዐ ሊቀ መላእክት ቅዱስ አፍኒን በግእዝ | GZ-MEL-011:መልክዐ ሊቀ መላእክት ቅዱስ ዑራኤል በግእዝ | GZ-MEL-012:መልክዐ ሊቀ መላእክት ቅዱስ ዑራኤል ካልእ በግእዝ | GZ-MEL-013:መልክዐ ሊቀ መላእክት ቅዱስ ገብርኤል በግእዝ | GZ-MEL-014:መልክዐ ሊቀ መላእክት ቅዱስ ገብርኤል ካልዕ (ደቅስዮስ) በግእዝ | GZ-MEL-015:መልክዐ ሊቀ መላእክት ቅዱስ ፋኑኤል በግእዝ | GZ-MEL-125:መልክዐ አእላፍ መላእክት በግእዝ | GZ-MEL-126:መልክዐ አእላፍ መላእክት ካልእ በግእዝ | GZ-MEL-165:መልክዐ ሊቀ መላእክት ቅዱስ ሚካኤል ካልዕ በግእ | GZ-DRS-001:ድርሳነ ዑራኤል በግእዝ | AM-DRS-006:ድርሳነ ዑራኤል በአማርኛ,"1-1, 1-3, 1-9, 1-9, 1-9, 1-12, 1-12, 1-12, 1-12, 1-13"
3-22,82,ቅዱስ ደቅስዮስ (የእመቤታችን ወዳጅ),ደቅስዮስ,monthly,WRONG_DATE,,GZ-MEL-014:መልክዐ ሊቀ መላእክት ቅዱስ ገብርኤል ካልዕ (ደቅስዮስ) በግእዝ,"1-19, 2-19, 3-19, 4-19, 4-22, 5-19, 6-19, 7-19, 7-30, 8-19"
3-22,82,አባ እንጦንስ አበ መነኮሳት,እንጦንስ አበ መነኮሳት,monthly,NO_BOOK,,,
3-22,82,አባ ዻውሊ የዋህ,ዻውሊ የዋህ,monthly,NO_BOOK,,,
3-22,82,ቅዱስ ዮልዮስ ሰማዕት,ዮልዮስ,monthly,NO_BOOK,,,
3-22,82,ቅዱስ ሉቃስ ወንጌላዊ ሐዋርያ,ሉቃስ ወንጌላዊ,monthly,WRONG_DATE,,AM-MEL-016:መልክዐ ቅዱስ ዮሐንስ ወንጌላዊ በአማርኛ | GZ-MEL-062:መልክዐ ቅዱስ ዮሐንስ ወንጌላዊ በግእዝ,"1-4, 1-4, 1-29, 1-29, 2-4, 2-4, 3-4, 3-4, 4-4, 4-4"
3-23,83,ቅዱስ ቆርኔሌዎስ (ሐዋርያዊ ጻድቅ),ቆርኔሌዎስ,annual,NO_BOOK,,,
3-23,83,ቅዱስ አብድዩ ነቢይ,አብድዩ,annual,NO_BOOK,,,
3-23,83,ልበ አምላክ ቅዱስ ዳዊት,ልበ አምላክ ቅዱስ ዳዊት,monthly,CORRECT,AM-MEL-049:የቅዱስ ዳዊት መልክዕ በአማርኛ | GZ-MEL-064:መልክዐ ቅዱስ ዳዊት በግእዝ,AM-MEL-049:የቅዱስ ዳዊት መልክዕ በአማርኛ | AM-MZM-001:መዝሙረ ዳዊት በአማርኛ | AM-WUD-003:ውዳሴ አምላክ በአማርኛ | GZ-MEL-064:መልክዐ ቅዱስ ዳዊት በግእዝ | GZ-MEL-088:መልክዐ አቡነ ቡሩከ አምላክ ዘደብረ ኮል በግእዝ | GZ-MEL-089:መልክዐ አቡነ ብፁዓ አምላክ ዘደብረ ምዕዋን ወዘደብረ ኰዳዱ በግእዝ | GZ-MZM-004:መዝሙረ ዳዊት በግእዝ | TI-MZM-001:መዝሙረ ዳዊት ብትግርኛ | TI-WUD-002:ውዳሴ አምላክ ብትግርኛ,"None-None, None-None, None-None, None-None, None-None, 1-23, 1-23, 2-23, 2-23, 3-23"
3-23,83,ቅዱስ ጊዮርጊስ ሊቀ ሰማዕታት,ጊዮርጊስ ሊቀ ሰማዕታት,monthly,CORRECT,AM-MEL-065:ጸሎተ መልክዐ ሥቃዩ ለቅዱስ ጊዮርጊስ ሊቀ ሰማዕታት በአማርኛ | AM-MEL-066:ጸሎተ መልክዕ ዘቅዱስ ጊዮርጊስ ሊቀ ሰማዕታት በአማርኛ | AM-MEL-067:ጸሎተ መልክዕ ዘቅዱስ ጊዮርጊስ ሊቀ ሰማዕታት ካልዕ በአማርኛ | AM-SIB-001:ስብሐተ ፍቁር ዘቅዱስ ጊዮርጊስ ሊቀ ሰማዕታት በአማርኛ,AM-MEL-065:ጸሎተ መልክዐ ሥቃዩ ለቅዱስ ጊዮርጊስ ሊቀ ሰማዕታት በአማርኛ | AM-MEL-066:ጸሎተ መልክዕ ዘቅዱስ ጊዮርጊስ ሊቀ ሰማዕታት በአማርኛ | AM-MEL-067:ጸሎተ መልክዕ ዘቅዱስ ጊዮርጊስ ሊቀ ሰማዕታት ካልዕ በአማርኛ | AM-SIB-001:ስብሐተ ፍቁር ዘቅዱስ ጊዮርጊስ ሊቀ ሰማዕታት በአማርኛ,"1-23, 1-23, 1-23, 1-23, 2-23, 2-23, 2-23, 2-23, 3-7, 3-7"
3-23,83,ነቢየ ጽድቅ ቅዱስ ሰሎሞን (ንጉሠ እሥራኤል),ነቢየ ጽድቅ ቅዱስ ሰሎሞን,monthly,WRONG_DATE,,GZ-TBB-001:ጥበበ ሰሎሞን በግእዝ,
3-23,83,አባ ጢሞቴዎስ ገዳማዊ,ጢሞቴዎስ ገዳማዊ,monthly,NO_BOOK,,,
3-23,83,ቅዱስ ዳንኤል ነቢይ,ዳንኤል,monthly,WRONG_DATE,,GZ-MEL-114:መልክዐ አቡነ ዳንኤል በግእዝ | GZ-GDL-028:ገድለ አቡነ ዳንኤል በግእዝ,"3-6, 3-6"
3-23,83,አባ ሳሙኤል,ሳሙኤል,monthly,WRONG_DATE,,AM-MEL-054:የአቡነ ሳሙኤል ዘዋልድባ መልክዕ በአማርኛ | AM-MEL-055:የአቡነ ሳሙኤል ዘዋልድባ ኹለተኛ መልክዕ በአማርኛ | GZ-MEL-084:መልክዐ አቡነ ሳሙኤል በግእዝ ሣልስ በግእዝ | GZ-MEL-085:መልክዐ አቡነ ሳሙኤል ዘዋልድባ በግእዝ | GZ-MEL-086:መልክዐ አቡነ ሳሙኤል ዘዋልድባ ካልዕ በግእዝ,"1-12, 1-12, 1-12, 1-12, 1-12, 2-12, 2-12, 2-12, 2-12, 2-12"
3-23,83,አባ ስምዖን,ስምዖን,monthly,NO_BOOK,,,
3-23,83,አባ ገብርኤል,ገብርኤል,monthly,WRONG_DATE,,AM-MEL-050:የቅዱስ ገብርኤል መልክዕ በአማርኛ | GZ-MEL-013:መልክዐ ሊቀ መላእክት ቅዱስ ገብርኤል በግእዝ | GZ-MEL-014:መልክዐ ሊቀ መላእክት ቅዱስ ገብርኤል ካልዕ (ደቅስዮስ) በግእዝ | AM-DRS-003:ድርሳነ ገብርኤል በአማርኛ | GZ-DRS-010:ድርሳነ ገብርኤል በግእዝ,"1-19, 1-19, 1-19, 1-19, 1-19, 2-19, 2-19, 2-19, 2-19, 2-19"
3-24,84,"""፳፬ቱ"" ቅዱሳን ካህናተ ሰማይ (ሱራፌል)","""፳፬ቱ"" ቅዱሳን ካህናተ ሰማይ",annual,CORRECT,GZ-MEL-142:መልክዐ ካህናተ ሰማይ በግእዝ,AM-MEN-001:መንገደ ሰማይ በአማርኛ | AM-ETA-001:በሰማይ ወበምድር በአማርኛ | GZ-ETA-001:እትአመነኪ ማርያም በሰማይ ወበምድር በግእዝ | GZ-MEL-142:መልክዐ ካህናተ ሰማይ በግእዝ,"None-None, 1-21, 1-24, 2-21, 2-24, 3-21, 3-24, 4-21, 4-24, 5-21"
3-24,84,ቅዱስ አዝቂር ሰማዕት,አዝቂር,annual,NO_BOOK,,,
3-24,84,"""፵፰"" ሰማዕታት (ማሕበሩ)","""፵፰"" ሰማዕታት",annual,WRONG_DATE,,AM-MEL-065:ጸሎተ መልክዐ ሥቃዩ ለቅዱስ ጊዮርጊስ ሊቀ ሰማዕታት በአማርኛ | AM-MEL-066:ጸሎተ መልክዕ ዘቅዱስ ጊዮርጊስ ሊቀ ሰማዕታት በአማርኛ | AM-MEL-067:ጸሎተ መልክዕ ዘቅዱስ ጊዮርጊስ ሊቀ ሰማዕታት ካልዕ በአማርኛ | AM-SIB-001:ስብሐተ ፍቁር ዘቅዱስ ጊዮርጊስ ሊቀ ሰማዕታት በአማርኛ | GZ-MEL-016:መልክዐ ሊቀ ሰማዕታት ቅዱስ እስጢፋኖስ በግእዝ | GZ-MEL-017:መልክዐ ሊቀ ሰማዕታት ቅዱስ እስጢፋኖስ ካልእ በግእዝ | AM-GDL-010:ገድለ ሰማዕታት በአማርኛ,"1-15, 1-15, 1-17, 1-17, 1-23, 1-23, 1-23, 1-23, 2-17, 2-17"
3-24,84,አባ ዮሴፍ ዘሃገረ ጻን,ዮሴፍ ዘሃገረ ጻን,annual,WRONG_DATE,,GZ-MEL-111:መልክዐ አቡነ ዮሴፍ በግእዝ | GZ-GDL-029:ገድለ አቡነ ዮሴፍ በግእዝ,"1-19, 1-19, 2-19, 2-19, 3-19, 3-19, 4-19, 4-19, 5-19, 5-19"
3-24,84,ቅዱስ ዲዮስቆሮስ ጥዑመ ዜና,ዲዮስቆሮስ ጥዑመ ዜና,annual,NO_BOOK,,,
3-24,84,ቅዱስ ኪርያቅ ሰማዕት,ኪርያቅ,annual,NO_BOOK,,,
3-24,84,ቅዱስ አቡነ ተክለ ሃይማኖት (መምሕረ ትሩፋት),ተክለ ሃይማኖት,monthly,CORRECT,AM-MEL-057:የአቡነ ተክለ ሃይማኖት 2ኛ መልክዕ በአማርኛ | AM-MEL-058:የአቡነ ተክለ ሃይማኖት መልክዕ በአማርኛ | GZ-MEL-068:መልክዐ ተክለ ሃይማኖት በግእዝ | GZ-MEL-069:መልክዐ ተክለ ሃይማኖት ካልእ በግእዝ | GZ-MEL-092:መልክዐ አቡነ ተክለ ሃይማኖት በግእዝ | AM-GDL-004:ገድለ ተክለ ሃይማኖት በአማርኛ,AM-MEL-057:የአቡነ ተክለ ሃይማኖት 2ኛ መልክዕ በአማርኛ | AM-MEL-058:የአቡነ ተክለ ሃይማኖት መልክዕ በአማርኛ | GZ-MEL-068:መልክዐ ተክለ ሃይማኖት በግእዝ | GZ-MEL-069:መልክዐ ተክለ ሃይማኖት ካልእ በግእዝ | GZ-MEL-092:መልክዐ አቡነ ተክለ ሃይማኖት በግእዝ | AM-GDL-004:ገድለ ተክለ ሃይማኖት በአማርኛ,"1-24, 1-24, 1-24, 1-24, 1-24, 1-24, 2-24, 2-24, 2-24, 2-24"
3-24,84,ቅዱስ ቶማስ ዘመርዐስ,ቶማስ ዘመርዐስ,monthly,WRONG_DATE,,GZ-MEL-094:መልክዐ አቡነ ቶማስ ዘዘናቁዴ በግእዝ,3-3
3-24,84,አቡነ ዘዮሐንስ ጻድቅ ዘክብራን,ዘዮሐንስ ጻድቅ ዘክብራን,monthly,NO_BOOK,,,
3-24,84,ቅዱስ አጋቢጦስ (ጻድቅ ኤዺስቆዾስ),አጋቢጦስ,monthly,NO_BOOK,,,
3-24,84,ቅዱስ አብላርዮስ ታላቁ,አብላርዮስ ታላቁ,monthly,NO_BOOK,,,
3-24,84,ቅዱስ አባ ሙሴ ጸሊም (ኢትዮዽያዊ),ሙሴ ጸሊም,monthly,NO_BOOK,,,
3-24,84,ቅድስት ክርስቶስ ሠምራ,ክርስቶስ ሠምራ,monthly,CORRECT,GZ-MEL-143:መልክዐ ክርስቶስ ሠምራ በግእዝ | AM-GDL-005:ገድለ ቅድስት ክርስቶስ ሠምራ በአማርኛ | GZ-GDL-019:ገድለ ቅድስት ክርስቶስ ሠምራ በግእዝ,GZ-MEL-143:መልክዐ ክርስቶስ ሠምራ በግእዝ | AM-GDL-005:ገድለ ቅድስት ክርስቶስ ሠምራ በአማርኛ | GZ-GDL-019:ገድለ ቅድስት ክርስቶስ ሠምራ በግእዝ,"1-24, 1-24, 1-24, 2-24, 2-24, 2-24, 3-24, 3-24, 3-24, 4-24"
3-25,85,ቅዱስ መርቆሬዎስ ሰማዕት,መርቆሬዎስ,annual,CORRECT,GZ-MEL-039:መልክዐ ሰማዕት ቅዱስ መርቆሬዎስ በግእዝ | GZ-GDL-002:ገድለ ሰማዕት ቅዱስ መርቆሬዎስ በግእዝ | AM-GDL-015:ገድለ ሰማዕት ቅዱስ መርቆሬዎስ በአማርኛ,GZ-MEL-039:መልክዐ ሰማዕት ቅዱስ መርቆሬዎስ በግእዝ | GZ-MEL-076:መልክዐ አቡነ መርቆሬዎስ ዘደብረ ድማኅ በግእዝ | GZ-GDL-002:ገድለ ሰማዕት ቅዱስ መርቆሬዎስ በግእዝ | AM-GDL-015:ገድለ ሰማዕት ቅዱስ መርቆሬዎስ በአማርኛ,"1-25, 1-25, 1-25, 2-25, 2-25, 2-25, 3-25, 3-25, 3-25, 4-16"
3-25,85,ቅዱሳን ታቦትና ኖኅ (ወላጆቹ),ታቦትና ኖኅ,annual,NO_BOOK,,,
3-25,85,ቅዱስ ሮማኖስ,ሮማኖስ,annual,NO_BOOK,,,
3-25,85,አቡነ አቢብ (አባ ቡላ),አቢብ,monthly,CORRECT,AM-MEL-003:መልክዐ ለአቡነ አቢብ ጻድቅ በአማርኛ | AM-MEL-059:የአቡነ አቢብ መልክዕ በአማርኛ | GZ-MEL-095:መልክዐ አቡነ አቢብ በግእዝ | AM-GDL-024:ገድለ ቅዱስ አቡነ አቢብ በአማርኛ,AM-MEL-003:መልክዐ ለአቡነ አቢብ ጻድቅ በአማርኛ | AM-MEL-059:የአቡነ አቢብ መልክዕ በአማርኛ | GZ-MEL-095:መልክዐ አቡነ አቢብ በግእዝ | AM-GDL-024:ገድለ ቅዱስ አቡነ አቢብ በአማርኛ,"1-25, 1-25, 1-25, 1-25, 2-25, 2-25, 2-25, 2-25, 3-25, 3-25"
3-25,85,ቅድስት ቴክላ ሐዋርያዊት,ቴክላ ሐዋርያዊት,monthly,NO_BOOK,,,
3-25,85,ቅዱስ አበከረዙን ሰማዕት,አበከረዙን,monthly,NO_BOOK,,,
3-25,85,ቅዱስ ዱማድዮስ ሶርያዊ,ዱማድዮስ ሶርያዊ,monthly,NO_BOOK,,,
3-25,85,ቅዱስ አቡፋና ጻድቅ,አቡፋና,monthly,NO_BOOK,,,
3-25,85,ታላቁ አባ ቢጻርዮን,ታላቁ አባ ቢጻርዮን,monthly,NO_BOOK,,,
3-26,86,አቡነ ኢየሱስ ሞዐ ዘሐይቅ,ኢየሱስ ሞዐ ዘሐይቅ,annual,CORRECT,GZ-MEL-130:መልክዐ ኢየሱስ ሞዐ በግእዝ | AM-GDL-026:ገድለ አቡነ ኢየሱስ ሞዐ በአማርኛ,AM-MEL-002:መልክአ ኢየሱስ በአማርኛ | GZ-MEL-130:መልክዐ ኢየሱስ ሞዐ በግእዝ | GZ-MEL-131:መልክዐ ኢየሱስ በግእዝ | GZ-MEL-132:መልክዐ ኢየሱስ ካልዕ በግእዝ | AM-TAM-001:ተአምረ ኢየሱስ በአማርኛ | TI-TAM-001:ተአምረ ኢየሱስ ብትግርኛ | GZ-TAM-002:ተአምረ ኢየሱስ በግእዝ | AM-GDL-026:ገድለ አቡነ ኢየሱስ ሞዐ በአማርኛ,"1-26, 1-26, 1-29, 1-29, 1-29, 1-29, 1-29, 1-29, 2-26, 2-26"
3-26,86,አቡነ ሃብተ ማርያም ንጹሕ,ሃብተ ማርያም ንጹሕ,annual,NO_BOOK,,,
3-26,86,ቅዱሳን ሰማዕታተ ናግራን,ሰማዕታተ ናግራን,annual,NO_BOOK,,,
3-26,86,ቅዱስ ሒሩት አረጋዊ,ሒሩት አረጋዊ,annual,WRONG_DATE,,GZ-MEL-073:መልክዐ አረጋዊ በግእዝ | AM-GDL-016:ገድለ አቡነ አረጋዊ በአማርኛ,"1-14, 1-14, 2-14, 2-14, 3-14, 3-14, 4-14, 4-14, 5-14, 5-14"
3-26,86,ቅዱሳን ቢላርያኖስ ኪልቅያና ታቱስብያ (ሰማዕታት),ቢላርያኖስ ኪልቅያና ታቱስብያ,annual,NO_BOOK,,,
3-26,86,ቅዱስ ጐርጐርዮስ ዘደሴተ ሰንሲላ,ጐርጐርዮስ ዘደሴተ ሰንሲላ,annual,NO_BOOK,,,
3-26,86,ቅድስት ዮስቴና ቡርክት,ዮስቴና ቡርክት,annual,NO_BOOK,,,
3-26,86,ቅዱስ ቶማስ ሐዋርያ,ቶማስ,monthly,WRONG_DATE,,GZ-MEL-094:መልክዐ አቡነ ቶማስ ዘዘናቁዴ በግእዝ,3-3
3-26,86,ቅዱስ አቡነ ሰላማ ከሣቴ ብርሃን,ሰላማ ከሣቴ ብርሃን,monthly,WRONG_DATE,,AM-KOH-001:ኆኅተ ብርሃን በአማርኛ | AM-MEL-056:የአቡነ ተከስተ ብርሃን መልክዕ በአማርኛ | GZ-KOH-001:ኆኅተ ብርሃን በግእዝ | GZ-MEL-038:መልክዐ ሰላማ በግእዝ | GZ-MEL-091:መልክዐ አቡነ ተከስተ ብርሃን በግእዝ,"None-None, None-None, 4-18, 7-10, 7-10, 11-26"
3-27,87,ቅዱስ ያዕቆብ ዘግሙድ,ያዕቆብ ዘግሙድ,annual,WRONG_DATE,,AM-MEL-022:መልክዐ አብርሃም ይሥሐቅ ያዕቆብ በአማርኛ | GZ-MEL-124:መልክዐ አብርሃም ይሥሐቅ ወያዕቆብ በግእዝ,"1-28, 1-28, 2-28, 2-28, 3-28, 3-28, 4-28, 4-28, 5-28, 5-28"
3-27,87,አቡነ ተክለ ሐዋርያት ጻድቅ,ተክለ ሐዋርያት,annual,CORRECT,GZ-GDL-017:ገድለ አቡነ ተክለ ሐዋርያት በግእዝ,GZ-GDL-017:ገድለ አቡነ ተክለ ሐዋርያት በግእዝ,3-27
3-27,87,ቅዱስ ፊልሞና ሐዋርያ,ፊልሞና,annual,WRONG_DATE,,GZ-MEL-117:መልክዐ አቡነ ፊልሞና በግእዝ | GZ-GDL-020:ገድለ አቡነ ፊልሞና በግእዝ,"4-22, 4-22"
3-27,87,ቅዱስ ቀሌምንጦስ ሰማዕት,ቀሌምንጦስ,annual,NO_BOOK,,,
3-27,87,ቅዱስ ጢሞቴዎስ ሰማዕት,ጢሞቴዎስ,annual,NO_BOOK,,,
3-27,87,አባ ገብረ ዮሐንስ ጻድቅ,ገብረ ዮሐንስ,annual,WRONG_DATE,,AM-MEL-016:መልክዐ ቅዱስ ዮሐንስ ወንጌላዊ በአማርኛ | AM-MEL-020:መልክዐ አቡነ ዕጨጌ ዮሐንስ በአማርኛ | AM-MEL-021:መልክዐ አቡነ ዮሐንስ ጻድቅ በአማርኛ | AM-MEL-047:የቅዱስ ዮሐንስ 2ኛ መልክዕ በአማርኛ | AM-MEL-048:የቅዱስ ዮሐንስ መጥምቅ መልክዕ በአማርኛ | GZ-MEL-060:መልክዐ ቅዱስ ዮሐንስ መጥምቅ በግእዝ | GZ-MEL-061:መልክዐ ቅዱስ ዮሐንስ ካልእ በግእዝ | GZ-MEL-062:መልክዐ ቅዱስ ዮሐንስ ወንጌላዊ በግእዝ | GZ-MEL-104:መልክዐ አቡነ ዕጨጌ ዮሐንስ በግእዝ | GZ-MEL-109:መልክዐ አቡነ ዮሐንስ ከማ በግእዝ | GZ-MEL-110:መልክዐ አቡነ ዮሐንስ ዘድብረ ዳጋ በግእዝ | GZ-MEL-149:መልክዐ ዮሐንስ ወልደ ነጎድጓድ በግእዝ | GZ-MEL-150:መልክዐ ዮሐንስ ፍቁረ እግዚእ በግእዝ | GZ-MEL-151:መልክዐ ገብረ መንፈስ ቅዱስ በግእዝ | GZ-MEL-152:መልክዐ ገብረ መንፈስ ቅዱስ ካልዕ በግእዝ | GZ-MEL-153:መልክዐ ገብረ ክርስቶስ በግእዝ | AM-GDL-007:ገድለ አቡነ ገብረ መንፈስ ቅዱስ በአማርኛ | AM-GDL-013:የቅዱስ ዮሐንስ ገድል በአማርኛ | GZ-GDL-018:ገድለ አቡነ ዮሐንስ በግእዝ | AM-GDL-027:ገድለ አቡነ እጨጌ ዮሐንስ ዘጸገሮ በአማርኛ,"1-1, 1-1, 1-2, 1-2, 1-4, 1-4, 1-4, 1-4, 1-4, 1-4"
3-27,87,ጌታችን ኢየሱስ ክርስቶስ,ጌታችን ኢየሱስ ክርስቶስ,monthly,CORRECT,AM-MIK-001:ምክሓ ምእመናን ክርስቶስ በአማርኛ,AM-MEL-018:መልክዐ ቅድስት ፍቅርተ ክርስቶስ በአማርኛ | AM-MEL-060:የአቡነ አባለ ክርስቶስ ጻድቅ መልክዕ በአማርኛ | AM-MIK-001:ምክሓ ምእመናን ክርስቶስ በአማርኛ | GZ-MEL-066:መልክዐ ቅድስት ፍቅርተ ክርስቶስ በግእዝ | GZ-MEL-082:መልክዐ አቡነ ሠምረ ክርስቶስ በግእዝ | GZ-MEL-096:መልክዐ አቡነ አባለ ክርስቶስ በግእዝ | GZ-MEL-136:መልክዐ እስትንፋሰ ክርስቶስ በግእዝ | GZ-MEL-143:መልክዐ ክርስቶስ ሠምራ በግእዝ | GZ-MEL-148:መልክዐ ይምርሃነ ክርስቶስ በግእዝ | GZ-MEL-153:መልክዐ ገብረ ክርስቶስ በግእዝ | GZ-MZM-001:መዝሙረ ክርስቶስ በግእዝ | GZ-MZM-002:መዝሙረ ክርስቶስ ካልዕ በግእዝ | GZ-MZM-003:መዝሙረ ክርስቶስ ዘመኃልየ መኃልይ። በግእዝ | GZ-GDL-006:ገድለ አቡነ እስትንፋስ ክርስቶስ በግእዝ | AM-GDL-005:ገድለ ቅድስት ክርስቶስ ሠምራ በአማርኛ | AM-GDL-014:የአቡነ እስትንፋሰ ክርስቶስ ገድል በአማርኛ | GZ-GDL-019:ገድለ ቅድስት ክርስቶስ ሠምራ በግእዝ | GZ-GDL-023:ገድለ አቡነ መዝራዕተ ክርስቶስ በግእዝ | TI-GDL-002:ገድሊ አቡነ እስትንፋስ ክርስቶስ ትግርኛ,"1-9, 1-9, 1-9, 1-9, 1-24, 1-24, 1-24, 1-27, 1-29, 1-29"
3-27,87,አቡነ መብዓ ጽዮን ጻድቅ,መባዓ ጽዮን,monthly,CORRECT,AM-GDL-022:የመባዓ ጽዮን ገድል በአማርኛ,AM-GDL-022:የመባዓ ጽዮን ገድል በአማርኛ,"1-27, 2-27, 3-27, 4-27, 5-27, 6-27, 7-27, 8-27, 9-27, 10-27"
3-27,87,ቅዱስ መቃርስ (የመነኮሳት ሁሉ አለቃ),መቃርስ,monthly,NO_BOOK,,,
3-27,87,ቅዱስ ገላውዴዎስ ሰማዕት (ንጉሠ ኢትዮዽያ),ገላውዴዎስ ሰማዕት,monthly,WRONG_DATE,,GZ-MEL-039:መልክዐ ሰማዕት ቅዱስ መርቆሬዎስ በግእዝ | GZ-MEL-040:መልክዐ ሰማዕት ቅዱስ ቴዎድሮስ በግእዝ | GZ-MEL-041:መልክዐ ሰማዕት ቅዱስ ፋሲለደስ በግእዝ | GZ-MEL-042:መልክዐ ሰማዕት ቅድስት አርሴማ በግእዝ | GZ-MEL-043:መልክዐ ሰማዕት ቅድስት ኢየሉጣ በግእዝ | GZ-MEL-122:መልክዐ አባ ኖብ ሰማዕት በግእዝ | GZ-GDL-002:ገድለ ሰማዕት ቅዱስ መርቆሬዎስ በግእዝ | GZ-ZNA-002:ዜናሁ ለንጉሥ ገላውዴዎስ በግእዝ | AM-GDL-008:ገድለ ሰማዕት ቅድስት አርሴማ በአማርኛ | GZ-GDL-014:ገድለ ቅዱስ ጊዮርጊስ ሰማዕት በግእዝ | AM-GDL-015:ገድለ ሰማዕት ቅዱስ መርቆሬዎስ በአማርኛ | AM-GDL-018:ገድለ ቅዱስ ጊዮርጊስ ሰማዕት በአማርኛ | GZ-GDL-031:ገድለ ሰማዕት ቅዱስ ቴዎድሮስ በግእዝ | GZ-GDL-033:ገድለ ሰማዕት ቅድስት አርሴማ በግእዝ | AM-GDL-030:ገድለ ሰማዕት ቅዱስ ቴዎድሮስ በአማርኛ,"1-6, 1-6, 1-6, 1-11, 1-12, 1-12, 1-12, 1-15, 1-18, 1-20"
3-27,87,ቅዱስ ቢፋሞን ጻድቅና ሰማዕት,ቢፋሞን ጻድቅና,monthly,NO_BOOK,,,
3-27,87,ማር ቅዱስ ፊቅጦር ሰማዕት,ማር ቅዱስ ፊቅጦር,monthly,CORRECT,GZ-MEL-008:መልክዐ ሊቀ መላእክት ቅዱስ ሱርያል በግእዝ | GZ-MEL-162:መልክዐ ፊቅጦር በግእዝ | GZ-GDL-027:ገድለ ቅዱስ ፊቅጦር በግእዝ | AM-GDL-029:ገድለ ቅዱስ ፊቅጦር በአማርኛ,AM-MEL-012:መልክዐ ቅዱስ መስቀል በአማርኛ | AM-MEL-013:መልክዐ ቅዱስ ሚናስ በአማርኛ | AM-MEL-014:መልክዐ ቅዱስ ራጉኤል በአማርኛ | AM-MEL-015:መልክዐ ቅዱስ ቂርቆስ በአማርኛ | AM-MEL-016:መልክዐ ቅዱስ ዮሐንስ ወንጌላዊ በአማርኛ | AM-TEA-003:ተአምኆ ዘሥሉስ ቅዱስ መልክዕ በአማርኛ | AM-MEL-033:የሐዋርያው የቅዱስ ታዴዎስ መልክዕ በአማርኛ | AM-MEL-036:የሰማዕቱ ቅዱስ ጊጋር መልክዕ በአማርኛ | AM-MEL-039:የቅዱስ መርምሕናም መልክዕ በአማርኛ | AM-MEL-040:የቅዱስ መስቀል 3ኛ መልክዕ በአማርኛ | AM-MEL-041:የቅዱስ ሚካኤል 3ኛ መልክዕ በአማርኛ | AM-MEL-042:የቅዱስ ማርቆስ 2ኛ መልክዕ በአማርኛ | AM-MEL-043:የቅዱስ ሩፋኤል መልክዕ በአማርኛ | AM-MEL-044:የቅዱስ አቦሊ መልክዕ በአማርኛ | AM-MEL-045:የቅዱስ እስጢፋኖስ 2ኛ መልክዕ በአማርኛ | AM-MEL-046:የቅዱስ እንድርያስ ሐዋርያ መልክዕ በአማርኛ | AM-MEL-047:የቅዱስ ዮሐንስ 2ኛ መልክዕ በአማርኛ | AM-MEL-048:የቅዱስ ዮሐንስ መጥምቅ መልክዕ በአማርኛ | AM-MEL-049:የቅዱስ ዳዊት መልክዕ በአማርኛ | AM-MEL-050:የቅዱስ ገብርኤል መልክዕ በአማርኛ | AM-MEL-051:የቅዱስ ጊዮርጊስ መልክዕ በአማርኛ | AM-MEL-052:የነቢዩ የቅዱስ ኤልያስ 3ኛ መልክዕ በአማርኛ | AM-MEL-065:ጸሎተ መልክዐ ሥቃዩ ለቅዱስ ጊዮርጊስ ሊቀ ሰማዕታት በአማርኛ | AM-MEL-066:ጸሎተ መልክዕ ዘቅዱስ ጊዮርጊስ ሊቀ ሰማዕታት በአማርኛ | AM-MEL-067:ጸሎተ መልክዕ ዘቅዱስ ጊዮርጊስ ሊቀ ሰማዕታት ካልዕ በአማርኛ | AM-SIB-001:ስብሐተ ፍቁር ዘቅዱስ ጊዮርጊስ ሊቀ ሰማዕታት በአማርኛ | AM-TEA-002:ተአምኆ ዘሥሉስ ቅዱስ በአማርኛ | GZ-MEL-004:መልክዐ ሊቀ መላእክት ቅዱስ ሚካኤል ሣልስ በግእዝ | GZ-MEL-005:መልክዐ ሊቀ መላእክት ቅዱስ ሚካኤል ካልዕ በግእዝ | GZ-MEL-006:መልክዐ ሊቀ መላእክት ቅዱስ ሩፋኤል በግእዝ | GZ-MEL-007:መልክዐ ሊቀ መላእክት ቅዱስ ራጉኤል በግእዝ | GZ-MEL-008:መልክዐ ሊቀ መላእክት ቅዱስ ሱርያል በግእዝ | GZ-MEL-009:መልክዐ ሊቀ መላእክት ቅዱስ በግእዝ | GZ-MEL-010:መልክዐ ሊቀ መላእክት ቅዱስ አፍኒን በግእዝ | GZ-MEL-011:መልክዐ ሊቀ መላእክት ቅዱስ ዑራኤል በግእዝ | GZ-MEL-012:መልክዐ ሊቀ መላእክት ቅዱስ ዑራኤል ካልእ በግእዝ | GZ-MEL-013:መልክዐ ሊቀ መላእክት ቅዱስ ገብርኤል በግእዝ | GZ-MEL-014:መልክዐ ሊቀ መላእክት ቅዱስ ገብርኤል ካልዕ (ደቅስዮስ) በግእዝ | GZ-MEL-015:መልክዐ ሊቀ መላእክት ቅዱስ ፋኑኤል በግእዝ | GZ-MEL-016:መልክዐ ሊቀ ሰማዕታት ቅዱስ እስጢፋኖስ በግእዝ | GZ-MEL-017:መልክዐ ሊቀ ሰማዕታት ቅዱስ እስጢፋኖስ ካልእ በግእዝ | GZ-MEL-034:መልክዐ ሥሉስ ቅዱስ በግእዝ | GZ-MEL-039:መልክዐ ሰማዕት ቅዱስ መርቆሬዎስ በግእዝ | GZ-MEL-040:መልክዐ ሰማዕት ቅዱስ ቴዎድሮስ በግእዝ | GZ-MEL-041:መልክዐ ሰማዕት ቅዱስ ፋሲለደስ በግእዝ | GZ-MEL-049:መልክዐ ቅዱስ መርምሕናም በግእዝ | GZ-MEL-050:መልክዐ ቅዱስ መስቀል ሣልስ በግእዝ | GZ-MEL-051:መልክዐ ቅዱስ መስቀል በግእዝ | GZ-MEL-052:መልክዐ ቅዱስ ሚናስ በግእዝ | GZ-MEL-053:መልክዐ ቅዱስ ማርቆስ ካልእ በግእዝ | GZ-MEL-054:መልክዐ ቅዱስ ቂርቆስ በግእዝ | GZ-MEL-055:መልክዐ ቅዱስ ታዴዎስ በግእዝ | GZ-MEL-056:መልክዐ ቅዱስ አባዲር በግእዝ | GZ-MEL-057:መልክዐ ቅዱስ አቦሊ በግእዝ | GZ-MEL-058:መልክዐ ቅዱስ አግናጥዮስ ምጥው ለአንበሳ በግእዝ | GZ-MEL-059:መልክዐ ቅዱስ ኤልያስ ነቢይ ሣልስ በግእዝ | GZ-MEL-060:መልክዐ ቅዱስ ዮሐንስ መጥምቅ በግእዝ | GZ-MEL-061:መልክዐ ቅዱስ ዮሐንስ ካልእ በግእዝ | GZ-MEL-062:መልክዐ ቅዱስ ዮሐንስ ወንጌላዊ በግእዝ | GZ-MEL-063:መልክዐ ቅዱስ ዮስጦስ በግእዝ | GZ-MEL-064:መልክዐ ቅዱስ ዳዊት በግእዝ | GZ-MEL-065:መልክዐ ቅዱስ ጊዮርጊስ በግእዝ | GZ-MEL-151:መልክዐ ገብረ መንፈስ ቅዱስ በግእዝ | GZ-MEL-152:መልክዐ ገብረ መንፈስ ቅዱስ ካልዕ በግእዝ | GZ-MEL-162:መልክዐ ፊቅጦር በግእዝ | GZ-TEA-002:ተአምኆ ዘሥሉስ ቅዱስ በግእዝ | GZ-TEA-003:ተአምኆ ዘሥሉስ ቅዱስ በግእዝ ካልእ | GZ-MEL-165:መልክዐ ሊቀ መላእክት ቅዱስ ሚካኤል ካልዕ በግእ | AM-GDL-001:ገድለ ቅዱስ አባ ጊዮርጊስ ዘጋሥጫ በአማርኛ | GZ-GDL-002:ገድለ ሰማዕት ቅዱስ መርቆሬዎስ በግእዝ | GZ-DRS-003:ድርሳነ ቅዱስ ራጉኤል በግእዝ | AM-DRS-001:የቅዱስ ኢያቄምና- የቅድስት ሐና ድርሳን በአማርኛ | GZ-GDL-007:ገድለ ቅዱስ አባ ጊዮርጊስ ዘጋሥጫ በግእዝ | AM-GDL-007:ገድለ አቡነ ገብረ መንፈስ ቅዱስ በአማርኛ | GZ-GDL-008:ገድለ ቅዱስ ዞሲማስ በግእዝ | AM-GDL-009:ገድለ ቅዱስ እስጢፋኖስ አማርኛ | GZ-GDL-009:ገድለ ቅዱስ ሱስንዮስ በግእዝ | GZ-GDL-010:ገድለ ቅዱስ ዮስጦስ በግእዝ | GZ-GDL-012:ገድለ ቅዱስ ቈጵርያኖስ ወቅድስት ኢዩስጣ በግእዝ | AM-GDL-013:የቅዱስ ዮሐንስ ገድል በአማርኛ | GZ-GDL-014:ገድለ ቅዱስ ጊዮርጊስ ሰማዕት በግእዝ | AM-GDL-015:ገድለ ሰማዕት ቅዱስ መርቆሬዎስ በአማርኛ | AM-GDL-018:ገድለ ቅዱስ ጊዮርጊስ ሰማዕት በአማርኛ | GZ-DRS-007:ድርሳን ዘቅዱስ ኢያቄም ወቅድስት ሐና በግእዝ | GZ-GDL-021:ድርሳን ወገድል ዘቅዱስ ያሬድ በግእዝ | GZ-GDL-022:ገድለ ቅዱስ እስጢፋኖስ በግእዝ | GZ-GDL-027:ገድለ ቅዱስ ፊቅጦር በግእዝ | AM-GDL-023:የቅዱስ ቂርቆስና የቅድስት ኢየሉጣ ገድል በአማርኛ | GZ-GDL-030:ገድለ ቅዱስ ቴዎድሮስ በግእዝ | GZ-DRS-009:ድርሳን ቅዱስ ሩፋኤል በግእዝ | GZ-GDL-031:ገድለ ሰማዕት ቅዱስ ቴዎድሮስ በግእዝ | AM-GDL-024:ገድለ ቅዱስ አቡነ አቢብ በአማርኛ | AM-GDL-025:ገድለ ቅዱስ ዞሲማስ በአማርኛ | AM-DRS-010:ድርሳነ ቅዱስ ራጉኤል በአማርኛ | AM-GDL-029:ገድለ ቅዱስ ፊቅጦር በአማርኛ | AM-GDL-030:ገድለ ሰማዕት ቅዱስ ቴዎድሮስ በአማርኛ,"None-None, None-None, None-None, None-None, 1-1, 1-1, 1-1, 1-1, 1-1, 1-1"
3-28,88,አባ ሊቃኖስ ጻድቅ (ከተስዓቱ ቅዱሳን),ሊቃኖስ ጻድቅ,annual,CORRECT,GZ-MEL-003:መልከዐ አቡነ ሊቃኖስ በግእዝ,AM-MEL-003:መልክዐ ለአቡነ አቢብ ጻድቅ በአማርኛ | AM-MEL-021:መልክዐ አቡነ ዮሐንስ ጻድቅ በአማርኛ | AM-MEL-060:የአቡነ አባለ ክርስቶስ ጻድቅ መልክዕ በአማርኛ | GZ-MEL-003:መልከዐ አቡነ ሊቃኖስ በግእዝ,"1-16, 1-25, 2-16, 2-25, 3-16, 3-25, 3-28, 4-16, 4-19, 4-25"
3-28,88,ቅዱስ ሰረባሞን ሰማዕት,ሰረባሞን,annual,NO_BOOK,,,
3-28,88,አማኑኤል ቸር አምላካችን,አማኑኤል ቸር አምላካችን,monthly,CORRECT,GZ-MEL-072:መልክዐ አማኑኤል በግእዝ,GZ-MEL-072:መልክዐ አማኑኤል በግእዝ,"1-28, 2-28, 3-28, 4-28, 5-28, 6-28, 7-28, 8-28, 9-28, 10-28"
3-28,88,ቅዱሳን አበው (አብርሃም ይስሐቅና ያዕቆብ),አበው,monthly,WRONG_DATE,,AM-ZNA-002:ዜና አበው በአማርኛ,"3-4, 5-26"
3-28,88,ቅዱስ እንድራኒቆስና ሚስቱ ቅድስት አትናስያ,እንድራኒቆስና ሚስቱ ቅድስት አትናስያ,monthly,NO_BOOK,,,
3-28,88,ቅድስት ዓመተ ክ ክርስቶስ,ዓመተ ክ ክርስቶስ,monthly,WRONG_DATE,,AM-MEL-018:መልክዐ ቅድስት ፍቅርተ ክርስቶስ በአማርኛ | AM-MEL-060:የአቡነ አባለ ክርስቶስ ጻድቅ መልክዕ በአማርኛ | AM-MIK-001:ምክሓ ምእመናን ክርስቶስ በአማርኛ | GZ-MEL-066:መልክዐ ቅድስት ፍቅርተ ክርስቶስ በግእዝ | GZ-MEL-082:መልክዐ አቡነ ሠምረ ክርስቶስ በግእዝ | GZ-MEL-096:መልክዐ አቡነ አባለ ክርስቶስ በግእዝ | GZ-MEL-136:መልክዐ እስትንፋሰ ክርስቶስ በግእዝ | GZ-MEL-143:መልክዐ ክርስቶስ ሠምራ በግእዝ | GZ-MEL-148:መልክዐ ይምርሃነ ክርስቶስ በግእዝ | GZ-MEL-153:መልክዐ ገብረ ክርስቶስ በግእዝ | GZ-MZM-001:መዝሙረ ክርስቶስ በግእዝ | GZ-MZM-002:መዝሙረ ክርስቶስ ካልዕ በግእዝ | GZ-MZM-003:መዝሙረ ክርስቶስ ዘመኃልየ መኃልይ። በግእዝ | GZ-GDL-006:ገድለ አቡነ እስትንፋስ ክርስቶስ በግእዝ | AM-GDL-005:ገድለ ቅድስት ክርስቶስ ሠምራ በአማርኛ | AM-GDL-014:የአቡነ እስትንፋሰ ክርስቶስ ገድል በአማርኛ | GZ-GDL-019:ገድለ ቅድስት ክርስቶስ ሠምራ በግእዝ | GZ-GDL-023:ገድለ አቡነ መዝራዕተ ክርስቶስ በግእዝ | TI-GDL-002:ገድሊ አቡነ እስትንፋስ ክርስቶስ ትግርኛ,"1-9, 1-9, 1-9, 1-9, 1-24, 1-24, 1-24, 1-27, 1-29, 1-29"
3-28,88,ቅዱስ ቴዎድሮስ ሮማዊ (ሰማዕት),ቴዎድሮስ ሮማዊ,monthly,WRONG_DATE,,GZ-MEL-040:መልክዐ ሰማዕት ቅዱስ ቴዎድሮስ በግእዝ | GZ-GDL-030:ገድለ ቅዱስ ቴዎድሮስ በግእዝ | GZ-GDL-031:ገድለ ሰማዕት ቅዱስ ቴዎድሮስ በግእዝ | AM-GDL-030:ገድለ ሰማዕት ቅዱስ ቴዎድሮስ በአማርኛ,"1-12, 1-12, 1-12, 1-12, 1-20, 1-20, 1-20, 1-20, 2-12, 2-12"
3-28,88,ቅዱስ አባዲርና ቅድስት ኢራኢ,አባዲርና ቅድስት ኢራኢ,monthly,WRONG_DATE,,GZ-GDL-026:ገድለ ቅዱሳን አባዲር ወኢራኢ በግእዝ,1-28
3-29,89,ቅዱሳን ሰማዕታተ ክርስቶስ (ሁሉም),ሰማዕታተ ክርስቶስ,annual,CORRECT,AM-MEL-018:መልክዐ ቅድስት ፍቅርተ ክርስቶስ በአማርኛ | GZ-MEL-066:መልክዐ ቅድስት ፍቅርተ ክርስቶስ በግእዝ | GZ-MZM-001:መዝሙረ ክርስቶስ በግእዝ | GZ-MZM-002:መዝሙረ ክርስቶስ ካልዕ በግእዝ | GZ-MZM-003:መዝሙረ ክርስቶስ ዘመኃልየ መኃልይ። በግእዝ,AM-MEL-018:መልክዐ ቅድስት ፍቅርተ ክርስቶስ በአማርኛ | AM-MEL-060:የአቡነ አባለ ክርስቶስ ጻድቅ መልክዕ በአማርኛ | AM-MIK-001:ምክሓ ምእመናን ክርስቶስ በአማርኛ | GZ-MEL-066:መልክዐ ቅድስት ፍቅርተ ክርስቶስ በግእዝ | GZ-MEL-082:መልክዐ አቡነ ሠምረ ክርስቶስ በግእዝ | GZ-MEL-096:መልክዐ አቡነ አባለ ክርስቶስ በግእዝ | GZ-MEL-136:መልክዐ እስትንፋሰ ክርስቶስ በግእዝ | GZ-MEL-143:መልክዐ ክርስቶስ ሠምራ በግእዝ | GZ-MEL-148:መልክዐ ይምርሃነ ክርስቶስ በግእዝ | GZ-MEL-153:መልክዐ ገብረ ክርስቶስ በግእዝ | GZ-MZM-001:መዝሙረ ክርስቶስ በግእዝ | GZ-MZM-002:መዝሙረ ክርስቶስ ካልዕ በግእዝ | GZ-MZM-003:መዝሙረ ክርስቶስ ዘመኃልየ መኃልይ። በግእዝ | GZ-GDL-006:ገድለ አቡነ እስትንፋስ ክርስቶስ በግእዝ | AM-GDL-005:ገድለ ቅድስት ክርስቶስ ሠምራ በአማርኛ | AM-GDL-014:የአቡነ እስትንፋሰ ክርስቶስ ገድል በአማርኛ | GZ-GDL-019:ገድለ ቅድስት ክርስቶስ ሠምራ በግእዝ | GZ-GDL-023:ገድለ አቡነ መዝራዕተ ክርስቶስ በግእዝ | TI-GDL-002:ገድሊ አቡነ እስትንፋስ ክርስቶስ ትግርኛ,"1-9, 1-9, 1-9, 1-9, 1-24, 1-24, 1-24, 1-27, 1-29, 1-29"
3-29,89,ቅዱስ ዼጥሮስ ተፍጻሜተ ሰማዕት,ዼጥሮስ ተፍጻሜተ,annual,NO_BOOK,,,
3-29,89,ቅዱስ ቀሌምንጦስ ሐዋርያ (ዘሮም),ቀሌምንጦስ ሐዋርያ,annual,WRONG_DATE,,AM-MEL-033:የሐዋርያው የቅዱስ ታዴዎስ መልክዕ በአማርኛ | AM-MEL-046:የቅዱስ እንድርያስ ሐዋርያ መልክዕ በአማርኛ | GZ-MEL-023:መልክዐ ሐዋርያት በግእዝ | GZ-MEL-137:መልክዐ እንድርያስ ሐዋርያ በግእዝ | GZ-GDL-017:ገድለ አቡነ ተክለ ሐዋርያት በግእዝ | GZ-GDL-032:መጽሐፈ ገድለ ቅዱሳን ሐዋርያት በግእዝ | AM-ZNA-003:ዜና ሐዋርያት በአማርኛ,"1-2, 1-4, 1-4, 2-2, 2-4, 2-4, 3-2, 3-4, 3-4, 3-27"
3-29,89,የፈጣሪያችን ኢየሱስ ክርስቶስ ልደት,የፈጣሪያችን ኢየሱስ ክርስቶስ ልደት,monthly,NO_BOOK,,,
3-29,89,ቅዱስ ማርቆስ ዘቶርማቅ,ማርቆስ ዘቶርማቅ,monthly,WRONG_DATE,,AM-MEL-042:የቅዱስ ማርቆስ 2ኛ መልክዕ በአማርኛ | AM-MEL-062:የአቡነ ዜና ማርቆስ መልክዕ በአማርኛ | GZ-MEL-030:መልክዐ ማርቆስ በግእዝ | GZ-MEL-053:መልክዐ ቅዱስ ማርቆስ ካልእ በግእዝ | GZ-MEL-106:መልክዐ አቡነ ዜና ማርቆስ በግእዝ,"1-3, 1-3, 1-30, 1-30, 1-30, 2-3, 2-3, 2-30, 2-30, 2-30"
3-29,89,ቅድስት ፍቅርተ ክርስቶስ ኢትዮዽያዊት,ፍቅርተ ክርስቶስ ኢትዮዽያዊት,monthly,CORRECT,AM-MEL-018:መልክዐ ቅድስት ፍቅርተ ክርስቶስ በአማርኛ | GZ-MEL-066:መልክዐ ቅድስት ፍቅርተ ክርስቶስ በግእዝ,AM-MEL-018:መልክዐ ቅድስት ፍቅርተ ክርስቶስ በአማርኛ | GZ-MEL-066:መልክዐ ቅድስት ፍቅርተ ክርስቶስ በግእዝ,"1-29, 1-29, 2-29, 2-29, 3-29, 3-29, 4-29, 4-29, 5-29, 5-29"
3-29,89,ቅዱስ ዘርዐ ክርስቶስ,ዘርዐ ክርስቶስ,monthly,CORRECT,AM-MEL-018:መልክዐ ቅድስት ፍቅርተ ክርስቶስ በአማርኛ | GZ-MEL-066:መልክዐ ቅድስት ፍቅርተ ክርስቶስ በግእዝ | GZ-MZM-001:መዝሙረ ክርስቶስ በግእዝ | GZ-MZM-002:መዝሙረ ክርስቶስ ካልዕ በግእዝ | GZ-MZM-003:መዝሙረ ክርስቶስ ዘመኃልየ መኃልይ። በግእዝ,AM-MEL-018:መልክዐ ቅድስት ፍቅርተ ክርስቶስ በአማርኛ | AM-MEL-060:የአቡነ አባለ ክርስቶስ ጻድቅ መልክዕ በአማርኛ | AM-MEL-061:የአቡነ ዘርዐ ቡሩክ መልክዕ በአማርኛ | AM-MIK-001:ምክሓ ምእመናን ክርስቶስ በአማርኛ | GZ-MEL-066:መልክዐ ቅድስት ፍቅርተ ክርስቶስ በግእዝ | GZ-MEL-082:መልክዐ አቡነ ሠምረ ክርስቶስ በግእዝ | GZ-MEL-096:መልክዐ አቡነ አባለ ክርስቶስ በግእዝ | GZ-MEL-105:መልክዐ አቡነ ዘርዐ ቡሩክ በግእዝ | GZ-MEL-136:መልክዐ እስትንፋሰ ክርስቶስ በግእዝ | GZ-MEL-143:መልክዐ ክርስቶስ ሠምራ በግእዝ | GZ-MEL-148:መልክዐ ይምርሃነ ክርስቶስ በግእዝ | GZ-MEL-153:መልክዐ ገብረ ክርስቶስ በግእዝ | GZ-MZM-001:መዝሙረ ክርስቶስ በግእዝ | GZ-MZM-002:መዝሙረ ክርስቶስ ካልዕ በግእዝ | GZ-MZM-003:መዝሙረ ክርስቶስ ዘመኃልየ መኃልይ። በግእዝ | GZ-GDL-004:ገድለ አቡነ ዘርዐ ቡሩከ በግእዝ | GZ-GDL-006:ገድለ አቡነ እስትንፋስ ክርስቶስ በግእዝ | AM-GDL-005:ገድለ ቅድስት ክርስቶስ ሠምራ በአማርኛ | AM-GDL-012:ገድለ አቡነ ዘርዐ ቡሩከ በአማርኛ | AM-GDL-014:የአቡነ እስትንፋሰ ክርስቶስ ገድል በአማርኛ | GZ-GDL-013:ገድለ ዘርዐ አብርሃም በግእዝ | GZ-GDL-019:ገድለ ቅድስት ክርስቶስ ሠምራ በግእዝ | GZ-GDL-023:ገድለ አቡነ መዝራዕተ ክርስቶስ በግእዝ | TI-GDL-002:ገድሊ አቡነ እስትንፋስ ክርስቶስ ትግርኛ,"1-9, 1-9, 1-9, 1-9, 1-13, 1-13, 1-13, 1-13, 1-24, 1-24"
3-29,89,ቅድስት አርሴማ ድንግል,አርሴማ ድንግል,monthly,WRONG_DATE,,AM-MEL-019:መልክዐ አቡነ ሐራ ድንግል በአማርኛ | GZ-MEL-021:መልክዐ ሐራ ድንግል በግእዝ | GZ-MEL-042:መልክዐ ሰማዕት ቅድስት አርሴማ በግእዝ | AM-GDL-008:ገድለ ሰማዕት ቅድስት አርሴማ በአማርኛ | GZ-GDL-033:ገድለ ሰማዕት ቅድስት አርሴማ በግእዝ,"1-6, 1-6, 1-6, 1-11, 1-11, 1-29, 1-29, 1-29, 2-6, 2-6"
3-30,90,አፄ ገብረ መስቀል ጻድቅ (ንጉሠ ኢትዮዽያ),አፄ ገብረ መስቀል ጻድቅ,annual,WRONG_DATE,,AM-MEL-003:መልክዐ ለአቡነ አቢብ ጻድቅ በአማርኛ | AM-MEL-021:መልክዐ አቡነ ዮሐንስ ጻድቅ በአማርኛ | AM-MEL-060:የአቡነ አባለ ክርስቶስ ጻድቅ መልክዕ በአማርኛ | GZ-MEL-151:መልክዐ ገብረ መንፈስ ቅዱስ በግእዝ | GZ-MEL-152:መልክዐ ገብረ መንፈስ ቅዱስ ካልዕ በግእዝ | GZ-MEL-153:መልክዐ ገብረ ክርስቶስ በግእዝ | AM-GDL-007:ገድለ አቡነ ገብረ መንፈስ ቅዱስ በአማርኛ,"1-5, 1-5, 1-5, 1-16, 1-25, 2-5, 2-5, 2-5, 2-14, 2-16"
3-30,90,ቅዱስ አካክዮስ ሊቅ,አካክዮስ ሊቅ,annual,NO_BOOK,,,
3-30,90,ቅዱሳን ቆዝሞስ ወድምያኖስ,ቆዝሞስ ወድምያኖስ,annual,NO_BOOK,,,
3-30,90,ቅዱስ አናንዮስ ዘዓምድ,አናንዮስ ዘዓምድ,annual,NO_BOOK,,,
3-30,90,አባ መርቆሬዎስ ሰማዕት,መርቆሬዎስ,annual,WRONG_DATE,,GZ-MEL-039:መልክዐ ሰማዕት ቅዱስ መርቆሬዎስ በግእዝ | GZ-MEL-076:መልክዐ አቡነ መርቆሬዎስ ዘደብረ ድማኅ በግእዝ | GZ-GDL-002:ገድለ ሰማዕት ቅዱስ መርቆሬዎስ በግእዝ | AM-GDL-015:ገድለ ሰማዕት ቅዱስ መርቆሬዎስ በአማርኛ,"1-25, 1-25, 1-25, 2-25, 2-25, 2-25, 3-25, 3-25, 3-25, 4-16"
3-30,90,ቅዱስ ማርቆስ ሐዋርያ,ማርቆስ,monthly,CORRECT,AM-MEL-042:የቅዱስ ማርቆስ 2ኛ መልክዕ በአማርኛ | GZ-MEL-030:መልክዐ ማርቆስ በግእዝ | GZ-MEL-053:መልክዐ ቅዱስ ማርቆስ ካልእ በግእዝ,AM-MEL-042:የቅዱስ ማርቆስ 2ኛ መልክዕ በአማርኛ | AM-MEL-062:የአቡነ ዜና ማርቆስ መልክዕ በአማርኛ | GZ-MEL-030:መልክዐ ማርቆስ በግእዝ | GZ-MEL-053:መልክዐ ቅዱስ ማርቆስ ካልእ በግእዝ | GZ-MEL-106:መልክዐ አቡነ ዜና ማርቆስ በግእዝ,"1-3, 1-3, 1-30, 1-30, 1-30, 2-3, 2-3, 2-30, 2-30, 2-30"
3-30,90,ቅዱስ ዮሐንስ መጥምቀ መለኮት,ዮሐንስ መጥምቀ መለኮት,monthly,CORRECT,AM-MEL-048:የቅዱስ ዮሐንስ መጥምቅ መልክዕ በአማርኛ | GZ-MEL-060:መልክዐ ቅዱስ ዮሐንስ መጥምቅ በግእዝ,AM-MEL-016:መልክዐ ቅዱስ ዮሐንስ ወንጌላዊ በአማርኛ | AM-MEL-020:መልክዐ አቡነ ዕጨጌ ዮሐንስ በአማርኛ | AM-MEL-021:መልክዐ አቡነ ዮሐንስ ጻድቅ በአማርኛ | AM-MEL-047:የቅዱስ ዮሐንስ 2ኛ መልክዕ በአማርኛ | AM-MEL-048:የቅዱስ ዮሐንስ መጥምቅ መልክዕ በአማርኛ | AM-SEY-001:ሰይፈ መለኮት በአማርኛ | GZ-MEL-060:መልክዐ ቅዱስ ዮሐንስ መጥምቅ በግእዝ | GZ-MEL-061:መልክዐ ቅዱስ ዮሐንስ ካልእ በግእዝ | GZ-MEL-062:መልክዐ ቅዱስ ዮሐንስ ወንጌላዊ በግእዝ | GZ-MEL-104:መልክዐ አቡነ ዕጨጌ ዮሐንስ በግእዝ | GZ-MEL-109:መልክዐ አቡነ ዮሐንስ ከማ በግእዝ | GZ-MEL-110:መልክዐ አቡነ ዮሐንስ ዘድብረ ዳጋ በግእዝ | GZ-MEL-149:መልክዐ ዮሐንስ ወልደ ነጎድጓድ በግእዝ | GZ-MEL-150:መልክዐ ዮሐንስ ፍቁረ እግዚእ በግእዝ | GZ-SEY-001:ሰይፈ መለኮት በግእዝ | AM-GDL-013:የቅዱስ ዮሐንስ ገድል በአማርኛ | GZ-GDL-018:ገድለ አቡነ ዮሐንስ በግእዝ | AM-GDL-027:ገድለ አቡነ እጨጌ ዮሐንስ ዘጸገሮ በአማርኛ,"None-None, None-None, 1-1, 1-1, 1-2, 1-2, 1-4, 1-4, 1-4, 1-4"
3-30,90,ቅዱስ ጐርጐርዮስ ነባቤ መለኮት,ጐርጐርዮስ ነባቤ መለኮት,monthly,WRONG_DATE,,AM-SEY-001:ሰይፈ መለኮት በአማርኛ | GZ-SEY-001:ሰይፈ መለኮት በግእዝ,"None-None, None-None"
3-30,90,ቅድስት ሶፍያ ሰማዕት,ሶፍያ,monthly,NO_BOOK,,,
3-30,90,አባ ሣሉሲ ክቡር ጻድቅ,ሣሉሲ ክቡር,monthly,NO_BOOK,,,
4-1,91,ቅዱስ ኤልያስ ርዕሰ ነቢያት,ኤልያስ ርዕሰ ነቢያት,annual,CORRECT,AM-MEL-052:የነቢዩ የቅዱስ ኤልያስ 3ኛ መልክዕ በአማርኛ | GZ-MEL-059:መልክዐ ቅዱስ ኤልያስ ነቢይ ሣልስ በግእዝ | GZ-MEL-134:መልክዐ ኤልያስ በግእዝ | AM-DRS-005:ድርሳነ ኤልያስ ነቢይ በአማርኛ,AM-MEL-052:የነቢዩ የቅዱስ ኤልያስ 3ኛ መልክዕ በአማርኛ | AM-TSE-003:የነቢያት ጸሎት በአማርኛ | GZ-MEL-059:መልክዐ ቅዱስ ኤልያስ ነቢይ ሣልስ በግእዝ | GZ-MEL-134:መልክዐ ኤልያስ በግእዝ | GZ-TSE-002:ጸሎተ ነቢያት በግእዝ | TI-MZM-002:መዝሙር መኃልይ ነቢያት ብትግርኛ | AM-DRS-005:ድርሳነ ኤልያስ ነቢይ በአማርኛ,"None-None, None-None, None-None, 1-6, 1-6, 1-6, 1-6, 2-6, 2-6, 2-6"
4-1,91,ቅዱስ ጴጥሮስ ዘጋዛ,ጴጥሮስ ዘጋዛ,annual,CORRECT,GZ-TSE-007:ጸሎቱ ለጴጥሮስ በግእዝ,GZ-MEL-158:መልክዐ ጴጥሮስ ወጳውሎስ በግእዝ | GZ-TSE-007:ጸሎቱ ለጴጥሮስ በግእዝ | GZ-GDL-003:ገድለ እምነ ወለተ ጴጥሮስ በግእዝ | AM-GDL-020:ገድለ እምነ ወለተ ጴጥሮስ በአማርኛ,"1-5, 1-17, 1-17, 2-5, 2-17, 2-17, 3-5, 3-17, 3-17, 4-1"
4-1,91,ቅድስት ቤርሳቤህ (ቤትስባ),ቤርሳቤህ,annual,NO_BOOK,,,
4-1,91,ናቡቴ ኢይዝራኤላዊ,ናቡቴ ኢይዝራኤላዊ,annual,NO_BOOK,,,
4-1,91,አባ ዮሐንስ ሊቀ ጳጳሳት,ዮሐንስ ሊቀ ጳጳሳት,annual,WRONG_DATE,,AM-MEL-016:መልክዐ ቅዱስ ዮሐንስ ወንጌላዊ በአማርኛ | AM-MEL-020:መልክዐ አቡነ ዕጨጌ ዮሐንስ በአማርኛ | AM-MEL-021:መልክዐ አቡነ ዮሐንስ ጻድቅ በአማርኛ | AM-MEL-047:የቅዱስ ዮሐንስ 2ኛ መልክዕ በአማርኛ | AM-MEL-048:የቅዱስ ዮሐንስ መጥምቅ መልክዕ በአማርኛ | GZ-MEL-060:መልክዐ ቅዱስ ዮሐንስ መጥምቅ በግእዝ | GZ-MEL-061:መልክዐ ቅዱስ ዮሐንስ ካልእ በግእዝ | GZ-MEL-062:መልክዐ ቅዱስ ዮሐንስ ወንጌላዊ በግእዝ | GZ-MEL-104:መልክዐ አቡነ ዕጨጌ ዮሐንስ በግእዝ | GZ-MEL-109:መልክዐ አቡነ ዮሐንስ ከማ በግእዝ | GZ-MEL-110:መልክዐ አቡነ ዮሐንስ ዘድብረ ዳጋ በግእዝ | GZ-MEL-149:መልክዐ ዮሐንስ ወልደ ነጎድጓድ በግእዝ | GZ-MEL-150:መልክዐ ዮሐንስ ፍቁረ እግዚእ በግእዝ | AM-GDL-013:የቅዱስ ዮሐንስ ገድል በአማርኛ | GZ-GDL-018:ገድለ አቡነ ዮሐንስ በግእዝ | AM-GDL-027:ገድለ አቡነ እጨጌ ዮሐንስ ዘጸገሮ በአማርኛ,"1-1, 1-1, 1-2, 1-2, 1-4, 1-4, 1-4, 1-4, 1-4, 1-4"
4-1,91,ልደታ ለማርያም ድንግል እግዝእትነ,ልደታ ለማርያም ድንግል እግዝእትነ,monthly,CORRECT,GZ-MEL-020:መልክዐ ልደታ በግእዝ | GZ-MTS-001:መጽሐፈ ልደታ ለማርያም በግእዝ,GZ-MEL-020:መልክዐ ልደታ በግእዝ | GZ-MTS-001:መጽሐፈ ልደታ ለማርያም በግእዝ,"1-1, 1-1, 2-1, 2-1, 3-1, 3-1, 4-1, 4-1, 5-1, 5-1"
4-1,91,ቅዱሳን ኢያቄም ወሐና,ኢያቄም ወሐና,monthly,CORRECT,GZ-MEL-133:መልክዐ ኢያቄም በግእዝ | AM-DRS-001:የቅዱስ ኢያቄምና- የቅድስት ሐና ድርሳን በአማርኛ | GZ-DRS-007:ድርሳን ዘቅዱስ ኢያቄም ወቅድስት ሐና በግእዝ,GZ-MEL-133:መልክዐ ኢያቄም በግእዝ | AM-DRS-001:የቅዱስ ኢያቄምና- የቅድስት ሐና ድርሳን በአማርኛ | GZ-DRS-007:ድርሳን ዘቅዱስ ኢያቄም ወቅድስት ሐና በግእዝ,"1-1, 1-1, 1-1, 1-3, 1-3, 1-3, 1-7, 1-7, 1-7, 1-11"
4-1,91,ቅዱስ በርተሎሜዎስ ሐዋርያ,በርተሎሜዎስ,monthly,NO_BOOK,,,
4-1,91,ቅዱስ ሚልኪ ትሩፈ ምግባር,ሚልኪ ትሩፈ ምግባር,monthly,NO_BOOK,,,
4-1,91,ቅዱስ ራጉኤል ሊቀ መላእክት,ራጉኤል ሊቀ መላእክት,monthly,CORRECT,AM-MEL-014:መልክዐ ቅዱስ ራጉኤል በአማርኛ | GZ-MEL-007:መልክዐ ሊቀ መላእክት ቅዱስ ራጉኤል በግእዝ | GZ-DRS-003:ድርሳነ ቅዱስ ራጉኤል በግእዝ | AM-DRS-010:ድርሳነ ቅዱስ ራጉኤል በአማርኛ,AM-DIR-001:የሰባቱ ሊቃነ መላእክት ድርሳን በአማርኛ | AM-MEL-014:መልክዐ ቅዱስ ራጉኤል በአማርኛ | AM-MEL-038:የቅዱሳን አእላፍ መላእክት 2ኛ መልክዕ በአማርኛ | GZ-MEL-004:መልክዐ ሊቀ መላእክት ቅዱስ ሚካኤል ሣልስ በግእዝ | GZ-MEL-005:መልክዐ ሊቀ መላእክት ቅዱስ ሚካኤል ካልዕ በግእዝ | GZ-MEL-006:መልክዐ ሊቀ መላእክት ቅዱስ ሩፋኤል በግእዝ | GZ-MEL-007:መልክዐ ሊቀ መላእክት ቅዱስ ራጉኤል በግእዝ | GZ-MEL-008:መልክዐ ሊቀ መላእክት ቅዱስ ሱርያል በግእዝ | GZ-MEL-009:መልክዐ ሊቀ መላእክት ቅዱስ በግእዝ | GZ-MEL-010:መልክዐ ሊቀ መላእክት ቅዱስ አፍኒን በግእዝ | GZ-MEL-011:መልክዐ ሊቀ መላእክት ቅዱስ ዑራኤል በግእዝ | GZ-MEL-012:መልክዐ ሊቀ መላእክት ቅዱስ ዑራኤል ካልእ በግእዝ | GZ-MEL-013:መልክዐ ሊቀ መላእክት ቅዱስ ገብርኤል በግእዝ | GZ-MEL-014:መልክዐ ሊቀ መላእክት ቅዱስ ገብርኤል ካልዕ (ደቅስዮስ) በግእዝ | GZ-MEL-015:መልክዐ ሊቀ መላእክት ቅዱስ ፋኑኤል በግእዝ | GZ-MEL-125:መልክዐ አእላፍ መላእክት በግእዝ | GZ-MEL-126:መልክዐ አእላፍ መላእክት ካልእ በግእዝ | GZ-MEL-165:መልክዐ ሊቀ መላእክት ቅዱስ ሚካኤል ካልዕ በግእ | GZ-DRS-003:ድርሳነ ቅዱስ ራጉኤል በግእዝ | AM-DRS-010:ድርሳነ ቅዱስ ራጉኤል በአማርኛ,"1-1, 1-1, 1-1, 1-1, 1-3, 1-9, 1-9, 1-9, 1-12, 1-12"
4-2,92,ቅዱሳን ሠለስቱ ደቂቅ (አናንያ አዛርያ ሚሳኤል),ሠለስቱ ደቂቅ,annual,CORRECT,AM-MEL-037:የቅዱሳን ሠለስቱ ደቂቅ መልክዕ በአማርኛ | GZ-MEL-047:መልክዐ ቅዱሳን ሠለስቱ ደቂቅ በግእዝ,AM-MEL-037:የቅዱሳን ሠለስቱ ደቂቅ መልክዕ በአማርኛ | GZ-MEL-047:መልክዐ ቅዱሳን ሠለስቱ ደቂቅ በግእዝ,"4-2, 4-2, 4-19, 4-19, 9-10, 9-10"
4-2,92,አባ ሖር ጻድቅ,ሖር,annual,NO_BOOK,,,
4-2,92,ቅዱስ አውካቲዎስ ሰማዕት,አውካቲዎስ,annual,NO_BOOK,,,
4-2,92,አባ አንበስ ሰማዕት,አንበስ,annual,NO_BOOK,,,
4-2,92,"፯,0፫፫ ሰማዕታት (የቅዱስ ፋሲለደስ ማሕበር)","፯,0፫፫ ሰማዕታት",annual,WRONG_DATE,,AM-MEL-065:ጸሎተ መልክዐ ሥቃዩ ለቅዱስ ጊዮርጊስ ሊቀ ሰማዕታት በአማርኛ | AM-MEL-066:ጸሎተ መልክዕ ዘቅዱስ ጊዮርጊስ ሊቀ ሰማዕታት በአማርኛ | AM-MEL-067:ጸሎተ መልክዕ ዘቅዱስ ጊዮርጊስ ሊቀ ሰማዕታት ካልዕ በአማርኛ | AM-SIB-001:ስብሐተ ፍቁር ዘቅዱስ ጊዮርጊስ ሊቀ ሰማዕታት በአማርኛ | GZ-MEL-016:መልክዐ ሊቀ ሰማዕታት ቅዱስ እስጢፋኖስ በግእዝ | GZ-MEL-017:መልክዐ ሊቀ ሰማዕታት ቅዱስ እስጢፋኖስ ካልእ በግእዝ | AM-GDL-010:ገድለ ሰማዕታት በአማርኛ,"1-15, 1-15, 1-17, 1-17, 1-23, 1-23, 1-23, 1-23, 2-17, 2-17"
4-2,92,ቅዱስ ናትናኤል መነኮስ,ናትናኤል መነኮስ,annual,NO_BOOK,,,
4-2,92,ቅዱስ ታዴዎስ ሐዋርያ (ከ፲፪ቱ ሐዋርያት),ታዴዎስ ሐዋርያ,monthly,CORRECT,AM-MEL-033:የሐዋርያው የቅዱስ ታዴዎስ መልክዕ በአማርኛ | GZ-MEL-055:መልክዐ ቅዱስ ታዴዎስ በግእዝ,AM-MEL-033:የሐዋርያው የቅዱስ ታዴዎስ መልክዕ በአማርኛ | AM-MEL-046:የቅዱስ እንድርያስ ሐዋርያ መልክዕ በአማርኛ | GZ-MEL-023:መልክዐ ሐዋርያት በግእዝ | GZ-MEL-055:መልክዐ ቅዱስ ታዴዎስ በግእዝ | GZ-MEL-137:መልክዐ እንድርያስ ሐዋርያ በግእዝ | GZ-GDL-017:ገድለ አቡነ ተክለ ሐዋርያት በግእዝ | GZ-GDL-032:መጽሐፈ ገድለ ቅዱሳን ሐዋርያት በግእዝ | AM-ZNA-003:ዜና ሐዋርያት በአማርኛ,"1-2, 1-2, 1-4, 1-4, 2-2, 2-2, 2-4, 2-4, 3-2, 3-2"
4-2,92,ቅዱስ ኢዮብ ጻድቅ ተአጋሲ,ኢዮብ ጻድቅ ተአጋሲ,monthly,NO_BOOK,,,
4-2,92,ቅዱስ አቤል ጻድቅ,አቤል,monthly,NO_BOOK,,,
4-2,92,ቅዱስ አባ ዻውሊ ገዳማዊ (ታላቁ),ዻውሊ ገዳማዊ,monthly,NO_BOOK,,,
4-2,92,ቅዱስ ዮሐንስ ነቢይ (መጥምቀ መለኮት),ዮሐንስ ነቢይ,monthly,CORRECT,AM-MEL-048:የቅዱስ ዮሐንስ መጥምቅ መልክዕ በአማርኛ | GZ-MEL-060:መልክዐ ቅዱስ ዮሐንስ መጥምቅ በግእዝ,AM-MEL-016:መልክዐ ቅዱስ ዮሐንስ ወንጌላዊ በአማርኛ | AM-MEL-020:መልክዐ አቡነ ዕጨጌ ዮሐንስ በአማርኛ | AM-MEL-021:መልክዐ አቡነ ዮሐንስ ጻድቅ በአማርኛ | AM-MEL-047:የቅዱስ ዮሐንስ 2ኛ መልክዕ በአማርኛ | AM-MEL-048:የቅዱስ ዮሐንስ መጥምቅ መልክዕ በአማርኛ | GZ-MEL-059:መልክዐ ቅዱስ ኤልያስ ነቢይ ሣልስ በግእዝ | GZ-MEL-060:መልክዐ ቅዱስ ዮሐንስ መጥምቅ በግእዝ | GZ-MEL-061:መልክዐ ቅዱስ ዮሐንስ ካልእ በግእዝ | GZ-MEL-062:መልክዐ ቅዱስ ዮሐንስ ወንጌላዊ በግእዝ | GZ-MEL-104:መልክዐ አቡነ ዕጨጌ ዮሐንስ በግእዝ | GZ-MEL-109:መልክዐ አቡነ ዮሐንስ ከማ በግእዝ | GZ-MEL-110:መልክዐ አቡነ ዮሐንስ ዘድብረ ዳጋ በግእዝ | GZ-MEL-149:መልክዐ ዮሐንስ ወልደ ነጎድጓድ በግእዝ | GZ-MEL-150:መልክዐ ዮሐንስ ፍቁረ እግዚእ በግእዝ | AM-GDL-013:የቅዱስ ዮሐንስ ገድል በአማርኛ | AM-DRS-005:ድርሳነ ኤልያስ ነቢይ በአማርኛ | GZ-GDL-018:ገድለ አቡነ ዮሐንስ በግእዝ | AM-GDL-027:ገድለ አቡነ እጨጌ ዮሐንስ ዘጸገሮ በአማርኛ,"1-1, 1-1, 1-2, 1-2, 1-4, 1-4, 1-4, 1-4, 1-4, 1-4"
4-2,92,ሊቁ አባ ሕርያቆስ,ሊቁ አባ ሕርያቆስ,monthly,NO_BOOK,,,
4-2,92,ቅዱስ ሳዊሮስ ዘአንጾኪያ,ሳዊሮስ ዘአንጾኪያ,monthly,NO_BOOK,,,
4-3,93,በዓታ ለእግዝእትነ ማርያም,በዓታ ለእግዝእትነ ማርያም,annual,WRONG_DATE,,AM-LAH-001:ላሐ ማርያም በአማርኛ | AM-MEL-008:መልክዐ ማርያም ሣልሲት በአማርኛ | AM-MEL-009:መልክዐ ማርያም በአማርኛ | AM-MEL-017:መልክዐ ቅድስት ጸበለ ማርያም በአማርኛ | AM-MEL-064:የጽዮን ማርያም 3ኛ መልክዕ በአማርኛ | AM-RAY-001:ራዕየ ማርያም በአማርኛ | AM-WUD-002:ውዳሴ ማርያም በአማርኛ | GZ-ETA-001:እትአመነኪ ማርያም በሰማይ ወበምድር በግእዝ | GZ-LAH-001:ላሐ ማርያም በግእዝ | GZ-MEL-002:መልከዐ ማርያም ዳግሚት በግእዝ | GZ-MEL-031:መልክዐ ማርያም ሣልሲት በግእዝ | GZ-MEL-032:መልክዐ ማርያም በግእዝ | GZ-MEL-070:መልክዐ ተክለ ማርያም ዘይሰመይ መብዓ ጽዮን በግእዝ | GZ-MEL-099:መልክዐ አቡነ አብሳዲ ዘደብረ ማርያም በግእዝ | GZ-MEL-159:መልክዐ ጸበለ ማርያም ቅድስት በግእዝ | GZ-MEL-161:መልክዐ ጽዮን ማርያም ሣልስ በግእዝ | GZ-WUD-002:ውዳሴ ማርያም በግእዝ | TI-RAY-001:ራእየ ማርያም ብትግርኛ | TI-WUD-001:ውዳሴ ማርያም ብትግርኛ | AM-GDL-002:ገድለ ማርያም እንተ ዕፍረት በአማርኛ | GZ-TAM-001:ተአምረ ማርያም በግእዝ | AM-GDL-003:ገድለ ማርያም መግደላዊት በአማርኛ | GZ-MTS-001:መጽሐፈ ልደታ ለማርያም በግእዝ | AM-TAM-002:ተአምረ ማርያም በአማርኛ,"None-None, None-None, None-None, 1-1, 1-21, 1-21, 1-21, 1-21, 1-21, 1-21"
4-3,93,ብጹዓን ኢያቄም ወሐና,ብጹዓን ኢያቄም ወሐና,annual,NO_BOOK,,,
4-3,93,ቅዱሳን ካህናት ዘካርያስና ስምዖን,ካህናት ዘካርያስና ስምዖን,annual,NO_BOOK,,,
4-3,93,ቅዱስ ፋኑኤል ሊቀ መላእክት,ፋኑኤል ሊቀ መላእክት,annual,CORRECT,GZ-MEL-015:መልክዐ ሊቀ መላእክት ቅዱስ ፋኑኤል በግእዝ,AM-DIR-001:የሰባቱ ሊቃነ መላእክት ድርሳን በአማርኛ | AM-MEL-038:የቅዱሳን አእላፍ መላእክት 2ኛ መልክዕ በአማርኛ | GZ-MEL-004:መልክዐ ሊቀ መላእክት ቅዱስ ሚካኤል ሣልስ በግእዝ | GZ-MEL-005:መልክዐ ሊቀ መላእክት ቅዱስ ሚካኤል ካልዕ በግእዝ | GZ-MEL-006:መልክዐ ሊቀ መላእክት ቅዱስ ሩፋኤል በግእዝ | GZ-MEL-007:መልክዐ ሊቀ መላእክት ቅዱስ ራጉኤል በግእዝ | GZ-MEL-008:መልክዐ ሊቀ መላእክት ቅዱስ ሱርያል በግእዝ | GZ-MEL-009:መልክዐ ሊቀ መላእክት ቅዱስ በግእዝ | GZ-MEL-010:መልክዐ ሊቀ መላእክት ቅዱስ አፍኒን በግእዝ | GZ-MEL-011:መልክዐ ሊቀ መላእክት ቅዱስ ዑራኤል በግእዝ | GZ-MEL-012:መልክዐ ሊቀ መላእክት ቅዱስ ዑራኤል ካልእ በግእዝ | GZ-MEL-013:መልክዐ ሊቀ መላእክት ቅዱስ ገብርኤል በግእዝ | GZ-MEL-014:መልክዐ ሊቀ መላእክት ቅዱስ ገብርኤል ካልዕ (ደቅስዮስ) በግእዝ | GZ-MEL-015:መልክዐ ሊቀ መላእክት ቅዱስ ፋኑኤል በግእዝ | GZ-MEL-125:መልክዐ አእላፍ መላእክት በግእዝ | GZ-MEL-126:መልክዐ አእላፍ መላእክት ካልእ በግእዝ | GZ-MEL-165:መልክዐ ሊቀ መላእክት ቅዱስ ሚካኤል ካልዕ በግእ,"1-1, 1-3, 1-9, 1-9, 1-9, 1-12, 1-12, 1-12, 1-12, 1-13"
4-3,93,አቡነ ዜና ማርቆስ ጻድቅ,ዜና ማርቆስ,annual,CORRECT,AM-MEL-062:የአቡነ ዜና ማርቆስ መልክዕ በአማርኛ | GZ-MEL-106:መልክዐ አቡነ ዜና ማርቆስ በግእዝ,AM-MEL-062:የአቡነ ዜና ማርቆስ መልክዕ በአማርኛ | GZ-MEL-106:መልክዐ አቡነ ዜና ማርቆስ በግእዝ,"1-3, 1-3, 2-3, 2-3, 3-3, 3-3, 4-3, 4-3, 5-3, 5-3"
4-3,93,አቡነ መድኃኒነ እግዚእ ጻድቅ (ዘደብረ በንኮል),መድኃኒነ እግዚእ ጻድቅ,monthly,CORRECT,GZ-MEL-078:መልክዐ አቡነ መድኃኒነ እግዚእ በግእዝ,AM-MEL-003:መልክዐ ለአቡነ አቢብ ጻድቅ በአማርኛ | AM-MEL-021:መልክዐ አቡነ ዮሐንስ ጻድቅ በአማርኛ | AM-MEL-060:የአቡነ አባለ ክርስቶስ ጻድቅ መልክዕ በአማርኛ | GZ-MEL-078:መልክዐ አቡነ መድኃኒነ እግዚእ በግእዝ,"1-3, 1-16, 1-25, 2-3, 2-16, 2-25, 3-3, 3-16, 3-25, 4-3"
4-3,93,አባ ሊባኖስ ዘመጣዕ,ሊባኖስ ዘመጣዕ,monthly,CORRECT,AM-MEL-053:የአቡነ ሊባኖስ 2ኛ መልክዕ በአማርኛ | GZ-MEL-018:መልክዐ ሊባኖስ በግእዝ | GZ-MEL-074:መልክዐ አቡነ ሊባኖስ ካልእ በግእዝ,AM-MEL-053:የአቡነ ሊባኖስ 2ኛ መልክዕ በአማርኛ | GZ-MEL-018:መልክዐ ሊባኖስ በግእዝ | GZ-MEL-074:መልክዐ አቡነ ሊባኖስ ካልእ በግእዝ | GZ-GDL-001:ገድለ አቡነ ፊልጶስ ዘደብረ ሊባኖስ በግእዝ,"1-3, 1-3, 1-3, 2-3, 2-3, 2-3, 3-3, 3-3, 3-3, 4-3"
4-3,93,ቅዱስ ቄርሎስ ሊቅ (ዓምደ ሃይማኖት),ቄርሎስ ሊቅ,monthly,NO_BOOK,,,
4-4,94,ቅዱስ እንድርያስ ሐዋርያ,እንድርያስ,annual,CORRECT,AM-MEL-046:የቅዱስ እንድርያስ ሐዋርያ መልክዕ በአማርኛ | GZ-MEL-137:መልክዐ እንድርያስ ሐዋርያ በግእዝ,AM-MEL-046:የቅዱስ እንድርያስ ሐዋርያ መልክዕ በአማርኛ | GZ-MEL-102:መልክዐ አቡነ እንድርያስ ዘደብረ ስኂን (ፅፉን) በግእዝ | GZ-MEL-103:መልክዐ አቡነ እንድርያስ ዘደብረ ጽጌ በግእዝ | GZ-MEL-137:መልክዐ እንድርያስ ሐዋርያ በግእዝ,"1-4, 1-4, 2-4, 2-4, 3-4, 3-4, 4-4, 4-4, 5-4, 5-4"
4-4,94,አባ ጻዕ,ጻዕ,annual,NO_BOOK,,,
4-4,94,አባ ያዕቆብ,ያዕቆብ,annual,WRONG_DATE,,AM-MEL-022:መልክዐ አብርሃም ይሥሐቅ ያዕቆብ በአማርኛ | GZ-MEL-124:መልክዐ አብርሃም ይሥሐቅ ወያዕቆብ በግእዝ,"1-28, 1-28, 2-28, 2-28, 3-28, 3-28, 4-28, 4-28, 5-28, 5-28"
4-4,94,ቅድስት ታዖድራ,ታዖድራ,annual,NO_BOOK,,,
4-4,94,ቅዱስ ዮሐንስ ወንጌላዊ,ዮሐንስ ወንጌላዊ,monthly,CORRECT,AM-MEL-016:መልክዐ ቅዱስ ዮሐንስ ወንጌላዊ በአማርኛ | GZ-MEL-062:መልክዐ ቅዱስ ዮሐንስ ወንጌላዊ በግእዝ,AM-MEL-016:መልክዐ ቅዱስ ዮሐንስ ወንጌላዊ በአማርኛ | GZ-MEL-062:መልክዐ ቅዱስ ዮሐንስ ወንጌላዊ በግእዝ,"1-4, 1-4, 1-29, 1-29, 2-4, 2-4, 3-4, 3-4, 4-4, 4-4"
4-4,94,ቅድስት ሶፍያ ሰማዕት,ሶፍያ,monthly,NO_BOOK,,,
4-4,94,ቅዱስ ዮሐንስ ዘሐራቅሊ (ሰማዕት),ዮሐንስ ዘሐራቅሊ,monthly,CORRECT,AM-MEL-016:መልክዐ ቅዱስ ዮሐንስ ወንጌላዊ በአማርኛ | AM-MEL-047:የቅዱስ ዮሐንስ 2ኛ መልክዕ በአማርኛ | GZ-MEL-061:መልክዐ ቅዱስ ዮሐንስ ካልእ በግእዝ | GZ-MEL-062:መልክዐ ቅዱስ ዮሐንስ ወንጌላዊ በግእዝ | GZ-MEL-149:መልክዐ ዮሐንስ ወልደ ነጎድጓድ በግእዝ | GZ-MEL-150:መልክዐ ዮሐንስ ፍቁረ እግዚእ በግእዝ | AM-GDL-013:የቅዱስ ዮሐንስ ገድል በአማርኛ,AM-MEL-016:መልክዐ ቅዱስ ዮሐንስ ወንጌላዊ በአማርኛ | AM-MEL-020:መልክዐ አቡነ ዕጨጌ ዮሐንስ በአማርኛ | AM-MEL-021:መልክዐ አቡነ ዮሐንስ ጻድቅ በአማርኛ | AM-MEL-047:የቅዱስ ዮሐንስ 2ኛ መልክዕ በአማርኛ | AM-MEL-048:የቅዱስ ዮሐንስ መጥምቅ መልክዕ በአማርኛ | GZ-MEL-060:መልክዐ ቅዱስ ዮሐንስ መጥምቅ በግእዝ | GZ-MEL-061:መልክዐ ቅዱስ ዮሐንስ ካልእ በግእዝ | GZ-MEL-062:መልክዐ ቅዱስ ዮሐንስ ወንጌላዊ በግእዝ | GZ-MEL-104:መልክዐ አቡነ ዕጨጌ ዮሐንስ በግእዝ | GZ-MEL-109:መልክዐ አቡነ ዮሐንስ ከማ በግእዝ | GZ-MEL-110:መልክዐ አቡነ ዮሐንስ ዘድብረ ዳጋ በግእዝ | GZ-MEL-149:መልክዐ ዮሐንስ ወልደ ነጎድጓድ በግእዝ | GZ-MEL-150:መልክዐ ዮሐንስ ፍቁረ እግዚእ በግእዝ | AM-GDL-013:የቅዱስ ዮሐንስ ገድል በአማርኛ | GZ-GDL-018:ገድለ አቡነ ዮሐንስ በግእዝ | AM-GDL-027:ገድለ አቡነ እጨጌ ዮሐንስ ዘጸገሮ በአማርኛ,"1-1, 1-1, 1-2, 1-2, 1-4, 1-4, 1-4, 1-4, 1-4, 1-4"
4-5,95,ቅድስት አውጋንያ ተጋዳሊት,አውጋንያ ተጋዳሊት,annual,NO_BOOK,,,
4-5,95,አባ ገብረ ናዝራዊ ንጹሕ,ገብረ ናዝራዊ ንጹሕ,annual,CORRECT,GZ-MEL-151:መልክዐ ገብረ መንፈስ ቅዱስ በግእዝ | GZ-MEL-152:መልክዐ ገብረ መንፈስ ቅዱስ ካልዕ በግእዝ | AM-GDL-007:ገድለ አቡነ ገብረ መንፈስ ቅዱስ በአማርኛ,GZ-MEL-151:መልክዐ ገብረ መንፈስ ቅዱስ በግእዝ | GZ-MEL-152:መልክዐ ገብረ መንፈስ ቅዱስ ካልዕ በግእዝ | GZ-MEL-153:መልክዐ ገብረ ክርስቶስ በግእዝ | AM-GDL-007:ገድለ አቡነ ገብረ መንፈስ ቅዱስ በአማርኛ,"1-5, 1-5, 1-5, 2-5, 2-5, 2-5, 2-14, 3-5, 3-5, 3-5"
4-5,95,ቅዱስ ፊቅጦር ሰማዕት,ፊቅጦር,annual,CORRECT,GZ-MEL-162:መልክዐ ፊቅጦር በግእዝ | GZ-GDL-027:ገድለ ቅዱስ ፊቅጦር በግእዝ | AM-GDL-029:ገድለ ቅዱስ ፊቅጦር በአማርኛ,GZ-MEL-162:መልክዐ ፊቅጦር በግእዝ | GZ-GDL-027:ገድለ ቅዱስ ፊቅጦር በግእዝ | AM-GDL-029:ገድለ ቅዱስ ፊቅጦር በአማርኛ,"1-27, 1-27, 1-27, 2-27, 2-27, 2-27, 3-27, 3-27, 3-27, 4-5"
4-5,95,ቅዱስ ፊልዾስ,ፊልዾስ,annual,NO_BOOK,,,
4-5,95,ቅዱስ ናሆም ነቢይ,ናሆም,annual,NO_BOOK,,,
4-5,95,ቅዱስ ዼጥሮስ ሊቀ ሐዋርያት,ዼጥሮስ ሊቀ ሐዋርያት,monthly,WRONG_DATE,,GZ-MEL-023:መልክዐ ሐዋርያት በግእዝ | GZ-GDL-017:ገድለ አቡነ ተክለ ሐዋርያት በግእዝ | GZ-GDL-032:መጽሐፈ ገድለ ቅዱሳን ሐዋርያት በግእዝ | AM-ZNA-003:ዜና ሐዋርያት በአማርኛ,"3-27, 11-5, 11-5, 11-5, 12-15, 12-15, 12-15"
4-5,95,ቅዱስ ዻውሎስ ብርሃነ ዓለም,ዻውሎስ ብርሃነ ዓለም,monthly,WRONG_DATE,,AM-MEL-034:የመድኀኔ ዓለም 3ኛ መልክዕ በአማርኛ | AM-MEL-035:የመድኀኔ ዓለም መልክዕ በአማርኛ | GZ-MEL-001:ሐዲስ መልክዐ መድኃኔዓለም በግእዝ | GZ-MEL-027:መልክዐ መድኀኔ ዓለም ሣልስ በግዕዝ | GZ-MEL-028:መልክዐ መድኃኔ ዓለም በግእዝ | GZ-DRS-005:ድርሳነ መድኃኔ ዓለም በግእዝ | AM-DRS-004:ድርሳነ መድኃኔ ዓለም በአማርኛ,"1-27, 1-27, 1-27, 1-27, 1-27, 1-27, 1-27, 2-27, 2-27, 2-27"
4-5,95,አቡነ ገብረ መንፈስ ቅዱስ,ገብረ መንፈስ ቅዱስ,monthly,CORRECT,GZ-MEL-151:መልክዐ ገብረ መንፈስ ቅዱስ በግእዝ | GZ-MEL-152:መልክዐ ገብረ መንፈስ ቅዱስ ካልዕ በግእዝ | AM-GDL-007:ገድለ አቡነ ገብረ መንፈስ ቅዱስ በአማርኛ,GZ-MEL-151:መልክዐ ገብረ መንፈስ ቅዱስ በግእዝ | GZ-MEL-152:መልክዐ ገብረ መንፈስ ቅዱስ ካልዕ በግእዝ | AM-GDL-007:ገድለ አቡነ ገብረ መንፈስ ቅዱስ በአማርኛ,"1-5, 1-5, 1-5, 2-5, 2-5, 2-5, 3-5, 3-5, 3-5, 4-5"
4-6,96,ቅድስት አርሴማ ድንግል,አርሴማ ድንግል,annual,CORRECT,GZ-MEL-042:መልክዐ ሰማዕት ቅድስት አርሴማ በግእዝ | AM-GDL-008:ገድለ ሰማዕት ቅድስት አርሴማ በአማርኛ | GZ-GDL-033:ገድለ ሰማዕት ቅድስት አርሴማ በግእዝ,AM-MEL-019:መልክዐ አቡነ ሐራ ድንግል በአማርኛ | GZ-MEL-021:መልክዐ ሐራ ድንግል በግእዝ | GZ-MEL-042:መልክዐ ሰማዕት ቅድስት አርሴማ በግእዝ | AM-GDL-008:ገድለ ሰማዕት ቅድስት አርሴማ በአማርኛ | GZ-GDL-033:ገድለ ሰማዕት ቅድስት አርሴማ በግእዝ,"1-6, 1-6, 1-6, 1-11, 1-11, 1-29, 1-29, 1-29, 2-6, 2-6"
4-6,96,"""፩፲፱"" ሰማዕታት (ማሕበሯ)","""፩፲፱"" ሰማዕታት",annual,WRONG_DATE,,AM-MEL-065:ጸሎተ መልክዐ ሥቃዩ ለቅዱስ ጊዮርጊስ ሊቀ ሰማዕታት በአማርኛ | AM-MEL-066:ጸሎተ መልክዕ ዘቅዱስ ጊዮርጊስ ሊቀ ሰማዕታት በአማርኛ | AM-MEL-067:ጸሎተ መልክዕ ዘቅዱስ ጊዮርጊስ ሊቀ ሰማዕታት ካልዕ በአማርኛ | AM-SIB-001:ስብሐተ ፍቁር ዘቅዱስ ጊዮርጊስ ሊቀ ሰማዕታት በአማርኛ | GZ-MEL-016:መልክዐ ሊቀ ሰማዕታት ቅዱስ እስጢፋኖስ በግእዝ | GZ-MEL-017:መልክዐ ሊቀ ሰማዕታት ቅዱስ እስጢፋኖስ ካልእ በግእዝ | AM-GDL-010:ገድለ ሰማዕታት በአማርኛ,"1-15, 1-15, 1-17, 1-17, 1-23, 1-23, 1-23, 1-23, 2-17, 2-17"
4-6,96,ቅዱስ ስምዖን ጻድቅ (ጫማ ሠፊው),ስምዖን ጻድቅ,annual,WRONG_DATE,,AM-MEL-003:መልክዐ ለአቡነ አቢብ ጻድቅ በአማርኛ | AM-MEL-021:መልክዐ አቡነ ዮሐንስ ጻድቅ በአማርኛ | AM-MEL-060:የአቡነ አባለ ክርስቶስ ጻድቅ መልክዕ በአማርኛ,"1-16, 1-25, 2-16, 2-25, 3-16, 3-25, 4-16, 4-19, 4-25, 5-16"
4-6,96,አባ አብርሃም ሶርያዊ,አብርሃም ሶርያዊ,annual,WRONG_DATE,,AM-MEL-022:መልክዐ አብርሃም ይሥሐቅ ያዕቆብ በአማርኛ | AM-MEL-063:የአባታችን አብርሃም መልክዕ በአማርኛ | GZ-MEL-098:መልክዐ አቡነ አብርሃም በግእዝ | GZ-MEL-124:መልክዐ አብርሃም ይሥሐቅ ወያዕቆብ በግእዝ | GZ-GDL-013:ገድለ ዘርዐ አብርሃም በግእዝ,"1-28, 1-28, 2-28, 2-28, 3-28, 3-28, 4-24, 4-28, 4-28, 5-28"
4-6,96,ቅዱስ እንጣልዮስ ሰማዕት,እንጣልዮስ,annual,NO_BOOK,,,
4-7,97,ስብከተ ነቢያት,ስብከተ ነቢያት,annual,WRONG_DATE,,AM-TSE-003:የነቢያት ጸሎት በአማርኛ | GZ-TSE-002:ጸሎተ ነቢያት በግእዝ | TI-MZM-002:መዝሙር መኃልይ ነቢያት ብትግርኛ,"None-None, None-None, None-None"
4-7,97,አባ ዳንኤል ገዳማዊ,ዳንኤል ገዳማዊ,annual,WRONG_DATE,,GZ-MEL-114:መልክዐ አቡነ ዳንኤል በግእዝ | GZ-GDL-028:ገድለ አቡነ ዳንኤል በግእዝ,"3-6, 3-6"
4-7,97,አባ ማቴዎስ ገዳማዊ,ማቴዎስ ገዳማዊ,annual,WRONG_DATE,,GZ-MEL-080:መልክዐ አቡነ ማቴዎስ ዘደብረ በርበሬ በግእዝ | GZ-MEL-081:መልክዐ አቡነ ማቴዎስ ዘደብረ በርበሬ በግእዝ ካልእ,"3-13, 5-14"
4-7,97,ብጽዕት ዲዮጥርስ,ብጽዕት ዲዮጥርስ,annual,NO_BOOK,,,
4-7,97,ሥሉስ ቅዱስ (አብ ወወልድ ወመንፈስ ቅዱስ),ሥሉስ ቅዱስ,monthly,WRONG_DATE,,AM-TEA-003:ተአምኆ ዘሥሉስ ቅዱስ መልክዕ በአማርኛ | AM-TEA-002:ተአምኆ ዘሥሉስ ቅዱስ በአማርኛ | GZ-MEL-034:መልክዐ ሥሉስ ቅዱስ በግእዝ | GZ-TEA-002:ተአምኆ ዘሥሉስ ቅዱስ በግእዝ | GZ-TEA-003:ተአምኆ ዘሥሉስ ቅዱስ በግእዝ ካልእ,"None-None, None-None, None-None, None-None, 5-7"
4-7,97,አባ ጊዮርጊስ ዘጋስጫ,ጊዮርጊስ ዘጋስጫ,monthly,CORRECT,GZ-MEL-123:መልክዐ አባ ጊዮርጊስ ዘጋሥጫ በግእዝ | AM-GDL-001:ገድለ ቅዱስ አባ ጊዮርጊስ ዘጋሥጫ በአማርኛ | GZ-GDL-007:ገድለ ቅዱስ አባ ጊዮርጊስ ዘጋሥጫ በግእዝ,AM-MEL-051:የቅዱስ ጊዮርጊስ መልክዕ በአማርኛ | AM-MEL-065:ጸሎተ መልክዐ ሥቃዩ ለቅዱስ ጊዮርጊስ ሊቀ ሰማዕታት በአማርኛ | AM-MEL-066:ጸሎተ መልክዕ ዘቅዱስ ጊዮርጊስ ሊቀ ሰማዕታት በአማርኛ | AM-MEL-067:ጸሎተ መልክዕ ዘቅዱስ ጊዮርጊስ ሊቀ ሰማዕታት ካልዕ በአማርኛ | AM-SIB-001:ስብሐተ ፍቁር ዘቅዱስ ጊዮርጊስ ሊቀ ሰማዕታት በአማርኛ | GZ-MEL-036:መልክዐ ሥቃዩ ለጊዮርጊስ በግእዝ | GZ-MEL-065:መልክዐ ቅዱስ ጊዮርጊስ በግእዝ | GZ-MEL-123:መልክዐ አባ ጊዮርጊስ ዘጋሥጫ በግእዝ | GZ-MEL-154:መልክዐ ጊዮርጊስ በግእዝ | GZ-MEL-155:መልክዐ ጊዮርጊስ ካልዕ ወሥቃዩ በግእዝ | AM-GDL-001:ገድለ ቅዱስ አባ ጊዮርጊስ ዘጋሥጫ በአማርኛ | GZ-GDL-007:ገድለ ቅዱስ አባ ጊዮርጊስ ዘጋሥጫ በግእዝ | GZ-GDL-014:ገድለ ቅዱስ ጊዮርጊስ ሰማዕት በግእዝ | AM-GDL-018:ገድለ ቅዱስ ጊዮርጊስ ሰማዕት በአማርኛ,"1-7, 1-7, 1-7, 1-23, 1-23, 1-23, 1-23, 1-23, 1-23, 1-23"
4-7,97,አባ ሲኖዳ (የባሕታውያን አለቃ),ሲኖዳ,monthly,NO_BOOK,,,
4-7,97,አባ ባውላ ገዳማዊ,ባውላ ገዳማዊ,monthly,NO_BOOK,,,
4-7,97,ቅዱስ አትናቴዎስ ሐዋርያዊ,አትናቴዎስ ሐዋርያዊ,monthly,NO_BOOK,,,
4-7,97,ቅዱስ አግናጥዮስ (ለአንበሳ የተሰጠ),አግናጥዮስ,monthly,CORRECT,GZ-MEL-058:መልክዐ ቅዱስ አግናጥዮስ ምጥው ለአንበሳ በግእዝ,GZ-MEL-058:መልክዐ ቅዱስ አግናጥዮስ ምጥው ለአንበሳ በግእዝ,"1-7, 2-7, 2-26, 3-7, 4-7, 4-24, 5-7, 6-7, 7-7, 8-7"
4-8,98,ታላቁ አቡነ ኪሮስ,ታላቁ አቡነ ኪሮስ,annual,CORRECT,GZ-GDL-016:ገድለ አቡነ ኪሮስ በግእዝ | AM-GDL-021:ገድለ አቡነ ኪሮስ በአማርኛ,GZ-GDL-016:ገድለ አቡነ ኪሮስ በግእዝ | AM-GDL-021:ገድለ አቡነ ኪሮስ በአማርኛ,"1-8, 1-8, 2-8, 2-8, 3-8, 3-8, 4-8, 4-8, 5-8, 5-8"
4-8,98,አባ ሳሙኤል ዘደብረ ቀልሞን,ሳሙኤል ዘደብረ ቀልሞን,annual,WRONG_DATE,,AM-MEL-054:የአቡነ ሳሙኤል ዘዋልድባ መልክዕ በአማርኛ | AM-MEL-055:የአቡነ ሳሙኤል ዘዋልድባ ኹለተኛ መልክዕ በአማርኛ | GZ-MEL-084:መልክዐ አቡነ ሳሙኤል በግእዝ ሣልስ በግእዝ | GZ-MEL-085:መልክዐ አቡነ ሳሙኤል ዘዋልድባ በግእዝ | GZ-MEL-086:መልክዐ አቡነ ሳሙኤል ዘዋልድባ ካልዕ በግእዝ,"1-12, 1-12, 1-12, 1-12, 1-12, 2-12, 2-12, 2-12, 2-12, 2-12"
4-8,98,አባ ዮሐንስ ዘደማስቆ (ሊቁ),ዮሐንስ ዘደማስቆ,annual,WRONG_DATE,,AM-MEL-016:መልክዐ ቅዱስ ዮሐንስ ወንጌላዊ በአማርኛ | AM-MEL-020:መልክዐ አቡነ ዕጨጌ ዮሐንስ በአማርኛ | AM-MEL-021:መልክዐ አቡነ ዮሐንስ ጻድቅ በአማርኛ | AM-MEL-047:የቅዱስ ዮሐንስ 2ኛ መልክዕ በአማርኛ | AM-MEL-048:የቅዱስ ዮሐንስ መጥምቅ መልክዕ በአማርኛ | GZ-MEL-060:መልክዐ ቅዱስ ዮሐንስ መጥምቅ በግእዝ | GZ-MEL-061:መልክዐ ቅዱስ ዮሐንስ ካልእ በግእዝ | GZ-MEL-062:መልክዐ ቅዱስ ዮሐንስ ወንጌላዊ በግእዝ | GZ-MEL-104:መልክዐ አቡነ ዕጨጌ ዮሐንስ በግእዝ | GZ-MEL-109:መልክዐ አቡነ ዮሐንስ ከማ በግእዝ | GZ-MEL-110:መልክዐ አቡነ ዮሐንስ ዘድብረ ዳጋ በግእዝ | GZ-MEL-149:መልክዐ ዮሐንስ ወልደ ነጎድጓድ በግእዝ | GZ-MEL-150:መልክዐ ዮሐንስ ፍቁረ እግዚእ በግእዝ | AM-GDL-013:የቅዱስ ዮሐንስ ገድል በአማርኛ | GZ-GDL-018:ገድለ አቡነ ዮሐንስ በግእዝ | AM-GDL-027:ገድለ አቡነ እጨጌ ዮሐንስ ዘጸገሮ በአማርኛ,"1-1, 1-1, 1-2, 1-2, 1-4, 1-4, 1-4, 1-4, 1-4, 1-4"
4-8,98,አባ ኤሲና ቅድስት ቴክላ,ኤሲና ቅድስት ቴክላ,annual,NO_BOOK,,,
4-8,98,ቅዱሳት በርባራና ዮልያና,ቅዱሳት በርባራና ዮልያና,annual,NO_BOOK,,,
4-8,98,ቅድስት እንባ መሪና,እንባ መሪና,annual,NO_BOOK,,,
4-8,98,አባ ተክለ አልፋ ዘደብረ ድማሕ,ተክለ አልፋ ዘደብረ ድማሕ,annual,CORRECT,GZ-MEL-093:መልክዐ አቡነ ተክለ አልፋ በግእዝ,AM-MEL-057:የአቡነ ተክለ ሃይማኖት 2ኛ መልክዕ በአማርኛ | AM-MEL-058:የአቡነ ተክለ ሃይማኖት መልክዕ በአማርኛ | GZ-MEL-068:መልክዐ ተክለ ሃይማኖት በግእዝ | GZ-MEL-069:መልክዐ ተክለ ሃይማኖት ካልእ በግእዝ | GZ-MEL-070:መልክዐ ተክለ ማርያም ዘይሰመይ መብዓ ጽዮን በግእዝ | GZ-MEL-092:መልክዐ አቡነ ተክለ ሃይማኖት በግእዝ | GZ-MEL-093:መልክዐ አቡነ ተክለ አልፋ በግእዝ | AM-GDL-004:ገድለ ተክለ ሃይማኖት በአማርኛ | GZ-GDL-017:ገድለ አቡነ ተክለ ሐዋርያት በግእዝ,"1-24, 1-24, 1-24, 1-24, 1-24, 1-24, 2-24, 2-24, 2-24, 2-24"
4-8,98,ቅዱስ ገብረ ማርያም ተአማኒ,ገብረ ማርያም ተአማኒ,annual,WRONG_DATE,,GZ-MEL-151:መልክዐ ገብረ መንፈስ ቅዱስ በግእዝ | GZ-MEL-152:መልክዐ ገብረ መንፈስ ቅዱስ ካልዕ በግእዝ | GZ-MEL-153:መልክዐ ገብረ ክርስቶስ በግእዝ | AM-GDL-007:ገድለ አቡነ ገብረ መንፈስ ቅዱስ በአማርኛ,"1-5, 1-5, 1-5, 2-5, 2-5, 2-5, 2-14, 3-5, 3-5, 3-5"
4-8,98,አባ ያሮክላ ሊቀ ዻዻሳት,ያሮክላ ሊቀ ዻዻሳት,annual,NO_BOOK,,,
4-8,98,አቡነ እስትፋሰ ክርስቶስ (ልደታቸው),እስትፋሰ ክርስቶስ,annual,WRONG_DATE,,AM-MEL-018:መልክዐ ቅድስት ፍቅርተ ክርስቶስ በአማርኛ | AM-MEL-060:የአቡነ አባለ ክርስቶስ ጻድቅ መልክዕ በአማርኛ | AM-MIK-001:ምክሓ ምእመናን ክርስቶስ በአማርኛ | GZ-MEL-066:መልክዐ ቅድስት ፍቅርተ ክርስቶስ በግእዝ | GZ-MEL-082:መልክዐ አቡነ ሠምረ ክርስቶስ በግእዝ | GZ-MEL-096:መልክዐ አቡነ አባለ ክርስቶስ በግእዝ | GZ-MEL-136:መልክዐ እስትንፋሰ ክርስቶስ በግእዝ | GZ-MEL-143:መልክዐ ክርስቶስ ሠምራ በግእዝ | GZ-MEL-148:መልክዐ ይምርሃነ ክርስቶስ በግእዝ | GZ-MEL-153:መልክዐ ገብረ ክርስቶስ በግእዝ | GZ-MZM-001:መዝሙረ ክርስቶስ በግእዝ | GZ-MZM-002:መዝሙረ ክርስቶስ ካልዕ በግእዝ | GZ-MZM-003:መዝሙረ ክርስቶስ ዘመኃልየ መኃልይ። በግእዝ | GZ-GDL-006:ገድለ አቡነ እስትንፋስ ክርስቶስ በግእዝ | AM-GDL-005:ገድለ ቅድስት ክርስቶስ ሠምራ በአማርኛ | AM-GDL-014:የአቡነ እስትንፋሰ ክርስቶስ ገድል በአማርኛ | GZ-GDL-019:ገድለ ቅድስት ክርስቶስ ሠምራ በግእዝ | GZ-GDL-023:ገድለ አቡነ መዝራዕተ ክርስቶስ በግእዝ | TI-GDL-002:ገድሊ አቡነ እስትንፋስ ክርስቶስ ትግርኛ,"1-9, 1-9, 1-9, 1-9, 1-24, 1-24, 1-24, 1-27, 1-29, 1-29"
4-8,98,ቅዱስ ሙሴ ሊቀ ነቢያት,ሙሴ ሊቀ ነቢያት,monthly,WRONG_DATE,,AM-TSE-003:የነቢያት ጸሎት በአማርኛ | GZ-TSE-002:ጸሎተ ነቢያት በግእዝ | TI-MZM-002:መዝሙር መኃልይ ነቢያት ብትግርኛ,"None-None, None-None, None-None"
4-8,98,አባ ብሶይ (ቢሾይ),ብሶይ,monthly,NO_BOOK,,,
4-8,98,ቅዱሳን ፬ቱ እንስሳ (ኪሩቤል),፬ቱ እንስሳ,monthly,CORRECT,GZ-MEL-164:መልክዐ ፬ቱ እንስሳ በግእዝ,GZ-MEL-164:መልክዐ ፬ቱ እንስሳ በግእዝ,"1-8, 2-8, 3-8, 4-8, 5-8, 6-8, 7-8, 8-8, 9-8, 10-8"
4-8,98,ቅዱስ ማትያስ ሐዋርያ (ከ፲፪ቱ ሐዋርያት),ማትያስ ሐዋርያ,monthly,WRONG_DATE,,AM-MEL-033:የሐዋርያው የቅዱስ ታዴዎስ መልክዕ በአማርኛ | AM-MEL-046:የቅዱስ እንድርያስ ሐዋርያ መልክዕ በአማርኛ | GZ-MEL-023:መልክዐ ሐዋርያት በግእዝ | GZ-MEL-137:መልክዐ እንድርያስ ሐዋርያ በግእዝ | GZ-GDL-017:ገድለ አቡነ ተክለ ሐዋርያት በግእዝ | GZ-GDL-032:መጽሐፈ ገድለ ቅዱሳን ሐዋርያት በግእዝ | AM-ZNA-003:ዜና ሐዋርያት በአማርኛ,"1-2, 1-4, 1-4, 2-2, 2-4, 2-4, 3-2, 3-4, 3-4, 3-27"
4-9,99,ቅዱስ አባ በአሚን (ጻድቅና ሰማዕት),በአሚን,annual,NO_BOOK,,,
4-9,99,ቅድስት አርምያ,አርምያ,annual,NO_BOOK,,,
4-9,99,ቅዱስ ዘካርያስ,ዘካርያስ,annual,NO_BOOK,,,
4-9,99,ቅዱሳን ፫፲፰ቱ ሊቃውንት,፫፲፰ቱ ሊቃውንት,monthly,NO_BOOK,,,
4-9,99,አባ በርሱማ ሶርያዊ (ለሶርያ መነኮሳት ኁሉ አባት),በርሱማ ሶርያዊ,monthly,NO_BOOK,,,
4-9,99,አቡነ እስትንፋሰ ክርስቶስ,እስትንፋሰ ክርስቶስ,monthly,CORRECT,GZ-MEL-136:መልክዐ እስትንፋሰ ክርስቶስ በግእዝ | AM-GDL-014:የአቡነ እስትንፋሰ ክርስቶስ ገድል በአማርኛ,GZ-MEL-136:መልክዐ እስትንፋሰ ክርስቶስ በግእዝ | AM-GDL-014:የአቡነ እስትንፋሰ ክርስቶስ ገድል በአማርኛ,"1-9, 1-9, 2-9, 2-9, 3-9, 3-9, 4-9, 4-9, 5-9, 5-9"
4-9,99,የብሔረ ብፁዐን ጻድቃን,የብሔረ ብፁዐን ጻድቃን,monthly,WRONG_DATE,,GZ-MEL-160:መልክዐ ጻድቃን ዘባርክናሃ በግእዝ,4-29
4-9,99,አባ መልከ ጼዴቅ ዘሚዳ,መልከ ጼዴቅ ዘሚዳ,monthly,CORRECT,AM-MEL-068:የአቡነ መልከ ጼዴቅ መልክእ በአማርኛ | GZ-MEL-075:መልክዐ አቡነ መልከ ጼዴቅ በግእዝ,AM-MEL-068:የአቡነ መልከ ጼዴቅ መልክእ በአማርኛ | GZ-MEL-002:መልከዐ ማርያም ዳግሚት በግእዝ | GZ-MEL-003:መልከዐ አቡነ ሊቃኖስ በግእዝ | GZ-MEL-075:መልክዐ አቡነ መልከ ጼዴቅ በግእዝ,"1-9, 1-9, 1-21, 2-9, 2-9, 2-21, 3-9, 3-9, 3-21, 3-28"
4-9,99,ቅዱስ ዞሲማስ ጻድቅ,ዞሲማስ,monthly,CORRECT,GZ-GDL-008:ገድለ ቅዱስ ዞሲማስ በግእዝ | AM-GDL-025:ገድለ ቅዱስ ዞሲማስ በአማርኛ,GZ-GDL-008:ገድለ ቅዱስ ዞሲማስ በግእዝ | AM-GDL-025:ገድለ ቅዱስ ዞሲማስ በአማርኛ,"1-9, 1-9, 2-9, 2-9, 3-9, 3-9, 4-9, 4-9, 5-9, 5-9"
4-10,100,ቅዱስ ኒቆላዎስ ሊቅ,ኒቆላዎስ ሊቅ,annual,NO_BOOK,,,
4-10,100,ቅዱስ ሳዊሮስ ሊቅ (ዘአንጾኪያ),ሳዊሮስ ሊቅ,annual,NO_BOOK,,,
4-10,100,ቅድስት ሱርስት ገዳማዊት,ሱርስት ገዳማዊት,annual,NO_BOOK,,,
4-10,100,ቅዱስ ጥዋሽ ሕጽው,ጥዋሽ ሕጽው,annual,NO_BOOK,,,
4-10,100,ቅዱሳን ተላስስና አልዓዛር (ሰማዕታት),ተላስስና አልዓዛር,annual,NO_BOOK,,,
4-10,100,ቅዱስ ናትናኤል ሐዋርያ,ናትናኤል,monthly,NO_BOOK,,,
4-10,100,ቅዱስ ኒቆላዎስ ዘሃገረ ሜራ,ኒቆላዎስ ዘሃገረ ሜራ,monthly,NO_BOOK,,,
4-10,100,አቡነ መልክዐ ክርስቶስ,መልክዐ ክርስቶስ,monthly,WRONG_DATE,,GZ-MEL-143:መልክዐ ክርስቶስ ሠምራ በግእዝ,"1-24, 2-24, 3-24, 4-24, 5-24, 6-24, 7-24, 8-24, 9-12, 9-24"
4-10,100,ቅዱስ ያዕቆብ ሐዋርያ (ወልደ እልፍዮስ),ያዕቆብ ሐዋርያ,monthly,WRONG_DATE,,AM-MEL-022:መልክዐ አብርሃም ይሥሐቅ ያዕቆብ በአማርኛ | AM-MEL-033:የሐዋርያው የቅዱስ ታዴዎስ መልክዕ በአማርኛ | AM-MEL-046:የቅዱስ እንድርያስ ሐዋርያ መልክዕ በአማርኛ | GZ-MEL-023:መልክዐ ሐዋርያት በግእዝ | GZ-MEL-124:መልክዐ አብርሃም ይሥሐቅ ወያዕቆብ በግእዝ | GZ-MEL-137:መልክዐ እንድርያስ ሐዋርያ በግእዝ | GZ-GDL-017:ገድለ አቡነ ተክለ ሐዋርያት በግእዝ | GZ-GDL-032:መጽሐፈ ገድለ ቅዱሳን ሐዋርያት በግእዝ | AM-ZNA-003:ዜና ሐዋርያት በአማርኛ,"1-2, 1-4, 1-4, 1-28, 1-28, 2-2, 2-4, 2-4, 2-28, 2-28"
4-10,100,ቅድስት ዕሌኒ ንግስት,ዕሌኒ ንግስት,monthly,NO_BOOK,,,
4-10,100,ታላቁ ቅዱስ ቆስጠንጢኖስ,ታላቁ ቅዱስ ቆስጠንጢኖስ,monthly,NO_BOOK,,,
4-10,100,ቅዱስ እፀ መስቀል,እፀ መስቀል,monthly,CORRECT,AM-MEL-012:መልክዐ ቅዱስ መስቀል በአማርኛ | AM-MEL-040:የቅዱስ መስቀል 3ኛ መልክዕ በአማርኛ | GZ-MEL-050:መልክዐ ቅዱስ መስቀል ሣልስ በግእዝ | GZ-MEL-051:መልክዐ ቅዱስ መስቀል በግእዝ | GZ-DRS-002:ድርሳነ መስቀል በግእዝ | AM-DRS-008:ድርሳነ መስቀል በአማርኛ,AM-MEL-004:መልክዐ ሕማማተ መስቀል በአማርኛ | AM-MEL-012:መልክዐ ቅዱስ መስቀል በአማርኛ | AM-MEL-040:የቅዱስ መስቀል 3ኛ መልክዕ በአማርኛ | AM-TSE-001:የመስቀል አጥር ጸሎት በአማርኛ | AM-WUD-001:ውዳሴ መስቀል በአማርኛ | GZ-HAT-001:ሐፁረ መስቀል በግእዝ | GZ-MEL-024:መልክዐ ሕማማተ መስቀል በግእዝ | GZ-MEL-050:መልክዐ ቅዱስ መስቀል ሣልስ በግእዝ | GZ-MEL-051:መልክዐ ቅዱስ መስቀል በግእዝ | GZ-WUD-001:ውዳሴ መስቀል በግእዝ | GZ-DRS-002:ድርሳነ መስቀል በግእዝ | AM-DRS-008:ድርሳነ መስቀል በአማርኛ,"None-None, None-None, None-None, None-None, None-None, None-None, 1-10, 1-10, 1-10, 1-10"
4-11,101,ታላቁ አባ በኪሞስ,ታላቁ አባ በኪሞስ,annual,NO_BOOK,,,
4-11,101,ቅዱስ በርተሎሜዎስ,በርተሎሜዎስ,annual,NO_BOOK,,,
4-11,101,ቅዱስ ቴዎድሮስ,ቴዎድሮስ,annual,WRONG_DATE,,GZ-MEL-040:መልክዐ ሰማዕት ቅዱስ ቴዎድሮስ በግእዝ | GZ-GDL-030:ገድለ ቅዱስ ቴዎድሮስ በግእዝ | GZ-GDL-031:ገድለ ሰማዕት ቅዱስ ቴዎድሮስ በግእዝ | AM-GDL-030:ገድለ ሰማዕት ቅዱስ ቴዎድሮስ በአማርኛ,"1-12, 1-12, 1-12, 1-12, 1-20, 1-20, 1-20, 1-20, 2-12, 2-12"
4-11,101,ቅዱስ በጥላን,በጥላን,annual,NO_BOOK,,,
4-11,101,ቅዱስ ያሬድ ካህን,ያሬድ ካህን,monthly,CORRECT,GZ-MEL-146:መልክዐ ያሬድ በግእዝ | GZ-MEL-147:መልክዐ ያሬድ ካልዕ በግእዝ | GZ-GDL-021:ድርሳን ወገድል ዘቅዱስ ያሬድ በግእዝ,GZ-MEL-146:መልክዐ ያሬድ በግእዝ | GZ-MEL-147:መልክዐ ያሬድ ካልዕ በግእዝ | GZ-GDL-021:ድርሳን ወገድል ዘቅዱስ ያሬድ በግእዝ,"1-11, 1-11, 1-11, 2-11, 2-11, 2-11, 3-11, 3-11, 3-11, 4-11"
4-11,101,ማር ገላውዴዎስ ሰማዕት,ማር ገላውዴዎስ,monthly,WRONG_DATE,,GZ-ZNA-002:ዜናሁ ለንጉሥ ገላውዴዎስ በግእዝ,7-27
4-11,101,ቅዱስ ፋሲለደስ ሰማዕት,ፋሲለደስ,monthly,CORRECT,GZ-MEL-041:መልክዐ ሰማዕት ቅዱስ ፋሲለደስ በግእዝ,GZ-MEL-041:መልክዐ ሰማዕት ቅዱስ ፋሲለደስ በግእዝ,"1-11, 2-11, 3-11, 4-11, 5-11, 6-11, 7-11, 8-11, 9-11, 10-11"
4-11,101,አቡነ ሐራ ድንግል ጻድቅ,ሐራ ድንግል,monthly,CORRECT,AM-MEL-019:መልክዐ አቡነ ሐራ ድንግል በአማርኛ | GZ-MEL-021:መልክዐ ሐራ ድንግል በግእዝ,AM-MEL-019:መልክዐ አቡነ ሐራ ድንግል በአማርኛ | GZ-MEL-021:መልክዐ ሐራ ድንግል በግእዝ,"1-11, 1-11, 2-11, 2-11, 3-11, 3-11, 4-11, 4-11, 5-11, 5-11"
4-11,101,ቅድስት ሐና ቡርክት,ሐና ቡርክት,monthly,NO_BOOK,,,
4-12,102,አቡነ ሳሙኤል ዘዋልድባ,ሳሙኤል ዘዋልድባ,annual,CORRECT,AM-MEL-054:የአቡነ ሳሙኤል ዘዋልድባ መልክዕ በአማርኛ | AM-MEL-055:የአቡነ ሳሙኤል ዘዋልድባ ኹለተኛ መልክዕ በአማርኛ | GZ-MEL-085:መልክዐ አቡነ ሳሙኤል ዘዋልድባ በግእዝ | GZ-MEL-086:መልክዐ አቡነ ሳሙኤል ዘዋልድባ ካልዕ በግእዝ,AM-MEL-054:የአቡነ ሳሙኤል ዘዋልድባ መልክዕ በአማርኛ | AM-MEL-055:የአቡነ ሳሙኤል ዘዋልድባ ኹለተኛ መልክዕ በአማርኛ | GZ-MEL-085:መልክዐ አቡነ ሳሙኤል ዘዋልድባ በግእዝ | GZ-MEL-086:መልክዐ አቡነ ሳሙኤል ዘዋልድባ ካልዕ በግእዝ,"1-12, 1-12, 1-12, 1-12, 2-12, 2-12, 2-12, 2-12, 3-12, 3-12"
4-12,102,ቅዱሳን አንቂጦስ ወፎጢኖስ (ሰማዕታት),አንቂጦስ ወፎጢኖስ,annual,NO_BOOK,,,
4-12,102,አባ ነድራ,ነድራ,annual,NO_BOOK,,,
4-12,102,ቅዱስ ዮሐንስ ተአማኒ,ዮሐንስ ተአማኒ,annual,WRONG_DATE,,AM-MEL-016:መልክዐ ቅዱስ ዮሐንስ ወንጌላዊ በአማርኛ | AM-MEL-020:መልክዐ አቡነ ዕጨጌ ዮሐንስ በአማርኛ | AM-MEL-021:መልክዐ አቡነ ዮሐንስ ጻድቅ በአማርኛ | AM-MEL-047:የቅዱስ ዮሐንስ 2ኛ መልክዕ በአማርኛ | AM-MEL-048:የቅዱስ ዮሐንስ መጥምቅ መልክዕ በአማርኛ | GZ-MEL-060:መልክዐ ቅዱስ ዮሐንስ መጥምቅ በግእዝ | GZ-MEL-061:መልክዐ ቅዱስ ዮሐንስ ካልእ በግእዝ | GZ-MEL-062:መልክዐ ቅዱስ ዮሐንስ ወንጌላዊ በግእዝ | GZ-MEL-104:መልክዐ አቡነ ዕጨጌ ዮሐንስ በግእዝ | GZ-MEL-109:መልክዐ አቡነ ዮሐንስ ከማ በግእዝ | GZ-MEL-110:መልክዐ አቡነ ዮሐንስ ዘድብረ ዳጋ በግእዝ | GZ-MEL-149:መልክዐ ዮሐንስ ወልደ ነጎድጓድ በግእዝ | GZ-MEL-150:መልክዐ ዮሐንስ ፍቁረ እግዚእ በግእዝ | AM-GDL-013:የቅዱስ ዮሐንስ ገድል በአማርኛ | GZ-GDL-018:ገድለ አቡነ ዮሐንስ በግእዝ | AM-GDL-027:ገድለ አቡነ እጨጌ ዮሐንስ ዘጸገሮ በአማርኛ,"1-1, 1-1, 1-2, 1-2, 1-4, 1-4, 1-4, 1-4, 1-4, 1-4"
4-12,102,ጉቡዓን ኤዺስ ቆዾሳት,ጉቡዓን ኤዺስ ቆዾሳት,annual,NO_BOOK,,,
4-12,102,ቅዱስ ሚካኤል ሊቀ መላእክት,ሚካኤል ሊቀ መላእክት,monthly,CORRECT,AM-MEL-006:መልክዐ ሚካኤል በአማርኛ | AM-MEL-041:የቅዱስ ሚካኤል 3ኛ መልክዕ በአማርኛ | GZ-MEL-004:መልክዐ ሊቀ መላእክት ቅዱስ ሚካኤል ሣልስ በግእዝ | GZ-MEL-005:መልክዐ ሊቀ መላእክት ቅዱስ ሚካኤል ካልዕ በግእዝ | GZ-MEL-009:መልክዐ ሊቀ መላእክት ቅዱስ በግእዝ | GZ-MEL-165:መልክዐ ሊቀ መላእክት ቅዱስ ሚካኤል ካልዕ በግእ | GZ-DRS-008:ድርሳነ ሚካኤል በግእዝ | AM-DRS-009:ድርሳነ ሚካኤል በአማርኛ,AM-DIR-001:የሰባቱ ሊቃነ መላእክት ድርሳን በአማርኛ | AM-MEL-006:መልክዐ ሚካኤል በአማርኛ | AM-MEL-038:የቅዱሳን አእላፍ መላእክት 2ኛ መልክዕ በአማርኛ | AM-MEL-041:የቅዱስ ሚካኤል 3ኛ መልክዕ በአማርኛ | GZ-MEL-004:መልክዐ ሊቀ መላእክት ቅዱስ ሚካኤል ሣልስ በግእዝ | GZ-MEL-005:መልክዐ ሊቀ መላእክት ቅዱስ ሚካኤል ካልዕ በግእዝ | GZ-MEL-006:መልክዐ ሊቀ መላእክት ቅዱስ ሩፋኤል በግእዝ | GZ-MEL-007:መልክዐ ሊቀ መላእክት ቅዱስ ራጉኤል በግእዝ | GZ-MEL-008:መልክዐ ሊቀ መላእክት ቅዱስ ሱርያል በግእዝ | GZ-MEL-009:መልክዐ ሊቀ መላእክት ቅዱስ በግእዝ | GZ-MEL-010:መልክዐ ሊቀ መላእክት ቅዱስ አፍኒን በግእዝ | GZ-MEL-011:መልክዐ ሊቀ መላእክት ቅዱስ ዑራኤል በግእዝ | GZ-MEL-012:መልክዐ ሊቀ መላእክት ቅዱስ ዑራኤል ካልእ በግእዝ | GZ-MEL-013:መልክዐ ሊቀ መላእክት ቅዱስ ገብርኤል በግእዝ | GZ-MEL-014:መልክዐ ሊቀ መላእክት ቅዱስ ገብርኤል ካልዕ (ደቅስዮስ) በግእዝ | GZ-MEL-015:መልክዐ ሊቀ መላእክት ቅዱስ ፋኑኤል በግእዝ | GZ-MEL-083:መልክዐ አቡነ ሰይፈ ሚካኤል በግእዝ | GZ-MEL-121:መልክዐ አባ በጸሎተ ሚካኤል በግእዝ | GZ-MEL-125:መልክዐ አእላፍ መላእክት በግእዝ | GZ-MEL-126:መልክዐ አእላፍ መላእክት ካልእ በግእዝ | GZ-MEL-165:መልክዐ ሊቀ መላእክት ቅዱስ ሚካኤል ካልዕ በግእ | AM-GDL-011:ገድለ አቡነ በጸሎተ ሚካኤል በአማርኛ | GZ-GDL-015:ገድለ አቡነ በጸሎተ ሚካኤል በግእዝ | GZ-DRS-008:ድርሳነ ሚካኤል በግእዝ | AM-DRS-009:ድርሳነ ሚካኤል በአማርኛ | GZ-GDL-034:ገድለ አቡነ ፍሬ ሚካኤል በግእዝ,"1-1, 1-3, 1-9, 1-9, 1-9, 1-9, 1-9, 1-9, 1-9, 1-12"
4-12,102,ቅዱስ ላሊበላ ጻድቅ (ንጉሠ ኢትዮዽያ),ላሊበላ ጻድቅ,monthly,CORRECT,GZ-MEL-019:መልክዐ ላሊበላ በግዕዝ,AM-MEL-003:መልክዐ ለአቡነ አቢብ ጻድቅ በአማርኛ | AM-MEL-021:መልክዐ አቡነ ዮሐንስ ጻድቅ በአማርኛ | AM-MEL-060:የአቡነ አባለ ክርስቶስ ጻድቅ መልክዕ በአማርኛ | GZ-MEL-019:መልክዐ ላሊበላ በግዕዝ,"1-12, 1-16, 1-25, 2-12, 2-16, 2-25, 3-12, 3-16, 3-25, 4-12"
4-12,102,ቅዱስ ዮሐንስ አፈ ወርቅ,ዮሐንስ አፈ ወርቅ,monthly,WRONG_DATE,,AM-MEL-016:መልክዐ ቅዱስ ዮሐንስ ወንጌላዊ በአማርኛ | AM-MEL-020:መልክዐ አቡነ ዕጨጌ ዮሐንስ በአማርኛ | AM-MEL-021:መልክዐ አቡነ ዮሐንስ ጻድቅ በአማርኛ | AM-MEL-047:የቅዱስ ዮሐንስ 2ኛ መልክዕ በአማርኛ | AM-MEL-048:የቅዱስ ዮሐንስ መጥምቅ መልክዕ በአማርኛ | GZ-MEL-060:መልክዐ ቅዱስ ዮሐንስ መጥምቅ በግእዝ | GZ-MEL-061:መልክዐ ቅዱስ ዮሐንስ ካልእ በግእዝ | GZ-MEL-062:መልክዐ ቅዱስ ዮሐንስ ወንጌላዊ በግእዝ | GZ-MEL-104:መልክዐ አቡነ ዕጨጌ ዮሐንስ በግእዝ | GZ-MEL-109:መልክዐ አቡነ ዮሐንስ ከማ በግእዝ | GZ-MEL-110:መልክዐ አቡነ ዮሐንስ ዘድብረ ዳጋ በግእዝ | GZ-MEL-149:መልክዐ ዮሐንስ ወልደ ነጎድጓድ በግእዝ | GZ-MEL-150:መልክዐ ዮሐንስ ፍቁረ እግዚእ በግእዝ | AM-GDL-013:የቅዱስ ዮሐንስ ገድል በአማርኛ | GZ-GDL-018:ገድለ አቡነ ዮሐንስ በግእዝ | AM-GDL-027:ገድለ አቡነ እጨጌ ዮሐንስ ዘጸገሮ በአማርኛ,"1-1, 1-1, 1-2, 1-2, 1-4, 1-4, 1-4, 1-4, 1-4, 1-4"
4-12,102,ቅዱስ ቴዎድሮስ ምሥራቃዊ (ሰማዕት),ቴዎድሮስ ምሥራቃዊ,monthly,CORRECT,GZ-MEL-040:መልክዐ ሰማዕት ቅዱስ ቴዎድሮስ በግእዝ | GZ-GDL-030:ገድለ ቅዱስ ቴዎድሮስ በግእዝ | GZ-GDL-031:ገድለ ሰማዕት ቅዱስ ቴዎድሮስ በግእዝ | AM-GDL-030:ገድለ ሰማዕት ቅዱስ ቴዎድሮስ በአማርኛ,GZ-MEL-040:መልክዐ ሰማዕት ቅዱስ ቴዎድሮስ በግእዝ | GZ-GDL-030:ገድለ ቅዱስ ቴዎድሮስ በግእዝ | GZ-GDL-031:ገድለ ሰማዕት ቅዱስ ቴዎድሮስ በግእዝ | AM-GDL-030:ገድለ ሰማዕት ቅዱስ ቴዎድሮስ በአማርኛ,"1-12, 1-12, 1-12, 1-12, 1-20, 1-20, 1-20, 1-20, 2-12, 2-12"
4-12,102,ቅድስት ክርስቶስ ሠምራ,ክርስቶስ ሠምራ,monthly,WRONG_DATE,,GZ-MEL-143:መልክዐ ክርስቶስ ሠምራ በግእዝ | AM-GDL-005:ገድለ ቅድስት ክርስቶስ ሠምራ በአማርኛ | GZ-GDL-019:ገድለ ቅድስት ክርስቶስ ሠምራ በግእዝ,"1-24, 1-24, 1-24, 2-24, 2-24, 2-24, 3-24, 3-24, 3-24, 4-24"
4-12,102,ቅዱስ ማቴዎስ ሐዋርያ,ማቴዎስ,monthly,WRONG_DATE,,GZ-MEL-080:መልክዐ አቡነ ማቴዎስ ዘደብረ በርበሬ በግእዝ | GZ-MEL-081:መልክዐ አቡነ ማቴዎስ ዘደብረ በርበሬ በግእዝ ካልእ,"3-13, 5-14"
4-12,102,ቅዱስ ድሜጥሮስ ሊቅ,ድሜጥሮስ ሊቅ,monthly,NO_BOOK,,,
4-13,103,አቡነ ዘርዓ ቡሩክ ጻድቅ,ዘርዓ ቡሩክ,annual,CORRECT,AM-MEL-061:የአቡነ ዘርዐ ቡሩክ መልክዕ በአማርኛ | GZ-MEL-105:መልክዐ አቡነ ዘርዐ ቡሩክ በግእዝ | TI-GDL-001:ገድሊ ኣቡነ ዘርኣ ቡሩክን ብትግርኛ,AM-MEL-061:የአቡነ ዘርዐ ቡሩክ መልክዕ በአማርኛ | GZ-MEL-105:መልክዐ አቡነ ዘርዐ ቡሩክ በግእዝ | TI-GDL-001:ገድሊ ኣቡነ ዘርኣ ቡሩክን ብትግርኛ,"1-13, 1-13, 1-13, 2-13, 2-13, 2-13, 3-13, 3-13, 3-13, 4-13"
4-13,103,ቅዱስ መቃርስ ገዳማዊ,መቃርስ ገዳማዊ,annual,NO_BOOK,,,
4-13,103,አባ አብራኮስ ገዳማዊ,አብራኮስ ገዳማዊ,annual,NO_BOOK,,,
4-13,103,ብጽዕት ሐና (የእመቤታችን እናት),ብጽዕት ሐና,annual,NO_BOOK,,,
4-13,103,አባ በጽንፍርዮስ ሰማዕት,በጽንፍርዮስ,annual,NO_BOOK,,,
4-13,103,አባ ሚካኤል ዘቀልሞን,ሚካኤል ዘቀልሞን,annual,WRONG_DATE,,AM-MEL-006:መልክዐ ሚካኤል በአማርኛ | AM-MEL-041:የቅዱስ ሚካኤል 3ኛ መልክዕ በአማርኛ | GZ-MEL-004:መልክዐ ሊቀ መላእክት ቅዱስ ሚካኤል ሣልስ በግእዝ | GZ-MEL-005:መልክዐ ሊቀ መላእክት ቅዱስ ሚካኤል ካልዕ በግእዝ | GZ-MEL-083:መልክዐ አቡነ ሰይፈ ሚካኤል በግእዝ | GZ-MEL-121:መልክዐ አባ በጸሎተ ሚካኤል በግእዝ | GZ-MEL-165:መልክዐ ሊቀ መላእክት ቅዱስ ሚካኤል ካልዕ በግእ | AM-GDL-011:ገድለ አቡነ በጸሎተ ሚካኤል በአማርኛ | GZ-GDL-015:ገድለ አቡነ በጸሎተ ሚካኤል በግእዝ | GZ-DRS-008:ድርሳነ ሚካኤል በግእዝ | AM-DRS-009:ድርሳነ ሚካኤል በአማርኛ | GZ-GDL-034:ገድለ አቡነ ፍሬ ሚካኤል በግእዝ,"1-9, 1-9, 1-9, 1-9, 1-9, 1-9, 1-9, 1-12, 1-12, 1-12"
4-13,103,እግዚአብሔር አብ,እግዚአብሔር አብ,monthly,CORRECT,GZ-MEL-139:መልክዐ እግዚአብሔር አብ በግእዝ | GZ-MEL-140:መልክዐ እግዚአብሔር አብ ካልዕ በግእዝ,GZ-MEL-139:መልክዐ እግዚአብሔር አብ በግእዝ | GZ-MEL-140:መልክዐ እግዚአብሔር አብ ካልዕ በግእዝ,"1-13, 1-13, 2-13, 2-13, 3-13, 3-13, 4-13, 4-13, 5-13, 5-13"
4-13,103,ቅዱስ ሩፋኤል ሊቀ መላዕክት,ሩፋኤል ሊቀ መላዕክት,monthly,CORRECT,AM-MEL-043:የቅዱስ ሩፋኤል መልክዕ በአማርኛ | GZ-MEL-006:መልክዐ ሊቀ መላእክት ቅዱስ ሩፋኤል በግእዝ | GZ-DRS-009:ድርሳን ቅዱስ ሩፋኤል በግእዝ,AM-MEL-043:የቅዱስ ሩፋኤል መልክዕ በአማርኛ | GZ-MEL-006:መልክዐ ሊቀ መላእክት ቅዱስ ሩፋኤል በግእዝ | GZ-DRS-009:ድርሳን ቅዱስ ሩፋኤል በግእዝ,"1-13, 1-13, 1-13, 2-13, 2-13, 2-13, 3-13, 3-13, 3-13, 4-13"
4-13,103,ቅዱስ አርሳንዮስ ጠቢብ ገዳማዊ,አርሳንዮስ ጠቢብ ገዳማዊ,monthly,NO_BOOK,,,
4-13,103,አእላፍ (፱፱ኙ) ነገደ መላእክት,አእላፍ  ነገደ መላእክት,monthly,CORRECT,AM-DIR-001:የሰባቱ ሊቃነ መላእክት ድርሳን በአማርኛ | AM-MEL-038:የቅዱሳን አእላፍ መላእክት 2ኛ መልክዕ በአማርኛ | GZ-MEL-006:መልክዐ ሊቀ መላእክት ቅዱስ ሩፋኤል በግእዝ | GZ-MEL-125:መልክዐ አእላፍ መላእክት በግእዝ | GZ-MEL-126:መልክዐ አእላፍ መላእክት ካልእ በግእዝ,AM-DIR-001:የሰባቱ ሊቃነ መላእክት ድርሳን በአማርኛ | AM-MEL-038:የቅዱሳን አእላፍ መላእክት 2ኛ መልክዕ በአማርኛ | GZ-MEL-004:መልክዐ ሊቀ መላእክት ቅዱስ ሚካኤል ሣልስ በግእዝ | GZ-MEL-005:መልክዐ ሊቀ መላእክት ቅዱስ ሚካኤል ካልዕ በግእዝ | GZ-MEL-006:መልክዐ ሊቀ መላእክት ቅዱስ ሩፋኤል በግእዝ | GZ-MEL-007:መልክዐ ሊቀ መላእክት ቅዱስ ራጉኤል በግእዝ | GZ-MEL-008:መልክዐ ሊቀ መላእክት ቅዱስ ሱርያል በግእዝ | GZ-MEL-009:መልክዐ ሊቀ መላእክት ቅዱስ በግእዝ | GZ-MEL-010:መልክዐ ሊቀ መላእክት ቅዱስ አፍኒን በግእዝ | GZ-MEL-011:መልክዐ ሊቀ መላእክት ቅዱስ ዑራኤል በግእዝ | GZ-MEL-012:መልክዐ ሊቀ መላእክት ቅዱስ ዑራኤል ካልእ በግእዝ | GZ-MEL-013:መልክዐ ሊቀ መላእክት ቅዱስ ገብርኤል በግእዝ | GZ-MEL-014:መልክዐ ሊቀ መላእክት ቅዱስ ገብርኤል ካልዕ (ደቅስዮስ) በግእዝ | GZ-MEL-015:መልክዐ ሊቀ መላእክት ቅዱስ ፋኑኤል በግእዝ | GZ-MEL-125:መልክዐ አእላፍ መላእክት በግእዝ | GZ-MEL-126:መልክዐ አእላፍ መላእክት ካልእ በግእዝ | GZ-MEL-165:መልክዐ ሊቀ መላእክት ቅዱስ ሚካኤል ካልዕ በግእ,"1-1, 1-3, 1-9, 1-9, 1-9, 1-12, 1-12, 1-12, 1-12, 1-13"
4-13,103,ቅዱስ አስከናፍር ሮማዊ,አስከናፍር ሮማዊ,monthly,NO_BOOK,,,
4-13,103,"""፲፫ቱ"" ግኁሳን አበው","""፲፫ቱ"" ግኁሳን አበው",monthly,WRONG_DATE,,AM-ZNA-002:ዜና አበው በአማርኛ,"3-4, 5-26"
4-14,104,ዕለተ ብርሃን,ዕለተ ብርሃን,annual,WRONG_DATE,,AM-KOH-001:ኆኅተ ብርሃን በአማርኛ | AM-MEL-056:የአቡነ ተከስተ ብርሃን መልክዕ በአማርኛ | GZ-KOH-001:ኆኅተ ብርሃን በግእዝ | GZ-MEL-091:መልክዐ አቡነ ተከስተ ብርሃን በግእዝ,"None-None, None-None, 7-10, 7-10"
4-14,104,ቅዱስ መርምሕናምና እህቱ ሣራ,መርምሕናምና እህቱ ሣራ,annual,NO_BOOK,,,
4-14,104,"""፬0"" ሰማዕታት (የቅዱሱ ተከታዮች)","""፬0"" ሰማዕታት",annual,WRONG_DATE,,AM-MEL-065:ጸሎተ መልክዐ ሥቃዩ ለቅዱስ ጊዮርጊስ ሊቀ ሰማዕታት በአማርኛ | AM-MEL-066:ጸሎተ መልክዕ ዘቅዱስ ጊዮርጊስ ሊቀ ሰማዕታት በአማርኛ | AM-MEL-067:ጸሎተ መልክዕ ዘቅዱስ ጊዮርጊስ ሊቀ ሰማዕታት ካልዕ በአማርኛ | AM-SIB-001:ስብሐተ ፍቁር ዘቅዱስ ጊዮርጊስ ሊቀ ሰማዕታት በአማርኛ | GZ-MEL-016:መልክዐ ሊቀ ሰማዕታት ቅዱስ እስጢፋኖስ በግእዝ | GZ-MEL-017:መልክዐ ሊቀ ሰማዕታት ቅዱስ እስጢፋኖስ ካልእ በግእዝ | AM-GDL-010:ገድለ ሰማዕታት በአማርኛ,"1-15, 1-15, 1-17, 1-17, 1-23, 1-23, 1-23, 1-23, 2-17, 2-17"
4-14,104,"""፲፯0,000"" ሰማዕታት (የቅዱሱ ሠራዊት)","""፲፯0,000"" ሰማዕታት",annual,WRONG_DATE,,AM-MEL-065:ጸሎተ መልክዐ ሥቃዩ ለቅዱስ ጊዮርጊስ ሊቀ ሰማዕታት በአማርኛ | AM-MEL-066:ጸሎተ መልክዕ ዘቅዱስ ጊዮርጊስ ሊቀ ሰማዕታት በአማርኛ | AM-MEL-067:ጸሎተ መልክዕ ዘቅዱስ ጊዮርጊስ ሊቀ ሰማዕታት ካልዕ በአማርኛ | AM-SIB-001:ስብሐተ ፍቁር ዘቅዱስ ጊዮርጊስ ሊቀ ሰማዕታት በአማርኛ | GZ-MEL-016:መልክዐ ሊቀ ሰማዕታት ቅዱስ እስጢፋኖስ በግእዝ | GZ-MEL-017:መልክዐ ሊቀ ሰማዕታት ቅዱስ እስጢፋኖስ ካልእ በግእዝ | AM-GDL-010:ገድለ ሰማዕታት በአማርኛ,"1-15, 1-15, 1-17, 1-17, 1-23, 1-23, 1-23, 1-23, 2-17, 2-17"
4-14,104,ቅድስት ነሣሒት ቡርክት,ነሣሒት ቡርክት,annual,NO_BOOK,,,
4-14,104,ቅዱስ ስምዖን ሰማዕት,ስምዖን,annual,NO_BOOK,,,
4-14,104,ቅዱስ አሞንዮስ ሰማዕት,አሞንዮስ,annual,NO_BOOK,,,
4-14,104,አባ ገብረ ክርቶስ ሊቀ ዻዻሳት,ገብረ ክርቶስ ሊቀ ዻዻሳት,annual,WRONG_DATE,,GZ-MEL-151:መልክዐ ገብረ መንፈስ ቅዱስ በግእዝ | GZ-MEL-152:መልክዐ ገብረ መንፈስ ቅዱስ ካልዕ በግእዝ | GZ-MEL-153:መልክዐ ገብረ ክርስቶስ በግእዝ | AM-GDL-007:ገድለ አቡነ ገብረ መንፈስ ቅዱስ በአማርኛ,"1-5, 1-5, 1-5, 2-5, 2-5, 2-5, 2-14, 3-5, 3-5, 3-5"
4-14,104,አቡነ አረጋዊ (ዘ ሚካኤል ),አረጋዊ,monthly,CORRECT,GZ-MEL-073:መልክዐ አረጋዊ በግእዝ | AM-GDL-016:ገድለ አቡነ አረጋዊ በአማርኛ,GZ-MEL-073:መልክዐ አረጋዊ በግእዝ | AM-GDL-016:ገድለ አቡነ አረጋዊ በአማርኛ,"1-14, 1-14, 2-14, 2-14, 3-14, 3-14, 4-14, 4-14, 5-14, 5-14"
4-14,104,አባ ስምዖን ገዳማዊ,ስምዖን ገዳማዊ,monthly,NO_BOOK,,,
4-14,104,አባ ዮሐንስ ጻድቅ,ዮሐንስ,monthly,WRONG_DATE,,AM-MEL-016:መልክዐ ቅዱስ ዮሐንስ ወንጌላዊ በአማርኛ | AM-MEL-020:መልክዐ አቡነ ዕጨጌ ዮሐንስ በአማርኛ | AM-MEL-021:መልክዐ አቡነ ዮሐንስ ጻድቅ በአማርኛ | AM-MEL-047:የቅዱስ ዮሐንስ 2ኛ መልክዕ በአማርኛ | AM-MEL-048:የቅዱስ ዮሐንስ መጥምቅ መልክዕ በአማርኛ | GZ-MEL-060:መልክዐ ቅዱስ ዮሐንስ መጥምቅ በግእዝ | GZ-MEL-061:መልክዐ ቅዱስ ዮሐንስ ካልእ በግእዝ | GZ-MEL-062:መልክዐ ቅዱስ ዮሐንስ ወንጌላዊ በግእዝ | GZ-MEL-104:መልክዐ አቡነ ዕጨጌ ዮሐንስ በግእዝ | GZ-MEL-109:መልክዐ አቡነ ዮሐንስ ከማ በግእዝ | GZ-MEL-110:መልክዐ አቡነ ዮሐንስ ዘድብረ ዳጋ በግእዝ | GZ-MEL-149:መልክዐ ዮሐንስ ወልደ ነጎድጓድ በግእዝ | GZ-MEL-150:መልክዐ ዮሐንስ ፍቁረ እግዚእ በግእዝ | AM-GDL-013:የቅዱስ ዮሐንስ ገድል በአማርኛ | GZ-GDL-018:ገድለ አቡነ ዮሐንስ በግእዝ | AM-GDL-027:ገድለ አቡነ እጨጌ ዮሐንስ ዘጸገሮ በአማርኛ,"1-1, 1-1, 1-2, 1-2, 1-4, 1-4, 1-4, 1-4, 1-4, 1-4"
4-14,104,ቅዱስ ፊልዾስ ሐዋርያ (ከ፯፪ቱ አርድእት),ፊልዾስ ሐዋርያ,monthly,WRONG_DATE,,AM-MEL-033:የሐዋርያው የቅዱስ ታዴዎስ መልክዕ በአማርኛ | AM-MEL-046:የቅዱስ እንድርያስ ሐዋርያ መልክዕ በአማርኛ | GZ-MEL-023:መልክዐ ሐዋርያት በግእዝ | GZ-MEL-137:መልክዐ እንድርያስ ሐዋርያ በግእዝ | GZ-GDL-017:ገድለ አቡነ ተክለ ሐዋርያት በግእዝ | GZ-GDL-032:መጽሐፈ ገድለ ቅዱሳን ሐዋርያት በግእዝ | AM-ZNA-003:ዜና ሐዋርያት በአማርኛ,"1-2, 1-4, 1-4, 2-2, 2-4, 2-4, 3-2, 3-4, 3-4, 3-27"
4-14,104,ቅዱስ ገብረ ክርስቶስ መርዓዊ,ገብረ ክርስቶስ መርዓዊ,monthly,WRONG_DATE,,GZ-MEL-151:መልክዐ ገብረ መንፈስ ቅዱስ በግእዝ | GZ-MEL-152:መልክዐ ገብረ መንፈስ ቅዱስ ካልዕ በግእዝ | GZ-MEL-153:መልክዐ ገብረ ክርስቶስ በግእዝ | AM-GDL-007:ገድለ አቡነ ገብረ መንፈስ ቅዱስ በአማርኛ,"1-5, 1-5, 1-5, 2-5, 2-5, 2-5, 2-14, 3-5, 3-5, 3-5"
4-14,104,ቅዱስ ሙሴ መርዓዊ,ሙሴ መርዓዊ,monthly,NO_BOOK,,,
4-15,105,ቅዱስ ጐርጐርዮስ ሊቅ (ዘአርማንያ),ጐርጐርዮስ ሊቅ,annual,NO_BOOK,,,
4-15,105,አቡነ ኤዎስጣቴዎስ ረባን,ኤዎስጣቴዎስ ረባን,annual,WRONG_DATE,,GZ-MEL-135:መልክዐ ኤዎስጣቴዎስ በግእዝ,"1-18, 2-18, 3-18, 4-18, 5-18, 6-18, 7-18, 8-18, 9-18, 10-18"
4-15,105,ቅዱስ ሉቃስ ዘዓምድ,ሉቃስ ዘዓምድ,annual,NO_BOOK,,,
4-15,105,አባ ይምላህ,ይምላህ,annual,NO_BOOK,,,
4-15,105,ቅዱስ ኤፍሬም ሶርያዊ (አፈ በረከት),ኤፍሬም ሶርያዊ,monthly,NO_BOOK,,,
4-15,105,ቅድስት እንባ መሪና,እንባ መሪና,monthly,NO_BOOK,,,
4-15,105,ቅድስት ክርስጢና,ክርስጢና,monthly,NO_BOOK,,,
4-15,105,ቅዱስ ሚናስ ሰማዕት,ሚናስ,monthly,CORRECT,AM-MEL-013:መልክዐ ቅዱስ ሚናስ በአማርኛ | GZ-MEL-052:መልክዐ ቅዱስ ሚናስ በግእዝ,AM-MEL-013:መልክዐ ቅዱስ ሚናስ በአማርኛ | GZ-MEL-052:መልክዐ ቅዱስ ሚናስ በግእዝ,"1-15, 1-15, 2-15, 2-15, 3-15, 3-15, 4-15, 4-15, 5-15, 5-15"
4-15,105,ቅዱስ ቂርቆስ ሰማዕት,ቂርቆስ,monthly,CORRECT,AM-MEL-015:መልክዐ ቅዱስ ቂርቆስ በአማርኛ | GZ-MEL-054:መልክዐ ቅዱስ ቂርቆስ በግእዝ | AM-GDL-023:የቅዱስ ቂርቆስና የቅድስት ኢየሉጣ ገድል በአማርኛ,AM-MEL-015:መልክዐ ቅዱስ ቂርቆስ በአማርኛ | GZ-MEL-054:መልክዐ ቅዱስ ቂርቆስ በግእዝ | AM-GDL-023:የቅዱስ ቂርቆስና የቅድስት ኢየሉጣ ገድል በአማርኛ,"1-15, 1-15, 1-15, 2-15, 2-15, 2-15, 3-15, 3-15, 3-15, 4-15"
4-16,106,ቅዱስ ጌዴዎን ኃያል,ጌዴዎን ኃያል,annual,NO_BOOK,,,
4-16,106,ማርያም እህተ ሙሴ,ማርያም እህተ ሙሴ,annual,WRONG_DATE,,AM-LAH-001:ላሐ ማርያም በአማርኛ | AM-MEL-008:መልክዐ ማርያም ሣልሲት በአማርኛ | AM-MEL-009:መልክዐ ማርያም በአማርኛ | AM-MEL-017:መልክዐ ቅድስት ጸበለ ማርያም በአማርኛ | AM-MEL-064:የጽዮን ማርያም 3ኛ መልክዕ በአማርኛ | AM-RAY-001:ራዕየ ማርያም በአማርኛ | AM-WUD-002:ውዳሴ ማርያም በአማርኛ | GZ-ETA-001:እትአመነኪ ማርያም በሰማይ ወበምድር በግእዝ | GZ-LAH-001:ላሐ ማርያም በግእዝ | GZ-MEL-002:መልከዐ ማርያም ዳግሚት በግእዝ | GZ-MEL-031:መልክዐ ማርያም ሣልሲት በግእዝ | GZ-MEL-032:መልክዐ ማርያም በግእዝ | GZ-MEL-070:መልክዐ ተክለ ማርያም ዘይሰመይ መብዓ ጽዮን በግእዝ | GZ-MEL-099:መልክዐ አቡነ አብሳዲ ዘደብረ ማርያም በግእዝ | GZ-MEL-159:መልክዐ ጸበለ ማርያም ቅድስት በግእዝ | GZ-MEL-161:መልክዐ ጽዮን ማርያም ሣልስ በግእዝ | GZ-WUD-002:ውዳሴ ማርያም በግእዝ | TI-RAY-001:ራእየ ማርያም ብትግርኛ | TI-WUD-001:ውዳሴ ማርያም ብትግርኛ | AM-GDL-002:ገድለ ማርያም እንተ ዕፍረት በአማርኛ | GZ-TAM-001:ተአምረ ማርያም በግእዝ | AM-GDL-003:ገድለ ማርያም መግደላዊት በአማርኛ | GZ-MTS-001:መጽሐፈ ልደታ ለማርያም በግእዝ | AM-TAM-002:ተአምረ ማርያም በአማርኛ,"None-None, None-None, None-None, 1-1, 1-21, 1-21, 1-21, 1-21, 1-21, 1-21"
4-16,106,ኪዳነ ምሕረት (የሰባቱ ኪዳናት ማሕተም),ኪዳነ ምሕረት,monthly,CORRECT,AM-MEL-027:መልክዐ ኪዳነ ምሕረት በአማርኛ | GZ-MEL-141:መልክዐ ኪዳነ ምሕረት በግእዝ,AM-MEL-027:መልክዐ ኪዳነ ምሕረት በአማርኛ | GZ-MEL-141:መልክዐ ኪዳነ ምሕረት በግእዝ,"1-16, 1-16, 2-16, 2-16, 3-16, 3-16, 4-16, 4-16, 5-16, 5-16"
4-16,106,ቅድስት ኤልሳቤጥ (የመጥምቁ ዮሐንስ እናት),ኤልሳቤጥ,monthly,NO_BOOK,,,
4-16,106,ቅዱስ ገብረ ማርያም ጻድቅ ንጉሠ ኢትዮዽያ,ገብረ ማርያም ጻድቅ ንጉሠ ኢትዮዽያ,monthly,WRONG_DATE,,GZ-MEL-151:መልክዐ ገብረ መንፈስ ቅዱስ በግእዝ | GZ-MEL-152:መልክዐ ገብረ መንፈስ ቅዱስ ካልዕ በግእዝ | GZ-MEL-153:መልክዐ ገብረ ክርስቶስ በግእዝ | AM-GDL-007:ገድለ አቡነ ገብረ መንፈስ ቅዱስ በአማርኛ,"1-5, 1-5, 1-5, 2-5, 2-5, 2-5, 2-14, 3-5, 3-5, 3-5"
4-16,106,ቅዱስ ዮሐንስ ወንጌሉ ዘወርቅ,ዮሐንስ ወንጌሉ ዘወርቅ,monthly,CORRECT,AM-MEL-021:መልክዐ አቡነ ዮሐንስ ጻድቅ በአማርኛ,AM-MEL-016:መልክዐ ቅዱስ ዮሐንስ ወንጌላዊ በአማርኛ | AM-MEL-020:መልክዐ አቡነ ዕጨጌ ዮሐንስ በአማርኛ | AM-MEL-021:መልክዐ አቡነ ዮሐንስ ጻድቅ በአማርኛ | AM-MEL-047:የቅዱስ ዮሐንስ 2ኛ መልክዕ በአማርኛ | AM-MEL-048:የቅዱስ ዮሐንስ መጥምቅ መልክዕ በአማርኛ | GZ-MEL-060:መልክዐ ቅዱስ ዮሐንስ መጥምቅ በግእዝ | GZ-MEL-061:መልክዐ ቅዱስ ዮሐንስ ካልእ በግእዝ | GZ-MEL-062:መልክዐ ቅዱስ ዮሐንስ ወንጌላዊ በግእዝ | GZ-MEL-104:መልክዐ አቡነ ዕጨጌ ዮሐንስ በግእዝ | GZ-MEL-109:መልክዐ አቡነ ዮሐንስ ከማ በግእዝ | GZ-MEL-110:መልክዐ አቡነ ዮሐንስ ዘድብረ ዳጋ በግእዝ | GZ-MEL-149:መልክዐ ዮሐንስ ወልደ ነጎድጓድ በግእዝ | GZ-MEL-150:መልክዐ ዮሐንስ ፍቁረ እግዚእ በግእዝ | AM-GDL-013:የቅዱስ ዮሐንስ ገድል በአማርኛ | GZ-GDL-018:ገድለ አቡነ ዮሐንስ በግእዝ | AM-GDL-027:ገድለ አቡነ እጨጌ ዮሐንስ ዘጸገሮ በአማርኛ,"1-1, 1-1, 1-2, 1-2, 1-4, 1-4, 1-4, 1-4, 1-4, 1-4"
4-16,106,ቅዱስ አኖሬዎስ ጻድቅ,አኖሬዎስ,monthly,NO_BOOK,,,
4-16,106,አባ ዳንኤል ገዳማዊ,ዳንኤል ገዳማዊ,monthly,WRONG_DATE,,GZ-MEL-114:መልክዐ አቡነ ዳንኤል በግእዝ | GZ-GDL-028:ገድለ አቡነ ዳንኤል በግእዝ,"3-6, 3-6"
4-16,106,አባ አቡናፍር ገዳማዊ,አቡናፍር ገዳማዊ,monthly,NO_BOOK,,,
4-17,107,ቅዱስ ሉቃስ ዘዓምድ,ሉቃስ ዘዓምድ,annual,NO_BOOK,,,
4-17,107,ቅዱስ ናትናኤል ጻማዊ,ናትናኤል ጻማዊ,annual,NO_BOOK,,,
4-17,107,ቅዱስ ማርቆስ,ማርቆስ,annual,WRONG_DATE,,AM-MEL-042:የቅዱስ ማርቆስ 2ኛ መልክዕ በአማርኛ | AM-MEL-062:የአቡነ ዜና ማርቆስ መልክዕ በአማርኛ | GZ-MEL-030:መልክዐ ማርቆስ በግእዝ | GZ-MEL-053:መልክዐ ቅዱስ ማርቆስ ካልእ በግእዝ | GZ-MEL-106:መልክዐ አቡነ ዜና ማርቆስ በግእዝ,"1-3, 1-3, 1-30, 1-30, 1-30, 2-3, 2-3, 2-30, 2-30, 2-30"
4-17,107,ቅዱስ እስጢፋኖስ ሊቀ ዲያቆናት (ወቀዳሜ ሰማዕት),እስጢፋኖስ ሊቀ ዲያቆናት,monthly,CORRECT,AM-MEL-045:የቅዱስ እስጢፋኖስ 2ኛ መልክዕ በአማርኛ | GZ-MEL-016:መልክዐ ሊቀ ሰማዕታት ቅዱስ እስጢፋኖስ በግእዝ | GZ-MEL-017:መልክዐ ሊቀ ሰማዕታት ቅዱስ እስጢፋኖስ ካልእ በግእዝ | AM-GDL-009:ገድለ ቅዱስ እስጢፋኖስ አማርኛ | GZ-GDL-022:ገድለ ቅዱስ እስጢፋኖስ በግእዝ,AM-MEL-045:የቅዱስ እስጢፋኖስ 2ኛ መልክዕ በአማርኛ | GZ-MEL-016:መልክዐ ሊቀ ሰማዕታት ቅዱስ እስጢፋኖስ በግእዝ | GZ-MEL-017:መልክዐ ሊቀ ሰማዕታት ቅዱስ እስጢፋኖስ ካልእ በግእዝ | AM-GDL-009:ገድለ ቅዱስ እስጢፋኖስ አማርኛ | GZ-GDL-022:ገድለ ቅዱስ እስጢፋኖስ በግእዝ,"1-15, 1-15, 1-15, 1-15, 1-15, 1-17, 1-17, 1-17, 1-17, 1-17"
4-17,107,ቅዱስ ያዕቆብ ሐዋርያ (ወልደ ዘብዴዎስ),ያዕቆብ ሐዋርያ,monthly,WRONG_DATE,,AM-MEL-022:መልክዐ አብርሃም ይሥሐቅ ያዕቆብ በአማርኛ | AM-MEL-033:የሐዋርያው የቅዱስ ታዴዎስ መልክዕ በአማርኛ | AM-MEL-046:የቅዱስ እንድርያስ ሐዋርያ መልክዕ በአማርኛ | GZ-MEL-023:መልክዐ ሐዋርያት በግእዝ | GZ-MEL-124:መልክዐ አብርሃም ይሥሐቅ ወያዕቆብ በግእዝ | GZ-MEL-137:መልክዐ እንድርያስ ሐዋርያ በግእዝ | GZ-GDL-017:ገድለ አቡነ ተክለ ሐዋርያት በግእዝ | GZ-GDL-032:መጽሐፈ ገድለ ቅዱሳን ሐዋርያት በግእዝ | AM-ZNA-003:ዜና ሐዋርያት በአማርኛ,"1-2, 1-4, 1-4, 1-28, 1-28, 2-2, 2-4, 2-4, 2-28, 2-28"
4-17,107,ቅዱሳን አበው መክሲሞስና ዱማቴዎስ,አበው መክሲሞስና ዱማቴዎስ,monthly,WRONG_DATE,,AM-ZNA-002:ዜና አበው በአማርኛ,"3-4, 5-26"
4-17,107,አባ ገሪማ ዘመደራ,ገሪማ ዘመደራ,monthly,CORRECT,AM-GDL-017:ገድለ አቡነ ገሪማ በአማርኛ,AM-GDL-017:ገድለ አቡነ ገሪማ በአማርኛ,"1-17, 2-17, 3-17, 4-17, 5-17, 6-17, 7-17, 8-17, 9-17, 10-17"
4-17,107,አባ ዸላሞን ፈላሢ,ዸላሞን ፈላሢ,monthly,NO_BOOK,,,
4-17,107,አባ ለትጹን የዋህ,ለትጹን የዋህ,monthly,NO_BOOK,,,
4-17,107,ቅዱስ ኤዺፋንዮስ ሊቅ,ኤዺፋንዮስ ሊቅ,monthly,NO_BOOK,,,
4-17,107,ቅድስት ወለተ ዼጥሮስ,ወለተ ዼጥሮስ,monthly,CORRECT,GZ-GDL-003:ገድለ እምነ ወለተ ጴጥሮስ በግእዝ | AM-GDL-020:ገድለ እምነ ወለተ ጴጥሮስ በአማርኛ,GZ-GDL-003:ገድለ እምነ ወለተ ጴጥሮስ በግእዝ | AM-GDL-020:ገድለ እምነ ወለተ ጴጥሮስ በአማርኛ,"1-17, 1-17, 2-17, 2-17, 3-17, 3-17, 4-17, 4-17, 5-17, 5-17"
4-18,108,ቅዱስ ቶማስ ሐዋርያ (ፍልሠቱ),ቶማስ ሐዋርያ,annual,WRONG_DATE,,AM-MEL-033:የሐዋርያው የቅዱስ ታዴዎስ መልክዕ በአማርኛ | AM-MEL-046:የቅዱስ እንድርያስ ሐዋርያ መልክዕ በአማርኛ | GZ-MEL-023:መልክዐ ሐዋርያት በግእዝ | GZ-MEL-094:መልክዐ አቡነ ቶማስ ዘዘናቁዴ በግእዝ | GZ-MEL-137:መልክዐ እንድርያስ ሐዋርያ በግእዝ | GZ-GDL-017:ገድለ አቡነ ተክለ ሐዋርያት በግእዝ | GZ-GDL-032:መጽሐፈ ገድለ ቅዱሳን ሐዋርያት በግእዝ | AM-ZNA-003:ዜና ሐዋርያት በአማርኛ,"1-2, 1-4, 1-4, 2-2, 2-4, 2-4, 3-2, 3-3, 3-4, 3-4"
4-18,108,ቅዱስ ቲቶ ሐዋርያ (ፍልሠቱ),ቲቶ ሐዋርያ,annual,WRONG_DATE,,AM-MEL-033:የሐዋርያው የቅዱስ ታዴዎስ መልክዕ በአማርኛ | AM-MEL-046:የቅዱስ እንድርያስ ሐዋርያ መልክዕ በአማርኛ | GZ-MEL-023:መልክዐ ሐዋርያት በግእዝ | GZ-MEL-137:መልክዐ እንድርያስ ሐዋርያ በግእዝ | GZ-GDL-017:ገድለ አቡነ ተክለ ሐዋርያት በግእዝ | GZ-GDL-032:መጽሐፈ ገድለ ቅዱሳን ሐዋርያት በግእዝ | AM-ZNA-003:ዜና ሐዋርያት በአማርኛ,"1-2, 1-4, 1-4, 2-2, 2-4, 2-4, 3-2, 3-4, 3-4, 3-27"
4-18,108,አቡነ ሰላማ ከሣቴ ብርሃን,ሰላማ ከሣቴ ብርሃን,annual,CORRECT,GZ-MEL-038:መልክዐ ሰላማ በግእዝ,AM-KOH-001:ኆኅተ ብርሃን በአማርኛ | AM-MEL-056:የአቡነ ተከስተ ብርሃን መልክዕ በአማርኛ | GZ-KOH-001:ኆኅተ ብርሃን በግእዝ | GZ-MEL-038:መልክዐ ሰላማ በግእዝ | GZ-MEL-091:መልክዐ አቡነ ተከስተ ብርሃን በግእዝ,"None-None, None-None, 4-18, 7-10, 7-10, 11-26"
4-18,108,ቅዱስ ፊልሞና ባሕታዊ,ፊልሞና ባሕታዊ,annual,WRONG_DATE,,GZ-MEL-117:መልክዐ አቡነ ፊልሞና በግእዝ | GZ-GDL-020:ገድለ አቡነ ፊልሞና በግእዝ,"4-22, 4-22"
4-18,108,ቅዱስ ኢርቅላ,ኢርቅላ,annual,NO_BOOK,,,
4-18,108,አቡነ ኤዎስጣቴዎስ ረባን,ኤዎስጣቴዎስ ረባን,monthly,CORRECT,GZ-MEL-135:መልክዐ ኤዎስጣቴዎስ በግእዝ,GZ-MEL-135:መልክዐ ኤዎስጣቴዎስ በግእዝ,"1-18, 2-18, 3-18, 4-18, 5-18, 6-18, 7-18, 8-18, 9-18, 10-18"
4-18,108,አቡነ አኖሬዎስ ዓቢይ,አኖሬዎስ ዓቢይ,monthly,NO_BOOK,,,
4-18,108,ማር ያዕቆብ ግብጻዊ,ማር ያዕቆብ ግብጻዊ,monthly,WRONG_DATE,,AM-MEL-022:መልክዐ አብርሃም ይሥሐቅ ያዕቆብ በአማርኛ | GZ-MEL-124:መልክዐ አብርሃም ይሥሐቅ ወያዕቆብ በግእዝ,"1-28, 1-28, 2-28, 2-28, 3-28, 3-28, 4-28, 4-28, 5-28, 5-28"
4-18,108,ቅዱስ ያዕቆብ ሐዋርያ (ከ፯፪ቱ),ያዕቆብ ሐዋርያ,monthly,WRONG_DATE,,AM-MEL-022:መልክዐ አብርሃም ይሥሐቅ ያዕቆብ በአማርኛ | AM-MEL-033:የሐዋርያው የቅዱስ ታዴዎስ መልክዕ በአማርኛ | AM-MEL-046:የቅዱስ እንድርያስ ሐዋርያ መልክዕ በአማርኛ | GZ-MEL-023:መልክዐ ሐዋርያት በግእዝ | GZ-MEL-124:መልክዐ አብርሃም ይሥሐቅ ወያዕቆብ በግእዝ | GZ-MEL-137:መልክዐ እንድርያስ ሐዋርያ በግእዝ | GZ-GDL-017:ገድለ አቡነ ተክለ ሐዋርያት በግእዝ | GZ-GDL-032:መጽሐፈ ገድለ ቅዱሳን ሐዋርያት በግእዝ | AM-ZNA-003:ዜና ሐዋርያት በአማርኛ,"1-2, 1-4, 1-4, 1-28, 1-28, 2-2, 2-4, 2-4, 2-28, 2-28"
4-18,108,ቅዱስ ፊልዾስ ሐዋርያ (ከ፲፪ቱ),ፊልዾስ ሐዋርያ,monthly,WRONG_DATE,,AM-MEL-033:የሐዋርያው የቅዱስ ታዴዎስ መልክዕ በአማርኛ | AM-MEL-046:የቅዱስ እንድርያስ ሐዋርያ መልክዕ በአማርኛ | GZ-MEL-023:መልክዐ ሐዋርያት በግእዝ | GZ-MEL-137:መልክዐ እንድርያስ ሐዋርያ በግእዝ | GZ-GDL-017:ገድለ አቡነ ተክለ ሐዋርያት በግእዝ | GZ-GDL-032:መጽሐፈ ገድለ ቅዱሳን ሐዋርያት በግእዝ | AM-ZNA-003:ዜና ሐዋርያት በአማርኛ,"1-2, 1-4, 1-4, 2-2, 2-4, 2-4, 3-2, 3-4, 3-4, 3-27"
4-19,109,ቅዱስ ገብርኤል ሊቀ መላእክት,ገብርኤል ሊቀ መላእክት,annual,CORRECT,AM-MEL-050:የቅዱስ ገብርኤል መልክዕ በአማርኛ | GZ-MEL-013:መልክዐ ሊቀ መላእክት ቅዱስ ገብርኤል በግእዝ | GZ-MEL-014:መልክዐ ሊቀ መላእክት ቅዱስ ገብርኤል ካልዕ (ደቅስዮስ) በግእዝ | AM-DRS-003:ድርሳነ ገብርኤል በአማርኛ | GZ-DRS-010:ድርሳነ ገብርኤል በግእዝ,AM-DIR-001:የሰባቱ ሊቃነ መላእክት ድርሳን በአማርኛ | AM-MEL-038:የቅዱሳን አእላፍ መላእክት 2ኛ መልክዕ በአማርኛ | AM-MEL-050:የቅዱስ ገብርኤል መልክዕ በአማርኛ | GZ-MEL-004:መልክዐ ሊቀ መላእክት ቅዱስ ሚካኤል ሣልስ በግእዝ | GZ-MEL-005:መልክዐ ሊቀ መላእክት ቅዱስ ሚካኤል ካልዕ በግእዝ | GZ-MEL-006:መልክዐ ሊቀ መላእክት ቅዱስ ሩፋኤል በግእዝ | GZ-MEL-007:መልክዐ ሊቀ መላእክት ቅዱስ ራጉኤል በግእዝ | GZ-MEL-008:መልክዐ ሊቀ መላእክት ቅዱስ ሱርያል በግእዝ | GZ-MEL-009:መልክዐ ሊቀ መላእክት ቅዱስ በግእዝ | GZ-MEL-010:መልክዐ ሊቀ መላእክት ቅዱስ አፍኒን በግእዝ | GZ-MEL-011:መልክዐ ሊቀ መላእክት ቅዱስ ዑራኤል በግእዝ | GZ-MEL-012:መልክዐ ሊቀ መላእክት ቅዱስ ዑራኤል ካልእ በግእዝ | GZ-MEL-013:መልክዐ ሊቀ መላእክት ቅዱስ ገብርኤል በግእዝ | GZ-MEL-014:መልክዐ ሊቀ መላእክት ቅዱስ ገብርኤል ካልዕ (ደቅስዮስ) በግእዝ | GZ-MEL-015:መልክዐ ሊቀ መላእክት ቅዱስ ፋኑኤል በግእዝ | GZ-MEL-125:መልክዐ አእላፍ መላእክት በግእዝ | GZ-MEL-126:መልክዐ አእላፍ መላእክት ካልእ በግእዝ | GZ-MEL-165:መልክዐ ሊቀ መላእክት ቅዱስ ሚካኤል ካልዕ በግእ | AM-DRS-003:ድርሳነ ገብርኤል በአማርኛ | GZ-DRS-010:ድርሳነ ገብርኤል በግእዝ,"1-1, 1-3, 1-9, 1-9, 1-9, 1-12, 1-12, 1-12, 1-12, 1-13"
4-19,109,ቅዱስ ዮሐንስ ዘቡርልስ,ዮሐንስ ዘቡርልስ,annual,WRONG_DATE,,AM-MEL-016:መልክዐ ቅዱስ ዮሐንስ ወንጌላዊ በአማርኛ | AM-MEL-020:መልክዐ አቡነ ዕጨጌ ዮሐንስ በአማርኛ | AM-MEL-021:መልክዐ አቡነ ዮሐንስ ጻድቅ በአማርኛ | AM-MEL-047:የቅዱስ ዮሐንስ 2ኛ መልክዕ በአማርኛ | AM-MEL-048:የቅዱስ ዮሐንስ መጥምቅ መልክዕ በአማርኛ | GZ-MEL-060:መልክዐ ቅዱስ ዮሐንስ መጥምቅ በግእዝ | GZ-MEL-061:መልክዐ ቅዱስ ዮሐንስ ካልእ በግእዝ | GZ-MEL-062:መልክዐ ቅዱስ ዮሐንስ ወንጌላዊ በግእዝ | GZ-MEL-104:መልክዐ አቡነ ዕጨጌ ዮሐንስ በግእዝ | GZ-MEL-109:መልክዐ አቡነ ዮሐንስ ከማ በግእዝ | GZ-MEL-110:መልክዐ አቡነ ዮሐንስ ዘድብረ ዳጋ በግእዝ | GZ-MEL-149:መልክዐ ዮሐንስ ወልደ ነጎድጓድ በግእዝ | GZ-MEL-150:መልክዐ ዮሐንስ ፍቁረ እግዚእ በግእዝ | AM-GDL-013:የቅዱስ ዮሐንስ ገድል በአማርኛ | GZ-GDL-018:ገድለ አቡነ ዮሐንስ በግእዝ | AM-GDL-027:ገድለ አቡነ እጨጌ ዮሐንስ ዘጸገሮ በአማርኛ,"1-1, 1-1, 1-2, 1-2, 1-4, 1-4, 1-4, 1-4, 1-4, 1-4"
4-19,109,አቡነ ስነ ኢየሱስ ጻድቅ,ስነ ኢየሱስ,annual,WRONG_DATE,,AM-MEL-002:መልክአ ኢየሱስ በአማርኛ | GZ-MEL-130:መልክዐ ኢየሱስ ሞዐ በግእዝ | GZ-MEL-131:መልክዐ ኢየሱስ በግእዝ | GZ-MEL-132:መልክዐ ኢየሱስ ካልዕ በግእዝ | AM-TAM-001:ተአምረ ኢየሱስ በአማርኛ | TI-TAM-001:ተአምረ ኢየሱስ ብትግርኛ | GZ-TAM-002:ተአምረ ኢየሱስ በግእዝ | AM-GDL-026:ገድለ አቡነ ኢየሱስ ሞዐ በአማርኛ,"1-26, 1-26, 1-29, 1-29, 1-29, 1-29, 1-29, 1-29, 2-26, 2-26"
4-19,109,ቅዱስ ኤስድሮስ ሰማዕት,ኤስድሮስ,monthly,NO_BOOK,,,
4-19,109,አቡነ ዓቢየ እግዚእ ጻድቅ,ዓቢየ እግዚእ,monthly,CORRECT,GZ-MEL-145:መልክዐ ዓቢየ እግዚእ በግእዝ,GZ-MEL-145:መልክዐ ዓቢየ እግዚእ በግእዝ,"1-19, 2-19, 3-19, 4-19, 5-19, 6-19, 7-19, 8-19, 9-19, 10-19"
4-19,109,አቡነ ዮሴፍ ብርሃነ ዓለም,ዮሴፍ ብርሃነ ዓለም,monthly,CORRECT,GZ-MEL-111:መልክዐ አቡነ ዮሴፍ በግእዝ | GZ-GDL-029:ገድለ አቡነ ዮሴፍ በግእዝ,AM-MEL-034:የመድኀኔ ዓለም 3ኛ መልክዕ በአማርኛ | AM-MEL-035:የመድኀኔ ዓለም መልክዕ በአማርኛ | GZ-MEL-001:ሐዲስ መልክዐ መድኃኔዓለም በግእዝ | GZ-MEL-027:መልክዐ መድኀኔ ዓለም ሣልስ በግዕዝ | GZ-MEL-028:መልክዐ መድኃኔ ዓለም በግእዝ | GZ-MEL-111:መልክዐ አቡነ ዮሴፍ በግእዝ | GZ-DRS-005:ድርሳነ መድኃኔ ዓለም በግእዝ | AM-DRS-004:ድርሳነ መድኃኔ ዓለም በአማርኛ | GZ-GDL-029:ገድለ አቡነ ዮሴፍ በግእዝ,"1-19, 1-19, 1-27, 1-27, 1-27, 1-27, 1-27, 1-27, 1-27, 2-19"
4-19,109,ቅዱስ ይምርሐነ ክርስቶስ,ይምርሐነ ክርስቶስ,monthly,CORRECT,AM-MEL-060:የአቡነ አባለ ክርስቶስ ጻድቅ መልክዕ በአማርኛ | GZ-MEL-096:መልክዐ አቡነ አባለ ክርስቶስ በግእዝ,AM-MEL-018:መልክዐ ቅድስት ፍቅርተ ክርስቶስ በአማርኛ | AM-MEL-060:የአቡነ አባለ ክርስቶስ ጻድቅ መልክዕ በአማርኛ | AM-MIK-001:ምክሓ ምእመናን ክርስቶስ በአማርኛ | GZ-MEL-066:መልክዐ ቅድስት ፍቅርተ ክርስቶስ በግእዝ | GZ-MEL-082:መልክዐ አቡነ ሠምረ ክርስቶስ በግእዝ | GZ-MEL-096:መልክዐ አቡነ አባለ ክርስቶስ በግእዝ | GZ-MEL-136:መልክዐ እስትንፋሰ ክርስቶስ በግእዝ | GZ-MEL-143:መልክዐ ክርስቶስ ሠምራ በግእዝ | GZ-MEL-148:መልክዐ ይምርሃነ ክርስቶስ በግእዝ | GZ-MEL-153:መልክዐ ገብረ ክርስቶስ በግእዝ | GZ-MZM-001:መዝሙረ ክርስቶስ በግእዝ | GZ-MZM-002:መዝሙረ ክርስቶስ ካልዕ በግእዝ | GZ-MZM-003:መዝሙረ ክርስቶስ ዘመኃልየ መኃልይ። በግእዝ | GZ-GDL-006:ገድለ አቡነ እስትንፋስ ክርስቶስ በግእዝ | AM-GDL-005:ገድለ ቅድስት ክርስቶስ ሠምራ በአማርኛ | AM-GDL-014:የአቡነ እስትንፋሰ ክርስቶስ ገድል በአማርኛ | GZ-GDL-019:ገድለ ቅድስት ክርስቶስ ሠምራ በግእዝ | GZ-GDL-023:ገድለ አቡነ መዝራዕተ ክርስቶስ በግእዝ | TI-GDL-002:ገድሊ አቡነ እስትንፋስ ክርስቶስ ትግርኛ,"1-9, 1-9, 1-9, 1-9, 1-24, 1-24, 1-24, 1-27, 1-29, 1-29"
4-20,110,ቅዱስ ሐጌ ነቢይ,ሐጌ,annual,NO_BOOK,,,
4-20,110,አባ አውጋንዮስ,አውጋንዮስ,annual,NO_BOOK,,,
4-20,110,ታውፊና ንግሥት,ታውፊና ንግሥት,annual,NO_BOOK,,,
4-20,110,ቅዱስ ዮሐንስ ሐፂር,ዮሐንስ ሐፂር,monthly,WRONG_DATE,,AM-MEL-016:መልክዐ ቅዱስ ዮሐንስ ወንጌላዊ በአማርኛ | AM-MEL-020:መልክዐ አቡነ ዕጨጌ ዮሐንስ በአማርኛ | AM-MEL-021:መልክዐ አቡነ ዮሐንስ ጻድቅ በአማርኛ | AM-MEL-047:የቅዱስ ዮሐንስ 2ኛ መልክዕ በአማርኛ | AM-MEL-048:የቅዱስ ዮሐንስ መጥምቅ መልክዕ በአማርኛ | GZ-MEL-060:መልክዐ ቅዱስ ዮሐንስ መጥምቅ በግእዝ | GZ-MEL-061:መልክዐ ቅዱስ ዮሐንስ ካልእ በግእዝ | GZ-MEL-062:መልክዐ ቅዱስ ዮሐንስ ወንጌላዊ በግእዝ | GZ-MEL-104:መልክዐ አቡነ ዕጨጌ ዮሐንስ በግእዝ | GZ-MEL-109:መልክዐ አቡነ ዮሐንስ ከማ በግእዝ | GZ-MEL-110:መልክዐ አቡነ ዮሐንስ ዘድብረ ዳጋ በግእዝ | GZ-MEL-149:መልክዐ ዮሐንስ ወልደ ነጎድጓድ በግእዝ | GZ-MEL-150:መልክዐ ዮሐንስ ፍቁረ እግዚእ በግእዝ | AM-GDL-013:የቅዱስ ዮሐንስ ገድል በአማርኛ | GZ-GDL-018:ገድለ አቡነ ዮሐንስ በግእዝ | AM-GDL-027:ገድለ አቡነ እጨጌ ዮሐንስ ዘጸገሮ በአማርኛ,"1-1, 1-1, 1-2, 1-2, 1-4, 1-4, 1-4, 1-4, 1-4, 1-4"
4-20,110,ቅዱስ አክሎግ ቀሲስ,አክሎግ ቀሲስ,monthly,NO_BOOK,,,
4-20,110,ቅዱስ አፄ ካሌብ ጻድቅ (ንጉሠ ኢትዮዽያ),አፄ ካሌብ ጻድቅ,monthly,WRONG_DATE,,AM-MEL-003:መልክዐ ለአቡነ አቢብ ጻድቅ በአማርኛ | AM-MEL-021:መልክዐ አቡነ ዮሐንስ ጻድቅ በአማርኛ | AM-MEL-060:የአቡነ አባለ ክርስቶስ ጻድቅ መልክዕ በአማርኛ,"1-16, 1-25, 2-16, 2-25, 3-16, 3-25, 4-16, 4-19, 4-25, 5-16"
4-20,110,አባ አሞንዮስ ዘሃገረ ቶና,አሞንዮስ ዘሃገረ ቶና,monthly,NO_BOOK,,,
4-20,110,ቅድስት ሳድዥ የዋሒት,ሳድዥ የዋሒት,monthly,NO_BOOK,,,
4-20,110,ማር ቴዎድሮስ ኃያል ሰማዕት,ማር ቴዎድሮስ ኃያል,monthly,CORRECT,GZ-MEL-040:መልክዐ ሰማዕት ቅዱስ ቴዎድሮስ በግእዝ | GZ-GDL-030:ገድለ ቅዱስ ቴዎድሮስ በግእዝ | GZ-GDL-031:ገድለ ሰማዕት ቅዱስ ቴዎድሮስ በግእዝ | AM-GDL-030:ገድለ ሰማዕት ቅዱስ ቴዎድሮስ በአማርኛ,GZ-MEL-040:መልክዐ ሰማዕት ቅዱስ ቴዎድሮስ በግእዝ | GZ-GDL-030:ገድለ ቅዱስ ቴዎድሮስ በግእዝ | GZ-GDL-031:ገድለ ሰማዕት ቅዱስ ቴዎድሮስ በግእዝ | AM-GDL-030:ገድለ ሰማዕት ቅዱስ ቴዎድሮስ በአማርኛ,"1-12, 1-12, 1-12, 1-12, 1-20, 1-20, 1-20, 1-20, 2-12, 2-12"
4-21,111,ኖላዊ ሔር,ኖላዊ ሔር,annual,WRONG_DATE,,AM-MEL-001:መልክአ ኖላዊ በአማርኛ,None-None
4-21,111,ቅዱስ በርናባስ ሐዋርያ,በርናባስ,annual,NO_BOOK,,,
4-21,111,አባ ይስሐቅ ጻድቅ,ይስሐቅ,annual,NO_BOOK,,,
4-21,111,ቅድስት ድንግል እግዝእትነ ማርያም,ድንግል እግዝእትነ ማርያም,monthly,CORRECT,AM-LAH-001:ላሐ ማርያም በአማርኛ | AM-MEL-008:መልክዐ ማርያም ሣልሲት በአማርኛ | AM-MEL-009:መልክዐ ማርያም በአማርኛ | AM-MEL-064:የጽዮን ማርያም 3ኛ መልክዕ በአማርኛ | AM-RAY-001:ራዕየ ማርያም በአማርኛ | GZ-ETA-001:እትአመነኪ ማርያም በሰማይ ወበምድር በግእዝ | GZ-LAH-001:ላሐ ማርያም በግእዝ | GZ-MEL-002:መልከዐ ማርያም ዳግሚት በግእዝ | GZ-MEL-031:መልክዐ ማርያም ሣልሲት በግእዝ | GZ-MEL-032:መልክዐ ማርያም በግእዝ | GZ-MEL-161:መልክዐ ጽዮን ማርያም ሣልስ በግእዝ | TI-RAY-001:ራእየ ማርያም ብትግርኛ | GZ-TAM-001:ተአምረ ማርያም በግእዝ | AM-TAM-002:ተአምረ ማርያም በአማርኛ,AM-LAH-001:ላሐ ማርያም በአማርኛ | AM-MEL-008:መልክዐ ማርያም ሣልሲት በአማርኛ | AM-MEL-009:መልክዐ ማርያም በአማርኛ | AM-MEL-017:መልክዐ ቅድስት ጸበለ ማርያም በአማርኛ | AM-MEL-019:መልክዐ አቡነ ሐራ ድንግል በአማርኛ | AM-MEL-064:የጽዮን ማርያም 3ኛ መልክዕ በአማርኛ | AM-RAY-001:ራዕየ ማርያም በአማርኛ | AM-WUD-002:ውዳሴ ማርያም በአማርኛ | GZ-ETA-001:እትአመነኪ ማርያም በሰማይ ወበምድር በግእዝ | GZ-LAH-001:ላሐ ማርያም በግእዝ | GZ-MEL-002:መልከዐ ማርያም ዳግሚት በግእዝ | GZ-MEL-021:መልክዐ ሐራ ድንግል በግእዝ | GZ-MEL-031:መልክዐ ማርያም ሣልሲት በግእዝ | GZ-MEL-032:መልክዐ ማርያም በግእዝ | GZ-MEL-070:መልክዐ ተክለ ማርያም ዘይሰመይ መብዓ ጽዮን በግእዝ | GZ-MEL-099:መልክዐ አቡነ አብሳዲ ዘደብረ ማርያም በግእዝ | GZ-MEL-159:መልክዐ ጸበለ ማርያም ቅድስት በግእዝ | GZ-MEL-161:መልክዐ ጽዮን ማርያም ሣልስ በግእዝ | GZ-WUD-002:ውዳሴ ማርያም በግእዝ | TI-RAY-001:ራእየ ማርያም ብትግርኛ | TI-WUD-001:ውዳሴ ማርያም ብትግርኛ | AM-GDL-002:ገድለ ማርያም እንተ ዕፍረት በአማርኛ | GZ-TAM-001:ተአምረ ማርያም በግእዝ | AM-GDL-003:ገድለ ማርያም መግደላዊት በአማርኛ | GZ-MTS-001:መጽሐፈ ልደታ ለማርያም በግእዝ | AM-TAM-002:ተአምረ ማርያም በአማርኛ,"None-None, None-None, None-None, 1-1, 1-11, 1-11, 1-21, 1-21, 1-21, 1-21"
4-21,111,አበው ጎርጎርዮሳት,አበው ጎርጎርዮሳት,monthly,WRONG_DATE,,AM-ZNA-002:ዜና አበው በአማርኛ,"3-4, 5-26"
4-21,111,አቡነ ምዕመነ ድንግል,ምዕመነ ድንግል,monthly,WRONG_DATE,,AM-MEL-019:መልክዐ አቡነ ሐራ ድንግል በአማርኛ | GZ-MEL-021:መልክዐ ሐራ ድንግል በግእዝ,"1-11, 1-11, 2-11, 2-11, 3-11, 3-11, 4-11, 4-11, 5-11, 5-11"
4-21,111,አቡነ አምደ ሥላሴ,አምደ ሥላሴ,monthly,WRONG_DATE,,AM-MEL-010:መልክዐ ሥላሴ በአማርኛ | AM-SEY-002:ሰይፈ ሥላሴ በአማርኛ | GZ-HIB-001:ኅብረ ሥላሴ በግእዝ | GZ-MEL-035:መልክዐ ሥላሴ በግእዝ | GZ-MEL-077:መልክዐ አቡነ መዝገበ ሥላሴ በግእዝ | GZ-SEY-002:ሰይፈ ሥላሴ በግእዝ | AM-ZNA-001:ዜና ሥላሴ በአማርኛ | GZ-ZNA-004:ዜና ሥላሴ በግእዝ | GZ-TAM-003:ተአምራቲሆሙ ለሥላሴ,"None-None, None-None, None-None, None-None, None-None, None-None, None-None, 1-7, 2-7, 2-9"
4-21,111,አባ አሮን ሶርያዊ,አሮን ሶርያዊ,monthly,WRONG_DATE,,GZ-MEL-128:መልክዐ አᎄነ አሮን መንክራዌ በግእዝ | GZ-GDL-024:ገድለ አቡነ አሮን መንክራዊ ግእዝ | AM-GDL-028:ገድለ አቡነ አሮን መንክራዊ በአማርኛ,"1-5, 1-5, 1-5, 2-5, 2-5, 2-5, 3-5, 3-5, 3-5, 4-5"
4-21,111,አባ መርትያኖስ ጻድቅ,መርትያኖስ,monthly,NO_BOOK,,,
4-22,112,ተአምረ ማርያም,ተአምረ ማርያም,annual,WRONG_DATE,,GZ-TAM-001:ተአምረ ማርያም በግእዝ | AM-TAM-002:ተአምረ ማርያም በአማርኛ,"1-21, 1-21, 2-21, 2-21, 3-21, 3-21, 4-21, 4-21, 5-21, 5-21"
4-22,112,ቅዱስ ደቅስዮስ ጻድቅ,ደቅስዮስ,annual,CORRECT,GZ-MEL-014:መልክዐ ሊቀ መላእክት ቅዱስ ገብርኤል ካልዕ (ደቅስዮስ) በግእዝ,GZ-MEL-014:መልክዐ ሊቀ መላእክት ቅዱስ ገብርኤል ካልዕ (ደቅስዮስ) በግእዝ,"1-19, 2-19, 3-19, 4-19, 4-22, 5-19, 6-19, 7-19, 7-30, 8-19"
4-22,112,ቅዱስ ገብርኤል ሊቀ መላእክት,ገብርኤል ሊቀ መላእክት,annual,CORRECT,AM-MEL-050:የቅዱስ ገብርኤል መልክዕ በአማርኛ | GZ-MEL-011:መልክዐ ሊቀ መላእክት ቅዱስ ዑራኤል በግእዝ | GZ-MEL-012:መልክዐ ሊቀ መላእክት ቅዱስ ዑራኤል ካልእ በግእዝ | GZ-MEL-013:መልክዐ ሊቀ መላእክት ቅዱስ ገብርኤል በግእዝ | GZ-MEL-014:መልክዐ ሊቀ መላእክት ቅዱስ ገብርኤል ካልዕ (ደቅስዮስ) በግእዝ | AM-DRS-003:ድርሳነ ገብርኤል በአማርኛ | GZ-DRS-010:ድርሳነ ገብርኤል በግእዝ,AM-DIR-001:የሰባቱ ሊቃነ መላእክት ድርሳን በአማርኛ | AM-MEL-038:የቅዱሳን አእላፍ መላእክት 2ኛ መልክዕ በአማርኛ | AM-MEL-050:የቅዱስ ገብርኤል መልክዕ በአማርኛ | GZ-MEL-004:መልክዐ ሊቀ መላእክት ቅዱስ ሚካኤል ሣልስ በግእዝ | GZ-MEL-005:መልክዐ ሊቀ መላእክት ቅዱስ ሚካኤል ካልዕ በግእዝ | GZ-MEL-006:መልክዐ ሊቀ መላእክት ቅዱስ ሩፋኤል በግእዝ | GZ-MEL-007:መልክዐ ሊቀ መላእክት ቅዱስ ራጉኤል በግእዝ | GZ-MEL-008:መልክዐ ሊቀ መላእክት ቅዱስ ሱርያል በግእዝ | GZ-MEL-009:መልክዐ ሊቀ መላእክት ቅዱስ በግእዝ | GZ-MEL-010:መልክዐ ሊቀ መላእክት ቅዱስ አፍኒን በግእዝ | GZ-MEL-011:መልክዐ ሊቀ መላእክት ቅዱስ ዑራኤል በግእዝ | GZ-MEL-012:መልክዐ ሊቀ መላእክት ቅዱስ ዑራኤል ካልእ በግእዝ | GZ-MEL-013:መልክዐ ሊቀ መላእክት ቅዱስ ገብርኤል በግእዝ | GZ-MEL-014:መልክዐ ሊቀ መላእክት ቅዱስ ገብርኤል ካልዕ (ደቅስዮስ) በግእዝ | GZ-MEL-015:መልክዐ ሊቀ መላእክት ቅዱስ ፋኑኤል በግእዝ | GZ-MEL-125:መልክዐ አእላፍ መላእክት በግእዝ | GZ-MEL-126:መልክዐ አእላፍ መላእክት ካልእ በግእዝ | GZ-MEL-165:መልክዐ ሊቀ መላእክት ቅዱስ ሚካኤል ካልዕ በግእ | AM-DRS-003:ድርሳነ ገብርኤል በአማርኛ | GZ-DRS-010:ድርሳነ ገብርኤል በግእዝ,"1-1, 1-3, 1-9, 1-9, 1-9, 1-12, 1-12, 1-12, 1-12, 1-13"
4-22,112,ቅዱስ አንስጣስዮስ ሊቅ,አንስጣስዮስ ሊቅ,annual,NO_BOOK,,,
4-22,112,አባ አርኬላዎስ,አርኬላዎስ,annual,NO_BOOK,,,
4-22,112,ቅዱስ ዑራኤል ሊቀ መላእክት,ዑራኤል ሊቀ መላእክት,monthly,CORRECT,GZ-MEL-011:መልክዐ ሊቀ መላእክት ቅዱስ ዑራኤል በግእዝ | GZ-MEL-012:መልክዐ ሊቀ መላእክት ቅዱስ ዑራኤል ካልእ በግእዝ | GZ-MEL-013:መልክዐ ሊቀ መላእክት ቅዱስ ገብርኤል በግእዝ | GZ-MEL-014:መልክዐ ሊቀ መላእክት ቅዱስ ገብርኤል ካልዕ (ደቅስዮስ) በግእዝ | GZ-DRS-001:ድርሳነ ዑራኤል በግእዝ | AM-DRS-006:ድርሳነ ዑራኤል በአማርኛ,AM-DIR-001:የሰባቱ ሊቃነ መላእክት ድርሳን በአማርኛ | AM-MEL-038:የቅዱሳን አእላፍ መላእክት 2ኛ መልክዕ በአማርኛ | GZ-MEL-004:መልክዐ ሊቀ መላእክት ቅዱስ ሚካኤል ሣልስ በግእዝ | GZ-MEL-005:መልክዐ ሊቀ መላእክት ቅዱስ ሚካኤል ካልዕ በግእዝ | GZ-MEL-006:መልክዐ ሊቀ መላእክት ቅዱስ ሩፋኤል በግእዝ | GZ-MEL-007:መልክዐ ሊቀ መላእክት ቅዱስ ራጉኤል በግእዝ | GZ-MEL-008:መልክዐ ሊቀ መላእክት ቅዱስ ሱርያል በግእዝ | GZ-MEL-009:መልክዐ ሊቀ መላእክት ቅዱስ በግእዝ | GZ-MEL-010:መልክዐ ሊቀ መላእክት ቅዱስ አፍኒን በግእዝ | GZ-MEL-011:መልክዐ ሊቀ መላእክት ቅዱስ ዑራኤል በግእዝ | GZ-MEL-012:መልክዐ ሊቀ መላእክት ቅዱስ ዑራኤል ካልእ በግእዝ | GZ-MEL-013:መልክዐ ሊቀ መላእክት ቅዱስ ገብርኤል በግእዝ | GZ-MEL-014:መልክዐ ሊቀ መላእክት ቅዱስ ገብርኤል ካልዕ (ደቅስዮስ) በግእዝ | GZ-MEL-015:መልክዐ ሊቀ መላእክት ቅዱስ ፋኑኤል በግእዝ | GZ-MEL-125:መልክዐ አእላፍ መላእክት በግእዝ | GZ-MEL-126:መልክዐ አእላፍ መላእክት ካልእ በግእዝ | GZ-MEL-165:መልክዐ ሊቀ መላእክት ቅዱስ ሚካኤል ካልዕ በግእ | GZ-DRS-001:ድርሳነ ዑራኤል በግእዝ | AM-DRS-006:ድርሳነ ዑራኤል በአማርኛ,"1-1, 1-3, 1-9, 1-9, 1-9, 1-12, 1-12, 1-12, 1-12, 1-13"
4-22,112,አባ እንጦንስ,እንጦንስ,monthly,NO_BOOK,,,
4-22,112,አባ ዻውሊ የዋህ,ዻውሊ የዋህ,monthly,NO_BOOK,,,
4-22,112,ቅዱስ ዮልዮስ,ዮልዮስ,monthly,NO_BOOK,,,
4-22,112,ቅዱስ ሉቃስ ወንጌላዊ,ሉቃስ ወንጌላዊ,monthly,WRONG_DATE,,AM-MEL-016:መልክዐ ቅዱስ ዮሐንስ ወንጌላዊ በአማርኛ | GZ-MEL-062:መልክዐ ቅዱስ ዮሐንስ ወንጌላዊ በግእዝ,"1-4, 1-4, 1-29, 1-29, 2-4, 2-4, 3-4, 3-4, 4-4, 4-4"
4-23,113,ቅዱስ ዳዊት ልበ አምላክ,ዳዊት ልበ አምላክ,annual,CORRECT,AM-MEL-049:የቅዱስ ዳዊት መልክዕ በአማርኛ | GZ-MEL-064:መልክዐ ቅዱስ ዳዊት በግእዝ,AM-MEL-049:የቅዱስ ዳዊት መልክዕ በአማርኛ | AM-MZM-001:መዝሙረ ዳዊት በአማርኛ | AM-WUD-003:ውዳሴ አምላክ በአማርኛ | GZ-MEL-064:መልክዐ ቅዱስ ዳዊት በግእዝ | GZ-MEL-088:መልክዐ አቡነ ቡሩከ አምላክ ዘደብረ ኮል በግእዝ | GZ-MEL-089:መልክዐ አቡነ ብፁዓ አምላክ ዘደብረ ምዕዋን ወዘደብረ ኰዳዱ በግእዝ | GZ-MZM-004:መዝሙረ ዳዊት በግእዝ | TI-MZM-001:መዝሙረ ዳዊት ብትግርኛ | TI-WUD-002:ውዳሴ አምላክ ብትግርኛ,"None-None, None-None, None-None, None-None, None-None, 1-23, 1-23, 2-23, 2-23, 3-23"
4-23,113,አባ ጢሞቴዎስ ገዳማዊ,ጢሞቴዎስ ገዳማዊ,annual,NO_BOOK,,,
4-23,113,አባ ሳሙኤል ጻድቅ,ሳሙኤል,annual,CORRECT,GZ-MEL-084:መልክዐ አቡነ ሳሙኤል በግእዝ ሣልስ በግእዝ,AM-MEL-054:የአቡነ ሳሙኤል ዘዋልድባ መልክዕ በአማርኛ | AM-MEL-055:የአቡነ ሳሙኤል ዘዋልድባ ኹለተኛ መልክዕ በአማርኛ | GZ-MEL-084:መልክዐ አቡነ ሳሙኤል በግእዝ ሣልስ በግእዝ | GZ-MEL-085:መልክዐ አቡነ ሳሙኤል ዘዋልድባ በግእዝ | GZ-MEL-086:መልክዐ አቡነ ሳሙኤል ዘዋልድባ ካልዕ በግእዝ,"1-12, 1-12, 1-12, 1-12, 1-12, 2-12, 2-12, 2-12, 2-12, 2-12"
4-23,113,አባ ስምዖን ጻድቅ,ስምዖን,annual,NO_BOOK,,,
4-23,113,አባ ገብርኤል ጻድቅ,ገብርኤል,annual,WRONG_DATE,,AM-MEL-050:የቅዱስ ገብርኤል መልክዕ በአማርኛ | GZ-MEL-013:መልክዐ ሊቀ መላእክት ቅዱስ ገብርኤል በግእዝ | GZ-MEL-014:መልክዐ ሊቀ መላእክት ቅዱስ ገብርኤል ካልዕ (ደቅስዮስ) በግእዝ | AM-DRS-003:ድርሳነ ገብርኤል በአማርኛ | GZ-DRS-010:ድርሳነ ገብርኤል በግእዝ,"1-19, 1-19, 1-19, 1-19, 1-19, 2-19, 2-19, 2-19, 2-19, 2-19"
4-23,113,አባ ይስሐቅ ጻድቅ,ይስሐቅ,annual,NO_BOOK,,,
4-23,113,ቅዱስ ጊዮርጊስ ሊቀ ሰማዕታት,ጊዮርጊስ ሊቀ ሰማዕታት,monthly,CORRECT,AM-MEL-065:ጸሎተ መልክዐ ሥቃዩ ለቅዱስ ጊዮርጊስ ሊቀ ሰማዕታት በአማርኛ | AM-MEL-066:ጸሎተ መልክዕ ዘቅዱስ ጊዮርጊስ ሊቀ ሰማዕታት በአማርኛ | AM-MEL-067:ጸሎተ መልክዕ ዘቅዱስ ጊዮርጊስ ሊቀ ሰማዕታት ካልዕ በአማርኛ | AM-SIB-001:ስብሐተ ፍቁር ዘቅዱስ ጊዮርጊስ ሊቀ ሰማዕታት በአማርኛ,AM-MEL-065:ጸሎተ መልክዐ ሥቃዩ ለቅዱስ ጊዮርጊስ ሊቀ ሰማዕታት በአማርኛ | AM-MEL-066:ጸሎተ መልክዕ ዘቅዱስ ጊዮርጊስ ሊቀ ሰማዕታት በአማርኛ | AM-MEL-067:ጸሎተ መልክዕ ዘቅዱስ ጊዮርጊስ ሊቀ ሰማዕታት ካልዕ በአማርኛ | AM-SIB-001:ስብሐተ ፍቁር ዘቅዱስ ጊዮርጊስ ሊቀ ሰማዕታት በአማርኛ,"1-23, 1-23, 1-23, 1-23, 2-23, 2-23, 2-23, 2-23, 3-7, 3-7"
4-23,113,ነቢየ ጽድቅ ቅዱስ ሰሎሞን (ንጉሠ እሥራኤል),ነቢየ ጽድቅ ቅዱስ ሰሎሞን,monthly,WRONG_DATE,,GZ-TBB-001:ጥበበ ሰሎሞን በግእዝ,
4-23,113,ቅዱስ ዳንኤል ነቢይ,ዳንኤል,monthly,WRONG_DATE,,GZ-MEL-114:መልክዐ አቡነ ዳንኤል በግእዝ | GZ-GDL-028:ገድለ አቡነ ዳንኤል በግእዝ,"3-6, 3-6"
4-24,114,ቅዱስ አቡነ ተክለ ሃይማኖት,ተክለ ሃይማኖት,annual,CORRECT,AM-MEL-057:የአቡነ ተክለ ሃይማኖት 2ኛ መልክዕ በአማርኛ | AM-MEL-058:የአቡነ ተክለ ሃይማኖት መልክዕ በአማርኛ | GZ-MEL-068:መልክዐ ተክለ ሃይማኖት በግእዝ | GZ-MEL-069:መልክዐ ተክለ ሃይማኖት ካልእ በግእዝ | GZ-MEL-092:መልክዐ አቡነ ተክለ ሃይማኖት በግእዝ | AM-GDL-004:ገድለ ተክለ ሃይማኖት በአማርኛ,AM-MEL-057:የአቡነ ተክለ ሃይማኖት 2ኛ መልክዕ በአማርኛ | AM-MEL-058:የአቡነ ተክለ ሃይማኖት መልክዕ በአማርኛ | GZ-MEL-068:መልክዐ ተክለ ሃይማኖት በግእዝ | GZ-MEL-069:መልክዐ ተክለ ሃይማኖት ካልእ በግእዝ | GZ-MEL-092:መልክዐ አቡነ ተክለ ሃይማኖት በግእዝ | AM-GDL-004:ገድለ ተክለ ሃይማኖት በአማርኛ,"1-24, 1-24, 1-24, 1-24, 1-24, 1-24, 2-24, 2-24, 2-24, 2-24"
4-24,114,ቅዱሳን ጸጋ ዘአብና እግዚእ ኃረያ,ጸጋ ዘአብና እግዚእ ኃረያ,annual,NO_BOOK,,,
4-24,114,ቅዱስ አግናጥዮስ ሐዋርያ,አግናጥዮስ,annual,CORRECT,GZ-MEL-058:መልክዐ ቅዱስ አግናጥዮስ ምጥው ለአንበሳ በግእዝ,GZ-MEL-058:መልክዐ ቅዱስ አግናጥዮስ ምጥው ለአንበሳ በግእዝ,"1-7, 2-7, 2-26, 3-7, 4-7, 4-24, 5-7, 6-7, 7-7, 8-7"
4-24,114,ቅድስት አስቴር,አስቴር,annual,NO_BOOK,,,
4-24,114,አባ ፊሎንጐስ ሊቀ ዻዻሳት,ፊሎንጐስ ሊቀ ዻዻሳት,annual,NO_BOOK,,,
4-24,114,አባ ዻውሊ ጻድቅ,ዻውሊ,annual,NO_BOOK,,,
4-24,114,ጻድቃን ቅዱሳን ዘከዲህ,ጻድቃን ቅዱሳን ዘከዲህ,annual,WRONG_DATE,,GZ-MEL-160:መልክዐ ጻድቃን ዘባርክናሃ በግእዝ,4-29
4-24,114,ቅዱስ ቶማስ ዘመርዐስ,ቶማስ ዘመርዐስ,monthly,WRONG_DATE,,GZ-MEL-094:መልክዐ አቡነ ቶማስ ዘዘናቁዴ በግእዝ,3-3
4-24,114,አቡነ ዘዮሐንስ ጻድቅ ዘክብራን,ዘዮሐንስ ጻድቅ ዘክብራን,monthly,NO_BOOK,,,
4-24,114,ቅዱስ አጋቢጦስ (ጻድቅ ኤዺስቆዾስ),አጋቢጦስ,monthly,NO_BOOK,,,
4-24,114,ቅዱስ አብላርዮስ ታላቁ,አብላርዮስ ታላቁ,monthly,NO_BOOK,,,
4-24,114,"""፳፬ቱ"" ካኅናተ ሰማይ (ሱራፌል)","""፳፬ቱ"" ካኅናተ ሰማይ",monthly,CORRECT,GZ-MEL-142:መልክዐ ካህናተ ሰማይ በግእዝ,AM-MEN-001:መንገደ ሰማይ በአማርኛ | AM-ETA-001:በሰማይ ወበምድር በአማርኛ | GZ-ETA-001:እትአመነኪ ማርያም በሰማይ ወበምድር በግእዝ | GZ-MEL-142:መልክዐ ካህናተ ሰማይ በግእዝ,"None-None, 1-21, 1-24, 2-21, 2-24, 3-21, 3-24, 4-21, 4-24, 5-21"
4-24,114,ቅዱስ አባ ሙሴ ጸሊም (ኢትዮዽያዊ),ሙሴ ጸሊም,monthly,NO_BOOK,,,
4-24,114,ቅድስት ክርስቶስ ሠምራ,ክርስቶስ ሠምራ,monthly,CORRECT,GZ-MEL-143:መልክዐ ክርስቶስ ሠምራ በግእዝ | AM-GDL-005:ገድለ ቅድስት ክርስቶስ ሠምራ በአማርኛ | GZ-GDL-019:ገድለ ቅድስት ክርስቶስ ሠምራ በግእዝ,GZ-MEL-143:መልክዐ ክርስቶስ ሠምራ በግእዝ | AM-GDL-005:ገድለ ቅድስት ክርስቶስ ሠምራ በአማርኛ | GZ-GDL-019:ገድለ ቅድስት ክርስቶስ ሠምራ በግእዝ,"1-24, 1-24, 1-24, 2-24, 2-24, 2-24, 3-24, 3-24, 3-24, 4-24"
4-25,115,ቅዱሳን ፭ቱ መቃብያን,፭ቱ መቃብያን,annual,NO_BOOK,,,
4-25,115,ቅዱስ ዮሐንስ ከማ (እና የተቀደሰች ሚስቱ),ዮሐንስ ከማ,annual,CORRECT,GZ-MEL-109:መልክዐ አቡነ ዮሐንስ ከማ በግእዝ,GZ-MEL-109:መልክዐ አቡነ ዮሐንስ ከማ በግእዝ,4-25
4-25,115,ቅዱስ ዳንኤል መነኮስ,ዳንኤል መነኮስ,annual,WRONG_DATE,,GZ-MEL-114:መልክዐ አቡነ ዳንኤል በግእዝ | GZ-GDL-028:ገድለ አቡነ ዳንኤል በግእዝ,"3-6, 3-6"
4-25,115,ቅዱስ ኒቆላዎስ መኮንን,ኒቆላዎስ መኮንን,annual,NO_BOOK,,,
4-25,115,ቅዱስ መርቆሬዎስ ሰማዕት,መርቆሬዎስ,monthly,CORRECT,GZ-MEL-039:መልክዐ ሰማዕት ቅዱስ መርቆሬዎስ በግእዝ | GZ-GDL-002:ገድለ ሰማዕት ቅዱስ መርቆሬዎስ በግእዝ | AM-GDL-015:ገድለ ሰማዕት ቅዱስ መርቆሬዎስ በአማርኛ,GZ-MEL-039:መልክዐ ሰማዕት ቅዱስ መርቆሬዎስ በግእዝ | GZ-MEL-076:መልክዐ አቡነ መርቆሬዎስ ዘደብረ ድማኅ በግእዝ | GZ-GDL-002:ገድለ ሰማዕት ቅዱስ መርቆሬዎስ በግእዝ | AM-GDL-015:ገድለ ሰማዕት ቅዱስ መርቆሬዎስ በአማርኛ,"1-25, 1-25, 1-25, 2-25, 2-25, 2-25, 3-25, 3-25, 3-25, 4-16"
4-25,115,ቅድስት ቴክላ ሐዋርያዊት,ቴክላ ሐዋርያዊት,monthly,NO_BOOK,,,
4-25,115,ቅዱስ አበከረዙን ሰማዕት,አበከረዙን,monthly,NO_BOOK,,,
4-25,115,ቅዱስ ዱማድዮስ ሶርያዊ,ዱማድዮስ ሶርያዊ,monthly,NO_BOOK,,,
4-25,115,አቡነ አቢብ (አባ ቡላ),አቢብ,monthly,CORRECT,AM-MEL-003:መልክዐ ለአቡነ አቢብ ጻድቅ በአማርኛ | AM-MEL-059:የአቡነ አቢብ መልክዕ በአማርኛ | GZ-MEL-095:መልክዐ አቡነ አቢብ በግእዝ | AM-GDL-024:ገድለ ቅዱስ አቡነ አቢብ በአማርኛ,AM-MEL-003:መልክዐ ለአቡነ አቢብ ጻድቅ በአማርኛ | AM-MEL-059:የአቡነ አቢብ መልክዕ በአማርኛ | GZ-MEL-095:መልክዐ አቡነ አቢብ በግእዝ | AM-GDL-024:ገድለ ቅዱስ አቡነ አቢብ በአማርኛ,"1-25, 1-25, 1-25, 1-25, 2-25, 2-25, 2-25, 2-25, 3-25, 3-25"
4-25,115,ቅዱስ አባ አቡፋና ጻድቅ,አቡፋና,monthly,NO_BOOK,,,
4-25,115,ታላቁ አባ ቢጻርዮን ገዳማዊ,ታላቁ አባ ቢጻርዮን ገዳማዊ,monthly,NO_BOOK,,,
4-26,116,ቅድስት አንስጣስያ ሰማዕት,አንስጣስያ,annual,NO_BOOK,,,
4-26,116,ቅዱስ አቦሊ ጻድቅ,አቦሊ,annual,WRONG_DATE,,AM-MEL-044:የቅዱስ አቦሊ መልክዕ በአማርኛ | GZ-MEL-057:መልክዐ ቅዱስ አቦሊ በግእዝ,"1-1, 1-1, 1-26, 1-26, 2-1, 2-1, 3-1, 3-1, 4-1, 4-1"
4-26,116,ቅድሰት ዮልያና ሰማዕት,ቅድሰት ዮልያና,annual,NO_BOOK,,,
4-26,116,ቅዱስ ቶማስ ሐዋርያ,ቶማስ,monthly,WRONG_DATE,,GZ-MEL-094:መልክዐ አቡነ ቶማስ ዘዘናቁዴ በግእዝ,3-3
4-26,116,አቡነ ሐብተ ማርያም ጻድቅ,ሐብተ ማርያም,monthly,WRONG_DATE,,AM-LAH-001:ላሐ ማርያም በአማርኛ | AM-MEL-008:መልክዐ ማርያም ሣልሲት በአማርኛ | AM-MEL-009:መልክዐ ማርያም በአማርኛ | AM-MEL-017:መልክዐ ቅድስት ጸበለ ማርያም በአማርኛ | AM-MEL-064:የጽዮን ማርያም 3ኛ መልክዕ በአማርኛ | AM-RAY-001:ራዕየ ማርያም በአማርኛ | AM-WUD-002:ውዳሴ ማርያም በአማርኛ | GZ-ETA-001:እትአመነኪ ማርያም በሰማይ ወበምድር በግእዝ | GZ-LAH-001:ላሐ ማርያም በግእዝ | GZ-MEL-002:መልከዐ ማርያም ዳግሚት በግእዝ | GZ-MEL-031:መልክዐ ማርያም ሣልሲት በግእዝ | GZ-MEL-032:መልክዐ ማርያም በግእዝ | GZ-MEL-070:መልክዐ ተክለ ማርያም ዘይሰመይ መብዓ ጽዮን በግእዝ | GZ-MEL-099:መልክዐ አቡነ አብሳዲ ዘደብረ ማርያም በግእዝ | GZ-MEL-159:መልክዐ ጸበለ ማርያም ቅድስት በግእዝ | GZ-MEL-161:መልክዐ ጽዮን ማርያም ሣልስ በግእዝ | GZ-WUD-002:ውዳሴ ማርያም በግእዝ | TI-RAY-001:ራእየ ማርያም ብትግርኛ | TI-WUD-001:ውዳሴ ማርያም ብትግርኛ | AM-GDL-002:ገድለ ማርያም እንተ ዕፍረት በአማርኛ | GZ-TAM-001:ተአምረ ማርያም በግእዝ | AM-GDL-003:ገድለ ማርያም መግደላዊት በአማርኛ | GZ-MTS-001:መጽሐፈ ልደታ ለማርያም በግእዝ | AM-TAM-002:ተአምረ ማርያም በአማርኛ,"None-None, None-None, None-None, 1-1, 1-21, 1-21, 1-21, 1-21, 1-21, 1-21"
4-26,116,አቡነ ኢየሱስ ሞዐ ዘሐይቅ,ኢየሱስ ሞዐ ዘሐይቅ,monthly,CORRECT,GZ-MEL-130:መልክዐ ኢየሱስ ሞዐ በግእዝ | AM-GDL-026:ገድለ አቡነ ኢየሱስ ሞዐ በአማርኛ,AM-MEL-002:መልክአ ኢየሱስ በአማርኛ | GZ-MEL-130:መልክዐ ኢየሱስ ሞዐ በግእዝ | GZ-MEL-131:መልክዐ ኢየሱስ በግእዝ | GZ-MEL-132:መልክዐ ኢየሱስ ካልዕ በግእዝ | AM-TAM-001:ተአምረ ኢየሱስ በአማርኛ | TI-TAM-001:ተአምረ ኢየሱስ ብትግርኛ | GZ-TAM-002:ተአምረ ኢየሱስ በግእዝ | AM-GDL-026:ገድለ አቡነ ኢየሱስ ሞዐ በአማርኛ,"1-26, 1-26, 1-29, 1-29, 1-29, 1-29, 1-29, 1-29, 2-26, 2-26"
4-26,116,ቅዱሳን ሰማዕታተ ናግራን,ሰማዕታተ ናግራን,monthly,NO_BOOK,,,
4-26,116,ቅዱስ አቡነ ሰላማ ከሣቴ ብርሃን,ሰላማ ከሣቴ ብርሃን,monthly,WRONG_DATE,,AM-KOH-001:ኆኅተ ብርሃን በአማርኛ | AM-MEL-056:የአቡነ ተከስተ ብርሃን መልክዕ በአማርኛ | GZ-KOH-001:ኆኅተ ብርሃን በግእዝ | GZ-MEL-038:መልክዐ ሰላማ በግእዝ | GZ-MEL-091:መልክዐ አቡነ ተከስተ ብርሃን በግእዝ,"None-None, None-None, 4-18, 7-10, 7-10, 11-26"
4-27,117,ቅዱስ አብሳዲ ሰማዕት,አብሳዲ,annual,WRONG_DATE,,GZ-MEL-099:መልክዐ አቡነ አብሳዲ ዘደብረ ማርያም በግእዝ,1-30
4-27,117,አባ አላኒቆስ ሰማዕት,አላኒቆስ,annual,NO_BOOK,,,
4-27,117,አባ በግዑ ጻድቅ,በግዑ,annual,CORRECT,AM-GDL-006:የአባ በግዑ ገድል በአማርኛ | GZ-GDL-025:ገድለ አባ በግዑ በግእዝ,AM-GDL-006:የአባ በግዑ ገድል በአማርኛ | GZ-GDL-025:ገድለ አባ በግዑ በግእዝ,"4-27, 4-27"
4-27,117,አባ ፊልዾስ,ፊልዾስ,annual,NO_BOOK,,,
4-27,117,ጌታችን ኢየሱስ ክርስቶስ,ጌታችን ኢየሱስ ክርስቶስ,monthly,CORRECT,AM-MIK-001:ምክሓ ምእመናን ክርስቶስ በአማርኛ,AM-MEL-018:መልክዐ ቅድስት ፍቅርተ ክርስቶስ በአማርኛ | AM-MEL-060:የአቡነ አባለ ክርስቶስ ጻድቅ መልክዕ በአማርኛ | AM-MIK-001:ምክሓ ምእመናን ክርስቶስ በአማርኛ | GZ-MEL-066:መልክዐ ቅድስት ፍቅርተ ክርስቶስ በግእዝ | GZ-MEL-082:መልክዐ አቡነ ሠምረ ክርስቶስ በግእዝ | GZ-MEL-096:መልክዐ አቡነ አባለ ክርስቶስ በግእዝ | GZ-MEL-136:መልክዐ እስትንፋሰ ክርስቶስ በግእዝ | GZ-MEL-143:መልክዐ ክርስቶስ ሠምራ በግእዝ | GZ-MEL-148:መልክዐ ይምርሃነ ክርስቶስ በግእዝ | GZ-MEL-153:መልክዐ ገብረ ክርስቶስ በግእዝ | GZ-MZM-001:መዝሙረ ክርስቶስ በግእዝ | GZ-MZM-002:መዝሙረ ክርስቶስ ካልዕ በግእዝ | GZ-MZM-003:መዝሙረ ክርስቶስ ዘመኃልየ መኃልይ። በግእዝ | GZ-GDL-006:ገድለ አቡነ እስትንፋስ ክርስቶስ በግእዝ | AM-GDL-005:ገድለ ቅድስት ክርስቶስ ሠምራ በአማርኛ | AM-GDL-014:የአቡነ እስትንፋሰ ክርስቶስ ገድል በአማርኛ | GZ-GDL-019:ገድለ ቅድስት ክርስቶስ ሠምራ በግእዝ | GZ-GDL-023:ገድለ አቡነ መዝራዕተ ክርስቶስ በግእዝ | TI-GDL-002:ገድሊ አቡነ እስትንፋስ ክርስቶስ ትግርኛ,"1-9, 1-9, 1-9, 1-9, 1-24, 1-24, 1-24, 1-27, 1-29, 1-29"
4-27,117,አቡነ መብዓ ጽዮን ጻድቅ,መባዓ ጽዮን,monthly,CORRECT,AM-GDL-022:የመባዓ ጽዮን ገድል በአማርኛ,AM-GDL-022:የመባዓ ጽዮን ገድል በአማርኛ,"1-27, 2-27, 3-27, 4-27, 5-27, 6-27, 7-27, 8-27, 9-27, 10-27"
4-27,117,ቅዱስ መቃርስ (የመነኮሳት ሁሉ አለቃ),መቃርስ,monthly,NO_BOOK,,,
4-27,117,ቅዱስ ያዕቆብ ዘግሙድ,ያዕቆብ ዘግሙድ,monthly,WRONG_DATE,,AM-MEL-022:መልክዐ አብርሃም ይሥሐቅ ያዕቆብ በአማርኛ | GZ-MEL-124:መልክዐ አብርሃም ይሥሐቅ ወያዕቆብ በግእዝ,"1-28, 1-28, 2-28, 2-28, 3-28, 3-28, 4-28, 4-28, 5-28, 5-28"
4-27,117,ቅዱስ ገላውዴዎስ ሰማዕት (ንጉሠ ኢትዮዽያ),ገላውዴዎስ ሰማዕት,monthly,WRONG_DATE,,GZ-MEL-039:መልክዐ ሰማዕት ቅዱስ መርቆሬዎስ በግእዝ | GZ-MEL-040:መልክዐ ሰማዕት ቅዱስ ቴዎድሮስ በግእዝ | GZ-MEL-041:መልክዐ ሰማዕት ቅዱስ ፋሲለደስ በግእዝ | GZ-MEL-042:መልክዐ ሰማዕት ቅድስት አርሴማ በግእዝ | GZ-MEL-043:መልክዐ ሰማዕት ቅድስት ኢየሉጣ በግእዝ | GZ-MEL-122:መልክዐ አባ ኖብ ሰማዕት በግእዝ | GZ-GDL-002:ገድለ ሰማዕት ቅዱስ መርቆሬዎስ በግእዝ | GZ-ZNA-002:ዜናሁ ለንጉሥ ገላውዴዎስ በግእዝ | AM-GDL-008:ገድለ ሰማዕት ቅድስት አርሴማ በአማርኛ | GZ-GDL-014:ገድለ ቅዱስ ጊዮርጊስ ሰማዕት በግእዝ | AM-GDL-015:ገድለ ሰማዕት ቅዱስ መርቆሬዎስ በአማርኛ | AM-GDL-018:ገድለ ቅዱስ ጊዮርጊስ ሰማዕት በአማርኛ | GZ-GDL-031:ገድለ ሰማዕት ቅዱስ ቴዎድሮስ በግእዝ | GZ-GDL-033:ገድለ ሰማዕት ቅድስት አርሴማ በግእዝ | AM-GDL-030:ገድለ ሰማዕት ቅዱስ ቴዎድሮስ በአማርኛ,"1-6, 1-6, 1-6, 1-11, 1-12, 1-12, 1-12, 1-15, 1-18, 1-20"
4-27,117,ቅዱስ ቢፋሞን ጻድቅና ሰማዕት,ቢፋሞን ጻድቅና,monthly,NO_BOOK,,,
4-27,117,ማር ቅዱስ ፊቅጦር ሰማዕት,ማር ቅዱስ ፊቅጦር,monthly,CORRECT,GZ-MEL-008:መልክዐ ሊቀ መላእክት ቅዱስ ሱርያል በግእዝ | GZ-MEL-162:መልክዐ ፊቅጦር በግእዝ | GZ-GDL-027:ገድለ ቅዱስ ፊቅጦር በግእዝ | AM-GDL-029:ገድለ ቅዱስ ፊቅጦር በአማርኛ,AM-MEL-012:መልክዐ ቅዱስ መስቀል በአማርኛ | AM-MEL-013:መልክዐ ቅዱስ ሚናስ በአማርኛ | AM-MEL-014:መልክዐ ቅዱስ ራጉኤል በአማርኛ | AM-MEL-015:መልክዐ ቅዱስ ቂርቆስ በአማርኛ | AM-MEL-016:መልክዐ ቅዱስ ዮሐንስ ወንጌላዊ በአማርኛ | AM-TEA-003:ተአምኆ ዘሥሉስ ቅዱስ መልክዕ በአማርኛ | AM-MEL-033:የሐዋርያው የቅዱስ ታዴዎስ መልክዕ በአማርኛ | AM-MEL-036:የሰማዕቱ ቅዱስ ጊጋር መልክዕ በአማርኛ | AM-MEL-039:የቅዱስ መርምሕናም መልክዕ በአማርኛ | AM-MEL-040:የቅዱስ መስቀል 3ኛ መልክዕ በአማርኛ | AM-MEL-041:የቅዱስ ሚካኤል 3ኛ መልክዕ በአማርኛ | AM-MEL-042:የቅዱስ ማርቆስ 2ኛ መልክዕ በአማርኛ | AM-MEL-043:የቅዱስ ሩፋኤል መልክዕ በአማርኛ | AM-MEL-044:የቅዱስ አቦሊ መልክዕ በአማርኛ | AM-MEL-045:የቅዱስ እስጢፋኖስ 2ኛ መልክዕ በአማርኛ | AM-MEL-046:የቅዱስ እንድርያስ ሐዋርያ መልክዕ በአማርኛ | AM-MEL-047:የቅዱስ ዮሐንስ 2ኛ መልክዕ በአማርኛ | AM-MEL-048:የቅዱስ ዮሐንስ መጥምቅ መልክዕ በአማርኛ | AM-MEL-049:የቅዱስ ዳዊት መልክዕ በአማርኛ | AM-MEL-050:የቅዱስ ገብርኤል መልክዕ በአማርኛ | AM-MEL-051:የቅዱስ ጊዮርጊስ መልክዕ በአማርኛ | AM-MEL-052:የነቢዩ የቅዱስ ኤልያስ 3ኛ መልክዕ በአማርኛ | AM-MEL-065:ጸሎተ መልክዐ ሥቃዩ ለቅዱስ ጊዮርጊስ ሊቀ ሰማዕታት በአማርኛ | AM-MEL-066:ጸሎተ መልክዕ ዘቅዱስ ጊዮርጊስ ሊቀ ሰማዕታት በአማርኛ | AM-MEL-067:ጸሎተ መልክዕ ዘቅዱስ ጊዮርጊስ ሊቀ ሰማዕታት ካልዕ በአማርኛ | AM-SIB-001:ስብሐተ ፍቁር ዘቅዱስ ጊዮርጊስ ሊቀ ሰማዕታት በአማርኛ | AM-TEA-002:ተአምኆ ዘሥሉስ ቅዱስ በአማርኛ | GZ-MEL-004:መልክዐ ሊቀ መላእክት ቅዱስ ሚካኤል ሣልስ በግእዝ | GZ-MEL-005:መልክዐ ሊቀ መላእክት ቅዱስ ሚካኤል ካልዕ በግእዝ | GZ-MEL-006:መልክዐ ሊቀ መላእክት ቅዱስ ሩፋኤል በግእዝ | GZ-MEL-007:መልክዐ ሊቀ መላእክት ቅዱስ ራጉኤል በግእዝ | GZ-MEL-008:መልክዐ ሊቀ መላእክት ቅዱስ ሱርያል በግእዝ | GZ-MEL-009:መልክዐ ሊቀ መላእክት ቅዱስ በግእዝ | GZ-MEL-010:መልክዐ ሊቀ መላእክት ቅዱስ አፍኒን በግእዝ | GZ-MEL-011:መልክዐ ሊቀ መላእክት ቅዱስ ዑራኤል በግእዝ | GZ-MEL-012:መልክዐ ሊቀ መላእክት ቅዱስ ዑራኤል ካልእ በግእዝ | GZ-MEL-013:መልክዐ ሊቀ መላእክት ቅዱስ ገብርኤል በግእዝ | GZ-MEL-014:መልክዐ ሊቀ መላእክት ቅዱስ ገብርኤል ካልዕ (ደቅስዮስ) በግእዝ | GZ-MEL-015:መልክዐ ሊቀ መላእክት ቅዱስ ፋኑኤል በግእዝ | GZ-MEL-016:መልክዐ ሊቀ ሰማዕታት ቅዱስ እስጢፋኖስ በግእዝ | GZ-MEL-017:መልክዐ ሊቀ ሰማዕታት ቅዱስ እስጢፋኖስ ካልእ በግእዝ | GZ-MEL-034:መልክዐ ሥሉስ ቅዱስ በግእዝ | GZ-MEL-039:መልክዐ ሰማዕት ቅዱስ መርቆሬዎስ በግእዝ | GZ-MEL-040:መልክዐ ሰማዕት ቅዱስ ቴዎድሮስ በግእዝ | GZ-MEL-041:መልክዐ ሰማዕት ቅዱስ ፋሲለደስ በግእዝ | GZ-MEL-049:መልክዐ ቅዱስ መርምሕናም በግእዝ | GZ-MEL-050:መልክዐ ቅዱስ መስቀል ሣልስ በግእዝ | GZ-MEL-051:መልክዐ ቅዱስ መስቀል በግእዝ | GZ-MEL-052:መልክዐ ቅዱስ ሚናስ በግእዝ | GZ-MEL-053:መልክዐ ቅዱስ ማርቆስ ካልእ በግእዝ | GZ-MEL-054:መልክዐ ቅዱስ ቂርቆስ በግእዝ | GZ-MEL-055:መልክዐ ቅዱስ ታዴዎስ በግእዝ | GZ-MEL-056:መልክዐ ቅዱስ አባዲር በግእዝ | GZ-MEL-057:መልክዐ ቅዱስ አቦሊ በግእዝ | GZ-MEL-058:መልክዐ ቅዱስ አግናጥዮስ ምጥው ለአንበሳ በግእዝ | GZ-MEL-059:መልክዐ ቅዱስ ኤልያስ ነቢይ ሣልስ በግእዝ | GZ-MEL-060:መልክዐ ቅዱስ ዮሐንስ መጥምቅ በግእዝ | GZ-MEL-061:መልክዐ ቅዱስ ዮሐንስ ካልእ በግእዝ | GZ-MEL-062:መልክዐ ቅዱስ ዮሐንስ ወንጌላዊ በግእዝ | GZ-MEL-063:መልክዐ ቅዱስ ዮስጦስ በግእዝ | GZ-MEL-064:መልክዐ ቅዱስ ዳዊት በግእዝ | GZ-MEL-065:መልክዐ ቅዱስ ጊዮርጊስ በግእዝ | GZ-MEL-151:መልክዐ ገብረ መንፈስ ቅዱስ በግእዝ | GZ-MEL-152:መልክዐ ገብረ መንፈስ ቅዱስ ካልዕ በግእዝ | GZ-MEL-162:መልክዐ ፊቅጦር በግእዝ | GZ-TEA-002:ተአምኆ ዘሥሉስ ቅዱስ በግእዝ | GZ-TEA-003:ተአምኆ ዘሥሉስ ቅዱስ በግእዝ ካልእ | GZ-MEL-165:መልክዐ ሊቀ መላእክት ቅዱስ ሚካኤል ካልዕ በግእ | AM-GDL-001:ገድለ ቅዱስ አባ ጊዮርጊስ ዘጋሥጫ በአማርኛ | GZ-GDL-002:ገድለ ሰማዕት ቅዱስ መርቆሬዎስ በግእዝ | GZ-DRS-003:ድርሳነ ቅዱስ ራጉኤል በግእዝ | AM-DRS-001:የቅዱስ ኢያቄምና- የቅድስት ሐና ድርሳን በአማርኛ | GZ-GDL-007:ገድለ ቅዱስ አባ ጊዮርጊስ ዘጋሥጫ በግእዝ | AM-GDL-007:ገድለ አቡነ ገብረ መንፈስ ቅዱስ በአማርኛ | GZ-GDL-008:ገድለ ቅዱስ ዞሲማስ በግእዝ | AM-GDL-009:ገድለ ቅዱስ እስጢፋኖስ አማርኛ | GZ-GDL-009:ገድለ ቅዱስ ሱስንዮስ በግእዝ | GZ-GDL-010:ገድለ ቅዱስ ዮስጦስ በግእዝ | GZ-GDL-012:ገድለ ቅዱስ ቈጵርያኖስ ወቅድስት ኢዩስጣ በግእዝ | AM-GDL-013:የቅዱስ ዮሐንስ ገድል በአማርኛ | GZ-GDL-014:ገድለ ቅዱስ ጊዮርጊስ ሰማዕት በግእዝ | AM-GDL-015:ገድለ ሰማዕት ቅዱስ መርቆሬዎስ በአማርኛ | AM-GDL-018:ገድለ ቅዱስ ጊዮርጊስ ሰማዕት በአማርኛ | GZ-DRS-007:ድርሳን ዘቅዱስ ኢያቄም ወቅድስት ሐና በግእዝ | GZ-GDL-021:ድርሳን ወገድል ዘቅዱስ ያሬድ በግእዝ | GZ-GDL-022:ገድለ ቅዱስ እስጢፋኖስ በግእዝ | GZ-GDL-027:ገድለ ቅዱስ ፊቅጦር በግእዝ | AM-GDL-023:የቅዱስ ቂርቆስና የቅድስት ኢየሉጣ ገድል በአማርኛ | GZ-GDL-030:ገድለ ቅዱስ ቴዎድሮስ በግእዝ | GZ-DRS-009:ድርሳን ቅዱስ ሩፋኤል በግእዝ | GZ-GDL-031:ገድለ ሰማዕት ቅዱስ ቴዎድሮስ በግእዝ | AM-GDL-024:ገድለ ቅዱስ አቡነ አቢብ በአማርኛ | AM-GDL-025:ገድለ ቅዱስ ዞሲማስ በአማርኛ | AM-DRS-010:ድርሳነ ቅዱስ ራጉኤል በአማርኛ | AM-GDL-029:ገድለ ቅዱስ ፊቅጦር በአማርኛ | AM-GDL-030:ገድለ ሰማዕት ቅዱስ ቴዎድሮስ በአማርኛ,"None-None, None-None, None-None, None-None, 1-1, 1-1, 1-1, 1-1, 1-1, 1-1"
4-28,118,አማኑኤል አምላካችን,አማኑኤል አምላካችን,annual,CORRECT,GZ-MEL-072:መልክዐ አማኑኤል በግእዝ,GZ-MEL-072:መልክዐ አማኑኤል በግእዝ,"1-28, 2-28, 3-28, 4-28, 5-28, 6-28, 7-28, 8-28, 9-28, 10-28"
4-28,118,በዓለ ጌና ስቡሕ,በዓለ ጌና ስቡሕ,annual,NO_BOOK,,,
4-28,118,ዕለተ ማርያም ድንግል,ዕለተ ማርያም ድንግል,annual,WRONG_DATE,,AM-MEL-019:መልክዐ አቡነ ሐራ ድንግል በአማርኛ | GZ-MEL-021:መልክዐ ሐራ ድንግል በግእዝ,"1-11, 1-11, 2-11, 2-11, 3-11, 3-11, 4-11, 4-11, 5-11, 5-11"
4-28,118,"""፻፸፬"" ሰማዕታት (የቅዱስ ዻውሎስ ማሕበር)","""፻፸፬"" ሰማዕታት",annual,WRONG_DATE,,AM-MEL-065:ጸሎተ መልክዐ ሥቃዩ ለቅዱስ ጊዮርጊስ ሊቀ ሰማዕታት በአማርኛ | AM-MEL-066:ጸሎተ መልክዕ ዘቅዱስ ጊዮርጊስ ሊቀ ሰማዕታት በአማርኛ | AM-MEL-067:ጸሎተ መልክዕ ዘቅዱስ ጊዮርጊስ ሊቀ ሰማዕታት ካልዕ በአማርኛ | AM-SIB-001:ስብሐተ ፍቁር ዘቅዱስ ጊዮርጊስ ሊቀ ሰማዕታት በአማርኛ | GZ-MEL-016:መልክዐ ሊቀ ሰማዕታት ቅዱስ እስጢፋኖስ በግእዝ | GZ-MEL-017:መልክዐ ሊቀ ሰማዕታት ቅዱስ እስጢፋኖስ ካልእ በግእዝ | AM-GDL-010:ገድለ ሰማዕታት በአማርኛ,"1-15, 1-15, 1-17, 1-17, 1-23, 1-23, 1-23, 1-23, 2-17, 2-17"
4-28,118,ቅዱሳን (አብርሃም ይስሐቅና ያዕቆብ),ቅዱሳን (አብርሃም ይስሐቅና ያዕቆብ),monthly,WRONG_DATE,,AM-MEL-037:የቅዱሳን ሠለስቱ ደቂቅ መልክዕ በአማርኛ | AM-MEL-038:የቅዱሳን አእላፍ መላእክት 2ኛ መልክዕ በአማርኛ | AM-TEA-001:ተአምኆ ቅዱሳን በአማርኛ | GZ-MEL-047:መልክዐ ቅዱሳን ሠለስቱ ደቂቅ በግእዝ | GZ-MEL-048:መልክዐ ቅዱሳን ዘመጠራ በግእዝ | GZ-TEA-001:ተአምኆ ቅዱሳን በግእዝ | GZ-GDL-026:ገድለ ቅዱሳን አባዲር ወኢራኢ በግእዝ | GZ-GDL-032:መጽሐፈ ገድለ ቅዱሳን ሐዋርያት በግእዝ,"None-None, None-None, 1-13, 1-28, 2-13, 2-19, 3-13, 4-2, 4-2, 4-13"
4-28,118,ቅዱስ እንድራኒቆስና ሚስቱ ቅድስት አትናስያ,እንድራኒቆስና ሚስቱ ቅድስት አትናስያ,monthly,NO_BOOK,,,
4-28,118,ቅድስት ዓመተ ክ ክርስቶስ,ዓመተ ክ ክርስቶስ,monthly,WRONG_DATE,,AM-MEL-018:መልክዐ ቅድስት ፍቅርተ ክርስቶስ በአማርኛ | AM-MEL-060:የአቡነ አባለ ክርስቶስ ጻድቅ መልክዕ በአማርኛ | AM-MIK-001:ምክሓ ምእመናን ክርስቶስ በአማርኛ | GZ-MEL-066:መልክዐ ቅድስት ፍቅርተ ክርስቶስ በግእዝ | GZ-MEL-082:መልክዐ አቡነ ሠምረ ክርስቶስ በግእዝ | GZ-MEL-096:መልክዐ አቡነ አባለ ክርስቶስ በግእዝ | GZ-MEL-136:መልክዐ እስትንፋሰ ክርስቶስ በግእዝ | GZ-MEL-143:መልክዐ ክርስቶስ ሠምራ በግእዝ | GZ-MEL-148:መልክዐ ይምርሃነ ክርስቶስ በግእዝ | GZ-MEL-153:መልክዐ ገብረ ክርስቶስ በግእዝ | GZ-MZM-001:መዝሙረ ክርስቶስ በግእዝ | GZ-MZM-002:መዝሙረ ክርስቶስ ካልዕ በግእዝ | GZ-MZM-003:መዝሙረ ክርስቶስ ዘመኃልየ መኃልይ። በግእዝ | GZ-GDL-006:ገድለ አቡነ እስትንፋስ ክርስቶስ በግእዝ | AM-GDL-005:ገድለ ቅድስት ክርስቶስ ሠምራ በአማርኛ | AM-GDL-014:የአቡነ እስትንፋሰ ክርስቶስ ገድል በአማርኛ | GZ-GDL-019:ገድለ ቅድስት ክርስቶስ ሠምራ በግእዝ | GZ-GDL-023:ገድለ አቡነ መዝራዕተ ክርስቶስ በግእዝ | TI-GDL-002:ገድሊ አቡነ እስትንፋስ ክርስቶስ ትግርኛ,"1-9, 1-9, 1-9, 1-9, 1-24, 1-24, 1-24, 1-27, 1-29, 1-29"
4-28,118,ቅዱስ ቴዎድሮስ ሮማዊ,ቴዎድሮስ ሮማዊ,monthly,WRONG_DATE,,GZ-MEL-040:መልክዐ ሰማዕት ቅዱስ ቴዎድሮስ በግእዝ | GZ-GDL-030:ገድለ ቅዱስ ቴዎድሮስ በግእዝ | GZ-GDL-031:ገድለ ሰማዕት ቅዱስ ቴዎድሮስ በግእዝ | AM-GDL-030:ገድለ ሰማዕት ቅዱስ ቴዎድሮስ በአማርኛ,"1-12, 1-12, 1-12, 1-12, 1-20, 1-20, 1-20, 1-20, 2-12, 2-12"
4-28,118,ቅዱስ አባዲርና ቅድስት ኢራኢ,አባዲርና ቅድስት ኢራኢ,monthly,WRONG_DATE,,GZ-GDL-026:ገድለ ቅዱሳን አባዲር ወኢራኢ በግእዝ,1-28
4-29,119,ልደተ ክርስቶስ ስቡሕ,ልደተ ክርስቶስ ስቡሕ,annual,NO_BOOK,,,
4-29,119,ታኦዶኮስ ( ድንግል ማርያም ),ታኦዶኮስ,annual,NO_BOOK,,,
4-29,119,ቅዱስ ኢያሱ ነቢይ (ልደቱ),ኢያሱ ነቢይ,annual,WRONG_DATE,,GZ-MEL-059:መልክዐ ቅዱስ ኤልያስ ነቢይ ሣልስ በግእዝ | AM-DRS-005:ድርሳነ ኤልያስ ነቢይ በአማርኛ,"1-6, 1-6, 2-6, 2-6, 3-6, 3-6, 4-1, 4-1, 4-6, 4-6"
4-29,119,ቅዱስ ላሊበላ (ልደቱ),ላሊበላ,annual,CORRECT,GZ-MEL-019:መልክዐ ላሊበላ በግዕዝ,GZ-MEL-019:መልክዐ ላሊበላ በግዕዝ,"1-12, 2-12, 3-12, 4-12, 4-29, 5-12, 6-12, 7-12, 7-29, 8-12"
4-29,119,አቡነ ገብረ መንፈስ ቅዱስ (ልደታቸው),ገብረ መንፈስ ቅዱስ,annual,CORRECT,GZ-MEL-151:መልክዐ ገብረ መንፈስ ቅዱስ በግእዝ | GZ-MEL-152:መልክዐ ገብረ መንፈስ ቅዱስ ካልዕ በግእዝ | AM-GDL-007:ገድለ አቡነ ገብረ መንፈስ ቅዱስ በአማርኛ,GZ-MEL-151:መልክዐ ገብረ መንፈስ ቅዱስ በግእዝ | GZ-MEL-152:መልክዐ ገብረ መንፈስ ቅዱስ ካልዕ በግእዝ | AM-GDL-007:ገድለ አቡነ ገብረ መንፈስ ቅዱስ በአማርኛ,"1-5, 1-5, 1-5, 2-5, 2-5, 2-5, 3-5, 3-5, 3-5, 4-5"
4-29,119,ጻድቅ አቃርዮስ (ንጉሠ ሮሃ),አቃርዮስ,annual,NO_BOOK,,,
4-29,119,ቅዱስ ቆሪል ገመላዊ,ቆሪል ገመላዊ,annual,NO_BOOK,,,
4-29,119,ሰብአ ሰገል,ሰብአ ሰገል,annual,NO_BOOK,,,
4-29,119,ዮሴፍና ሰሎሜ,ዮሴፍና ሰሎሜ,annual,NO_BOOK,,,
4-29,119,ቅዱሳን ሰማዕታተ አክሚም,ሰማዕታተ አክሚም,annual,NO_BOOK,,,
4-29,119,ቅዱስ ዼጥሮስ ተፍጻሜተ ሰማዕት,ዼጥሮስ ተፍጻሜተ,monthly,NO_BOOK,,,
4-29,119,ቅዱስ ማርቆስ ዘቶርማቅ,ማርቆስ ዘቶርማቅ,monthly,WRONG_DATE,,AM-MEL-042:የቅዱስ ማርቆስ 2ኛ መልክዕ በአማርኛ | AM-MEL-062:የአቡነ ዜና ማርቆስ መልክዕ በአማርኛ | GZ-MEL-030:መልክዐ ማርቆስ በግእዝ | GZ-MEL-053:መልክዐ ቅዱስ ማርቆስ ካልእ በግእዝ | GZ-MEL-106:መልክዐ አቡነ ዜና ማርቆስ በግእዝ,"1-3, 1-3, 1-30, 1-30, 1-30, 2-3, 2-3, 2-30, 2-30, 2-30"
4-29,119,ቅድስት ፍቅርተ ክርስቶስ ኢትዮዽያዊት,ፍቅርተ ክርስቶስ ኢትዮዽያዊት,monthly,CORRECT,AM-MEL-018:መልክዐ ቅድስት ፍቅርተ ክርስቶስ በአማርኛ | GZ-MEL-066:መልክዐ ቅድስት ፍቅርተ ክርስቶስ በግእዝ,AM-MEL-018:መልክዐ ቅድስት ፍቅርተ ክርስቶስ በአማርኛ | GZ-MEL-066:መልክዐ ቅድስት ፍቅርተ ክርስቶስ በግእዝ,"1-29, 1-29, 2-29, 2-29, 3-29, 3-29, 4-29, 4-29, 5-29, 5-29"
4-29,119,ቅዱስ ዘርዐ ክርስቶስ,ዘርዐ ክርስቶስ,monthly,CORRECT,AM-MEL-018:መልክዐ ቅድስት ፍቅርተ ክርስቶስ በአማርኛ | GZ-MEL-066:መልክዐ ቅድስት ፍቅርተ ክርስቶስ በግእዝ | GZ-MZM-001:መዝሙረ ክርስቶስ በግእዝ | GZ-MZM-002:መዝሙረ ክርስቶስ ካልዕ በግእዝ | GZ-MZM-003:መዝሙረ ክርስቶስ ዘመኃልየ መኃልይ። በግእዝ,AM-MEL-018:መልክዐ ቅድስት ፍቅርተ ክርስቶስ በአማርኛ | AM-MEL-060:የአቡነ አባለ ክርስቶስ ጻድቅ መልክዕ በአማርኛ | AM-MEL-061:የአቡነ ዘርዐ ቡሩክ መልክዕ በአማርኛ | AM-MIK-001:ምክሓ ምእመናን ክርስቶስ በአማርኛ | GZ-MEL-066:መልክዐ ቅድስት ፍቅርተ ክርስቶስ በግእዝ | GZ-MEL-082:መልክዐ አቡነ ሠምረ ክርስቶስ በግእዝ | GZ-MEL-096:መልክዐ አቡነ አባለ ክርስቶስ በግእዝ | GZ-MEL-105:መልክዐ አቡነ ዘርዐ ቡሩክ በግእዝ | GZ-MEL-136:መልክዐ እስትንፋሰ ክርስቶስ በግእዝ | GZ-MEL-143:መልክዐ ክርስቶስ ሠምራ በግእዝ | GZ-MEL-148:መልክዐ ይምርሃነ ክርስቶስ በግእዝ | GZ-MEL-153:መልክዐ ገብረ ክርስቶስ በግእዝ | GZ-MZM-001:መዝሙረ ክርስቶስ በግእዝ | GZ-MZM-002:መዝሙረ ክርስቶስ ካልዕ በግእዝ | GZ-MZM-003:መዝሙረ ክርስቶስ ዘመኃልየ መኃልይ። በግእዝ | GZ-GDL-004:ገድለ አቡነ ዘርዐ ቡሩከ በግእዝ | GZ-GDL-006:ገድለ አቡነ እስትንፋስ ክርስቶስ በግእዝ | AM-GDL-005:ገድለ ቅድስት ክርስቶስ ሠምራ በአማርኛ | AM-GDL-012:ገድለ አቡነ ዘርዐ ቡሩከ በአማርኛ | AM-GDL-014:የአቡነ እስትንፋሰ ክርስቶስ ገድል በአማርኛ | GZ-GDL-013:ገድለ ዘርዐ አብርሃም በግእዝ | GZ-GDL-019:ገድለ ቅድስት ክርስቶስ ሠምራ በግእዝ | GZ-GDL-023:ገድለ አቡነ መዝራዕተ ክርስቶስ በግእዝ | TI-GDL-002:ገድሊ አቡነ እስትንፋስ ክርስቶስ ትግርኛ,"1-9, 1-9, 1-9, 1-9, 1-13, 1-13, 1-13, 1-13, 1-24, 1-24"
4-29,119,ቅድስት አርሴማ ድንግል,አርሴማ ድንግል,monthly,WRONG_DATE,,AM-MEL-019:መልክዐ አቡነ ሐራ ድንግል በአማርኛ | GZ-MEL-021:መልክዐ ሐራ ድንግል በግእዝ | GZ-MEL-042:መልክዐ ሰማዕት ቅድስት አርሴማ በግእዝ | AM-GDL-008:ገድለ ሰማዕት ቅድስት አርሴማ በአማርኛ | GZ-GDL-033:ገድለ ሰማዕት ቅድስት አርሴማ በግእዝ,"1-6, 1-6, 1-6, 1-11, 1-11, 1-29, 1-29, 1-29, 2-6, 2-6"
4-30,120,አባ ዮሐንስ አበ ምኔት,ዮሐንስ አበ ምኔት,annual,CORRECT,AM-MEL-048:የቅዱስ ዮሐንስ መጥምቅ መልክዕ በአማርኛ | GZ-MEL-060:መልክዐ ቅዱስ ዮሐንስ መጥምቅ በግእዝ,AM-MEL-016:መልክዐ ቅዱስ ዮሐንስ ወንጌላዊ በአማርኛ | AM-MEL-020:መልክዐ አቡነ ዕጨጌ ዮሐንስ በአማርኛ | AM-MEL-021:መልክዐ አቡነ ዮሐንስ ጻድቅ በአማርኛ | AM-MEL-047:የቅዱስ ዮሐንስ 2ኛ መልክዕ በአማርኛ | AM-MEL-048:የቅዱስ ዮሐንስ መጥምቅ መልክዕ በአማርኛ | GZ-MEL-060:መልክዐ ቅዱስ ዮሐንስ መጥምቅ በግእዝ | GZ-MEL-061:መልክዐ ቅዱስ ዮሐንስ ካልእ በግእዝ | GZ-MEL-062:መልክዐ ቅዱስ ዮሐንስ ወንጌላዊ በግእዝ | GZ-MEL-104:መልክዐ አቡነ ዕጨጌ ዮሐንስ በግእዝ | GZ-MEL-109:መልክዐ አቡነ ዮሐንስ ከማ በግእዝ | GZ-MEL-110:መልክዐ አቡነ ዮሐንስ ዘድብረ ዳጋ በግእዝ | GZ-MEL-149:መልክዐ ዮሐንስ ወልደ ነጎድጓድ በግእዝ | GZ-MEL-150:መልክዐ ዮሐንስ ፍቁረ እግዚእ በግእዝ | AM-GDL-013:የቅዱስ ዮሐንስ ገድል በአማርኛ | GZ-GDL-018:ገድለ አቡነ ዮሐንስ በግእዝ | AM-GDL-027:ገድለ አቡነ እጨጌ ዮሐንስ ዘጸገሮ በአማርኛ,"1-1, 1-1, 1-2, 1-2, 1-4, 1-4, 1-4, 1-4, 1-4, 1-4"
4-30,120,አባ ዘካርያስ ገዳማዊ,ዘካርያስ ገዳማዊ,annual,NO_BOOK,,,
4-30,120,አባ ዮሐንስ ብጹዕ,ዮሐንስ ብጹዕ,annual,CORRECT,AM-MEL-048:የቅዱስ ዮሐንስ መጥምቅ መልክዕ በአማርኛ | GZ-MEL-060:መልክዐ ቅዱስ ዮሐንስ መጥምቅ በግእዝ,AM-MEL-016:መልክዐ ቅዱስ ዮሐንስ ወንጌላዊ በአማርኛ | AM-MEL-020:መልክዐ አቡነ ዕጨጌ ዮሐንስ በአማርኛ | AM-MEL-021:መልክዐ አቡነ ዮሐንስ ጻድቅ በአማርኛ | AM-MEL-047:የቅዱስ ዮሐንስ 2ኛ መልክዕ በአማርኛ | AM-MEL-048:የቅዱስ ዮሐንስ መጥምቅ መልክዕ በአማርኛ | GZ-MEL-060:መልክዐ ቅዱስ ዮሐንስ መጥምቅ በግእዝ | GZ-MEL-061:መልክዐ ቅዱስ ዮሐንስ ካልእ በግእዝ | GZ-MEL-062:መልክዐ ቅዱስ ዮሐንስ ወንጌላዊ በግእዝ | GZ-MEL-104:መልክዐ አቡነ ዕጨጌ ዮሐንስ በግእዝ | GZ-MEL-109:መልክዐ አቡነ ዮሐንስ ከማ በግእዝ | GZ-MEL-110:መልክዐ አቡነ ዮሐንስ ዘድብረ ዳጋ በግእዝ | GZ-MEL-149:መልክዐ ዮሐንስ ወልደ ነጎድጓድ በግእዝ | GZ-MEL-150:መልክዐ ዮሐንስ ፍቁረ እግዚእ በግእዝ | AM-GDL-013:የቅዱስ ዮሐንስ ገድል በአማርኛ | GZ-DRS-006:ድርሳን ዘብጹዕ ፊሳልጎስ በግእዝ | GZ-GDL-018:ገድለ አቡነ ዮሐንስ በግእዝ | AM-GDL-027:ገድለ አቡነ እጨጌ ዮሐንስ ዘጸገሮ በአማርኛ,"1-1, 1-1, 1-2, 1-2, 1-4, 1-4, 1-4, 1-4, 1-4, 1-4"
4-30,120,"""፲፬፼ሺ"" ሕጻናት (ሔሮድስ የገደላቸው)","""፲፬፼ሺ"" ሕጻናት",annual,NO_BOOK,,,
4-30,120,ቅዱስ ማርቆስ ሐዋርያ,ማርቆስ,monthly,CORRECT,AM-MEL-042:የቅዱስ ማርቆስ 2ኛ መልክዕ በአማርኛ | GZ-MEL-030:መልክዐ ማርቆስ በግእዝ | GZ-MEL-053:መልክዐ ቅዱስ ማርቆስ ካልእ በግእዝ,AM-MEL-042:የቅዱስ ማርቆስ 2ኛ መልክዕ በአማርኛ | AM-MEL-062:የአቡነ ዜና ማርቆስ መልክዕ በአማርኛ | GZ-MEL-030:መልክዐ ማርቆስ በግእዝ | GZ-MEL-053:መልክዐ ቅዱስ ማርቆስ ካልእ በግእዝ | GZ-MEL-106:መልክዐ አቡነ ዜና ማርቆስ በግእዝ,"1-3, 1-3, 1-30, 1-30, 1-30, 2-3, 2-3, 2-30, 2-30, 2-30"
4-30,120,ቅዱስ ዮሐንስ መጥምቀ መለኮት,ዮሐንስ መጥምቀ መለኮት,monthly,CORRECT,AM-MEL-048:የቅዱስ ዮሐንስ መጥምቅ መልክዕ በአማርኛ | GZ-MEL-060:መልክዐ ቅዱስ ዮሐንስ መጥምቅ በግእዝ,AM-MEL-016:መልክዐ ቅዱስ ዮሐንስ ወንጌላዊ በአማርኛ | AM-MEL-020:መልክዐ አቡነ ዕጨጌ ዮሐንስ በአማርኛ | AM-MEL-021:መልክዐ አቡነ ዮሐንስ ጻድቅ በአማርኛ | AM-MEL-047:የቅዱስ ዮሐንስ 2ኛ መልክዕ በአማርኛ | AM-MEL-048:የቅዱስ ዮሐንስ መጥምቅ መልክዕ በአማርኛ | AM-SEY-001:ሰይፈ መለኮት በአማርኛ | GZ-MEL-060:መልክዐ ቅዱስ ዮሐንስ መጥምቅ በግእዝ | GZ-MEL-061:መልክዐ ቅዱስ ዮሐንስ ካልእ በግእዝ | GZ-MEL-062:መልክዐ ቅዱስ ዮሐንስ ወንጌላዊ በግእዝ | GZ-MEL-104:መልክዐ አቡነ ዕጨጌ ዮሐንስ በግእዝ | GZ-MEL-109:መልክዐ አቡነ ዮሐንስ ከማ በግእዝ | GZ-MEL-110:መልክዐ አቡነ ዮሐንስ ዘድብረ ዳጋ በግእዝ | GZ-MEL-149:መልክዐ ዮሐንስ ወልደ ነጎድጓድ በግእዝ | GZ-MEL-150:መልክዐ ዮሐንስ ፍቁረ እግዚእ በግእዝ | GZ-SEY-001:ሰይፈ መለኮት በግእዝ | AM-GDL-013:የቅዱስ ዮሐንስ ገድል በአማርኛ | GZ-GDL-018:ገድለ አቡነ ዮሐንስ በግእዝ | AM-GDL-027:ገድለ አቡነ እጨጌ ዮሐንስ ዘጸገሮ በአማርኛ,"None-None, None-None, 1-1, 1-1, 1-2, 1-2, 1-4, 1-4, 1-4, 1-4"
4-30,120,ቅዱስ ጐርጐርዮስ ነባቤ መለኮት,ጐርጐርዮስ ነባቤ መለኮት,monthly,WRONG_DATE,,AM-SEY-001:ሰይፈ መለኮት በአማርኛ | GZ-SEY-001:ሰይፈ መለኮት በግእዝ,"None-None, None-None"
4-30,120,ቅድስት ሶፍያ ሰማዕት,ሶፍያ,monthly,NO_BOOK,,,
4-30,120,አባ ሣሉሲ ክቡር ጻድቅ,ሣሉሲ ክቡር,monthly,NO_BOOK,,,
5-1,121,ቅዱስ እስጢፋኖስ ቀዳሜ ሰማዕት (ሊቀ ዲያቆናት),እስጢፋኖስ ቀዳሜ ሰማዕት,annual,CORRECT,AM-MEL-045:የቅዱስ እስጢፋኖስ 2ኛ መልክዕ በአማርኛ | GZ-MEL-016:መልክዐ ሊቀ ሰማዕታት ቅዱስ እስጢፋኖስ በግእዝ | GZ-MEL-017:መልክዐ ሊቀ ሰማዕታት ቅዱስ እስጢፋኖስ ካልእ በግእዝ | AM-GDL-009:ገድለ ቅዱስ እስጢፋኖስ አማርኛ | GZ-GDL-022:ገድለ ቅዱስ እስጢፋኖስ በግእዝ,AM-MEL-045:የቅዱስ እስጢፋኖስ 2ኛ መልክዕ በአማርኛ | GZ-MEL-016:መልክዐ ሊቀ ሰማዕታት ቅዱስ እስጢፋኖስ በግእዝ | GZ-MEL-017:መልክዐ ሊቀ ሰማዕታት ቅዱስ እስጢፋኖስ ካልእ በግእዝ | GZ-MEL-039:መልክዐ ሰማዕት ቅዱስ መርቆሬዎስ በግእዝ | GZ-MEL-040:መልክዐ ሰማዕት ቅዱስ ቴዎድሮስ በግእዝ | GZ-MEL-041:መልክዐ ሰማዕት ቅዱስ ፋሲለደስ በግእዝ | GZ-MEL-042:መልክዐ ሰማዕት ቅድስት አርሴማ በግእዝ | GZ-MEL-043:መልክዐ ሰማዕት ቅድስት ኢየሉጣ በግእዝ | GZ-MEL-122:መልክዐ አባ ኖብ ሰማዕት በግእዝ | GZ-GDL-002:ገድለ ሰማዕት ቅዱስ መርቆሬዎስ በግእዝ | AM-GDL-008:ገድለ ሰማዕት ቅድስት አርሴማ በአማርኛ | AM-GDL-009:ገድለ ቅዱስ እስጢፋኖስ አማርኛ | GZ-GDL-014:ገድለ ቅዱስ ጊዮርጊስ ሰማዕት በግእዝ | AM-GDL-015:ገድለ ሰማዕት ቅዱስ መርቆሬዎስ በአማርኛ | AM-GDL-018:ገድለ ቅዱስ ጊዮርጊስ ሰማዕት በአማርኛ | GZ-GDL-022:ገድለ ቅዱስ እስጢፋኖስ በግእዝ | GZ-GDL-031:ገድለ ሰማዕት ቅዱስ ቴዎድሮስ በግእዝ | GZ-GDL-033:ገድለ ሰማዕት ቅድስት አርሴማ በግእዝ | AM-GDL-030:ገድለ ሰማዕት ቅዱስ ቴዎድሮስ በአማርኛ,"1-6, 1-6, 1-6, 1-11, 1-12, 1-12, 1-12, 1-15, 1-15, 1-15"
5-1,121,ቅዱሳን ሰማዕታተ አክሚም,ሰማዕታተ አክሚም,annual,NO_BOOK,,,
5-1,121,ቅዱሳን ዲዮስቆሮስ ወሰከላብዮስ,ዲዮስቆሮስ ወሰከላብዮስ,annual,NO_BOOK,,,
5-1,121,ቅዱስ ለውንድዮስ ሰማዕት,ለውንድዮስ,annual,NO_BOOK,,,
5-1,121,አባ መቃርስ ሊቀ ዻዻሳት,መቃርስ ሊቀ ዻዻሳት,annual,NO_BOOK,,,
5-1,121,ልደታ ለማርያም ድንግል እግዝእትነ,ልደታ ለማርያም ድንግል እግዝእትነ,monthly,CORRECT,GZ-MEL-020:መልክዐ ልደታ በግእዝ | GZ-MTS-001:መጽሐፈ ልደታ ለማርያም በግእዝ,GZ-MEL-020:መልክዐ ልደታ በግእዝ | GZ-MTS-001:መጽሐፈ ልደታ ለማርያም በግእዝ,"1-1, 1-1, 2-1, 2-1, 3-1, 3-1, 4-1, 4-1, 5-1, 5-1"
5-1,121,ቅዱሳን ኢያቄም ወሐና,ኢያቄም ወሐና,monthly,CORRECT,GZ-MEL-133:መልክዐ ኢያቄም በግእዝ | AM-DRS-001:የቅዱስ ኢያቄምና- የቅድስት ሐና ድርሳን በአማርኛ | GZ-DRS-007:ድርሳን ዘቅዱስ ኢያቄም ወቅድስት ሐና በግእዝ,GZ-MEL-133:መልክዐ ኢያቄም በግእዝ | AM-DRS-001:የቅዱስ ኢያቄምና- የቅድስት ሐና ድርሳን በአማርኛ | GZ-DRS-007:ድርሳን ዘቅዱስ ኢያቄም ወቅድስት ሐና በግእዝ,"1-1, 1-1, 1-1, 1-3, 1-3, 1-3, 1-7, 1-7, 1-7, 1-11"
5-1,121,ቅዱስ በርተሎሜዎስ ሐዋርያ,በርተሎሜዎስ,monthly,NO_BOOK,,,
5-1,121,ቅዱስ ሚልኪ ትሩፈ ምግባር,ሚልኪ ትሩፈ ምግባር,monthly,NO_BOOK,,,
5-1,121,ቅዱስ ራጉኤል ሊቀ መላእክት,ራጉኤል ሊቀ መላእክት,monthly,CORRECT,AM-MEL-014:መልክዐ ቅዱስ ራጉኤል በአማርኛ | GZ-MEL-007:መልክዐ ሊቀ መላእክት ቅዱስ ራጉኤል በግእዝ | GZ-DRS-003:ድርሳነ ቅዱስ ራጉኤል በግእዝ | AM-DRS-010:ድርሳነ ቅዱስ ራጉኤል በአማርኛ,AM-DIR-001:የሰባቱ ሊቃነ መላእክት ድርሳን በአማርኛ | AM-MEL-014:መልክዐ ቅዱስ ራጉኤል በአማርኛ | AM-MEL-038:የቅዱሳን አእላፍ መላእክት 2ኛ መልክዕ በአማርኛ | GZ-MEL-004:መልክዐ ሊቀ መላእክት ቅዱስ ሚካኤል ሣልስ በግእዝ | GZ-MEL-005:መልክዐ ሊቀ መላእክት ቅዱስ ሚካኤል ካልዕ በግእዝ | GZ-MEL-006:መልክዐ ሊቀ መላእክት ቅዱስ ሩፋኤል በግእዝ | GZ-MEL-007:መልክዐ ሊቀ መላእክት ቅዱስ ራጉኤል በግእዝ | GZ-MEL-008:መልክዐ ሊቀ መላእክት ቅዱስ ሱርያል በግእዝ | GZ-MEL-009:መልክዐ ሊቀ መላእክት ቅዱስ በግእዝ | GZ-MEL-010:መልክዐ ሊቀ መላእክት ቅዱስ አፍኒን በግእዝ | GZ-MEL-011:መልክዐ ሊቀ መላእክት ቅዱስ ዑራኤል በግእዝ | GZ-MEL-012:መልክዐ ሊቀ መላእክት ቅዱስ ዑራኤል ካልእ በግእዝ | GZ-MEL-013:መልክዐ ሊቀ መላእክት ቅዱስ ገብርኤል በግእዝ | GZ-MEL-014:መልክዐ ሊቀ መላእክት ቅዱስ ገብርኤል ካልዕ (ደቅስዮስ) በግእዝ | GZ-MEL-015:መልክዐ ሊቀ መላእክት ቅዱስ ፋኑኤል በግእዝ | GZ-MEL-125:መልክዐ አእላፍ መላእክት በግእዝ | GZ-MEL-126:መልክዐ አእላፍ መላእክት ካልእ በግእዝ | GZ-MEL-165:መልክዐ ሊቀ መላእክት ቅዱስ ሚካኤል ካልዕ በግእ | GZ-DRS-003:ድርሳነ ቅዱስ ራጉኤል በግእዝ | AM-DRS-010:ድርሳነ ቅዱስ ራጉኤል በአማርኛ,"1-1, 1-1, 1-1, 1-1, 1-3, 1-9, 1-9, 1-9, 1-12, 1-12"
5-2,122,ቅዱስ አቤል ጻድቅ,አቤል,annual,NO_BOOK,,,
5-2,122,ቅዱስ ቴዎናስ ሊቀ ዻዻሳት,ቴዎናስ ሊቀ ዻዻሳት,annual,NO_BOOK,,,
5-2,122,ቅዱስ አላኒቆስ ሰማዕት,አላኒቆስ,annual,NO_BOOK,,,
5-2,122,ቅድስት ሳቤላ ነቢዪት,ሳቤላ ነቢዪት,annual,NO_BOOK,,,
5-2,122,ቅዳሴ ቤቷ ለድንግል (በደብረ አባ ሲኖዳ),ቅዳሴ ቤቷ ለድንግል,annual,WRONG_DATE,,AM-KID-001:መዓዛ ቅዳሴ በአማርኛ,
5-2,122,ቅዱስ ታዴዎስ ሐዋርያ,ታዴዎስ,monthly,CORRECT,AM-MEL-033:የሐዋርያው የቅዱስ ታዴዎስ መልክዕ በአማርኛ | GZ-MEL-055:መልክዐ ቅዱስ ታዴዎስ በግእዝ,AM-MEL-033:የሐዋርያው የቅዱስ ታዴዎስ መልክዕ በአማርኛ | GZ-MEL-055:መልክዐ ቅዱስ ታዴዎስ በግእዝ,"1-2, 1-2, 2-2, 2-2, 3-2, 3-2, 4-2, 4-2, 5-2, 5-2"
5-2,122,ቅዱስ ኢዮብ ጻድቅ ተአጋሲ,ኢዮብ ጻድቅ ተአጋሲ,monthly,NO_BOOK,,,
5-2,122,ቅዱስ አባ ዻውሊ ገዳማዊ (ታላቁ),ዻውሊ ገዳማዊ,monthly,NO_BOOK,,,
5-2,122,ቅዱስ ዮሐንስ ነቢይ (መጥምቀ መለኮት),ዮሐንስ ነቢይ,monthly,CORRECT,AM-MEL-048:የቅዱስ ዮሐንስ መጥምቅ መልክዕ በአማርኛ | GZ-MEL-060:መልክዐ ቅዱስ ዮሐንስ መጥምቅ በግእዝ,AM-MEL-016:መልክዐ ቅዱስ ዮሐንስ ወንጌላዊ በአማርኛ | AM-MEL-020:መልክዐ አቡነ ዕጨጌ ዮሐንስ በአማርኛ | AM-MEL-021:መልክዐ አቡነ ዮሐንስ ጻድቅ በአማርኛ | AM-MEL-047:የቅዱስ ዮሐንስ 2ኛ መልክዕ በአማርኛ | AM-MEL-048:የቅዱስ ዮሐንስ መጥምቅ መልክዕ በአማርኛ | GZ-MEL-059:መልክዐ ቅዱስ ኤልያስ ነቢይ ሣልስ በግእዝ | GZ-MEL-060:መልክዐ ቅዱስ ዮሐንስ መጥምቅ በግእዝ | GZ-MEL-061:መልክዐ ቅዱስ ዮሐንስ ካልእ በግእዝ | GZ-MEL-062:መልክዐ ቅዱስ ዮሐንስ ወንጌላዊ በግእዝ | GZ-MEL-104:መልክዐ አቡነ ዕጨጌ ዮሐንስ በግእዝ | GZ-MEL-109:መልክዐ አቡነ ዮሐንስ ከማ በግእዝ | GZ-MEL-110:መልክዐ አቡነ ዮሐንስ ዘድብረ ዳጋ በግእዝ | GZ-MEL-149:መልክዐ ዮሐንስ ወልደ ነጎድጓድ በግእዝ | GZ-MEL-150:መልክዐ ዮሐንስ ፍቁረ እግዚእ በግእዝ | AM-GDL-013:የቅዱስ ዮሐንስ ገድል በአማርኛ | AM-DRS-005:ድርሳነ ኤልያስ ነቢይ በአማርኛ | GZ-GDL-018:ገድለ አቡነ ዮሐንስ በግእዝ | AM-GDL-027:ገድለ አቡነ እጨጌ ዮሐንስ ዘጸገሮ በአማርኛ,"1-1, 1-1, 1-2, 1-2, 1-4, 1-4, 1-4, 1-4, 1-4, 1-4"
5-2,122,ሊቁ አባ ሕርያቆስ,ሊቁ አባ ሕርያቆስ,monthly,NO_BOOK,,,
5-2,122,ቅዱስ ሳዊሮስ ዘአንጾኪያ,ሳዊሮስ ዘአንጾኪያ,monthly,NO_BOOK,,,
5-3,123,"""፲፬፬ ሺ"" ቅዱሳን ሕጻናት","""፲፬፬ ሺ"" ቅዱሳን ሕጻናት",annual,NO_BOOK,,,
5-3,123,አባ ሊባኖስ ዘመጣዕ,ሊባኖስ ዘመጣዕ,annual,CORRECT,AM-MEL-053:የአቡነ ሊባኖስ 2ኛ መልክዕ በአማርኛ | GZ-MEL-018:መልክዐ ሊባኖስ በግእዝ | GZ-MEL-074:መልክዐ አቡነ ሊባኖስ ካልእ በግእዝ,AM-MEL-053:የአቡነ ሊባኖስ 2ኛ መልክዕ በአማርኛ | GZ-MEL-018:መልክዐ ሊባኖስ በግእዝ | GZ-MEL-074:መልክዐ አቡነ ሊባኖስ ካልእ በግእዝ | GZ-GDL-001:ገድለ አቡነ ፊልጶስ ዘደብረ ሊባኖስ በግእዝ,"1-3, 1-3, 1-3, 2-3, 2-3, 2-3, 3-3, 3-3, 3-3, 4-3"
5-3,123,አባ አሞን መስተጋድል,አሞን መስተጋድል,annual,NO_BOOK,,,
5-3,123,በዓታ ለእግዝእትነ ማርያም ድንግል,በዓታ ለእግዝእትነ ማርያም ድንግል,monthly,WRONG_DATE,,AM-MEL-019:መልክዐ አቡነ ሐራ ድንግል በአማርኛ | GZ-MEL-021:መልክዐ ሐራ ድንግል በግእዝ,"1-11, 1-11, 2-11, 2-11, 3-11, 3-11, 4-11, 4-11, 5-11, 5-11"
5-3,123,ቅዱሳን ኢያቄም ወሐና,ኢያቄም ወሐና,monthly,CORRECT,GZ-MEL-133:መልክዐ ኢያቄም በግእዝ | AM-DRS-001:የቅዱስ ኢያቄምና- የቅድስት ሐና ድርሳን በአማርኛ | GZ-DRS-007:ድርሳን ዘቅዱስ ኢያቄም ወቅድስት ሐና በግእዝ,GZ-MEL-133:መልክዐ ኢያቄም በግእዝ | AM-DRS-001:የቅዱስ ኢያቄምና- የቅድስት ሐና ድርሳን በአማርኛ | GZ-DRS-007:ድርሳን ዘቅዱስ ኢያቄም ወቅድስት ሐና በግእዝ,"1-1, 1-1, 1-1, 1-3, 1-3, 1-3, 1-7, 1-7, 1-7, 1-11"
5-3,123,ቅዱሳን ካህናት (ዘካርያስና ስምዖን),ካህናት,monthly,NO_BOOK,,,
5-3,123,አባ ሊባኖስ ዘመጣዕ,ሊባኖስ ዘመጣዕ,monthly,CORRECT,AM-MEL-053:የአቡነ ሊባኖስ 2ኛ መልክዕ በአማርኛ | GZ-MEL-018:መልክዐ ሊባኖስ በግእዝ | GZ-MEL-074:መልክዐ አቡነ ሊባኖስ ካልእ በግእዝ,AM-MEL-053:የአቡነ ሊባኖስ 2ኛ መልክዕ በአማርኛ | GZ-MEL-018:መልክዐ ሊባኖስ በግእዝ | GZ-MEL-074:መልክዐ አቡነ ሊባኖስ ካልእ በግእዝ | GZ-GDL-001:ገድለ አቡነ ፊልጶስ ዘደብረ ሊባኖስ በግእዝ,"1-3, 1-3, 1-3, 2-3, 2-3, 2-3, 3-3, 3-3, 3-3, 4-3"
5-3,123,አቡነ ዜና ማርቆስ,ዜና ማርቆስ,monthly,CORRECT,AM-MEL-062:የአቡነ ዜና ማርቆስ መልክዕ በአማርኛ | GZ-MEL-106:መልክዐ አቡነ ዜና ማርቆስ በግእዝ,AM-MEL-062:የአቡነ ዜና ማርቆስ መልክዕ በአማርኛ | GZ-MEL-106:መልክዐ አቡነ ዜና ማርቆስ በግእዝ,"1-3, 1-3, 2-3, 2-3, 3-3, 3-3, 4-3, 4-3, 5-3, 5-3"
5-3,123,ቅዱስ ቄርሎስ ዓምደ ሃይማኖት,ቄርሎስ ዓምደ ሃይማኖት,monthly,WRONG_DATE,,AM-MEL-057:የአቡነ ተክለ ሃይማኖት 2ኛ መልክዕ በአማርኛ | AM-MEL-058:የአቡነ ተክለ ሃይማኖት መልክዕ በአማርኛ | GZ-MEL-068:መልክዐ ተክለ ሃይማኖት በግእዝ | GZ-MEL-069:መልክዐ ተክለ ሃይማኖት ካልእ በግእዝ | GZ-MEL-092:መልክዐ አቡነ ተክለ ሃይማኖት በግእዝ | AM-GDL-004:ገድለ ተክለ ሃይማኖት በአማርኛ,"1-24, 1-24, 1-24, 1-24, 1-24, 1-24, 2-24, 2-24, 2-24, 2-24"
5-3,123,አቡነ መድኃኒነ እግዚእ ጻድቅ,መድኃኒነ እግዚእ,monthly,CORRECT,GZ-MEL-078:መልክዐ አቡነ መድኃኒነ እግዚእ በግእዝ,GZ-MEL-078:መልክዐ አቡነ መድኃኒነ እግዚእ በግእዝ,"1-3, 2-3, 3-3, 4-3, 5-3, 6-3, 7-3, 8-3, 9-3, 10-3"
5-4,124,ቅዱስ ዮሐንስ ሐዋርያ (ፍቁረ እግዚእ),ዮሐንስ ሐዋርያ,annual,CORRECT,AM-MEL-016:መልክዐ ቅዱስ ዮሐንስ ወንጌላዊ በአማርኛ | AM-MEL-046:የቅዱስ እንድርያስ ሐዋርያ መልክዕ በአማርኛ | AM-MEL-047:የቅዱስ ዮሐንስ 2ኛ መልክዕ በአማርኛ | GZ-MEL-061:መልክዐ ቅዱስ ዮሐንስ ካልእ በግእዝ | GZ-MEL-062:መልክዐ ቅዱስ ዮሐንስ ወንጌላዊ በግእዝ | GZ-MEL-137:መልክዐ እንድርያስ ሐዋርያ በግእዝ | GZ-MEL-149:መልክዐ ዮሐንስ ወልደ ነጎድጓድ በግእዝ | GZ-MEL-150:መልክዐ ዮሐንስ ፍቁረ እግዚእ በግእዝ | AM-GDL-013:የቅዱስ ዮሐንስ ገድል በአማርኛ,AM-MEL-016:መልክዐ ቅዱስ ዮሐንስ ወንጌላዊ በአማርኛ | AM-MEL-020:መልክዐ አቡነ ዕጨጌ ዮሐንስ በአማርኛ | AM-MEL-021:መልክዐ አቡነ ዮሐንስ ጻድቅ በአማርኛ | AM-MEL-033:የሐዋርያው የቅዱስ ታዴዎስ መልክዕ በአማርኛ | AM-MEL-046:የቅዱስ እንድርያስ ሐዋርያ መልክዕ በአማርኛ | AM-MEL-047:የቅዱስ ዮሐንስ 2ኛ መልክዕ በአማርኛ | AM-MEL-048:የቅዱስ ዮሐንስ መጥምቅ መልክዕ በአማርኛ | GZ-MEL-023:መልክዐ ሐዋርያት በግእዝ | GZ-MEL-060:መልክዐ ቅዱስ ዮሐንስ መጥምቅ በግእዝ | GZ-MEL-061:መልክዐ ቅዱስ ዮሐንስ ካልእ በግእዝ | GZ-MEL-062:መልክዐ ቅዱስ ዮሐንስ ወንጌላዊ በግእዝ | GZ-MEL-104:መልክዐ አቡነ ዕጨጌ ዮሐንስ በግእዝ | GZ-MEL-109:መልክዐ አቡነ ዮሐንስ ከማ በግእዝ | GZ-MEL-110:መልክዐ አቡነ ዮሐንስ ዘድብረ ዳጋ በግእዝ | GZ-MEL-137:መልክዐ እንድርያስ ሐዋርያ በግእዝ | GZ-MEL-149:መልክዐ ዮሐንስ ወልደ ነጎድጓድ በግእዝ | GZ-MEL-150:መልክዐ ዮሐንስ ፍቁረ እግዚእ በግእዝ | AM-GDL-013:የቅዱስ ዮሐንስ ገድል በአማርኛ | GZ-GDL-017:ገድለ አቡነ ተክለ ሐዋርያት በግእዝ | GZ-GDL-018:ገድለ አቡነ ዮሐንስ በግእዝ | GZ-GDL-032:መጽሐፈ ገድለ ቅዱሳን ሐዋርያት በግእዝ | AM-GDL-027:ገድለ አቡነ እጨጌ ዮሐንስ ዘጸገሮ በአማርኛ | AM-ZNA-003:ዜና ሐዋርያት በአማርኛ,"1-1, 1-1, 1-2, 1-2, 1-2, 1-4, 1-4, 1-4, 1-4, 1-4"
5-4,124,አባ ናርዶስ ጻድቅ (ዘደብረ ቢዘን),ናርዶስ ጻድቅ,annual,WRONG_DATE,,AM-MEL-003:መልክዐ ለአቡነ አቢብ ጻድቅ በአማርኛ | AM-MEL-021:መልክዐ አቡነ ዮሐንስ ጻድቅ በአማርኛ | AM-MEL-060:የአቡነ አባለ ክርስቶስ ጻድቅ መልክዕ በአማርኛ,"1-16, 1-25, 2-16, 2-25, 3-16, 3-25, 4-16, 4-19, 4-25, 5-16"
5-4,124,ቅዱስ ጊዮርጊስ,ጊዮርጊስ,annual,WRONG_DATE,,AM-MEL-051:የቅዱስ ጊዮርጊስ መልክዕ በአማርኛ | AM-MEL-065:ጸሎተ መልክዐ ሥቃዩ ለቅዱስ ጊዮርጊስ ሊቀ ሰማዕታት በአማርኛ | AM-MEL-066:ጸሎተ መልክዕ ዘቅዱስ ጊዮርጊስ ሊቀ ሰማዕታት በአማርኛ | AM-MEL-067:ጸሎተ መልክዕ ዘቅዱስ ጊዮርጊስ ሊቀ ሰማዕታት ካልዕ በአማርኛ | AM-SIB-001:ስብሐተ ፍቁር ዘቅዱስ ጊዮርጊስ ሊቀ ሰማዕታት በአማርኛ | GZ-MEL-036:መልክዐ ሥቃዩ ለጊዮርጊስ በግእዝ | GZ-MEL-065:መልክዐ ቅዱስ ጊዮርጊስ በግእዝ | GZ-MEL-123:መልክዐ አባ ጊዮርጊስ ዘጋሥጫ በግእዝ | GZ-MEL-154:መልክዐ ጊዮርጊስ በግእዝ | GZ-MEL-155:መልክዐ ጊዮርጊስ ካልዕ ወሥቃዩ በግእዝ | AM-GDL-001:ገድለ ቅዱስ አባ ጊዮርጊስ ዘጋሥጫ በአማርኛ | GZ-GDL-007:ገድለ ቅዱስ አባ ጊዮርጊስ ዘጋሥጫ በግእዝ | GZ-GDL-014:ገድለ ቅዱስ ጊዮርጊስ ሰማዕት በግእዝ | AM-GDL-018:ገድለ ቅዱስ ጊዮርጊስ ሰማዕት በአማርኛ,"1-7, 1-7, 1-7, 1-23, 1-23, 1-23, 1-23, 1-23, 1-23, 1-23"
5-4,124,ቅዱስ ማርቴና,ማርቴና,annual,NO_BOOK,,,
5-4,124,ቅዱስ ዮሐንስ ወንጌላዊ,ዮሐንስ ወንጌላዊ,monthly,CORRECT,AM-MEL-016:መልክዐ ቅዱስ ዮሐንስ ወንጌላዊ በአማርኛ | GZ-MEL-062:መልክዐ ቅዱስ ዮሐንስ ወንጌላዊ በግእዝ,AM-MEL-016:መልክዐ ቅዱስ ዮሐንስ ወንጌላዊ በአማርኛ | GZ-MEL-062:መልክዐ ቅዱስ ዮሐንስ ወንጌላዊ በግእዝ,"1-4, 1-4, 1-29, 1-29, 2-4, 2-4, 3-4, 3-4, 4-4, 4-4"
5-4,124,ቅዱስ እንድርያስ ሐዋርያ,እንድርያስ,monthly,CORRECT,AM-MEL-046:የቅዱስ እንድርያስ ሐዋርያ መልክዕ በአማርኛ | GZ-MEL-137:መልክዐ እንድርያስ ሐዋርያ በግእዝ,AM-MEL-046:የቅዱስ እንድርያስ ሐዋርያ መልክዕ በአማርኛ | GZ-MEL-102:መልክዐ አቡነ እንድርያስ ዘደብረ ስኂን (ፅፉን) በግእዝ | GZ-MEL-103:መልክዐ አቡነ እንድርያስ ዘደብረ ጽጌ በግእዝ | GZ-MEL-137:መልክዐ እንድርያስ ሐዋርያ በግእዝ,"1-4, 1-4, 2-4, 2-4, 3-4, 3-4, 4-4, 4-4, 5-4, 5-4"
5-4,124,ቅድስት ሶፍያ ሰማዕት,ሶፍያ,monthly,NO_BOOK,,,
5-4,124,ቅዱስ ዮሐንስ ዘሐራቅሊ (ሰማዕት),ዮሐንስ ዘሐራቅሊ,monthly,CORRECT,AM-MEL-016:መልክዐ ቅዱስ ዮሐንስ ወንጌላዊ በአማርኛ | AM-MEL-047:የቅዱስ ዮሐንስ 2ኛ መልክዕ በአማርኛ | GZ-MEL-061:መልክዐ ቅዱስ ዮሐንስ ካልእ በግእዝ | GZ-MEL-062:መልክዐ ቅዱስ ዮሐንስ ወንጌላዊ በግእዝ | GZ-MEL-149:መልክዐ ዮሐንስ ወልደ ነጎድጓድ በግእዝ | GZ-MEL-150:መልክዐ ዮሐንስ ፍቁረ እግዚእ በግእዝ | AM-GDL-013:የቅዱስ ዮሐንስ ገድል በአማርኛ,AM-MEL-016:መልክዐ ቅዱስ ዮሐንስ ወንጌላዊ በአማርኛ | AM-MEL-020:መልክዐ አቡነ ዕጨጌ ዮሐንስ በአማርኛ | AM-MEL-021:መልክዐ አቡነ ዮሐንስ ጻድቅ በአማርኛ | AM-MEL-047:የቅዱስ ዮሐንስ 2ኛ መልክዕ በአማርኛ | AM-MEL-048:የቅዱስ ዮሐንስ መጥምቅ መልክዕ በአማርኛ | GZ-MEL-060:መልክዐ ቅዱስ ዮሐንስ መጥምቅ በግእዝ | GZ-MEL-061:መልክዐ ቅዱስ ዮሐንስ ካልእ በግእዝ | GZ-MEL-062:መልክዐ ቅዱስ ዮሐንስ ወንጌላዊ በግእዝ | GZ-MEL-104:መልክዐ አቡነ ዕጨጌ ዮሐንስ በግእዝ | GZ-MEL-109:መልክዐ አቡነ ዮሐንስ ከማ በግእዝ | GZ-MEL-110:መልክዐ አቡነ ዮሐንስ ዘድብረ ዳጋ በግእዝ | GZ-MEL-149:መልክዐ ዮሐንስ ወልደ ነጎድጓድ በግእዝ | GZ-MEL-150:መልክዐ ዮሐንስ ፍቁረ እግዚእ በግእዝ | AM-GDL-013:የቅዱስ ዮሐንስ ገድል በአማርኛ | GZ-GDL-018:ገድለ አቡነ ዮሐንስ በግእዝ | AM-GDL-027:ገድለ አቡነ እጨጌ ዮሐንስ ዘጸገሮ በአማርኛ,"1-1, 1-1, 1-2, 1-2, 1-4, 1-4, 1-4, 1-4, 1-4, 1-4"
5-5,125,ቅዱስ አባ ማቴዎስ,ማቴዎስ,annual,WRONG_DATE,,GZ-MEL-080:መልክዐ አቡነ ማቴዎስ ዘደብረ በርበሬ በግእዝ | GZ-MEL-081:መልክዐ አቡነ ማቴዎስ ዘደብረ በርበሬ በግእዝ ካልእ,"3-13, 5-14"
5-5,125,ቅዱስ አውስግንዮስ አረጋዊ (ሰማዕት),አውስግንዮስ አረጋዊ,annual,WRONG_DATE,,GZ-MEL-073:መልክዐ አረጋዊ በግእዝ | AM-GDL-016:ገድለ አቡነ አረጋዊ በአማርኛ,"1-14, 1-14, 2-14, 2-14, 3-14, 3-14, 4-14, 4-14, 5-14, 5-14"
5-5,125,ቅድስት እስክንድርያ,እስክንድርያ,annual,NO_BOOK,,,
5-5,125,ቅድስት አውስያ ሰማዕት,አውስያ,annual,NO_BOOK,,,
5-5,125,ቅዱስ ዼጥሮስ ሊቀ ሐዋርያት,ዼጥሮስ ሊቀ ሐዋርያት,monthly,WRONG_DATE,,GZ-MEL-023:መልክዐ ሐዋርያት በግእዝ | GZ-GDL-017:ገድለ አቡነ ተክለ ሐዋርያት በግእዝ | GZ-GDL-032:መጽሐፈ ገድለ ቅዱሳን ሐዋርያት በግእዝ | AM-ZNA-003:ዜና ሐዋርያት በአማርኛ,"3-27, 11-5, 11-5, 11-5, 12-15, 12-15, 12-15"
5-5,125,ቅዱስ ዻውሎስ ብርሃነ ዓለም,ዻውሎስ ብርሃነ ዓለም,monthly,WRONG_DATE,,AM-MEL-034:የመድኀኔ ዓለም 3ኛ መልክዕ በአማርኛ | AM-MEL-035:የመድኀኔ ዓለም መልክዕ በአማርኛ | GZ-MEL-001:ሐዲስ መልክዐ መድኃኔዓለም በግእዝ | GZ-MEL-027:መልክዐ መድኀኔ ዓለም ሣልስ በግዕዝ | GZ-MEL-028:መልክዐ መድኃኔ ዓለም በግእዝ | GZ-DRS-005:ድርሳነ መድኃኔ ዓለም በግእዝ | AM-DRS-004:ድርሳነ መድኃኔ ዓለም በአማርኛ,"1-27, 1-27, 1-27, 1-27, 1-27, 1-27, 1-27, 2-27, 2-27, 2-27"
5-5,125,አቡነ ገብረ መንፈስ ቅዱስ,ገብረ መንፈስ ቅዱስ,monthly,CORRECT,GZ-MEL-151:መልክዐ ገብረ መንፈስ ቅዱስ በግእዝ | GZ-MEL-152:መልክዐ ገብረ መንፈስ ቅዱስ ካልዕ በግእዝ | AM-GDL-007:ገድለ አቡነ ገብረ መንፈስ ቅዱስ በአማርኛ,GZ-MEL-151:መልክዐ ገብረ መንፈስ ቅዱስ በግእዝ | GZ-MEL-152:መልክዐ ገብረ መንፈስ ቅዱስ ካልዕ በግእዝ | AM-GDL-007:ገድለ አቡነ ገብረ መንፈስ ቅዱስ በአማርኛ,"1-5, 1-5, 1-5, 2-5, 2-5, 2-5, 3-5, 3-5, 3-5, 4-5"
5-5,125,ቅዱስ ዮሐኒ ኢትዮዽያዊ,ዮሐኒ ኢትዮዽያዊ,monthly,NO_BOOK,,,
5-5,125,ቅዱስ አሞኒ ዘናሒሶ,አሞኒ ዘናሒሶ,monthly,NO_BOOK,,,
5-5,125,ቅድስት አውጋንያ (ሰማዕትና ጻድቅ),አውጋንያ,monthly,NO_BOOK,,,
5-6,126,በዓለ ግዝረቱ ለክርስቶስ,በዓለ ግዝረቱ ለክርስቶስ,annual,NO_BOOK,,,
5-6,126,ቅዱስ ኤልያስ ነቢይ,ኤልያስ,annual,CORRECT,AM-MEL-052:የነቢዩ የቅዱስ ኤልያስ 3ኛ መልክዕ በአማርኛ | GZ-MEL-059:መልክዐ ቅዱስ ኤልያስ ነቢይ ሣልስ በግእዝ | GZ-MEL-134:መልክዐ ኤልያስ በግእዝ | AM-DRS-005:ድርሳነ ኤልያስ ነቢይ በአማርኛ,AM-MEL-052:የነቢዩ የቅዱስ ኤልያስ 3ኛ መልክዕ በአማርኛ | GZ-MEL-059:መልክዐ ቅዱስ ኤልያስ ነቢይ ሣልስ በግእዝ | GZ-MEL-134:መልክዐ ኤልያስ በግእዝ | AM-DRS-005:ድርሳነ ኤልያስ ነቢይ በአማርኛ,"1-6, 1-6, 1-6, 1-6, 2-6, 2-6, 2-6, 2-6, 3-6, 3-6"
5-6,126,ቅዱስ ኖኅ ጻድቅ,ኖኅ,annual,NO_BOOK,,,
5-6,126,ታላቁ ቅዱስ ባስልዮስ ዘቂሣርያ,ታላቁ ቅዱስ ባስልዮስ ዘቂሣርያ,annual,NO_BOOK,,,
5-6,126,አባ ሙሴ ገዳማዊ,ሙሴ ገዳማዊ,annual,NO_BOOK,,,
5-6,126,አባ ወርክያኖስ,ወርክያኖስ,annual,NO_BOOK,,,
5-6,126,ቅድስት ደብረ ቁስቁዋም,ደብረ ቁስቁዋም,monthly,WRONG_DATE,,GZ-MEL-076:መልክዐ አቡነ መርቆሬዎስ ዘደብረ ድማኅ በግእዝ | GZ-MEL-080:መልክዐ አቡነ ማቴዎስ ዘደብረ በርበሬ በግእዝ | GZ-MEL-081:መልክዐ አቡነ ማቴዎስ ዘደብረ በርበሬ በግእዝ ካልእ | GZ-MEL-088:መልክዐ አቡነ ቡሩከ አምላክ ዘደብረ ኮል በግእዝ | GZ-MEL-089:መልክዐ አቡነ ብፁዓ አምላክ ዘደብረ ምዕዋን ወዘደብረ ኰዳዱ በግእዝ | GZ-MEL-099:መልክዐ አቡነ አብሳዲ ዘደብረ ማርያም በግእዝ | GZ-MEL-102:መልክዐ አቡነ እንድርያስ ዘደብረ ስኂን (ፅፉን) በግእዝ | GZ-MEL-103:መልክዐ አቡነ እንድርያስ ዘደብረ ጽጌ በግእዝ | GZ-MEL-107:መልክዐ አቡነ የሐንስ ዘደብረ ቢዘን በግእዝ | GZ-MEL-113:መልክዐ አቡነ ዮናስ ዘደብረ ድኁኃን ዘደብረ ጽጌ ወዘደብረ ጽዮን በግእዝ | GZ-MEL-120:መልክዐ አቡነ ፊልጶስ ዘደብረ ቢዘን በግእዝ | GZ-GDL-001:ገድለ አቡነ ፊልጶስ ዘደብረ ሊባኖስ በግእዝ,"1-13, 1-30, 2-13, 3-13, 3-13, 3-17, 4-1, 4-13, 4-16, 5-13"
5-6,126,አባታችን አዳምና እናታችን ሔዋን,አባታችን አዳምና እናታችን ሔዋን,monthly,CORRECT,AM-MEL-023:መልክዐ አዳም ወሔዋን በአማርኛ | GZ-MEL-127:መልክዐ አዳም ወሔዋን በግእዝ,AM-MEL-023:መልክዐ አዳም ወሔዋን በአማርኛ | AM-MEL-063:የአባታችን አብርሃም መልክዕ በአማርኛ | GZ-MEL-127:መልክዐ አዳም ወሔዋን በግእዝ,"1-6, 1-6, 2-6, 2-6, 3-6, 3-6, 4-6, 4-6, 5-6, 5-6"
5-6,126,ቅዱስ ዮሴፍ አረጋዊ,ዮሴፍ አረጋዊ,monthly,WRONG_DATE,,GZ-MEL-073:መልክዐ አረጋዊ በግእዝ | GZ-MEL-111:መልክዐ አቡነ ዮሴፍ በግእዝ | AM-GDL-016:ገድለ አቡነ አረጋዊ በአማርኛ | GZ-GDL-029:ገድለ አቡነ ዮሴፍ በግእዝ,"1-14, 1-14, 1-19, 1-19, 2-14, 2-14, 2-19, 2-19, 3-14, 3-14"
5-6,126,ቅድስት ሰሎሜ,ሰሎሜ,monthly,NO_BOOK,,,
5-6,126,አባ አርከ ሥሉስ,አርከ ሥሉስ,monthly,WRONG_DATE,,AM-TEA-003:ተአምኆ ዘሥሉስ ቅዱስ መልክዕ በአማርኛ | AM-TEA-002:ተአምኆ ዘሥሉስ ቅዱስ በአማርኛ | GZ-MEL-034:መልክዐ ሥሉስ ቅዱስ በግእዝ | GZ-TEA-002:ተአምኆ ዘሥሉስ ቅዱስ በግእዝ | GZ-TEA-003:ተአምኆ ዘሥሉስ ቅዱስ በግእዝ ካልእ,"None-None, None-None, None-None, None-None, 5-7"
5-6,126,አባ ጽጌ ድንግል,ጽጌ ድንግል,monthly,WRONG_DATE,,AM-MEL-019:መልክዐ አቡነ ሐራ ድንግል በአማርኛ | GZ-MEL-021:መልክዐ ሐራ ድንግል በግእዝ,"1-11, 1-11, 2-11, 2-11, 3-11, 3-11, 4-11, 4-11, 5-11, 5-11"
5-6,126,ቅድስት አርሴማ ድንግል,አርሴማ ድንግል,monthly,CORRECT,GZ-MEL-042:መልክዐ ሰማዕት ቅድስት አርሴማ በግእዝ | AM-GDL-008:ገድለ ሰማዕት ቅድስት አርሴማ በአማርኛ | GZ-GDL-033:ገድለ ሰማዕት ቅድስት አርሴማ በግእዝ,AM-MEL-019:መልክዐ አቡነ ሐራ ድንግል በአማርኛ | GZ-MEL-021:መልክዐ ሐራ ድንግል በግእዝ | GZ-MEL-042:መልክዐ ሰማዕት ቅድስት አርሴማ በግእዝ | AM-GDL-008:ገድለ ሰማዕት ቅድስት አርሴማ በአማርኛ | GZ-GDL-033:ገድለ ሰማዕት ቅድስት አርሴማ በግእዝ,"1-6, 1-6, 1-6, 1-11, 1-11, 1-29, 1-29, 1-29, 2-6, 2-6"
5-7,127,በዓለ ሥሉስ ቅዱስ,በዓለ ሥሉስ ቅዱስ,annual,CORRECT,GZ-MEL-034:መልክዐ ሥሉስ ቅዱስ በግእዝ | GZ-MEL-058:መልክዐ ቅዱስ አግናጥዮስ ምጥው ለአንበሳ በግእዝ | AM-GDL-001:ገድለ ቅዱስ አባ ጊዮርጊስ ዘጋሥጫ በአማርኛ | GZ-GDL-007:ገድለ ቅዱስ አባ ጊዮርጊስ ዘጋሥጫ በግእዝ,AM-MEL-012:መልክዐ ቅዱስ መስቀል በአማርኛ | AM-MEL-013:መልክዐ ቅዱስ ሚናስ በአማርኛ | AM-MEL-014:መልክዐ ቅዱስ ራጉኤል በአማርኛ | AM-MEL-015:መልክዐ ቅዱስ ቂርቆስ በአማርኛ | AM-MEL-016:መልክዐ ቅዱስ ዮሐንስ ወንጌላዊ በአማርኛ | AM-TEA-003:ተአምኆ ዘሥሉስ ቅዱስ መልክዕ በአማርኛ | AM-MEL-033:የሐዋርያው የቅዱስ ታዴዎስ መልክዕ በአማርኛ | AM-MEL-036:የሰማዕቱ ቅዱስ ጊጋር መልክዕ በአማርኛ | AM-MEL-039:የቅዱስ መርምሕናም መልክዕ በአማርኛ | AM-MEL-040:የቅዱስ መስቀል 3ኛ መልክዕ በአማርኛ | AM-MEL-041:የቅዱስ ሚካኤል 3ኛ መልክዕ በአማርኛ | AM-MEL-042:የቅዱስ ማርቆስ 2ኛ መልክዕ በአማርኛ | AM-MEL-043:የቅዱስ ሩፋኤል መልክዕ በአማርኛ | AM-MEL-044:የቅዱስ አቦሊ መልክዕ በአማርኛ | AM-MEL-045:የቅዱስ እስጢፋኖስ 2ኛ መልክዕ በአማርኛ | AM-MEL-046:የቅዱስ እንድርያስ ሐዋርያ መልክዕ በአማርኛ | AM-MEL-047:የቅዱስ ዮሐንስ 2ኛ መልክዕ በአማርኛ | AM-MEL-048:የቅዱስ ዮሐንስ መጥምቅ መልክዕ በአማርኛ | AM-MEL-049:የቅዱስ ዳዊት መልክዕ በአማርኛ | AM-MEL-050:የቅዱስ ገብርኤል መልክዕ በአማርኛ | AM-MEL-051:የቅዱስ ጊዮርጊስ መልክዕ በአማርኛ | AM-MEL-052:የነቢዩ የቅዱስ ኤልያስ 3ኛ መልክዕ በአማርኛ | AM-MEL-065:ጸሎተ መልክዐ ሥቃዩ ለቅዱስ ጊዮርጊስ ሊቀ ሰማዕታት በአማርኛ | AM-MEL-066:ጸሎተ መልክዕ ዘቅዱስ ጊዮርጊስ ሊቀ ሰማዕታት በአማርኛ | AM-MEL-067:ጸሎተ መልክዕ ዘቅዱስ ጊዮርጊስ ሊቀ ሰማዕታት ካልዕ በአማርኛ | AM-SIB-001:ስብሐተ ፍቁር ዘቅዱስ ጊዮርጊስ ሊቀ ሰማዕታት በአማርኛ | AM-TEA-002:ተአምኆ ዘሥሉስ ቅዱስ በአማርኛ | GZ-MEL-004:መልክዐ ሊቀ መላእክት ቅዱስ ሚካኤል ሣልስ በግእዝ | GZ-MEL-005:መልክዐ ሊቀ መላእክት ቅዱስ ሚካኤል ካልዕ በግእዝ | GZ-MEL-006:መልክዐ ሊቀ መላእክት ቅዱስ ሩፋኤል በግእዝ | GZ-MEL-007:መልክዐ ሊቀ መላእክት ቅዱስ ራጉኤል በግእዝ | GZ-MEL-008:መልክዐ ሊቀ መላእክት ቅዱስ ሱርያል በግእዝ | GZ-MEL-009:መልክዐ ሊቀ መላእክት ቅዱስ በግእዝ | GZ-MEL-010:መልክዐ ሊቀ መላእክት ቅዱስ አፍኒን በግእዝ | GZ-MEL-011:መልክዐ ሊቀ መላእክት ቅዱስ ዑራኤል በግእዝ | GZ-MEL-012:መልክዐ ሊቀ መላእክት ቅዱስ ዑራኤል ካልእ በግእዝ | GZ-MEL-013:መልክዐ ሊቀ መላእክት ቅዱስ ገብርኤል በግእዝ | GZ-MEL-014:መልክዐ ሊቀ መላእክት ቅዱስ ገብርኤል ካልዕ (ደቅስዮስ) በግእዝ | GZ-MEL-015:መልክዐ ሊቀ መላእክት ቅዱስ ፋኑኤል በግእዝ | GZ-MEL-016:መልክዐ ሊቀ ሰማዕታት ቅዱስ እስጢፋኖስ በግእዝ | GZ-MEL-017:መልክዐ ሊቀ ሰማዕታት ቅዱስ እስጢፋኖስ ካልእ በግእዝ | GZ-MEL-034:መልክዐ ሥሉስ ቅዱስ በግእዝ | GZ-MEL-039:መልክዐ ሰማዕት ቅዱስ መርቆሬዎስ በግእዝ | GZ-MEL-040:መልክዐ ሰማዕት ቅዱስ ቴዎድሮስ በግእዝ | GZ-MEL-041:መልክዐ ሰማዕት ቅዱስ ፋሲለደስ በግእዝ | GZ-MEL-049:መልክዐ ቅዱስ መርምሕናም በግእዝ | GZ-MEL-050:መልክዐ ቅዱስ መስቀል ሣልስ በግእዝ | GZ-MEL-051:መልክዐ ቅዱስ መስቀል በግእዝ | GZ-MEL-052:መልክዐ ቅዱስ ሚናስ በግእዝ | GZ-MEL-053:መልክዐ ቅዱስ ማርቆስ ካልእ በግእዝ | GZ-MEL-054:መልክዐ ቅዱስ ቂርቆስ በግእዝ | GZ-MEL-055:መልክዐ ቅዱስ ታዴዎስ በግእዝ | GZ-MEL-056:መልክዐ ቅዱስ አባዲር በግእዝ | GZ-MEL-057:መልክዐ ቅዱስ አቦሊ በግእዝ | GZ-MEL-058:መልክዐ ቅዱስ አግናጥዮስ ምጥው ለአንበሳ በግእዝ | GZ-MEL-059:መልክዐ ቅዱስ ኤልያስ ነቢይ ሣልስ በግእዝ | GZ-MEL-060:መልክዐ ቅዱስ ዮሐንስ መጥምቅ በግእዝ | GZ-MEL-061:መልክዐ ቅዱስ ዮሐንስ ካልእ በግእዝ | GZ-MEL-062:መልክዐ ቅዱስ ዮሐንስ ወንጌላዊ በግእዝ | GZ-MEL-063:መልክዐ ቅዱስ ዮስጦስ በግእዝ | GZ-MEL-064:መልክዐ ቅዱስ ዳዊት በግእዝ | GZ-MEL-065:መልክዐ ቅዱስ ጊዮርጊስ በግእዝ | GZ-MEL-151:መልክዐ ገብረ መንፈስ ቅዱስ በግእዝ | GZ-MEL-152:መልክዐ ገብረ መንፈስ ቅዱስ ካልዕ በግእዝ | GZ-TEA-002:ተአምኆ ዘሥሉስ ቅዱስ በግእዝ | GZ-TEA-003:ተአምኆ ዘሥሉስ ቅዱስ በግእዝ ካልእ | GZ-MEL-165:መልክዐ ሊቀ መላእክት ቅዱስ ሚካኤል ካልዕ በግእ | AM-GDL-001:ገድለ ቅዱስ አባ ጊዮርጊስ ዘጋሥጫ በአማርኛ | GZ-GDL-002:ገድለ ሰማዕት ቅዱስ መርቆሬዎስ በግእዝ | GZ-DRS-003:ድርሳነ ቅዱስ ራጉኤል በግእዝ | AM-DRS-001:የቅዱስ ኢያቄምና- የቅድስት ሐና ድርሳን በአማርኛ | GZ-GDL-007:ገድለ ቅዱስ አባ ጊዮርጊስ ዘጋሥጫ በግእዝ | AM-GDL-007:ገድለ አቡነ ገብረ መንፈስ ቅዱስ በአማርኛ | GZ-GDL-008:ገድለ ቅዱስ ዞሲማስ በግእዝ | AM-GDL-009:ገድለ ቅዱስ እስጢፋኖስ አማርኛ | GZ-GDL-009:ገድለ ቅዱስ ሱስንዮስ በግእዝ | GZ-GDL-010:ገድለ ቅዱስ ዮስጦስ በግእዝ | GZ-GDL-012:ገድለ ቅዱስ ቈጵርያኖስ ወቅድስት ኢዩስጣ በግእዝ | AM-GDL-013:የቅዱስ ዮሐንስ ገድል በአማርኛ | GZ-GDL-014:ገድለ ቅዱስ ጊዮርጊስ ሰማዕት በግእዝ | AM-GDL-015:ገድለ ሰማዕት ቅዱስ መርቆሬዎስ በአማርኛ | AM-GDL-018:ገድለ ቅዱስ ጊዮርጊስ ሰማዕት በአማርኛ | GZ-DRS-007:ድርሳን ዘቅዱስ ኢያቄም ወቅድስት ሐና በግእዝ | GZ-GDL-021:ድርሳን ወገድል ዘቅዱስ ያሬድ በግእዝ | GZ-GDL-022:ገድለ ቅዱስ እስጢፋኖስ በግእዝ | GZ-GDL-027:ገድለ ቅዱስ ፊቅጦር በግእዝ | AM-GDL-023:የቅዱስ ቂርቆስና የቅድስት ኢየሉጣ ገድል በአማርኛ | GZ-GDL-030:ገድለ ቅዱስ ቴዎድሮስ በግእዝ | GZ-DRS-009:ድርሳን ቅዱስ ሩፋኤል በግእዝ | GZ-GDL-031:ገድለ ሰማዕት ቅዱስ ቴዎድሮስ በግእዝ | AM-GDL-024:ገድለ ቅዱስ አቡነ አቢብ በአማርኛ | AM-GDL-025:ገድለ ቅዱስ ዞሲማስ በአማርኛ | AM-DRS-010:ድርሳነ ቅዱስ ራጉኤል በአማርኛ | AM-GDL-029:ገድለ ቅዱስ ፊቅጦር በአማርኛ | AM-GDL-030:ገድለ ሰማዕት ቅዱስ ቴዎድሮስ በአማርኛ,"None-None, None-None, None-None, None-None, 1-1, 1-1, 1-1, 1-1, 1-1, 1-1"
5-7,127,ቅዱስ ሶል ዼጥሮስ,ሶል ዼጥሮስ,annual,NO_BOOK,,,
5-7,127,ቅዱስ ኤፍሬም,ኤፍሬም,annual,NO_BOOK,,,
5-7,127,ቅዱስ ሰሎሞን,ሰሎሞን,annual,WRONG_DATE,,GZ-TBB-001:ጥበበ ሰሎሞን በግእዝ,
5-7,127,አባ ጊዮርጊስ ዘጋስጫ,ጊዮርጊስ ዘጋስጫ,monthly,CORRECT,GZ-MEL-123:መልክዐ አባ ጊዮርጊስ ዘጋሥጫ በግእዝ | AM-GDL-001:ገድለ ቅዱስ አባ ጊዮርጊስ ዘጋሥጫ በአማርኛ | GZ-GDL-007:ገድለ ቅዱስ አባ ጊዮርጊስ ዘጋሥጫ በግእዝ,AM-MEL-051:የቅዱስ ጊዮርጊስ መልክዕ በአማርኛ | AM-MEL-065:ጸሎተ መልክዐ ሥቃዩ ለቅዱስ ጊዮርጊስ ሊቀ ሰማዕታት በአማርኛ | AM-MEL-066:ጸሎተ መልክዕ ዘቅዱስ ጊዮርጊስ ሊቀ ሰማዕታት በአማርኛ | AM-MEL-067:ጸሎተ መልክዕ ዘቅዱስ ጊዮርጊስ ሊቀ ሰማዕታት ካልዕ በአማርኛ | AM-SIB-001:ስብሐተ ፍቁር ዘቅዱስ ጊዮርጊስ ሊቀ ሰማዕታት በአማርኛ | GZ-MEL-036:መልክዐ ሥቃዩ ለጊዮርጊስ በግእዝ | GZ-MEL-065:መልክዐ ቅዱስ ጊዮርጊስ በግእዝ | GZ-MEL-123:መልክዐ አባ ጊዮርጊስ ዘጋሥጫ በግእዝ | GZ-MEL-154:መልክዐ ጊዮርጊስ በግእዝ | GZ-MEL-155:መልክዐ ጊዮርጊስ ካልዕ ወሥቃዩ በግእዝ | AM-GDL-001:ገድለ ቅዱስ አባ ጊዮርጊስ ዘጋሥጫ በአማርኛ | GZ-GDL-007:ገድለ ቅዱስ አባ ጊዮርጊስ ዘጋሥጫ በግእዝ | GZ-GDL-014:ገድለ ቅዱስ ጊዮርጊስ ሰማዕት በግእዝ | AM-GDL-018:ገድለ ቅዱስ ጊዮርጊስ ሰማዕት በአማርኛ,"1-7, 1-7, 1-7, 1-23, 1-23, 1-23, 1-23, 1-23, 1-23, 1-23"
5-7,127,አባ ሲኖዳ (የባሕታውያን አለቃ),ሲኖዳ,monthly,NO_BOOK,,,
5-7,127,አባ ዳንኤል ዘገዳመ ሲሐት,ዳንኤል ዘገዳመ ሲሐት,monthly,WRONG_DATE,,GZ-MEL-114:መልክዐ አቡነ ዳንኤል በግእዝ | GZ-GDL-028:ገድለ አቡነ ዳንኤል በግእዝ,"3-6, 3-6"
5-7,127,አባ ባውላ ገዳማዊ,ባውላ ገዳማዊ,monthly,NO_BOOK,,,
5-7,127,ቅዱስ አትናቴዎስ ሐዋርያዊ,አትናቴዎስ ሐዋርያዊ,monthly,NO_BOOK,,,
5-7,127,ቅዱስ አግናጥዮስ (ለአንበሳ የተሰጠ),አግናጥዮስ,monthly,CORRECT,GZ-MEL-058:መልክዐ ቅዱስ አግናጥዮስ ምጥው ለአንበሳ በግእዝ,GZ-MEL-058:መልክዐ ቅዱስ አግናጥዮስ ምጥው ለአንበሳ በግእዝ,"1-7, 2-7, 2-26, 3-7, 4-7, 4-24, 5-7, 6-7, 7-7, 8-7"
5-8,128,ታላቁ ቅዱስ መቃርስ,ታላቁ ቅዱስ መቃርስ,annual,NO_BOOK,,,
5-8,128,ቅዱስ ሚክያስ ነቢይ,ሚክያስ,annual,NO_BOOK,,,
5-8,128,አባ እንድራኒቆስ ሊቀ ዻዻሳት,እንድራኒቆስ ሊቀ ዻዻሳት,annual,NO_BOOK,,,
5-8,128,አባ ብንያሚን ሊቀ ዻዻሳት,ብንያሚን ሊቀ ዻዻሳት,annual,NO_BOOK,,,
5-8,128,ቅዱስ ሙሴ ሊቀ ነቢያት,ሙሴ ሊቀ ነቢያት,monthly,WRONG_DATE,,AM-TSE-003:የነቢያት ጸሎት በአማርኛ | GZ-TSE-002:ጸሎተ ነቢያት በግእዝ | TI-MZM-002:መዝሙር መኃልይ ነቢያት ብትግርኛ,"None-None, None-None, None-None"
5-8,128,ኪሩቤል (አርባዕቱ እንስሳ),ኪሩቤል,monthly,NO_BOOK,,,
5-8,128,አባ ብሶይ (ቢሾይ),ብሶይ,monthly,NO_BOOK,,,
5-8,128,አቡነ ኪሮስ,ኪሮስ,monthly,CORRECT,GZ-GDL-016:ገድለ አቡነ ኪሮስ በግእዝ | AM-GDL-021:ገድለ አቡነ ኪሮስ በአማርኛ,GZ-GDL-016:ገድለ አቡነ ኪሮስ በግእዝ | AM-GDL-021:ገድለ አቡነ ኪሮስ በአማርኛ,"1-8, 1-8, 2-8, 2-8, 3-8, 3-8, 4-8, 4-8, 5-8, 5-8"
5-8,128,አባ ሳሙኤል ዘደብረ ቀልሞን,ሳሙኤል ዘደብረ ቀልሞን,monthly,WRONG_DATE,,AM-MEL-054:የአቡነ ሳሙኤል ዘዋልድባ መልክዕ በአማርኛ | AM-MEL-055:የአቡነ ሳሙኤል ዘዋልድባ ኹለተኛ መልክዕ በአማርኛ | GZ-MEL-084:መልክዐ አቡነ ሳሙኤል በግእዝ ሣልስ በግእዝ | GZ-MEL-085:መልክዐ አቡነ ሳሙኤል ዘዋልድባ በግእዝ | GZ-MEL-086:መልክዐ አቡነ ሳሙኤል ዘዋልድባ ካልዕ በግእዝ,"1-12, 1-12, 1-12, 1-12, 1-12, 2-12, 2-12, 2-12, 2-12, 2-12"
5-8,128,ቅዱስ ማትያስ ሐዋርያ (ከ፲፪ቱ ሐዋርያት),ማትያስ ሐዋርያ,monthly,WRONG_DATE,,AM-MEL-033:የሐዋርያው የቅዱስ ታዴዎስ መልክዕ በአማርኛ | AM-MEL-046:የቅዱስ እንድርያስ ሐዋርያ መልክዕ በአማርኛ | GZ-MEL-023:መልክዐ ሐዋርያት በግእዝ | GZ-MEL-137:መልክዐ እንድርያስ ሐዋርያ በግእዝ | GZ-GDL-017:ገድለ አቡነ ተክለ ሐዋርያት በግእዝ | GZ-GDL-032:መጽሐፈ ገድለ ቅዱሳን ሐዋርያት በግእዝ | AM-ZNA-003:ዜና ሐዋርያት በአማርኛ,"1-2, 1-4, 1-4, 2-2, 2-4, 2-4, 3-2, 3-4, 3-4, 3-27"
5-9,129,አባ አብርሃም ገዳማዊ,አብርሃም ገዳማዊ,annual,WRONG_DATE,,AM-MEL-022:መልክዐ አብርሃም ይሥሐቅ ያዕቆብ በአማርኛ | AM-MEL-063:የአባታችን አብርሃም መልክዕ በአማርኛ | GZ-MEL-098:መልክዐ አቡነ አብርሃም በግእዝ | GZ-MEL-124:መልክዐ አብርሃም ይሥሐቅ ወያዕቆብ በግእዝ | GZ-GDL-013:ገድለ ዘርዐ አብርሃም በግእዝ,"1-28, 1-28, 2-28, 2-28, 3-28, 3-28, 4-24, 4-28, 4-28, 5-28"
5-9,129,አባ ገዐርጊ ጻድቅ,ገዐርጊ,annual,NO_BOOK,,,
5-9,129,ቅዱስ ዲዮስቅርስ ዘሮሜ,ዲዮስቅርስ ዘሮሜ,annual,NO_BOOK,,,
5-9,129,አባ ኪናፎርያ,ኪናፎርያ,annual,NO_BOOK,,,
5-9,129,ቅዱሳን ፫፲፰ቱ ሊቃውንት,፫፲፰ቱ ሊቃውንት,monthly,NO_BOOK,,,
5-9,129,አባ በርሱማ ሶርያዊ (ለሶርያ መነኮሳት ኁሉ አባት),በርሱማ ሶርያዊ,monthly,NO_BOOK,,,
5-9,129,አቡነ እስትንፋሰ ክርስቶስ,እስትንፋሰ ክርስቶስ,monthly,CORRECT,GZ-MEL-136:መልክዐ እስትንፋሰ ክርስቶስ በግእዝ | AM-GDL-014:የአቡነ እስትንፋሰ ክርስቶስ ገድል በአማርኛ,GZ-MEL-136:መልክዐ እስትንፋሰ ክርስቶስ በግእዝ | AM-GDL-014:የአቡነ እስትንፋሰ ክርስቶስ ገድል በአማርኛ,"1-9, 1-9, 2-9, 2-9, 3-9, 3-9, 4-9, 4-9, 5-9, 5-9"
5-9,129,የብሔረ ብፁዐን ጻድቃን,የብሔረ ብፁዐን ጻድቃን,monthly,WRONG_DATE,,GZ-MEL-160:መልክዐ ጻድቃን ዘባርክናሃ በግእዝ,4-29
5-9,129,አባ መልከ ጼዴቅ ዘሚዳ,መልከ ጼዴቅ ዘሚዳ,monthly,CORRECT,AM-MEL-068:የአቡነ መልከ ጼዴቅ መልክእ በአማርኛ | GZ-MEL-075:መልክዐ አቡነ መልከ ጼዴቅ በግእዝ,AM-MEL-068:የአቡነ መልከ ጼዴቅ መልክእ በአማርኛ | GZ-MEL-002:መልከዐ ማርያም ዳግሚት በግእዝ | GZ-MEL-003:መልከዐ አቡነ ሊቃኖስ በግእዝ | GZ-MEL-075:መልክዐ አቡነ መልከ ጼዴቅ በግእዝ,"1-9, 1-9, 1-21, 2-9, 2-9, 2-21, 3-9, 3-9, 3-21, 3-28"
5-9,129,ቅዱስ ዞሲማስ ጻድቅ,ዞሲማስ,monthly,CORRECT,GZ-GDL-008:ገድለ ቅዱስ ዞሲማስ በግእዝ | AM-GDL-025:ገድለ ቅዱስ ዞሲማስ በአማርኛ,GZ-GDL-008:ገድለ ቅዱስ ዞሲማስ በግእዝ | AM-GDL-025:ገድለ ቅዱስ ዞሲማስ በአማርኛ,"1-9, 1-9, 2-9, 2-9, 3-9, 3-9, 4-9, 4-9, 5-9, 5-9"
5-10,130,ጾመ ገሃድ,ጾመ ገሃድ,annual,NO_BOOK,,,
5-10,130,አባ ታውብንስጦስ ዘሲሐት,ታውብንስጦስ ዘሲሐት,annual,NO_BOOK,,,
5-10,130,ቅዱስ ኪናርያ,ኪናርያ,annual,NO_BOOK,,,
5-10,130,ቅድስት ጠምያኒ,ጠምያኒ,annual,NO_BOOK,,,
5-10,130,ቅዱስ ናትናኤል ሐዋርያ,ናትናኤል,monthly,NO_BOOK,,,
5-10,130,ቅዱስ ኒቆላዎስ ዘሃገረ ሜራ,ኒቆላዎስ ዘሃገረ ሜራ,monthly,NO_BOOK,,,
5-10,130,አቡነ መልክዐ ክርስቶስ,መልክዐ ክርስቶስ,monthly,WRONG_DATE,,GZ-MEL-143:መልክዐ ክርስቶስ ሠምራ በግእዝ,"1-24, 2-24, 3-24, 4-24, 5-24, 6-24, 7-24, 8-24, 9-12, 9-24"
5-10,130,ቅዱስ ያዕቆብ ሐዋርያ (ወልደ እልፍዮስ),ያዕቆብ ሐዋርያ,monthly,WRONG_DATE,,AM-MEL-022:መልክዐ አብርሃም ይሥሐቅ ያዕቆብ በአማርኛ | AM-MEL-033:የሐዋርያው የቅዱስ ታዴዎስ መልክዕ በአማርኛ | AM-MEL-046:የቅዱስ እንድርያስ ሐዋርያ መልክዕ በአማርኛ | GZ-MEL-023:መልክዐ ሐዋርያት በግእዝ | GZ-MEL-124:መልክዐ አብርሃም ይሥሐቅ ወያዕቆብ በግእዝ | GZ-MEL-137:መልክዐ እንድርያስ ሐዋርያ በግእዝ | GZ-GDL-017:ገድለ አቡነ ተክለ ሐዋርያት በግእዝ | GZ-GDL-032:መጽሐፈ ገድለ ቅዱሳን ሐዋርያት በግእዝ | AM-ZNA-003:ዜና ሐዋርያት በአማርኛ,"1-2, 1-4, 1-4, 1-28, 1-28, 2-2, 2-4, 2-4, 2-28, 2-28"
5-10,130,ቅድስት ዕሌኒ ንግስት,ዕሌኒ ንግስት,monthly,NO_BOOK,,,
5-10,130,ታላቁ ቅዱስ ቆስጠንጢኖስ,ታላቁ ቅዱስ ቆስጠንጢኖስ,monthly,NO_BOOK,,,
5-10,130,ቅዱስ እፀ መስቀል,እፀ መስቀል,monthly,CORRECT,AM-MEL-012:መልክዐ ቅዱስ መስቀል በአማርኛ | AM-MEL-040:የቅዱስ መስቀል 3ኛ መልክዕ በአማርኛ | GZ-MEL-050:መልክዐ ቅዱስ መስቀል ሣልስ በግእዝ | GZ-MEL-051:መልክዐ ቅዱስ መስቀል በግእዝ | GZ-DRS-002:ድርሳነ መስቀል በግእዝ | AM-DRS-008:ድርሳነ መስቀል በአማርኛ,AM-MEL-004:መልክዐ ሕማማተ መስቀል በአማርኛ | AM-MEL-012:መልክዐ ቅዱስ መስቀል በአማርኛ | AM-MEL-040:የቅዱስ መስቀል 3ኛ መልክዕ በአማርኛ | AM-TSE-001:የመስቀል አጥር ጸሎት በአማርኛ | AM-WUD-001:ውዳሴ መስቀል በአማርኛ | GZ-HAT-001:ሐፁረ መስቀል በግእዝ | GZ-MEL-024:መልክዐ ሕማማተ መስቀል በግእዝ | GZ-MEL-050:መልክዐ ቅዱስ መስቀል ሣልስ በግእዝ | GZ-MEL-051:መልክዐ ቅዱስ መስቀል በግእዝ | GZ-WUD-001:ውዳሴ መስቀል በግእዝ | GZ-DRS-002:ድርሳነ መስቀል በግእዝ | AM-DRS-008:ድርሳነ መስቀል በአማርኛ,"None-None, None-None, None-None, None-None, None-None, None-None, 1-10, 1-10, 1-10, 1-10"
5-11,131,በዓለ ኤዺፋንያ,በዓለ ኤዺፋንያ,annual,NO_BOOK,,,
5-11,131,ቅዱስ ዮሐንስ መጥምቅ,ዮሐንስ መጥምቅ,annual,CORRECT,AM-MEL-048:የቅዱስ ዮሐንስ መጥምቅ መልክዕ በአማርኛ | GZ-MEL-060:መልክዐ ቅዱስ ዮሐንስ መጥምቅ በግእዝ,AM-MEL-048:የቅዱስ ዮሐንስ መጥምቅ መልክዕ በአማርኛ | GZ-MEL-060:መልክዐ ቅዱስ ዮሐንስ መጥምቅ በግእዝ,"1-1, 1-1, 1-2, 1-2, 1-26, 1-26, 1-30, 1-30, 2-2, 2-2"
5-11,131,አቡነ ሐራ ድንግል ጻድቅ,ሐራ ድንግል,annual,CORRECT,AM-MEL-019:መልክዐ አቡነ ሐራ ድንግል በአማርኛ | GZ-MEL-021:መልክዐ ሐራ ድንግል በግእዝ,AM-MEL-019:መልክዐ አቡነ ሐራ ድንግል በአማርኛ | GZ-MEL-021:መልክዐ ሐራ ድንግል በግእዝ,"1-11, 1-11, 2-11, 2-11, 3-11, 3-11, 4-11, 4-11, 5-11, 5-11"
5-11,131,አባ ወቅሪስ ገዳማዊ,ወቅሪስ ገዳማዊ,annual,NO_BOOK,,,
5-11,131,አባ ዮሐንስ ሊቀ ዻዻሳት,ዮሐንስ ሊቀ ዻዻሳት,annual,CORRECT,AM-MEL-048:የቅዱስ ዮሐንስ መጥምቅ መልክዕ በአማርኛ | GZ-MEL-060:መልክዐ ቅዱስ ዮሐንስ መጥምቅ በግእዝ,AM-MEL-016:መልክዐ ቅዱስ ዮሐንስ ወንጌላዊ በአማርኛ | AM-MEL-020:መልክዐ አቡነ ዕጨጌ ዮሐንስ በአማርኛ | AM-MEL-021:መልክዐ አቡነ ዮሐንስ ጻድቅ በአማርኛ | AM-MEL-047:የቅዱስ ዮሐንስ 2ኛ መልክዕ በአማርኛ | AM-MEL-048:የቅዱስ ዮሐንስ መጥምቅ መልክዕ በአማርኛ | GZ-MEL-060:መልክዐ ቅዱስ ዮሐንስ መጥምቅ በግእዝ | GZ-MEL-061:መልክዐ ቅዱስ ዮሐንስ ካልእ በግእዝ | GZ-MEL-062:መልክዐ ቅዱስ ዮሐንስ ወንጌላዊ በግእዝ | GZ-MEL-104:መልክዐ አቡነ ዕጨጌ ዮሐንስ በግእዝ | GZ-MEL-109:መልክዐ አቡነ ዮሐንስ ከማ በግእዝ | GZ-MEL-110:መልክዐ አቡነ ዮሐንስ ዘድብረ ዳጋ በግእዝ | GZ-MEL-149:መልክዐ ዮሐንስ ወልደ ነጎድጓድ በግእዝ | GZ-MEL-150:መልክዐ ዮሐንስ ፍቁረ እግዚእ በግእዝ | AM-GDL-013:የቅዱስ ዮሐንስ ገድል በአማርኛ | GZ-GDL-018:ገድለ አቡነ ዮሐንስ በግእዝ | AM-GDL-027:ገድለ አቡነ እጨጌ ዮሐንስ ዘጸገሮ በአማርኛ,"1-1, 1-1, 1-2, 1-2, 1-4, 1-4, 1-4, 1-4, 1-4, 1-4"
5-11,131,ቅዱስ እንጣልዮስ ሰማዕት,እንጣልዮስ,annual,NO_BOOK,,,
5-11,131,ቅዱስ ያሬድ ካህን,ያሬድ ካህን,monthly,CORRECT,GZ-MEL-146:መልክዐ ያሬድ በግእዝ | GZ-MEL-147:መልክዐ ያሬድ ካልዕ በግእዝ | GZ-GDL-021:ድርሳን ወገድል ዘቅዱስ ያሬድ በግእዝ,GZ-MEL-146:መልክዐ ያሬድ በግእዝ | GZ-MEL-147:መልክዐ ያሬድ ካልዕ በግእዝ | GZ-GDL-021:ድርሳን ወገድል ዘቅዱስ ያሬድ በግእዝ,"1-11, 1-11, 1-11, 2-11, 2-11, 2-11, 3-11, 3-11, 3-11, 4-11"
5-11,131,ማር ገላውዴዎስ ሰማዕት,ማር ገላውዴዎስ,monthly,WRONG_DATE,,GZ-ZNA-002:ዜናሁ ለንጉሥ ገላውዴዎስ በግእዝ,7-27
5-11,131,ቅዱስ ፋሲለደስ ሰማዕት,ፋሲለደስ,monthly,CORRECT,GZ-MEL-041:መልክዐ ሰማዕት ቅዱስ ፋሲለደስ በግእዝ,GZ-MEL-041:መልክዐ ሰማዕት ቅዱስ ፋሲለደስ በግእዝ,"1-11, 2-11, 3-11, 4-11, 5-11, 6-11, 7-11, 8-11, 9-11, 10-11"
5-11,131,ቅድስት ሐና ቡርክት,ሐና ቡርክት,monthly,NO_BOOK,,,
5-12,132,ቃና ዘገሊላ,ቃና ዘገሊላ,annual,NO_BOOK,,,
5-12,132,ቅዱስ ያዕቆብ እሥራኤል,ያዕቆብ እሥራኤል,annual,WRONG_DATE,,AM-MEL-022:መልክዐ አብርሃም ይሥሐቅ ያዕቆብ በአማርኛ | GZ-MEL-124:መልክዐ አብርሃም ይሥሐቅ ወያዕቆብ በግእዝ,"1-28, 1-28, 2-28, 2-28, 3-28, 3-28, 4-28, 4-28, 5-28, 5-28"
5-12,132,ቅዱስ ቴዎድሮስ በናድሌዎስ,ቴዎድሮስ በናድሌዎስ,annual,CORRECT,GZ-MEL-040:መልክዐ ሰማዕት ቅዱስ ቴዎድሮስ በግእዝ | GZ-GDL-030:ገድለ ቅዱስ ቴዎድሮስ በግእዝ | GZ-GDL-031:ገድለ ሰማዕት ቅዱስ ቴዎድሮስ በግእዝ | AM-GDL-030:ገድለ ሰማዕት ቅዱስ ቴዎድሮስ በአማርኛ,GZ-MEL-040:መልክዐ ሰማዕት ቅዱስ ቴዎድሮስ በግእዝ | GZ-GDL-030:ገድለ ቅዱስ ቴዎድሮስ በግእዝ | GZ-GDL-031:ገድለ ሰማዕት ቅዱስ ቴዎድሮስ በግእዝ | AM-GDL-030:ገድለ ሰማዕት ቅዱስ ቴዎድሮስ በአማርኛ,"1-12, 1-12, 1-12, 1-12, 1-20, 1-20, 1-20, 1-20, 2-12, 2-12"
5-12,132,ቅዱሳን ለውንድዮስ እና ኒቆሮስ,ለውንድዮስ እና ኒቆሮስ,annual,NO_BOOK,,,
5-12,132,"፭ ሚሊየን"" ሰማዕታት (የቅዱስ ቴዎድሮስ ማሕበር)","፭ ሚሊየን"" ሰማዕታት",annual,WRONG_DATE,,AM-MEL-065:ጸሎተ መልክዐ ሥቃዩ ለቅዱስ ጊዮርጊስ ሊቀ ሰማዕታት በአማርኛ | AM-MEL-066:ጸሎተ መልክዕ ዘቅዱስ ጊዮርጊስ ሊቀ ሰማዕታት በአማርኛ | AM-MEL-067:ጸሎተ መልክዕ ዘቅዱስ ጊዮርጊስ ሊቀ ሰማዕታት ካልዕ በአማርኛ | AM-SIB-001:ስብሐተ ፍቁር ዘቅዱስ ጊዮርጊስ ሊቀ ሰማዕታት በአማርኛ | GZ-MEL-016:መልክዐ ሊቀ ሰማዕታት ቅዱስ እስጢፋኖስ በግእዝ | GZ-MEL-017:መልክዐ ሊቀ ሰማዕታት ቅዱስ እስጢፋኖስ ካልእ በግእዝ | AM-GDL-010:ገድለ ሰማዕታት በአማርኛ,"1-15, 1-15, 1-17, 1-17, 1-23, 1-23, 1-23, 1-23, 2-17, 2-17"
5-13,133,አቡነ ዘርዓ ቡሩክ ኢትዮዽያዊ (እረፍታቸው),ዘርዓ ቡሩክ ኢትዮዽያዊ,annual,NO_BOOK,,,
5-13,133,ሰባቱ ደቂቅ ቅዱሳን (ከኤፌሶን),ሰባቱ ደቂቅ ቅዱሳን,annual,CORRECT,AM-DIR-001:የሰባቱ ሊቃነ መላእክት ድርሳን በአማርኛ | AM-MEL-038:የቅዱሳን አእላፍ መላእክት 2ኛ መልክዕ በአማርኛ,AM-DIR-001:የሰባቱ ሊቃነ መላእክት ድርሳን በአማርኛ | AM-LIT-001:የሰባቱ ዕለታት የነግህ ሊጦን በአማርኛ | AM-MEL-037:የቅዱሳን ሠለስቱ ደቂቅ መልክዕ በአማርኛ | AM-MEL-038:የቅዱሳን አእላፍ መላእክት 2ኛ መልክዕ በአማርኛ | AM-TEA-001:ተአምኆ ቅዱሳን በአማርኛ | GZ-MEL-047:መልክዐ ቅዱሳን ሠለስቱ ደቂቅ በግእዝ | GZ-MEL-048:መልክዐ ቅዱሳን ዘመጠራ በግእዝ | GZ-TEA-001:ተአምኆ ቅዱሳን በግእዝ | GZ-GDL-026:ገድለ ቅዱሳን አባዲር ወኢራኢ በግእዝ | GZ-GDL-032:መጽሐፈ ገድለ ቅዱሳን ሐዋርያት በግእዝ,"None-None, None-None, None-None, 1-13, 1-13, 1-28, 2-13, 2-13, 2-19, 3-13"
5-13,133,ቅዱስ አባ ነካሮ,ነካሮ,annual,NO_BOOK,,,
5-13,133,ቅዱሳን ቃሮስና ሰሚኖስ,ቃሮስና ሰሚኖስ,annual,NO_BOOK,,,
5-13,133,እግዚአብሔር አብ,እግዚአብሔር አብ,monthly,CORRECT,GZ-MEL-139:መልክዐ እግዚአብሔር አብ በግእዝ | GZ-MEL-140:መልክዐ እግዚአብሔር አብ ካልዕ በግእዝ,GZ-MEL-139:መልክዐ እግዚአብሔር አብ በግእዝ | GZ-MEL-140:መልክዐ እግዚአብሔር አብ ካልዕ በግእዝ,"1-13, 1-13, 2-13, 2-13, 3-13, 3-13, 4-13, 4-13, 5-13, 5-13"
5-13,133,ቅዱስ ሩፋኤል ሊቀ መላእክት,ሩፋኤል ሊቀ መላእክት,monthly,CORRECT,AM-DIR-001:የሰባቱ ሊቃነ መላእክት ድርሳን በአማርኛ | AM-MEL-038:የቅዱሳን አእላፍ መላእክት 2ኛ መልክዕ በአማርኛ | AM-MEL-043:የቅዱስ ሩፋኤል መልክዕ በአማርኛ | GZ-MEL-006:መልክዐ ሊቀ መላእክት ቅዱስ ሩፋኤል በግእዝ | GZ-MEL-125:መልክዐ አእላፍ መላእክት በግእዝ | GZ-MEL-126:መልክዐ አእላፍ መላእክት ካልእ በግእዝ | GZ-DRS-009:ድርሳን ቅዱስ ሩፋኤል በግእዝ,AM-DIR-001:የሰባቱ ሊቃነ መላእክት ድርሳን በአማርኛ | AM-MEL-038:የቅዱሳን አእላፍ መላእክት 2ኛ መልክዕ በአማርኛ | AM-MEL-043:የቅዱስ ሩፋኤል መልክዕ በአማርኛ | GZ-MEL-004:መልክዐ ሊቀ መላእክት ቅዱስ ሚካኤል ሣልስ በግእዝ | GZ-MEL-005:መልክዐ ሊቀ መላእክት ቅዱስ ሚካኤል ካልዕ በግእዝ | GZ-MEL-006:መልክዐ ሊቀ መላእክት ቅዱስ ሩፋኤል በግእዝ | GZ-MEL-007:መልክዐ ሊቀ መላእክት ቅዱስ ራጉኤል በግእዝ | GZ-MEL-008:መልክዐ ሊቀ መላእክት ቅዱስ ሱርያል በግእዝ | GZ-MEL-009:መልክዐ ሊቀ መላእክት ቅዱስ በግእዝ | GZ-MEL-010:መልክዐ ሊቀ መላእክት ቅዱስ አፍኒን በግእዝ | GZ-MEL-011:መልክዐ ሊቀ መላእክት ቅዱስ ዑራኤል በግእዝ | GZ-MEL-012:መልክዐ ሊቀ መላእክት ቅዱስ ዑራኤል ካልእ በግእዝ | GZ-MEL-013:መልክዐ ሊቀ መላእክት ቅዱስ ገብርኤል በግእዝ | GZ-MEL-014:መልክዐ ሊቀ መላእክት ቅዱስ ገብርኤል ካልዕ (ደቅስዮስ) በግእዝ | GZ-MEL-015:መልክዐ ሊቀ መላእክት ቅዱስ ፋኑኤል በግእዝ | GZ-MEL-125:መልክዐ አእላፍ መላእክት በግእዝ | GZ-MEL-126:መልክዐ አእላፍ መላእክት ካልእ በግእዝ | GZ-MEL-165:መልክዐ ሊቀ መላእክት ቅዱስ ሚካኤል ካልዕ በግእ | GZ-DRS-009:ድርሳን ቅዱስ ሩፋኤል በግእዝ,"1-1, 1-3, 1-9, 1-9, 1-9, 1-12, 1-12, 1-12, 1-12, 1-13"
5-14,134,አቡነ አረጋዊ (ዘ ሚካኤል ),አረጋዊ,annual,CORRECT,GZ-MEL-073:መልክዐ አረጋዊ በግእዝ | AM-GDL-016:ገድለ አቡነ አረጋዊ በአማርኛ,GZ-MEL-073:መልክዐ አረጋዊ በግእዝ | AM-GDL-016:ገድለ አቡነ አረጋዊ በአማርኛ,"1-14, 1-14, 2-14, 2-14, 3-14, 3-14, 4-14, 4-14, 5-14, 5-14"
5-14,134,ቅዱስ አባ መክሲሞስ,መክሲሞስ,annual,NO_BOOK,,,
5-14,134,ቅዱስ አባ አርከሌድስ,አርከሌድስ,annual,NO_BOOK,,,
5-14,134,ቅድስት እምራይስ,እምራይስ,annual,NO_BOOK,,,
5-14,134,ቅድስት ምሕራኤል,ምሕራኤል,annual,NO_BOOK,,,
5-14,134,"""፵፻፴፬""ሰማዕታት (ማሕበራነ ቅዱስ ቂርቆስ)","""፵፻፴፬""ሰማዕታት",annual,NO_BOOK,,,
5-14,134,አባ ስምዖን,ስምዖን,monthly,NO_BOOK,,,
5-14,134,አባ ዮሐንስ,ዮሐንስ,monthly,WRONG_DATE,,AM-MEL-016:መልክዐ ቅዱስ ዮሐንስ ወንጌላዊ በአማርኛ | AM-MEL-020:መልክዐ አቡነ ዕጨጌ ዮሐንስ በአማርኛ | AM-MEL-021:መልክዐ አቡነ ዮሐንስ ጻድቅ በአማርኛ | AM-MEL-047:የቅዱስ ዮሐንስ 2ኛ መልክዕ በአማርኛ | AM-MEL-048:የቅዱስ ዮሐንስ መጥምቅ መልክዕ በአማርኛ | GZ-MEL-060:መልክዐ ቅዱስ ዮሐንስ መጥምቅ በግእዝ | GZ-MEL-061:መልክዐ ቅዱስ ዮሐንስ ካልእ በግእዝ | GZ-MEL-062:መልክዐ ቅዱስ ዮሐንስ ወንጌላዊ በግእዝ | GZ-MEL-104:መልክዐ አቡነ ዕጨጌ ዮሐንስ በግእዝ | GZ-MEL-109:መልክዐ አቡነ ዮሐንስ ከማ በግእዝ | GZ-MEL-110:መልክዐ አቡነ ዮሐንስ ዘድብረ ዳጋ በግእዝ | GZ-MEL-149:መልክዐ ዮሐንስ ወልደ ነጎድጓድ በግእዝ | GZ-MEL-150:መልክዐ ዮሐንስ ፍቁረ እግዚእ በግእዝ | AM-GDL-013:የቅዱስ ዮሐንስ ገድል በአማርኛ | GZ-GDL-018:ገድለ አቡነ ዮሐንስ በግእዝ | AM-GDL-027:ገድለ አቡነ እጨጌ ዮሐንስ ዘጸገሮ በአማርኛ,"1-1, 1-1, 1-2, 1-2, 1-4, 1-4, 1-4, 1-4, 1-4, 1-4"
5-14,134,ቅዱስ ገብረ ክርስቶስ (ሙሽራው),ገብረ ክርስቶስ,monthly,WRONG_DATE,,GZ-MEL-153:መልክዐ ገብረ ክርስቶስ በግእዝ,2-14
5-14,134,ቅዱስ ሙሴ,ሙሴ,monthly,WRONG_DATE,,GZ-MEL-079:መልክዐ አቡነ ሙሴ በግእዝ,1-4
5-14,134,ቅዱስ ፊልዾስ (ከ፯፪ አርድዕት),ፊልዾስ,monthly,NO_BOOK,,,
5-14,134,ቅድስት ነሣሒት,ነሣሒት,monthly,NO_BOOK,,,
5-15,135,ቅዱስ ቂርቆስና እናቱ ቅድስት ኢየሉጣ,ቂርቆስና እናቱ ቅድስት ኢየሉጣ,annual,CORRECT,GZ-MEL-043:መልክዐ ሰማዕት ቅድስት ኢየሉጣ በግእዝ | AM-GDL-023:የቅዱስ ቂርቆስና የቅድስት ኢየሉጣ ገድል በአማርኛ,GZ-MEL-043:መልክዐ ሰማዕት ቅድስት ኢየሉጣ በግእዝ | AM-GDL-023:የቅዱስ ቂርቆስና የቅድስት ኢየሉጣ ገድል በአማርኛ,"1-15, 1-15, 2-15, 2-15, 3-15, 3-15, 4-15, 4-15, 5-15, 5-15"
5-15,135,ቅዱስ አብድዩ ነቢይ,አብድዩ,annual,NO_BOOK,,,
5-15,135,ቅዱስ ጎርጎርዮስ ዘኑሲስ,ጎርጎርዮስ ዘኑሲስ,annual,NO_BOOK,,,
5-15,135,ቅድስት ሶፍያ,ሶፍያ,annual,NO_BOOK,,,
5-15,135,ቅድስት አድምራ,አድምራ,annual,NO_BOOK,,,
5-15,135,ቅዱስ ኤፍሬም ሶርያዊ,ኤፍሬም ሶርያዊ,monthly,NO_BOOK,,,
5-15,135,ቅዱስ ሚናስ ሰማዕት,ሚናስ,monthly,CORRECT,AM-MEL-013:መልክዐ ቅዱስ ሚናስ በአማርኛ | GZ-MEL-052:መልክዐ ቅዱስ ሚናስ በግእዝ,AM-MEL-013:መልክዐ ቅዱስ ሚናስ በአማርኛ | GZ-MEL-052:መልክዐ ቅዱስ ሚናስ በግእዝ,"1-15, 1-15, 2-15, 2-15, 3-15, 3-15, 4-15, 4-15, 5-15, 5-15"
5-15,135,ቅድስት ክርስጢና,ክርስጢና,monthly,NO_BOOK,,,
5-15,135,ቅድስት እንባ መሪና,እንባ መሪና,monthly,NO_BOOK,,,
5-16,136,ቅዱስ ፊላታዎስ ሰማዕት,ፊላታዎስ,annual,NO_BOOK,,,
5-16,136,አባ ዸላድዮስ ገዳማዊ,ዸላድዮስ ገዳማዊ,annual,NO_BOOK,,,
5-16,136,ማር ዳንኤል ሶርያዊ,ማር ዳንኤል ሶርያዊ,annual,WRONG_DATE,,GZ-MEL-114:መልክዐ አቡነ ዳንኤል በግእዝ | GZ-GDL-028:ገድለ አቡነ ዳንኤል በግእዝ,"3-6, 3-6"
5-16,136,አባ ዮሐንስ መሐሪ (ሊቀ ዻዻሳት),ዮሐንስ መሐሪ,annual,CORRECT,AM-MEL-021:መልክዐ አቡነ ዮሐንስ ጻድቅ በአማርኛ,AM-MEL-016:መልክዐ ቅዱስ ዮሐንስ ወንጌላዊ በአማርኛ | AM-MEL-020:መልክዐ አቡነ ዕጨጌ ዮሐንስ በአማርኛ | AM-MEL-021:መልክዐ አቡነ ዮሐንስ ጻድቅ በአማርኛ | AM-MEL-047:የቅዱስ ዮሐንስ 2ኛ መልክዕ በአማርኛ | AM-MEL-048:የቅዱስ ዮሐንስ መጥምቅ መልክዕ በአማርኛ | GZ-MEL-060:መልክዐ ቅዱስ ዮሐንስ መጥምቅ በግእዝ | GZ-MEL-061:መልክዐ ቅዱስ ዮሐንስ ካልእ በግእዝ | GZ-MEL-062:መልክዐ ቅዱስ ዮሐንስ ወንጌላዊ በግእዝ | GZ-MEL-104:መልክዐ አቡነ ዕጨጌ ዮሐንስ በግእዝ | GZ-MEL-109:መልክዐ አቡነ ዮሐንስ ከማ በግእዝ | GZ-MEL-110:መልክዐ አቡነ ዮሐንስ ዘድብረ ዳጋ በግእዝ | GZ-MEL-149:መልክዐ ዮሐንስ ወልደ ነጎድጓድ በግእዝ | GZ-MEL-150:መልክዐ ዮሐንስ ፍቁረ እግዚእ በግእዝ | AM-GDL-013:የቅዱስ ዮሐንስ ገድል በአማርኛ | GZ-GDL-018:ገድለ አቡነ ዮሐንስ በግእዝ | AM-GDL-027:ገድለ አቡነ እጨጌ ዮሐንስ ዘጸገሮ በአማርኛ,"1-1, 1-1, 1-2, 1-2, 1-4, 1-4, 1-4, 1-4, 1-4, 1-4"
5-16,136,"11,00፬ ሰማዕታት (የቅ/ቂርቆስ ማሕበር)","11,00፬ ሰማዕታት",annual,WRONG_DATE,,AM-MEL-065:ጸሎተ መልክዐ ሥቃዩ ለቅዱስ ጊዮርጊስ ሊቀ ሰማዕታት በአማርኛ | AM-MEL-066:ጸሎተ መልክዕ ዘቅዱስ ጊዮርጊስ ሊቀ ሰማዕታት በአማርኛ | AM-MEL-067:ጸሎተ መልክዕ ዘቅዱስ ጊዮርጊስ ሊቀ ሰማዕታት ካልዕ በአማርኛ | AM-SIB-001:ስብሐተ ፍቁር ዘቅዱስ ጊዮርጊስ ሊቀ ሰማዕታት በአማርኛ | GZ-MEL-016:መልክዐ ሊቀ ሰማዕታት ቅዱስ እስጢፋኖስ በግእዝ | GZ-MEL-017:መልክዐ ሊቀ ሰማዕታት ቅዱስ እስጢፋኖስ ካልእ በግእዝ | AM-GDL-010:ገድለ ሰማዕታት በአማርኛ,"1-15, 1-15, 1-17, 1-17, 1-23, 1-23, 1-23, 1-23, 2-17, 2-17"
5-16,136,"11,50፫ (የቅ/ፊላታዎስ ማሕበር)","11,50፫",annual,NO_BOOK,,,
5-16,136,አባ ጽሕማ (ከተስዓቱ ቅዱሳን አንዱ),ጽሕማ,annual,NO_BOOK,,,
5-16,136,በዓለ ኪዳና ለድንግል,በዓለ ኪዳና ለድንግል,monthly,NO_BOOK,,,
5-16,136,ቅዱስ አኖሬዎስ ንጉሥ,አኖሬዎስ ንጉሥ,monthly,WRONG_DATE,,GZ-ZNA-002:ዜናሁ ለንጉሥ ገላውዴዎስ በግእዝ | GZ-ZNA-003:ዜና ሕይወቱ ለንጉሥ ላልይበላ በግእዝ,7-27
5-16,136,ቅዱስ ገብረ ማርያም (ንጉሠ ኢትዮዽያ),ገብረ ማርያም,monthly,WRONG_DATE,,AM-LAH-001:ላሐ ማርያም በአማርኛ | AM-MEL-008:መልክዐ ማርያም ሣልሲት በአማርኛ | AM-MEL-009:መልክዐ ማርያም በአማርኛ | AM-MEL-017:መልክዐ ቅድስት ጸበለ ማርያም በአማርኛ | AM-MEL-064:የጽዮን ማርያም 3ኛ መልክዕ በአማርኛ | AM-RAY-001:ራዕየ ማርያም በአማርኛ | AM-WUD-002:ውዳሴ ማርያም በአማርኛ | GZ-ETA-001:እትአመነኪ ማርያም በሰማይ ወበምድር በግእዝ | GZ-LAH-001:ላሐ ማርያም በግእዝ | GZ-MEL-002:መልከዐ ማርያም ዳግሚት በግእዝ | GZ-MEL-031:መልክዐ ማርያም ሣልሲት በግእዝ | GZ-MEL-032:መልክዐ ማርያም በግእዝ | GZ-MEL-070:መልክዐ ተክለ ማርያም ዘይሰመይ መብዓ ጽዮን በግእዝ | GZ-MEL-099:መልክዐ አቡነ አብሳዲ ዘደብረ ማርያም በግእዝ | GZ-MEL-151:መልክዐ ገብረ መንፈስ ቅዱስ በግእዝ | GZ-MEL-152:መልክዐ ገብረ መንፈስ ቅዱስ ካልዕ በግእዝ | GZ-MEL-153:መልክዐ ገብረ ክርስቶስ በግእዝ | GZ-MEL-159:መልክዐ ጸበለ ማርያም ቅድስት በግእዝ | GZ-MEL-161:መልክዐ ጽዮን ማርያም ሣልስ በግእዝ | GZ-WUD-002:ውዳሴ ማርያም በግእዝ | TI-RAY-001:ራእየ ማርያም ብትግርኛ | TI-WUD-001:ውዳሴ ማርያም ብትግርኛ | AM-GDL-002:ገድለ ማርያም እንተ ዕፍረት በአማርኛ | GZ-TAM-001:ተአምረ ማርያም በግእዝ | AM-GDL-003:ገድለ ማርያም መግደላዊት በአማርኛ | AM-GDL-007:ገድለ አቡነ ገብረ መንፈስ ቅዱስ በአማርኛ | GZ-MTS-001:መጽሐፈ ልደታ ለማርያም በግእዝ | AM-TAM-002:ተአምረ ማርያም በአማርኛ,"None-None, None-None, None-None, 1-1, 1-5, 1-5, 1-5, 1-21, 1-21, 1-21"
5-16,136,ቅድስት ኤልሳቤጥ,ኤልሳቤጥ,monthly,NO_BOOK,,,
5-16,136,አባ ዳንኤል,ዳንኤል,monthly,WRONG_DATE,,GZ-MEL-114:መልክዐ አቡነ ዳንኤል በግእዝ | GZ-GDL-028:ገድለ አቡነ ዳንኤል በግእዝ,"3-6, 3-6"
5-16,136,አባ አቡናፍር ገዳማዊ,አቡናፍር ገዳማዊ,monthly,NO_BOOK,,,
5-16,136,አባ ዮሐንስ ወንጌሉ ዘወርቅ,ዮሐንስ ወንጌሉ ዘወርቅ,monthly,CORRECT,AM-MEL-021:መልክዐ አቡነ ዮሐንስ ጻድቅ በአማርኛ,AM-MEL-016:መልክዐ ቅዱስ ዮሐንስ ወንጌላዊ በአማርኛ | AM-MEL-020:መልክዐ አቡነ ዕጨጌ ዮሐንስ በአማርኛ | AM-MEL-021:መልክዐ አቡነ ዮሐንስ ጻድቅ በአማርኛ | AM-MEL-047:የቅዱስ ዮሐንስ 2ኛ መልክዕ በአማርኛ | AM-MEL-048:የቅዱስ ዮሐንስ መጥምቅ መልክዕ በአማርኛ | GZ-MEL-060:መልክዐ ቅዱስ ዮሐንስ መጥምቅ በግእዝ | GZ-MEL-061:መልክዐ ቅዱስ ዮሐንስ ካልእ በግእዝ | GZ-MEL-062:መልክዐ ቅዱስ ዮሐንስ ወንጌላዊ በግእዝ | GZ-MEL-104:መልክዐ አቡነ ዕጨጌ ዮሐንስ በግእዝ | GZ-MEL-109:መልክዐ አቡነ ዮሐንስ ከማ በግእዝ | GZ-MEL-110:መልክዐ አቡነ ዮሐንስ ዘድብረ ዳጋ በግእዝ | GZ-MEL-149:መልክዐ ዮሐንስ ወልደ ነጎድጓድ በግእዝ | GZ-MEL-150:መልክዐ ዮሐንስ ፍቁረ እግዚእ በግእዝ | AM-GDL-013:የቅዱስ ዮሐንስ ገድል በአማርኛ | GZ-GDL-018:ገድለ አቡነ ዮሐንስ በግእዝ | AM-GDL-027:ገድለ አቡነ እጨጌ ዮሐንስ ዘጸገሮ በአማርኛ,"1-1, 1-1, 1-2, 1-2, 1-4, 1-4, 1-4, 1-4, 1-4, 1-4"
5-17,137,"ቅዱሳን እና ክቡራን የሚሆኑ አባቶቻችን ""መክሲሞስ እና ዱማቴዎስ""","እና ክቡራን የሚሆኑ አባቶቻችን ""መክሲሞስ እና ዱማቴዎስ""",annual,NO_BOOK,,,
5-17,137,ቅዱስ እስጢፋኖስ (ሊቀ ዲያቆናት ወቀዳሜ ሰማዕት),እስጢፋኖስ,monthly,CORRECT,AM-MEL-045:የቅዱስ እስጢፋኖስ 2ኛ መልክዕ በአማርኛ | GZ-MEL-016:መልክዐ ሊቀ ሰማዕታት ቅዱስ እስጢፋኖስ በግእዝ | GZ-MEL-017:መልክዐ ሊቀ ሰማዕታት ቅዱስ እስጢፋኖስ ካልእ በግእዝ | AM-GDL-009:ገድለ ቅዱስ እስጢፋኖስ አማርኛ | GZ-GDL-022:ገድለ ቅዱስ እስጢፋኖስ በግእዝ,AM-MEL-045:የቅዱስ እስጢፋኖስ 2ኛ መልክዕ በአማርኛ | GZ-MEL-016:መልክዐ ሊቀ ሰማዕታት ቅዱስ እስጢፋኖስ በግእዝ | GZ-MEL-017:መልክዐ ሊቀ ሰማዕታት ቅዱስ እስጢፋኖስ ካልእ በግእዝ | AM-GDL-009:ገድለ ቅዱስ እስጢፋኖስ አማርኛ | GZ-GDL-022:ገድለ ቅዱስ እስጢፋኖስ በግእዝ,"1-15, 1-15, 1-15, 1-15, 1-15, 1-17, 1-17, 1-17, 1-17, 1-17"
5-17,137,ቅዱስ ኤዺፋንዮስ ዘቆዽሮስ,ኤዺፋንዮስ ዘቆዽሮስ,monthly,NO_BOOK,,,
5-17,137,አባ ገሪማ,ገሪማ,monthly,CORRECT,AM-GDL-017:ገድለ አቡነ ገሪማ በአማርኛ,AM-GDL-017:ገድለ አቡነ ገሪማ በአማርኛ,"1-17, 2-17, 3-17, 4-17, 5-17, 6-17, 7-17, 8-17, 9-17, 10-17"
5-17,137,አባ ዸላሞን ፈላሲ,ዸላሞን ፈላሲ,monthly,NO_BOOK,,,
5-17,137,አባ ለትፁን የዋሕ,ለትፁን የዋሕ,monthly,NO_BOOK,,,
5-17,137,ቅዱስ ያዕቆብ ሐዋርያ (ወልደ ዘብዴዎስ),ያዕቆብ ሐዋርያ,monthly,WRONG_DATE,,AM-MEL-022:መልክዐ አብርሃም ይሥሐቅ ያዕቆብ በአማርኛ | AM-MEL-033:የሐዋርያው የቅዱስ ታዴዎስ መልክዕ በአማርኛ | AM-MEL-046:የቅዱስ እንድርያስ ሐዋርያ መልክዕ በአማርኛ | GZ-MEL-023:መልክዐ ሐዋርያት በግእዝ | GZ-MEL-124:መልክዐ አብርሃም ይሥሐቅ ወያዕቆብ በግእዝ | GZ-MEL-137:መልክዐ እንድርያስ ሐዋርያ በግእዝ | GZ-GDL-017:ገድለ አቡነ ተክለ ሐዋርያት በግእዝ | GZ-GDL-032:መጽሐፈ ገድለ ቅዱሳን ሐዋርያት በግእዝ | AM-ZNA-003:ዜና ሐዋርያት በአማርኛ,"1-2, 1-4, 1-4, 1-28, 1-28, 2-2, 2-4, 2-4, 2-28, 2-28"
5-18,138,ቅዱስ ጊዮርጊስ መክብበ ሰማዕታት (ዝርወተ ዓጽሙ),ጊዮርጊስ መክብበ ሰማዕታት,annual,CORRECT,AM-MEL-051:የቅዱስ ጊዮርጊስ መልክዕ በአማርኛ | AM-MEL-065:ጸሎተ መልክዐ ሥቃዩ ለቅዱስ ጊዮርጊስ ሊቀ ሰማዕታት በአማርኛ | AM-MEL-066:ጸሎተ መልክዕ ዘቅዱስ ጊዮርጊስ ሊቀ ሰማዕታት በአማርኛ | AM-MEL-067:ጸሎተ መልክዕ ዘቅዱስ ጊዮርጊስ ሊቀ ሰማዕታት ካልዕ በአማርኛ | AM-SIB-001:ስብሐተ ፍቁር ዘቅዱስ ጊዮርጊስ ሊቀ ሰማዕታት በአማርኛ | GZ-MEL-036:መልክዐ ሥቃዩ ለጊዮርጊስ በግእዝ | GZ-MEL-065:መልክዐ ቅዱስ ጊዮርጊስ በግእዝ | GZ-MEL-154:መልክዐ ጊዮርጊስ በግእዝ | GZ-MEL-155:መልክዐ ጊዮርጊስ ካልዕ ወሥቃዩ በግእዝ | GZ-GDL-014:ገድለ ቅዱስ ጊዮርጊስ ሰማዕት በግእዝ | AM-GDL-018:ገድለ ቅዱስ ጊዮርጊስ ሰማዕት በአማርኛ,AM-MEL-051:የቅዱስ ጊዮርጊስ መልክዕ በአማርኛ | AM-MEL-065:ጸሎተ መልክዐ ሥቃዩ ለቅዱስ ጊዮርጊስ ሊቀ ሰማዕታት በአማርኛ | AM-MEL-066:ጸሎተ መልክዕ ዘቅዱስ ጊዮርጊስ ሊቀ ሰማዕታት በአማርኛ | AM-MEL-067:ጸሎተ መልክዕ ዘቅዱስ ጊዮርጊስ ሊቀ ሰማዕታት ካልዕ በአማርኛ | AM-SIB-001:ስብሐተ ፍቁር ዘቅዱስ ጊዮርጊስ ሊቀ ሰማዕታት በአማርኛ | GZ-MEL-016:መልክዐ ሊቀ ሰማዕታት ቅዱስ እስጢፋኖስ በግእዝ | GZ-MEL-017:መልክዐ ሊቀ ሰማዕታት ቅዱስ እስጢፋኖስ ካልእ በግእዝ | GZ-MEL-036:መልክዐ ሥቃዩ ለጊዮርጊስ በግእዝ | GZ-MEL-065:መልክዐ ቅዱስ ጊዮርጊስ በግእዝ | GZ-MEL-123:መልክዐ አባ ጊዮርጊስ ዘጋሥጫ በግእዝ | GZ-MEL-154:መልክዐ ጊዮርጊስ በግእዝ | GZ-MEL-155:መልክዐ ጊዮርጊስ ካልዕ ወሥቃዩ በግእዝ | AM-GDL-001:ገድለ ቅዱስ አባ ጊዮርጊስ ዘጋሥጫ በአማርኛ | GZ-GDL-007:ገድለ ቅዱስ አባ ጊዮርጊስ ዘጋሥጫ በግእዝ | AM-GDL-010:ገድለ ሰማዕታት በአማርኛ | GZ-GDL-014:ገድለ ቅዱስ ጊዮርጊስ ሰማዕት በግእዝ | AM-GDL-018:ገድለ ቅዱስ ጊዮርጊስ ሰማዕት በአማርኛ,"1-7, 1-7, 1-7, 1-15, 1-15, 1-17, 1-17, 1-23, 1-23, 1-23"
5-18,138,ቅዱሳት ደናግል ማርያ እና ማርታ (ከ፫፮ቱ ቅዱሳት አንስት),ቅዱሳት ደናግል ማርያ እና ማርታ,annual,NO_BOOK,,,
5-18,138,ቅዱስ ያዕቆብ ዘንፅቢን (ከ፫፲፰ቱ),ያዕቆብ ዘንፅቢን,annual,WRONG_DATE,,AM-MEL-022:መልክዐ አብርሃም ይሥሐቅ ያዕቆብ በአማርኛ | GZ-MEL-124:መልክዐ አብርሃም ይሥሐቅ ወያዕቆብ በግእዝ,"1-28, 1-28, 2-28, 2-28, 3-28, 3-28, 4-28, 4-28, 5-28, 5-28"
5-18,138,ቅዱስ ባኮስ ኢትዮዽያዊ (አቤላክ / አቤሜሌክ),ባኮስ ኢትዮዽያዊ,annual,NO_BOOK,,,
5-18,138,ቅዱስ ፊልዾስ ሐዋርያ,ፊልዾስ,monthly,NO_BOOK,,,
5-18,138,አቡነ ኤዎስጣቴዎስ,ኤዎስጣቴዎስ,monthly,CORRECT,GZ-MEL-135:መልክዐ ኤዎስጣቴዎስ በግእዝ,GZ-MEL-135:መልክዐ ኤዎስጣቴዎስ በግእዝ,"1-18, 2-18, 3-18, 4-18, 5-18, 6-18, 7-18, 8-18, 9-18, 10-18"
5-18,138,አባ አኖሬዎስ,አኖሬዎስ,monthly,NO_BOOK,,,
5-18,138,ማር ያዕቆብ ግብፃዊ,ማር ያዕቆብ ግብፃዊ,monthly,WRONG_DATE,,AM-MEL-022:መልክዐ አብርሃም ይሥሐቅ ያዕቆብ በአማርኛ | GZ-MEL-124:መልክዐ አብርሃም ይሥሐቅ ወያዕቆብ በግእዝ,"1-28, 1-28, 2-28, 2-28, 3-28, 3-28, 4-28, 4-28, 5-28, 5-28"
5-19,139,ጻድቁ አቡነ ያፍቅረነ እግዚእ (አፍቀረነ እግዚእ ዘጉጉቤ - ጣና ውስጥ - ከሰብዓቱ ከዋክብት አንዱ),ጻድቁ አቡነ ያፍቅረነ እግዚእ,annual,CORRECT,GZ-MEL-145:መልክዐ ዓቢየ እግዚእ በግእዝ,GZ-MEL-078:መልክዐ አቡነ መድኃኒነ እግዚእ በግእዝ | GZ-MEL-100:መልክዐ አቡነ አፍቅረነ እግዚእ በግእዝ | GZ-MEL-145:መልክዐ ዓቢየ እግዚእ በግእዝ | GZ-MEL-150:መልክዐ ዮሐንስ ፍቁረ እግዚእ በግእዝ,"1-3, 1-4, 1-19, 1-29, 2-3, 2-4, 2-19, 3-3, 3-4, 3-19"
5-19,139,አባ ባሱራ,ባሱራ,annual,NO_BOOK,,,
5-19,139,ቅድስት ኔራ,ኔራ,annual,NO_BOOK,,,
5-19,139,ቅድስት በርስጢና,በርስጢና,annual,NO_BOOK,,,
5-19,139,አባ ዝሑራ,ዝሑራ,annual,NO_BOOK,,,
5-19,139,ቅዱስ ገብርኤል ሊቀ መላዕክት,ገብርኤል ሊቀ መላዕክት,monthly,CORRECT,AM-MEL-050:የቅዱስ ገብርኤል መልክዕ በአማርኛ | GZ-MEL-013:መልክዐ ሊቀ መላእክት ቅዱስ ገብርኤል በግእዝ | GZ-MEL-014:መልክዐ ሊቀ መላእክት ቅዱስ ገብርኤል ካልዕ (ደቅስዮስ) በግእዝ | AM-DRS-003:ድርሳነ ገብርኤል በአማርኛ | GZ-DRS-010:ድርሳነ ገብርኤል በግእዝ,AM-MEL-050:የቅዱስ ገብርኤል መልክዕ በአማርኛ | GZ-MEL-013:መልክዐ ሊቀ መላእክት ቅዱስ ገብርኤል በግእዝ | GZ-MEL-014:መልክዐ ሊቀ መላእክት ቅዱስ ገብርኤል ካልዕ (ደቅስዮስ) በግእዝ | AM-DRS-003:ድርሳነ ገብርኤል በአማርኛ | GZ-DRS-010:ድርሳነ ገብርኤል በግእዝ,"1-19, 1-19, 1-19, 1-19, 1-19, 2-19, 2-19, 2-19, 2-19, 2-19"
5-19,139,ቅዱስ ኤስድሮስ ሰማዕት,ኤስድሮስ,monthly,NO_BOOK,,,
5-19,139,አባ ዓቢየ እግዚእ ጻድቅ (ታቦታቸው ጎንደር ከተማ ቀበሌ 0፱ አካባቢ ይገኛል),ዓቢየ እግዚእ ጻድቅ,monthly,CORRECT,GZ-MEL-145:መልክዐ ዓቢየ እግዚእ በግእዝ,AM-MEL-003:መልክዐ ለአቡነ አቢብ ጻድቅ በአማርኛ | AM-MEL-021:መልክዐ አቡነ ዮሐንስ ጻድቅ በአማርኛ | AM-MEL-060:የአቡነ አባለ ክርስቶስ ጻድቅ መልክዕ በአማርኛ | GZ-MEL-145:መልክዐ ዓቢየ እግዚእ በግእዝ,"1-16, 1-19, 1-25, 2-16, 2-19, 2-25, 3-16, 3-19, 3-25, 4-16"
5-19,139,አቡነ ስነ ኢየሱስ,ስነ ኢየሱስ,monthly,WRONG_DATE,,AM-MEL-002:መልክአ ኢየሱስ በአማርኛ | GZ-MEL-130:መልክዐ ኢየሱስ ሞዐ በግእዝ | GZ-MEL-131:መልክዐ ኢየሱስ በግእዝ | GZ-MEL-132:መልክዐ ኢየሱስ ካልዕ በግእዝ | AM-TAM-001:ተአምረ ኢየሱስ በአማርኛ | TI-TAM-001:ተአምረ ኢየሱስ ብትግርኛ | GZ-TAM-002:ተአምረ ኢየሱስ በግእዝ | AM-GDL-026:ገድለ አቡነ ኢየሱስ ሞዐ በአማርኛ,"1-26, 1-26, 1-29, 1-29, 1-29, 1-29, 1-29, 1-29, 2-26, 2-26"
5-19,139,አቡነ ዮሴፍ ብርሃነ ዓለም,ዮሴፍ ብርሃነ ዓለም,monthly,CORRECT,GZ-MEL-111:መልክዐ አቡነ ዮሴፍ በግእዝ | GZ-GDL-029:ገድለ አቡነ ዮሴፍ በግእዝ,AM-MEL-034:የመድኀኔ ዓለም 3ኛ መልክዕ በአማርኛ | AM-MEL-035:የመድኀኔ ዓለም መልክዕ በአማርኛ | GZ-MEL-001:ሐዲስ መልክዐ መድኃኔዓለም በግእዝ | GZ-MEL-027:መልክዐ መድኀኔ ዓለም ሣልስ በግዕዝ | GZ-MEL-028:መልክዐ መድኃኔ ዓለም በግእዝ | GZ-MEL-111:መልክዐ አቡነ ዮሴፍ በግእዝ | GZ-DRS-005:ድርሳነ መድኃኔ ዓለም በግእዝ | AM-DRS-004:ድርሳነ መድኃኔ ዓለም በአማርኛ | GZ-GDL-029:ገድለ አቡነ ዮሴፍ በግእዝ,"1-19, 1-19, 1-27, 1-27, 1-27, 1-27, 1-27, 1-27, 1-27, 2-19"
5-20,140,ቅዱስ አክሎግ ቀሲስ (ሰማዕትና ጻድቅ),አክሎግ ቀሲስ,annual,NO_BOOK,,,
5-20,140,ቅዱስ መርምሕናም ሰማዕት (ቅዳሴ ቤቱ),መርምሕናም ሰማዕት,annual,CORRECT,AM-MEL-039:የቅዱስ መርምሕናም መልክዕ በአማርኛ | GZ-MEL-040:መልክዐ ሰማዕት ቅዱስ ቴዎድሮስ በግእዝ | GZ-MEL-049:መልክዐ ቅዱስ መርምሕናም በግእዝ | GZ-GDL-031:ገድለ ሰማዕት ቅዱስ ቴዎድሮስ በግእዝ | AM-GDL-030:ገድለ ሰማዕት ቅዱስ ቴዎድሮስ በአማርኛ,AM-MEL-039:የቅዱስ መርምሕናም መልክዕ በአማርኛ | GZ-MEL-039:መልክዐ ሰማዕት ቅዱስ መርቆሬዎስ በግእዝ | GZ-MEL-040:መልክዐ ሰማዕት ቅዱስ ቴዎድሮስ በግእዝ | GZ-MEL-041:መልክዐ ሰማዕት ቅዱስ ፋሲለደስ በግእዝ | GZ-MEL-042:መልክዐ ሰማዕት ቅድስት አርሴማ በግእዝ | GZ-MEL-043:መልክዐ ሰማዕት ቅድስት ኢየሉጣ በግእዝ | GZ-MEL-049:መልክዐ ቅዱስ መርምሕናም በግእዝ | GZ-MEL-122:መልክዐ አባ ኖብ ሰማዕት በግእዝ | GZ-GDL-002:ገድለ ሰማዕት ቅዱስ መርቆሬዎስ በግእዝ | AM-GDL-008:ገድለ ሰማዕት ቅድስት አርሴማ በአማርኛ | GZ-GDL-014:ገድለ ቅዱስ ጊዮርጊስ ሰማዕት በግእዝ | AM-GDL-015:ገድለ ሰማዕት ቅዱስ መርቆሬዎስ በአማርኛ | AM-GDL-018:ገድለ ቅዱስ ጊዮርጊስ ሰማዕት በአማርኛ | GZ-GDL-031:ገድለ ሰማዕት ቅዱስ ቴዎድሮስ በግእዝ | GZ-GDL-033:ገድለ ሰማዕት ቅድስት አርሴማ በግእዝ | AM-GDL-030:ገድለ ሰማዕት ቅዱስ ቴዎድሮስ በአማርኛ,"1-6, 1-6, 1-6, 1-11, 1-12, 1-12, 1-12, 1-15, 1-18, 1-20"
5-20,140,ቅዱስ ዮሐንስ ወንጌሉ ዘወርቅ (ቅዳሴ ቤቱ),ዮሐንስ ወንጌሉ ዘወርቅ,annual,CORRECT,AM-MEL-021:መልክዐ አቡነ ዮሐንስ ጻድቅ በአማርኛ,AM-MEL-016:መልክዐ ቅዱስ ዮሐንስ ወንጌላዊ በአማርኛ | AM-MEL-020:መልክዐ አቡነ ዕጨጌ ዮሐንስ በአማርኛ | AM-MEL-021:መልክዐ አቡነ ዮሐንስ ጻድቅ በአማርኛ | AM-MEL-047:የቅዱስ ዮሐንስ 2ኛ መልክዕ በአማርኛ | AM-MEL-048:የቅዱስ ዮሐንስ መጥምቅ መልክዕ በአማርኛ | GZ-MEL-060:መልክዐ ቅዱስ ዮሐንስ መጥምቅ በግእዝ | GZ-MEL-061:መልክዐ ቅዱስ ዮሐንስ ካልእ በግእዝ | GZ-MEL-062:መልክዐ ቅዱስ ዮሐንስ ወንጌላዊ በግእዝ | GZ-MEL-104:መልክዐ አቡነ ዕጨጌ ዮሐንስ በግእዝ | GZ-MEL-109:መልክዐ አቡነ ዮሐንስ ከማ በግእዝ | GZ-MEL-110:መልክዐ አቡነ ዮሐንስ ዘድብረ ዳጋ በግእዝ | GZ-MEL-149:መልክዐ ዮሐንስ ወልደ ነጎድጓድ በግእዝ | GZ-MEL-150:መልክዐ ዮሐንስ ፍቁረ እግዚእ በግእዝ | AM-GDL-013:የቅዱስ ዮሐንስ ገድል በአማርኛ | GZ-GDL-018:ገድለ አቡነ ዮሐንስ በግእዝ | AM-GDL-027:ገድለ አቡነ እጨጌ ዮሐንስ ዘጸገሮ በአማርኛ,"1-1, 1-1, 1-2, 1-2, 1-4, 1-4, 1-4, 1-4, 1-4, 1-4"
5-20,140,አባ አብድዩ ጻድቅ,አብድዩ,annual,NO_BOOK,,,
5-20,140,ቅዱስ ብሕኑ ሰማዕት,ብሕኑ,annual,NO_BOOK,,,
5-20,140,ቅዱስ አብሮኮሮስ ሐዋርያ (የወንጌላዊው ቅዱስ ዮሐንስ ደቀ መዝሙር),አብሮኮሮስ ሐዋርያ,annual,WRONG_DATE,,AM-MEL-033:የሐዋርያው የቅዱስ ታዴዎስ መልክዕ በአማርኛ | AM-MEL-046:የቅዱስ እንድርያስ ሐዋርያ መልክዕ በአማርኛ | GZ-MEL-023:መልክዐ ሐዋርያት በግእዝ | GZ-MEL-137:መልክዐ እንድርያስ ሐዋርያ በግእዝ | GZ-GDL-017:ገድለ አቡነ ተክለ ሐዋርያት በግእዝ | GZ-GDL-032:መጽሐፈ ገድለ ቅዱሳን ሐዋርያት በግእዝ | AM-ZNA-003:ዜና ሐዋርያት በአማርኛ,"1-2, 1-4, 1-4, 2-2, 2-4, 2-4, 3-2, 3-4, 3-4, 3-27"
5-20,140,አባ ኖሕ,ኖሕ,annual,NO_BOOK,,,
5-20,140,ቅዱስ ዮሐንስ ሐፂር,ዮሐንስ ሐፂር,monthly,CORRECT,AM-MEL-021:መልክዐ አቡነ ዮሐንስ ጻድቅ በአማርኛ,AM-MEL-016:መልክዐ ቅዱስ ዮሐንስ ወንጌላዊ በአማርኛ | AM-MEL-020:መልክዐ አቡነ ዕጨጌ ዮሐንስ በአማርኛ | AM-MEL-021:መልክዐ አቡነ ዮሐንስ ጻድቅ በአማርኛ | AM-MEL-047:የቅዱስ ዮሐንስ 2ኛ መልክዕ በአማርኛ | AM-MEL-048:የቅዱስ ዮሐንስ መጥምቅ መልክዕ በአማርኛ | GZ-MEL-060:መልክዐ ቅዱስ ዮሐንስ መጥምቅ በግእዝ | GZ-MEL-061:መልክዐ ቅዱስ ዮሐንስ ካልእ በግእዝ | GZ-MEL-062:መልክዐ ቅዱስ ዮሐንስ ወንጌላዊ በግእዝ | GZ-MEL-104:መልክዐ አቡነ ዕጨጌ ዮሐንስ በግእዝ | GZ-MEL-109:መልክዐ አቡነ ዮሐንስ ከማ በግእዝ | GZ-MEL-110:መልክዐ አቡነ ዮሐንስ ዘድብረ ዳጋ በግእዝ | GZ-MEL-149:መልክዐ ዮሐንስ ወልደ ነጎድጓድ በግእዝ | GZ-MEL-150:መልክዐ ዮሐንስ ፍቁረ እግዚእ በግእዝ | AM-GDL-013:የቅዱስ ዮሐንስ ገድል በአማርኛ | GZ-GDL-018:ገድለ አቡነ ዮሐንስ በግእዝ | AM-GDL-027:ገድለ አቡነ እጨጌ ዮሐንስ ዘጸገሮ በአማርኛ,"1-1, 1-1, 1-2, 1-2, 1-4, 1-4, 1-4, 1-4, 1-4, 1-4"
5-20,140,ቅዱስ ቴዎድሮስ ሊቀ ሠራዊት,ቴዎድሮስ ሊቀ ሠራዊት,monthly,CORRECT,GZ-MEL-040:መልክዐ ሰማዕት ቅዱስ ቴዎድሮስ በግእዝ | GZ-GDL-030:ገድለ ቅዱስ ቴዎድሮስ በግእዝ | GZ-GDL-031:ገድለ ሰማዕት ቅዱስ ቴዎድሮስ በግእዝ | AM-GDL-030:ገድለ ሰማዕት ቅዱስ ቴዎድሮስ በአማርኛ,GZ-MEL-040:መልክዐ ሰማዕት ቅዱስ ቴዎድሮስ በግእዝ | GZ-GDL-030:ገድለ ቅዱስ ቴዎድሮስ በግእዝ | GZ-GDL-031:ገድለ ሰማዕት ቅዱስ ቴዎድሮስ በግእዝ | AM-GDL-030:ገድለ ሰማዕት ቅዱስ ቴዎድሮስ በአማርኛ,"1-12, 1-12, 1-12, 1-12, 1-20, 1-20, 1-20, 1-20, 2-12, 2-12"
5-20,140,ቅዱስ አሞንዮስ,አሞንዮስ,monthly,NO_BOOK,,,
5-20,140,ቅዱስ ካሌብ ንጉሠ ኢትዮዽያ,ካሌብ ንጉሠ ኢትዮዽያ,monthly,NO_BOOK,,,
5-20,140,ቅድስት ሳድዥ የዋሂት,ሳድዥ የዋሂት,monthly,NO_BOOK,,,
5-21,141,በዓለ አስተርዕዮ ማርያም (እመቤታችን ከእረፍቱዋ በሁዋላ ለደቀ መዛሙርት በዚሁ ቀን ተገልጣ ነበር),በዓለ አስተርዕዮ ማርያም,annual,CORRECT,AM-LAH-001:ላሐ ማርያም በአማርኛ | AM-MEL-008:መልክዐ ማርያም ሣልሲት በአማርኛ | AM-MEL-009:መልክዐ ማርያም በአማርኛ | AM-MEL-064:የጽዮን ማርያም 3ኛ መልክዕ በአማርኛ | AM-RAY-001:ራዕየ ማርያም በአማርኛ | GZ-ETA-001:እትአመነኪ ማርያም በሰማይ ወበምድር በግእዝ | GZ-LAH-001:ላሐ ማርያም በግእዝ | GZ-MEL-002:መልከዐ ማርያም ዳግሚት በግእዝ | GZ-MEL-031:መልክዐ ማርያም ሣልሲት በግእዝ | GZ-MEL-032:መልክዐ ማርያም በግእዝ | GZ-MEL-161:መልክዐ ጽዮን ማርያም ሣልስ በግእዝ | TI-RAY-001:ራእየ ማርያም ብትግርኛ | GZ-TAM-001:ተአምረ ማርያም በግእዝ | AM-TAM-002:ተአምረ ማርያም በአማርኛ,AM-LAH-001:ላሐ ማርያም በአማርኛ | AM-MEL-008:መልክዐ ማርያም ሣልሲት በአማርኛ | AM-MEL-009:መልክዐ ማርያም በአማርኛ | AM-MEL-017:መልክዐ ቅድስት ጸበለ ማርያም በአማርኛ | AM-MEL-064:የጽዮን ማርያም 3ኛ መልክዕ በአማርኛ | AM-RAY-001:ራዕየ ማርያም በአማርኛ | AM-WUD-002:ውዳሴ ማርያም በአማርኛ | GZ-ETA-001:እትአመነኪ ማርያም በሰማይ ወበምድር በግእዝ | GZ-LAH-001:ላሐ ማርያም በግእዝ | GZ-MEL-002:መልከዐ ማርያም ዳግሚት በግእዝ | GZ-MEL-031:መልክዐ ማርያም ሣልሲት በግእዝ | GZ-MEL-032:መልክዐ ማርያም በግእዝ | GZ-MEL-070:መልክዐ ተክለ ማርያም ዘይሰመይ መብዓ ጽዮን በግእዝ | GZ-MEL-099:መልክዐ አቡነ አብሳዲ ዘደብረ ማርያም በግእዝ | GZ-MEL-159:መልክዐ ጸበለ ማርያም ቅድስት በግእዝ | GZ-MEL-161:መልክዐ ጽዮን ማርያም ሣልስ በግእዝ | GZ-WUD-002:ውዳሴ ማርያም በግእዝ | TI-RAY-001:ራእየ ማርያም ብትግርኛ | TI-WUD-001:ውዳሴ ማርያም ብትግርኛ | AM-GDL-002:ገድለ ማርያም እንተ ዕፍረት በአማርኛ | GZ-TAM-001:ተአምረ ማርያም በግእዝ | AM-GDL-003:ገድለ ማርያም መግደላዊት በአማርኛ | GZ-MTS-001:መጽሐፈ ልደታ ለማርያም በግእዝ | AM-TAM-002:ተአምረ ማርያም በአማርኛ,"None-None, None-None, None-None, 1-1, 1-21, 1-21, 1-21, 1-21, 1-21, 1-21"
5-21,141,ቅዱስ ጎርጎርዮስ ዘኑሲስ (ታላቅ ሊቅና ጻድቅ),ጎርጎርዮስ ዘኑሲስ,annual,NO_BOOK,,,
5-21,141,ቅድስት ኢላርያ እናታችን (የዘይኑን ንጉሥ ልጅ),ኢላርያ እናታችን,annual,NO_BOOK,,,
5-21,141,ቅዱስ ኤርምያስ ነቢይ,ኤርምያስ,annual,NO_BOOK,,,
5-21,141,ቅዱስ ዮሐንስ መጥምቅ,ዮሐንስ መጥምቅ,annual,WRONG_DATE,,AM-MEL-048:የቅዱስ ዮሐንስ መጥምቅ መልክዕ በአማርኛ | GZ-MEL-060:መልክዐ ቅዱስ ዮሐንስ መጥምቅ በግእዝ,"1-1, 1-1, 1-2, 1-2, 1-26, 1-26, 1-30, 1-30, 2-2, 2-2"
5-21,141,ቅዱስ ኒቆላዎስ ሰማዕት,ኒቆላዎስ,annual,NO_BOOK,,,
5-21,141,አባ ፊቅጦር,ፊቅጦር,annual,WRONG_DATE,,GZ-MEL-162:መልክዐ ፊቅጦር በግእዝ | GZ-GDL-027:ገድለ ቅዱስ ፊቅጦር በግእዝ | AM-GDL-029:ገድለ ቅዱስ ፊቅጦር በአማርኛ,"1-27, 1-27, 1-27, 2-27, 2-27, 2-27, 3-27, 3-27, 3-27, 4-5"
5-21,141,አባ ምዕመነ ድንግል,ምዕመነ ድንግል,monthly,WRONG_DATE,,AM-MEL-019:መልክዐ አቡነ ሐራ ድንግል በአማርኛ | GZ-MEL-021:መልክዐ ሐራ ድንግል በግእዝ,"1-11, 1-11, 2-11, 2-11, 3-11, 3-11, 4-11, 4-11, 5-11, 5-11"
5-21,141,አባ አምደ ሥላሴ,አምደ ሥላሴ,monthly,WRONG_DATE,,AM-MEL-010:መልክዐ ሥላሴ በአማርኛ | AM-SEY-002:ሰይፈ ሥላሴ በአማርኛ | GZ-HIB-001:ኅብረ ሥላሴ በግእዝ | GZ-MEL-035:መልክዐ ሥላሴ በግእዝ | GZ-MEL-077:መልክዐ አቡነ መዝገበ ሥላሴ በግእዝ | GZ-SEY-002:ሰይፈ ሥላሴ በግእዝ | AM-ZNA-001:ዜና ሥላሴ በአማርኛ | GZ-ZNA-004:ዜና ሥላሴ በግእዝ | GZ-TAM-003:ተአምራቲሆሙ ለሥላሴ,"None-None, None-None, None-None, None-None, None-None, None-None, None-None, 1-7, 2-7, 2-9"
5-21,141,አባ አሮን ሶርያዊ,አሮን ሶርያዊ,monthly,WRONG_DATE,,GZ-MEL-128:መልክዐ አᎄነ አሮን መንክራዌ በግእዝ | GZ-GDL-024:ገድለ አቡነ አሮን መንክራዊ ግእዝ | AM-GDL-028:ገድለ አቡነ አሮን መንክራዊ በአማርኛ,"1-5, 1-5, 1-5, 2-5, 2-5, 2-5, 3-5, 3-5, 3-5, 4-5"
5-21,141,አባ መርትያኖስ,መርትያኖስ,monthly,NO_BOOK,,,
5-21,141,አበው ጎርጎርዮሳት,አበው ጎርጎርዮሳት,monthly,WRONG_DATE,,AM-ZNA-002:ዜና አበው በአማርኛ,"3-4, 5-26"
5-22,142,ቅዱስ አባ እንጦንስ (የመነኮሳት አባት - የበርሐው ኮከብ / ልደቱና ዕረፍቱ),እንጦንስ,annual,NO_BOOK,,,
5-22,142,ቅዱስ ዑራኤል ሊቀ መላዕክት (ለተጠሙ ጽዋዓ ልቡናን የሚያጠጣ ምሥጢር ገላጭ መልዐክ),ዑራኤል ሊቀ መላዕክት,annual,CORRECT,GZ-MEL-011:መልክዐ ሊቀ መላእክት ቅዱስ ዑራኤል በግእዝ | GZ-MEL-012:መልክዐ ሊቀ መላእክት ቅዱስ ዑራኤል ካልእ በግእዝ | GZ-DRS-001:ድርሳነ ዑራኤል በግእዝ | AM-DRS-006:ድርሳነ ዑራኤል በአማርኛ,GZ-MEL-011:መልክዐ ሊቀ መላእክት ቅዱስ ዑራኤል በግእዝ | GZ-MEL-012:መልክዐ ሊቀ መላእክት ቅዱስ ዑራኤል ካልእ በግእዝ | GZ-DRS-001:ድርሳነ ዑራኤል በግእዝ | AM-DRS-006:ድርሳነ ዑራኤል በአማርኛ,"1-22, 1-22, 1-22, 1-22, 2-22, 2-22, 2-22, 2-22, 3-22, 3-22"
5-22,142,ቅዱስ ሚናስ ኤዺስ ቆዾስ,ሚናስ ኤዺስ ቆዾስ,annual,WRONG_DATE,,AM-MEL-013:መልክዐ ቅዱስ ሚናስ በአማርኛ | GZ-MEL-052:መልክዐ ቅዱስ ሚናስ በግእዝ,"1-15, 1-15, 2-15, 2-15, 3-15, 3-15, 4-15, 4-15, 5-15, 5-15"
5-22,142,ቅዱስ ሉቃስ ወንጌላዊ,ሉቃስ ወንጌላዊ,monthly,WRONG_DATE,,AM-MEL-016:መልክዐ ቅዱስ ዮሐንስ ወንጌላዊ በአማርኛ | GZ-MEL-062:መልክዐ ቅዱስ ዮሐንስ ወንጌላዊ በግእዝ,"1-4, 1-4, 1-29, 1-29, 2-4, 2-4, 3-4, 3-4, 4-4, 4-4"
5-22,142,ቅዱስ ደቅስዮስ ኤዺስ ቆዾስ,ደቅስዮስ ኤዺስ ቆዾስ,monthly,WRONG_DATE,,GZ-MEL-014:መልክዐ ሊቀ መላእክት ቅዱስ ገብርኤል ካልዕ (ደቅስዮስ) በግእዝ,"1-19, 2-19, 3-19, 4-19, 4-22, 5-19, 6-19, 7-19, 7-30, 8-19"
5-22,142,አባ ዻውሊ የዋህ,ዻውሊ የዋህ,monthly,NO_BOOK,,,
5-23,143,ቅዱስ ጢሞቴዎስ (ሐዋርያና ሰማዕት-የቅ/ዻውሎስ ደቀ መዝሙር),ጢሞቴዎስ,annual,NO_BOOK,,,
5-23,143,ቅዱስ ጌርሎስ ሰማዕት,ጌርሎስ,annual,NO_BOOK,,,
5-23,143,ቅዱስ አትናቴዎስ ሰማዕት,አትናቴዎስ,annual,NO_BOOK,,,
5-23,143,ጻድቅ ንጉሥ ቴዎዶስዮስ (ዘቁስጥንጥንያ),ንጉሥ ቴዎዶስዮስ,annual,WRONG_DATE,,GZ-ZNA-002:ዜናሁ ለንጉሥ ገላውዴዎስ በግእዝ | GZ-ZNA-003:ዜና ሕይወቱ ለንጉሥ ላልይበላ በግእዝ,7-27
5-23,143,ቅዱስ ዳዊት ልበ አምላክ,ዳዊት ልበ አምላክ,monthly,CORRECT,AM-MEL-049:የቅዱስ ዳዊት መልክዕ በአማርኛ | GZ-MEL-064:መልክዐ ቅዱስ ዳዊት በግእዝ,AM-MEL-049:የቅዱስ ዳዊት መልክዕ በአማርኛ | AM-MZM-001:መዝሙረ ዳዊት በአማርኛ | AM-WUD-003:ውዳሴ አምላክ በአማርኛ | GZ-MEL-064:መልክዐ ቅዱስ ዳዊት በግእዝ | GZ-MEL-088:መልክዐ አቡነ ቡሩከ አምላክ ዘደብረ ኮል በግእዝ | GZ-MEL-089:መልክዐ አቡነ ብፁዓ አምላክ ዘደብረ ምዕዋን ወዘደብረ ኰዳዱ በግእዝ | GZ-MZM-004:መዝሙረ ዳዊት በግእዝ | TI-MZM-001:መዝሙረ ዳዊት ብትግርኛ | TI-WUD-002:ውዳሴ አምላክ ብትግርኛ,"None-None, None-None, None-None, None-None, None-None, 1-23, 1-23, 2-23, 2-23, 3-23"
5-23,143,ቅዱስ ጊዮርጊስ ሊቀ ሰማዕታት,ጊዮርጊስ ሊቀ ሰማዕታት,monthly,CORRECT,AM-MEL-065:ጸሎተ መልክዐ ሥቃዩ ለቅዱስ ጊዮርጊስ ሊቀ ሰማዕታት በአማርኛ | AM-MEL-066:ጸሎተ መልክዕ ዘቅዱስ ጊዮርጊስ ሊቀ ሰማዕታት በአማርኛ | AM-MEL-067:ጸሎተ መልክዕ ዘቅዱስ ጊዮርጊስ ሊቀ ሰማዕታት ካልዕ በአማርኛ | AM-SIB-001:ስብሐተ ፍቁር ዘቅዱስ ጊዮርጊስ ሊቀ ሰማዕታት በአማርኛ,AM-MEL-065:ጸሎተ መልክዐ ሥቃዩ ለቅዱስ ጊዮርጊስ ሊቀ ሰማዕታት በአማርኛ | AM-MEL-066:ጸሎተ መልክዕ ዘቅዱስ ጊዮርጊስ ሊቀ ሰማዕታት በአማርኛ | AM-MEL-067:ጸሎተ መልክዕ ዘቅዱስ ጊዮርጊስ ሊቀ ሰማዕታት ካልዕ በአማርኛ | AM-SIB-001:ስብሐተ ፍቁር ዘቅዱስ ጊዮርጊስ ሊቀ ሰማዕታት በአማርኛ,"1-23, 1-23, 1-23, 1-23, 2-23, 2-23, 2-23, 2-23, 3-7, 3-7"
5-23,143,ቅዱስ ሰሎሞን ንጉሠ እሥራኤል,ሰሎሞን ንጉሠ እሥራኤል,monthly,WRONG_DATE,,GZ-TBB-001:ጥበበ ሰሎሞን በግእዝ,
5-23,143,አባ ጢሞቴዎስ ገዳማዊ,ጢሞቴዎስ ገዳማዊ,monthly,NO_BOOK,,,
5-23,143,አባ ሳሙኤል,ሳሙኤል,monthly,WRONG_DATE,,AM-MEL-054:የአቡነ ሳሙኤል ዘዋልድባ መልክዕ በአማርኛ | AM-MEL-055:የአቡነ ሳሙኤል ዘዋልድባ ኹለተኛ መልክዕ በአማርኛ | GZ-MEL-084:መልክዐ አቡነ ሳሙኤል በግእዝ ሣልስ በግእዝ | GZ-MEL-085:መልክዐ አቡነ ሳሙኤል ዘዋልድባ በግእዝ | GZ-MEL-086:መልክዐ አቡነ ሳሙኤል ዘዋልድባ ካልዕ በግእዝ,"1-12, 1-12, 1-12, 1-12, 1-12, 2-12, 2-12, 2-12, 2-12, 2-12"
5-23,143,አባ ስምዖን,ስምዖን,monthly,NO_BOOK,,,
5-23,143,አባ ገብርኤል,ገብርኤል,monthly,WRONG_DATE,,AM-MEL-050:የቅዱስ ገብርኤል መልክዕ በአማርኛ | GZ-MEL-013:መልክዐ ሊቀ መላእክት ቅዱስ ገብርኤል በግእዝ | GZ-MEL-014:መልክዐ ሊቀ መላእክት ቅዱስ ገብርኤል ካልዕ (ደቅስዮስ) በግእዝ | AM-DRS-003:ድርሳነ ገብርኤል በአማርኛ | GZ-DRS-010:ድርሳነ ገብርኤል በግእዝ,"1-19, 1-19, 1-19, 1-19, 1-19, 2-19, 2-19, 2-19, 2-19, 2-19"
5-24,144,አቡነ ቅዱስ ተክለ ሃይማኖት,ተክለ ሃይማኖት,annual,CORRECT,AM-MEL-057:የአቡነ ተክለ ሃይማኖት 2ኛ መልክዕ በአማርኛ | AM-MEL-058:የአቡነ ተክለ ሃይማኖት መልክዕ በአማርኛ | GZ-MEL-068:መልክዐ ተክለ ሃይማኖት በግእዝ | GZ-MEL-069:መልክዐ ተክለ ሃይማኖት ካልእ በግእዝ | GZ-MEL-092:መልክዐ አቡነ ተክለ ሃይማኖት በግእዝ | AM-GDL-004:ገድለ ተክለ ሃይማኖት በአማርኛ,AM-MEL-057:የአቡነ ተክለ ሃይማኖት 2ኛ መልክዕ በአማርኛ | AM-MEL-058:የአቡነ ተክለ ሃይማኖት መልክዕ በአማርኛ | GZ-MEL-068:መልክዐ ተክለ ሃይማኖት በግእዝ | GZ-MEL-069:መልክዐ ተክለ ሃይማኖት ካልእ በግእዝ | GZ-MEL-092:መልክዐ አቡነ ተክለ ሃይማኖት በግእዝ | AM-GDL-004:ገድለ ተክለ ሃይማኖት በአማርኛ,"1-24, 1-24, 1-24, 1-24, 1-24, 1-24, 2-24, 2-24, 2-24, 2-24"
5-24,144,ቅድስት ማርያ ግብጻዊት,ማርያ ግብጻዊት,annual,CORRECT,AM-MEL-017:መልክዐ ቅድስት ጸበለ ማርያም በአማርኛ | GZ-MEL-159:መልክዐ ጸበለ ማርያም ቅድስት በግእዝ,AM-LAH-001:ላሐ ማርያም በአማርኛ | AM-MEL-008:መልክዐ ማርያም ሣልሲት በአማርኛ | AM-MEL-009:መልክዐ ማርያም በአማርኛ | AM-MEL-017:መልክዐ ቅድስት ጸበለ ማርያም በአማርኛ | AM-MEL-064:የጽዮን ማርያም 3ኛ መልክዕ በአማርኛ | AM-RAY-001:ራዕየ ማርያም በአማርኛ | AM-WUD-002:ውዳሴ ማርያም በአማርኛ | GZ-ETA-001:እትአመነኪ ማርያም በሰማይ ወበምድር በግእዝ | GZ-LAH-001:ላሐ ማርያም በግእዝ | GZ-MEL-002:መልከዐ ማርያም ዳግሚት በግእዝ | GZ-MEL-031:መልክዐ ማርያም ሣልሲት በግእዝ | GZ-MEL-032:መልክዐ ማርያም በግእዝ | GZ-MEL-070:መልክዐ ተክለ ማርያም ዘይሰመይ መብዓ ጽዮን በግእዝ | GZ-MEL-099:መልክዐ አቡነ አብሳዲ ዘደብረ ማርያም በግእዝ | GZ-MEL-159:መልክዐ ጸበለ ማርያም ቅድስት በግእዝ | GZ-MEL-161:መልክዐ ጽዮን ማርያም ሣልስ በግእዝ | GZ-WUD-002:ውዳሴ ማርያም በግእዝ | TI-RAY-001:ራእየ ማርያም ብትግርኛ | TI-WUD-001:ውዳሴ ማርያም ብትግርኛ | AM-GDL-002:ገድለ ማርያም እንተ ዕፍረት በአማርኛ | GZ-TAM-001:ተአምረ ማርያም በግእዝ | AM-GDL-003:ገድለ ማርያም መግደላዊት በአማርኛ | GZ-MTS-001:መጽሐፈ ልደታ ለማርያም በግእዝ | AM-TAM-002:ተአምረ ማርያም በአማርኛ,"None-None, None-None, None-None, 1-1, 1-21, 1-21, 1-21, 1-21, 1-21, 1-21"
5-24,144,ታላቁ አባ ቢፋ,ታላቁ አባ ቢፋ,annual,NO_BOOK,,,
5-24,144,አባ አብሳዲ ቀሲስ,አብሳዲ ቀሲስ,annual,WRONG_DATE,,GZ-MEL-099:መልክዐ አቡነ አብሳዲ ዘደብረ ማርያም በግእዝ,1-30
5-24,144,ቅዱሳን ጻድቃነ ሐውዚን,ጻድቃነ ሐውዚን,annual,NO_BOOK,,,
5-24,144,አቡነ ዘዮሐንስ (ዘክብራን ገብርኤል -ጣና),ዘዮሐንስ,monthly,NO_BOOK,,,
5-24,144,ቅድስት እናታችን ክርስቶስ ሠምራ,እናታችን ክርስቶስ ሠምራ,monthly,CORRECT,GZ-MEL-143:መልክዐ ክርስቶስ ሠምራ በግእዝ | AM-GDL-005:ገድለ ቅድስት ክርስቶስ ሠምራ በአማርኛ | GZ-GDL-019:ገድለ ቅድስት ክርስቶስ ሠምራ በግእዝ,GZ-MEL-143:መልክዐ ክርስቶስ ሠምራ በግእዝ | AM-GDL-005:ገድለ ቅድስት ክርስቶስ ሠምራ በአማርኛ | GZ-GDL-019:ገድለ ቅድስት ክርስቶስ ሠምራ በግእዝ,"1-24, 1-24, 1-24, 2-24, 2-24, 2-24, 3-24, 3-24, 3-24, 4-24"
5-24,144,ቅዱስ ቶማስ ዘመርዓስ,ቶማስ ዘመርዓስ,monthly,WRONG_DATE,,GZ-MEL-094:መልክዐ አቡነ ቶማስ ዘዘናቁዴ በግእዝ,3-3
5-24,144,ቅዱስ ሙሴ ጸሊም,ሙሴ ጸሊም,monthly,NO_BOOK,,,
5-24,144,ቅዱስ አጋቢጦስ,አጋቢጦስ,monthly,NO_BOOK,,,
5-24,144,፳፬ቱ ካህናተ ሠማይ,፳፬ቱ ካህናተ ሠማይ,monthly,NO_BOOK,,,
5-25,145,ቅዱስ መርቆሬዎስ ሰማዕተ ሮሜ,መርቆሬዎስ ሰማዕተ ሮሜ,annual,CORRECT,GZ-MEL-039:መልክዐ ሰማዕት ቅዱስ መርቆሬዎስ በግእዝ | GZ-GDL-002:ገድለ ሰማዕት ቅዱስ መርቆሬዎስ በግእዝ | AM-GDL-015:ገድለ ሰማዕት ቅዱስ መርቆሬዎስ በአማርኛ,GZ-MEL-039:መልክዐ ሰማዕት ቅዱስ መርቆሬዎስ በግእዝ | GZ-MEL-076:መልክዐ አቡነ መርቆሬዎስ ዘደብረ ድማኅ በግእዝ | GZ-GDL-002:ገድለ ሰማዕት ቅዱስ መርቆሬዎስ በግእዝ | AM-GDL-015:ገድለ ሰማዕት ቅዱስ መርቆሬዎስ በአማርኛ,"1-25, 1-25, 1-25, 2-25, 2-25, 2-25, 3-25, 3-25, 3-25, 4-16"
5-25,145,ቅዱሳን ባስልዮስና ጎርጎርዮስ,ባስልዮስና ጎርጎርዮስ,annual,NO_BOOK,,,
5-25,145,ብፁዕ አባ ዼጥሮስ ጽሙድ (ለምጽዋት ራሱን የሸጠ አባት),ዼጥሮስ ጽሙድ,annual,NO_BOOK,,,
5-25,145,ቅዱስ ሰብስትያኖስ ሰማዕት,ሰብስትያኖስ,annual,NO_BOOK,,,
5-25,145,ቅዱስ አስኪላ ሰማዕት,አስኪላ,annual,NO_BOOK,,,
5-25,145,ቅዱስ አበከረዙን ሰማዕት,አበከረዙን,monthly,NO_BOOK,,,
5-25,145,ቅዱስ ዱማድዮስ ሶርያዊ,ዱማድዮስ ሶርያዊ,monthly,NO_BOOK,,,
5-25,145,ቅድስት ቴክላ ሐዋርያዊት,ቴክላ ሐዋርያዊት,monthly,NO_BOOK,,,
5-25,145,አቡነ አቢብ,አቢብ,monthly,CORRECT,AM-MEL-003:መልክዐ ለአቡነ አቢብ ጻድቅ በአማርኛ | AM-MEL-059:የአቡነ አቢብ መልክዕ በአማርኛ | GZ-MEL-095:መልክዐ አቡነ አቢብ በግእዝ | AM-GDL-024:ገድለ ቅዱስ አቡነ አቢብ በአማርኛ,AM-MEL-003:መልክዐ ለአቡነ አቢብ ጻድቅ በአማርኛ | AM-MEL-059:የአቡነ አቢብ መልክዕ በአማርኛ | GZ-MEL-095:መልክዐ አቡነ አቢብ በግእዝ | AM-GDL-024:ገድለ ቅዱስ አቡነ አቢብ በአማርኛ,"1-25, 1-25, 1-25, 1-25, 2-25, 2-25, 2-25, 2-25, 3-25, 3-25"
5-25,145,አባ አቡፋና,አቡፋና,monthly,NO_BOOK,,,
5-26,146,"""፵፱"" አረጋውያን ሰማዕታት (ግብፅ ገዳመ አስቄጥስ ውስጥ)","""፵፱"" አረጋውያን ሰማዕታት",annual,WRONG_DATE,,AM-MEL-065:ጸሎተ መልክዐ ሥቃዩ ለቅዱስ ጊዮርጊስ ሊቀ ሰማዕታት በአማርኛ | AM-MEL-066:ጸሎተ መልክዕ ዘቅዱስ ጊዮርጊስ ሊቀ ሰማዕታት በአማርኛ | AM-MEL-067:ጸሎተ መልክዕ ዘቅዱስ ጊዮርጊስ ሊቀ ሰማዕታት ካልዕ በአማርኛ | AM-SIB-001:ስብሐተ ፍቁር ዘቅዱስ ጊዮርጊስ ሊቀ ሰማዕታት በአማርኛ | GZ-MEL-016:መልክዐ ሊቀ ሰማዕታት ቅዱስ እስጢፋኖስ በግእዝ | GZ-MEL-017:መልክዐ ሊቀ ሰማዕታት ቅዱስ እስጢፋኖስ ካልእ በግእዝ | AM-GDL-010:ገድለ ሰማዕታት በአማርኛ,"1-15, 1-15, 1-17, 1-17, 1-23, 1-23, 1-23, 1-23, 2-17, 2-17"
5-26,146,ቅድስት አንስጣስያ,አንስጣስያ,annual,NO_BOOK,,,
5-26,146,ቅዱስ ዮሴፍ (መፍቀሬ ነዳያን),ዮሴፍ,annual,WRONG_DATE,,GZ-MEL-111:መልክዐ አቡነ ዮሴፍ በግእዝ | GZ-GDL-029:ገድለ አቡነ ዮሴፍ በግእዝ,"1-19, 1-19, 2-19, 2-19, 3-19, 3-19, 4-19, 4-19, 5-19, 5-19"
5-26,146,አባ ጽሕማ (ከተስዓቱ ቅዱሳን),ጽሕማ,annual,NO_BOOK,,,
5-26,146,ቅዱስ ቶማስ ሐዋርያ,ቶማስ,monthly,WRONG_DATE,,GZ-MEL-094:መልክዐ አቡነ ቶማስ ዘዘናቁዴ በግእዝ,3-3
5-26,146,አቡነ ሐብተ ማርያም ኢትዮዽያዊ,ሐብተ ማርያም ኢትዮዽያዊ,monthly,NO_BOOK,,,
5-26,146,አቡነ ኢየሱስ ሞዐ ዘሐይቅ,ኢየሱስ ሞዐ ዘሐይቅ,monthly,CORRECT,GZ-MEL-130:መልክዐ ኢየሱስ ሞዐ በግእዝ | AM-GDL-026:ገድለ አቡነ ኢየሱስ ሞዐ በአማርኛ,AM-MEL-002:መልክአ ኢየሱስ በአማርኛ | GZ-MEL-130:መልክዐ ኢየሱስ ሞዐ በግእዝ | GZ-MEL-131:መልክዐ ኢየሱስ በግእዝ | GZ-MEL-132:መልክዐ ኢየሱስ ካልዕ በግእዝ | AM-TAM-001:ተአምረ ኢየሱስ በአማርኛ | TI-TAM-001:ተአምረ ኢየሱስ ብትግርኛ | GZ-TAM-002:ተአምረ ኢየሱስ በግእዝ | AM-GDL-026:ገድለ አቡነ ኢየሱስ ሞዐ በአማርኛ,"1-26, 1-26, 1-29, 1-29, 1-29, 1-29, 1-29, 1-29, 2-26, 2-26"
5-26,146,አቡነ ሰላማ ከሣቴ ብርሃን,ሰላማ ከሣቴ ብርሃን,monthly,WRONG_DATE,,AM-KOH-001:ኆኅተ ብርሃን በአማርኛ | AM-MEL-056:የአቡነ ተከስተ ብርሃን መልክዕ በአማርኛ | GZ-KOH-001:ኆኅተ ብርሃን በግእዝ | GZ-MEL-038:መልክዐ ሰላማ በግእዝ | GZ-MEL-091:መልክዐ አቡነ ተከስተ ብርሃን በግእዝ,"None-None, None-None, 4-18, 7-10, 7-10, 11-26"
5-27,147,ቅዱስ ኄኖክ ነቢይ (ወደ ብሔረ ሕያዋን ያረገበት),ኄኖክ ነቢይ,annual,WRONG_DATE,,GZ-MEL-059:መልክዐ ቅዱስ ኤልያስ ነቢይ ሣልስ በግእዝ | AM-DRS-005:ድርሳነ ኤልያስ ነቢይ በአማርኛ,"1-6, 1-6, 2-6, 2-6, 3-6, 3-6, 4-1, 4-1, 4-6, 4-6"
5-27,147,ቅዱስ ጢሞቴዎስ ሐዋርያ (ፍልሠቱ),ጢሞቴዎስ ሐዋርያ,annual,WRONG_DATE,,AM-MEL-033:የሐዋርያው የቅዱስ ታዴዎስ መልክዕ በአማርኛ | AM-MEL-046:የቅዱስ እንድርያስ ሐዋርያ መልክዕ በአማርኛ | GZ-MEL-023:መልክዐ ሐዋርያት በግእዝ | GZ-MEL-137:መልክዐ እንድርያስ ሐዋርያ በግእዝ | GZ-GDL-017:ገድለ አቡነ ተክለ ሐዋርያት በግእዝ | GZ-GDL-032:መጽሐፈ ገድለ ቅዱሳን ሐዋርያት በግእዝ | AM-ZNA-003:ዜና ሐዋርያት በአማርኛ,"1-2, 1-4, 1-4, 2-2, 2-4, 2-4, 3-2, 3-4, 3-4, 3-27"
5-27,147,ቅዱስ አባ ቢፋሞን ሰማዕት,ቢፋሞን,annual,NO_BOOK,,,
5-27,147,ቅዱስ ሰራብዮን ሰማዕት,ሰራብዮን,annual,NO_BOOK,,,
5-27,147,ቅዱስ ሱርያል ሊቀ መላዕክት (ከ፯ቱ ሊቃናት አንዱ),ሱርያል ሊቀ መላዕክት,annual,CORRECT,GZ-MEL-008:መልክዐ ሊቀ መላእክት ቅዱስ ሱርያል በግእዝ,GZ-MEL-008:መልክዐ ሊቀ መላእክት ቅዱስ ሱርያል በግእዝ,"1-27, 2-27, 3-27, 4-27, 5-27, 6-27, 7-27, 8-27, 9-27, 10-27"
5-27,147,መድኃኔ ዓለም ኢየሱስ ክርስቶስ,መድኃኔ ዓለም ኢየሱስ ክርስቶስ,monthly,CORRECT,AM-MIK-001:ምክሓ ምእመናን ክርስቶስ በአማርኛ | GZ-MEL-001:ሐዲስ መልክዐ መድኃኔዓለም በግእዝ | GZ-MEL-028:መልክዐ መድኃኔ ዓለም በግእዝ | GZ-DRS-005:ድርሳነ መድኃኔ ዓለም በግእዝ | AM-DRS-004:ድርሳነ መድኃኔ ዓለም በአማርኛ,AM-MEL-018:መልክዐ ቅድስት ፍቅርተ ክርስቶስ በአማርኛ | AM-MEL-060:የአቡነ አባለ ክርስቶስ ጻድቅ መልክዕ በአማርኛ | AM-MIK-001:ምክሓ ምእመናን ክርስቶስ በአማርኛ | GZ-MEL-001:ሐዲስ መልክዐ መድኃኔዓለም በግእዝ | GZ-MEL-028:መልክዐ መድኃኔ ዓለም በግእዝ | GZ-MEL-066:መልክዐ ቅድስት ፍቅርተ ክርስቶስ በግእዝ | GZ-MEL-082:መልክዐ አቡነ ሠምረ ክርስቶስ በግእዝ | GZ-MEL-096:መልክዐ አቡነ አባለ ክርስቶስ በግእዝ | GZ-MEL-136:መልክዐ እስትንፋሰ ክርስቶስ በግእዝ | GZ-MEL-143:መልክዐ ክርስቶስ ሠምራ በግእዝ | GZ-MEL-148:መልክዐ ይምርሃነ ክርስቶስ በግእዝ | GZ-MEL-153:መልክዐ ገብረ ክርስቶስ በግእዝ | GZ-MZM-001:መዝሙረ ክርስቶስ በግእዝ | GZ-MZM-002:መዝሙረ ክርስቶስ ካልዕ በግእዝ | GZ-MZM-003:መዝሙረ ክርስቶስ ዘመኃልየ መኃልይ። በግእዝ | GZ-GDL-006:ገድለ አቡነ እስትንፋስ ክርስቶስ በግእዝ | AM-GDL-005:ገድለ ቅድስት ክርስቶስ ሠምራ በአማርኛ | GZ-DRS-005:ድርሳነ መድኃኔ ዓለም በግእዝ | AM-GDL-014:የአቡነ እስትንፋሰ ክርስቶስ ገድል በአማርኛ | AM-DRS-004:ድርሳነ መድኃኔ ዓለም በአማርኛ | GZ-GDL-019:ገድለ ቅድስት ክርስቶስ ሠምራ በግእዝ | GZ-GDL-023:ገድለ አቡነ መዝራዕተ ክርስቶስ በግእዝ | TI-GDL-002:ገድሊ አቡነ እስትንፋስ ክርስቶስ ትግርኛ,"1-9, 1-9, 1-9, 1-9, 1-24, 1-24, 1-24, 1-27, 1-27, 1-27"
5-27,147,አቡነ መባዐ ፅዮን,መባዐ ፅዮን,monthly,NO_BOOK,,,
5-27,147,አባ መቃርስ ርዕሰ መነኮሳት,መቃርስ ርዕሰ መነኮሳት,monthly,NO_BOOK,,,
5-27,147,ቅዱስ ገላውዴዎስ ሰማዕት (ንጉሠ ኢትዮዽያ),ገላውዴዎስ ሰማዕት,monthly,WRONG_DATE,,GZ-MEL-039:መልክዐ ሰማዕት ቅዱስ መርቆሬዎስ በግእዝ | GZ-MEL-040:መልክዐ ሰማዕት ቅዱስ ቴዎድሮስ በግእዝ | GZ-MEL-041:መልክዐ ሰማዕት ቅዱስ ፋሲለደስ በግእዝ | GZ-MEL-042:መልክዐ ሰማዕት ቅድስት አርሴማ በግእዝ | GZ-MEL-043:መልክዐ ሰማዕት ቅድስት ኢየሉጣ በግእዝ | GZ-MEL-122:መልክዐ አባ ኖብ ሰማዕት በግእዝ | GZ-GDL-002:ገድለ ሰማዕት ቅዱስ መርቆሬዎስ በግእዝ | GZ-ZNA-002:ዜናሁ ለንጉሥ ገላውዴዎስ በግእዝ | AM-GDL-008:ገድለ ሰማዕት ቅድስት አርሴማ በአማርኛ | GZ-GDL-014:ገድለ ቅዱስ ጊዮርጊስ ሰማዕት በግእዝ | AM-GDL-015:ገድለ ሰማዕት ቅዱስ መርቆሬዎስ በአማርኛ | AM-GDL-018:ገድለ ቅዱስ ጊዮርጊስ ሰማዕት በአማርኛ | GZ-GDL-031:ገድለ ሰማዕት ቅዱስ ቴዎድሮስ በግእዝ | GZ-GDL-033:ገድለ ሰማዕት ቅድስት አርሴማ በግእዝ | AM-GDL-030:ገድለ ሰማዕት ቅዱስ ቴዎድሮስ በአማርኛ,"1-6, 1-6, 1-6, 1-11, 1-12, 1-12, 1-12, 1-15, 1-18, 1-20"
5-27,147,ቅዱስ ፊቅጦር ሰማዕት,ፊቅጦር,monthly,CORRECT,GZ-MEL-162:መልክዐ ፊቅጦር በግእዝ | GZ-GDL-027:ገድለ ቅዱስ ፊቅጦር በግእዝ | AM-GDL-029:ገድለ ቅዱስ ፊቅጦር በአማርኛ,GZ-MEL-162:መልክዐ ፊቅጦር በግእዝ | GZ-GDL-027:ገድለ ቅዱስ ፊቅጦር በግእዝ | AM-GDL-029:ገድለ ቅዱስ ፊቅጦር በአማርኛ,"1-27, 1-27, 1-27, 2-27, 2-27, 2-27, 3-27, 3-27, 3-27, 4-5"
5-27,147,ቅዱስ ያዕቆብ ዘግሙድ,ያዕቆብ ዘግሙድ,monthly,WRONG_DATE,,AM-MEL-022:መልክዐ አብርሃም ይሥሐቅ ያዕቆብ በአማርኛ | GZ-MEL-124:መልክዐ አብርሃም ይሥሐቅ ወያዕቆብ በግእዝ,"1-28, 1-28, 2-28, 2-28, 3-28, 3-28, 4-28, 4-28, 5-28, 5-28"
5-28,148,"ቅዱስ ቀሌምንጦስ ሰማዕት (ስለ ሃይማኖት ፯ ጊዜ ሙቶ የተነሳ, ፯ አክሊል የወረደለት)",ቀሌምንጦስ ሰማዕት,annual,WRONG_DATE,,GZ-MEL-039:መልክዐ ሰማዕት ቅዱስ መርቆሬዎስ በግእዝ | GZ-MEL-040:መልክዐ ሰማዕት ቅዱስ ቴዎድሮስ በግእዝ | GZ-MEL-041:መልክዐ ሰማዕት ቅዱስ ፋሲለደስ በግእዝ | GZ-MEL-042:መልክዐ ሰማዕት ቅድስት አርሴማ በግእዝ | GZ-MEL-043:መልክዐ ሰማዕት ቅድስት ኢየሉጣ በግእዝ | GZ-MEL-122:መልክዐ አባ ኖብ ሰማዕት በግእዝ | GZ-GDL-002:ገድለ ሰማዕት ቅዱስ መርቆሬዎስ በግእዝ | AM-GDL-008:ገድለ ሰማዕት ቅድስት አርሴማ በአማርኛ | GZ-GDL-014:ገድለ ቅዱስ ጊዮርጊስ ሰማዕት በግእዝ | AM-GDL-015:ገድለ ሰማዕት ቅዱስ መርቆሬዎስ በአማርኛ | AM-GDL-018:ገድለ ቅዱስ ጊዮርጊስ ሰማዕት በአማርኛ | GZ-GDL-031:ገድለ ሰማዕት ቅዱስ ቴዎድሮስ በግእዝ | GZ-GDL-033:ገድለ ሰማዕት ቅድስት አርሴማ በግእዝ | AM-GDL-030:ገድለ ሰማዕት ቅዱስ ቴዎድሮስ በአማርኛ,"1-6, 1-6, 1-6, 1-11, 1-12, 1-12, 1-12, 1-15, 1-18, 1-20"
5-28,148,ቅዱስ አካውህ መነኮስ,አካውህ መነኮስ,annual,NO_BOOK,,,
5-28,148,"""፰00"" ሰማዕታት","""፰00"" ሰማዕታት",annual,WRONG_DATE,,AM-MEL-065:ጸሎተ መልክዐ ሥቃዩ ለቅዱስ ጊዮርጊስ ሊቀ ሰማዕታት በአማርኛ | AM-MEL-066:ጸሎተ መልክዕ ዘቅዱስ ጊዮርጊስ ሊቀ ሰማዕታት በአማርኛ | AM-MEL-067:ጸሎተ መልክዕ ዘቅዱስ ጊዮርጊስ ሊቀ ሰማዕታት ካልዕ በአማርኛ | AM-SIB-001:ስብሐተ ፍቁር ዘቅዱስ ጊዮርጊስ ሊቀ ሰማዕታት በአማርኛ | GZ-MEL-016:መልክዐ ሊቀ ሰማዕታት ቅዱስ እስጢፋኖስ በግእዝ | GZ-MEL-017:መልክዐ ሊቀ ሰማዕታት ቅዱስ እስጢፋኖስ ካልእ በግእዝ | AM-GDL-010:ገድለ ሰማዕታት በአማርኛ,"1-15, 1-15, 1-17, 1-17, 1-23, 1-23, 1-23, 1-23, 2-17, 2-17"
5-28,148,ቅዱስ ዮሴፍ አይሁዳዊ (የእመቤታችን ወዳጅ),ዮሴፍ አይሁዳዊ,annual,WRONG_DATE,,GZ-MEL-111:መልክዐ አቡነ ዮሴፍ በግእዝ | GZ-GDL-029:ገድለ አቡነ ዮሴፍ በግእዝ,"1-19, 1-19, 2-19, 2-19, 3-19, 3-19, 4-19, 4-19, 5-19, 5-19"
5-28,148,ቅድስት ሳቤላ,ሳቤላ,annual,NO_BOOK,,,
5-28,148,አባቶቻችን አብርሃም ይስሐቅና ያዕቆብ,አባቶቻችን አብርሃም ይስሐቅና ያዕቆብ,monthly,CORRECT,AM-MEL-022:መልክዐ አብርሃም ይሥሐቅ ያዕቆብ በአማርኛ | GZ-MEL-124:መልክዐ አብርሃም ይሥሐቅ ወያዕቆብ በግእዝ,AM-MEL-022:መልክዐ አብርሃም ይሥሐቅ ያዕቆብ በአማርኛ | GZ-MEL-124:መልክዐ አብርሃም ይሥሐቅ ወያዕቆብ በግእዝ,"1-28, 1-28, 2-28, 2-28, 3-28, 3-28, 4-28, 4-28, 5-28, 5-28"
5-28,148,ቅዱስ ቴዎድሮስ ሮማዊ,ቴዎድሮስ ሮማዊ,monthly,WRONG_DATE,,GZ-MEL-040:መልክዐ ሰማዕት ቅዱስ ቴዎድሮስ በግእዝ | GZ-GDL-030:ገድለ ቅዱስ ቴዎድሮስ በግእዝ | GZ-GDL-031:ገድለ ሰማዕት ቅዱስ ቴዎድሮስ በግእዝ | AM-GDL-030:ገድለ ሰማዕት ቅዱስ ቴዎድሮስ በአማርኛ,"1-12, 1-12, 1-12, 1-12, 1-20, 1-20, 1-20, 1-20, 2-12, 2-12"
5-28,148,ቅዱስ እንድራኒቆስና አትናስያ,እንድራኒቆስና አትናስያ,monthly,NO_BOOK,,,
5-28,148,ቅድስት ዓመተ ክርስቶስ,ዓመተ ክርስቶስ,monthly,WRONG_DATE,,AM-MEL-018:መልክዐ ቅድስት ፍቅርተ ክርስቶስ በአማርኛ | AM-MEL-060:የአቡነ አባለ ክርስቶስ ጻድቅ መልክዕ በአማርኛ | AM-MIK-001:ምክሓ ምእመናን ክርስቶስ በአማርኛ | GZ-MEL-066:መልክዐ ቅድስት ፍቅርተ ክርስቶስ በግእዝ | GZ-MEL-082:መልክዐ አቡነ ሠምረ ክርስቶስ በግእዝ | GZ-MEL-096:መልክዐ አቡነ አባለ ክርስቶስ በግእዝ | GZ-MEL-136:መልክዐ እስትንፋሰ ክርስቶስ በግእዝ | GZ-MEL-143:መልክዐ ክርስቶስ ሠምራ በግእዝ | GZ-MEL-148:መልክዐ ይምርሃነ ክርስቶስ በግእዝ | GZ-MEL-153:መልክዐ ገብረ ክርስቶስ በግእዝ | GZ-MZM-001:መዝሙረ ክርስቶስ በግእዝ | GZ-MZM-002:መዝሙረ ክርስቶስ ካልዕ በግእዝ | GZ-MZM-003:መዝሙረ ክርስቶስ ዘመኃልየ መኃልይ። በግእዝ | GZ-GDL-006:ገድለ አቡነ እስትንፋስ ክርስቶስ በግእዝ | AM-GDL-005:ገድለ ቅድስት ክርስቶስ ሠምራ በአማርኛ | AM-GDL-014:የአቡነ እስትንፋሰ ክርስቶስ ገድል በአማርኛ | GZ-GDL-019:ገድለ ቅድስት ክርስቶስ ሠምራ በግእዝ | GZ-GDL-023:ገድለ አቡነ መዝራዕተ ክርስቶስ በግእዝ | TI-GDL-002:ገድሊ አቡነ እስትንፋስ ክርስቶስ ትግርኛ,"1-9, 1-9, 1-9, 1-9, 1-24, 1-24, 1-24, 1-27, 1-29, 1-29"
5-29,149,ጻድቃን ቅዱሳን ማሕበረ ዶጌ (ዴጌ ጻድቃን),ጻድቃን ቅዱሳን ማሕበረ ዶጌ,annual,WRONG_DATE,,GZ-MEL-160:መልክዐ ጻድቃን ዘባርክናሃ በግእዝ,4-29
5-29,149,ቅድስት አርሴማ ሰማዕት,አርሴማ,monthly,WRONG_DATE,,GZ-MEL-042:መልክዐ ሰማዕት ቅድስት አርሴማ በግእዝ | AM-GDL-008:ገድለ ሰማዕት ቅድስት አርሴማ በአማርኛ | GZ-GDL-033:ገድለ ሰማዕት ቅድስት አርሴማ በግእዝ,"1-6, 1-6, 1-6, 1-29, 1-29, 1-29, 2-6, 2-6, 2-6, 3-6"
5-29,149,ቅድስት ፍቅርተ ክርስቶስ እናታችን,ፍቅርተ ክርስቶስ እናታችን,monthly,CORRECT,AM-MEL-018:መልክዐ ቅድስት ፍቅርተ ክርስቶስ በአማርኛ | GZ-MEL-066:መልክዐ ቅድስት ፍቅርተ ክርስቶስ በግእዝ,AM-MEL-018:መልክዐ ቅድስት ፍቅርተ ክርስቶስ በአማርኛ | GZ-MEL-066:መልክዐ ቅድስት ፍቅርተ ክርስቶስ በግእዝ,"1-29, 1-29, 2-29, 2-29, 3-29, 3-29, 4-29, 4-29, 5-29, 5-29"
5-29,149,ቅዱስ ዼጥሮስ ተፍፃሜተ ሰማዕት,ዼጥሮስ ተፍፃሜተ,monthly,NO_BOOK,,,
5-29,149,ቅዱስ ማርቆስ ዘቶርማቅ,ማርቆስ ዘቶርማቅ,monthly,WRONG_DATE,,AM-MEL-042:የቅዱስ ማርቆስ 2ኛ መልክዕ በአማርኛ | AM-MEL-062:የአቡነ ዜና ማርቆስ መልክዕ በአማርኛ | GZ-MEL-030:መልክዐ ማርቆስ በግእዝ | GZ-MEL-053:መልክዐ ቅዱስ ማርቆስ ካልእ በግእዝ | GZ-MEL-106:መልክዐ አቡነ ዜና ማርቆስ በግእዝ,"1-3, 1-3, 1-30, 1-30, 1-30, 2-3, 2-3, 2-30, 2-30, 2-30"
5-29,149,ቅዱስ ዘርዐ ክርስቶስ,ዘርዐ ክርስቶስ,monthly,CORRECT,AM-MEL-018:መልክዐ ቅድስት ፍቅርተ ክርስቶስ በአማርኛ | GZ-MEL-066:መልክዐ ቅድስት ፍቅርተ ክርስቶስ በግእዝ | GZ-MZM-001:መዝሙረ ክርስቶስ በግእዝ | GZ-MZM-002:መዝሙረ ክርስቶስ ካልዕ በግእዝ | GZ-MZM-003:መዝሙረ ክርስቶስ ዘመኃልየ መኃልይ። በግእዝ,AM-MEL-018:መልክዐ ቅድስት ፍቅርተ ክርስቶስ በአማርኛ | AM-MEL-060:የአቡነ አባለ ክርስቶስ ጻድቅ መልክዕ በአማርኛ | AM-MEL-061:የአቡነ ዘርዐ ቡሩክ መልክዕ በአማርኛ | AM-MIK-001:ምክሓ ምእመናን ክርስቶስ በአማርኛ | GZ-MEL-066:መልክዐ ቅድስት ፍቅርተ ክርስቶስ በግእዝ | GZ-MEL-082:መልክዐ አቡነ ሠምረ ክርስቶስ በግእዝ | GZ-MEL-096:መልክዐ አቡነ አባለ ክርስቶስ በግእዝ | GZ-MEL-105:መልክዐ አቡነ ዘርዐ ቡሩክ በግእዝ | GZ-MEL-136:መልክዐ እስትንፋሰ ክርስቶስ በግእዝ | GZ-MEL-143:መልክዐ ክርስቶስ ሠምራ በግእዝ | GZ-MEL-148:መልክዐ ይምርሃነ ክርስቶስ በግእዝ | GZ-MEL-153:መልክዐ ገብረ ክርስቶስ በግእዝ | GZ-MZM-001:መዝሙረ ክርስቶስ በግእዝ | GZ-MZM-002:መዝሙረ ክርስቶስ ካልዕ በግእዝ | GZ-MZM-003:መዝሙረ ክርስቶስ ዘመኃልየ መኃልይ። በግእዝ | GZ-GDL-004:ገድለ አቡነ ዘርዐ ቡሩከ በግእዝ | GZ-GDL-006:ገድለ አቡነ እስትንፋስ ክርስቶስ በግእዝ | AM-GDL-005:ገድለ ቅድስት ክርስቶስ ሠምራ በአማርኛ | AM-GDL-012:ገድለ አቡነ ዘርዐ ቡሩከ በአማርኛ | AM-GDL-014:የአቡነ እስትንፋሰ ክርስቶስ ገድል በአማርኛ | GZ-GDL-013:ገድለ ዘርዐ አብርሃም በግእዝ | GZ-GDL-019:ገድለ ቅድስት ክርስቶስ ሠምራ በግእዝ | GZ-GDL-023:ገድለ አቡነ መዝራዕተ ክርስቶስ በግእዝ | TI-GDL-002:ገድሊ አቡነ እስትንፋስ ክርስቶስ ትግርኛ,"1-9, 1-9, 1-9, 1-9, 1-13, 1-13, 1-13, 1-13, 1-24, 1-24"
5-30,150,ቅድስት ሶፍያና ፫ቱ ሰማዕታት ልጆቿ (ጲስጢስ አላዺስና አጋዺስ),ሶፍያና ፫ቱ ሰማዕታት ልጆቿ,annual,NO_BOOK,,,
5-30,150,ቅድስት ኦርኒ ሰማዕት (በ፭ ነገሥታት እጅ የተሰቃየች የሐዋርያው ጢሞቴዎስ ተከታይና ወደ ብሔረ ሕያዋን የተነጠቀች እናት),ኦርኒ ሰማዕት,annual,WRONG_DATE,,GZ-MEL-039:መልክዐ ሰማዕት ቅዱስ መርቆሬዎስ በግእዝ | GZ-MEL-040:መልክዐ ሰማዕት ቅዱስ ቴዎድሮስ በግእዝ | GZ-MEL-041:መልክዐ ሰማዕት ቅዱስ ፋሲለደስ በግእዝ | GZ-MEL-042:መልክዐ ሰማዕት ቅድስት አርሴማ በግእዝ | GZ-MEL-043:መልክዐ ሰማዕት ቅድስት ኢየሉጣ በግእዝ | GZ-MEL-122:መልክዐ አባ ኖብ ሰማዕት በግእዝ | GZ-GDL-002:ገድለ ሰማዕት ቅዱስ መርቆሬዎስ በግእዝ | AM-GDL-008:ገድለ ሰማዕት ቅድስት አርሴማ በአማርኛ | GZ-GDL-014:ገድለ ቅዱስ ጊዮርጊስ ሰማዕት በግእዝ | AM-GDL-015:ገድለ ሰማዕት ቅዱስ መርቆሬዎስ በአማርኛ | AM-GDL-018:ገድለ ቅዱስ ጊዮርጊስ ሰማዕት በአማርኛ | GZ-GDL-031:ገድለ ሰማዕት ቅዱስ ቴዎድሮስ በግእዝ | GZ-GDL-033:ገድለ ሰማዕት ቅድስት አርሴማ በግእዝ | AM-GDL-030:ገድለ ሰማዕት ቅዱስ ቴዎድሮስ በአማርኛ,"1-6, 1-6, 1-6, 1-11, 1-12, 1-12, 1-12, 1-15, 1-18, 1-20"
5-30,150,ቅዱስ ጐርጐርዮስ ነባቤ መለኮት,ጐርጐርዮስ ነባቤ መለኮት,annual,WRONG_DATE,,AM-SEY-001:ሰይፈ መለኮት በአማርኛ | GZ-SEY-001:ሰይፈ መለኮት በግእዝ,"None-None, None-None"
5-30,150,አባ አክርስጥሮስ,አክርስጥሮስ,annual,NO_BOOK,,,
5-30,150,አምስቱ ደናግል ሰማዕታት (ጤቅላ ማርያ ማርታ አበያ ዓመታ),አምስቱ ደናግል ሰማዕታት,annual,WRONG_DATE,,AM-MEL-065:ጸሎተ መልክዐ ሥቃዩ ለቅዱስ ጊዮርጊስ ሊቀ ሰማዕታት በአማርኛ | AM-MEL-066:ጸሎተ መልክዕ ዘቅዱስ ጊዮርጊስ ሊቀ ሰማዕታት በአማርኛ | AM-MEL-067:ጸሎተ መልክዕ ዘቅዱስ ጊዮርጊስ ሊቀ ሰማዕታት ካልዕ በአማርኛ | AM-SIB-001:ስብሐተ ፍቁር ዘቅዱስ ጊዮርጊስ ሊቀ ሰማዕታት በአማርኛ | GZ-MEL-016:መልክዐ ሊቀ ሰማዕታት ቅዱስ እስጢፋኖስ በግእዝ | GZ-MEL-017:መልክዐ ሊቀ ሰማዕታት ቅዱስ እስጢፋኖስ ካልእ በግእዝ | AM-GDL-010:ገድለ ሰማዕታት በአማርኛ,"1-15, 1-15, 1-17, 1-17, 1-23, 1-23, 1-23, 1-23, 2-17, 2-17"
5-30,150,ጻድቃነ ዴጌ (የተሠወሩበት),ጻድቃነ ዴጌ,annual,NO_BOOK,,,
5-30,150,አባ ሚናስ ሊቀ ዻዻሳት,ሚናስ ሊቀ ዻዻሳት,annual,WRONG_DATE,,AM-MEL-013:መልክዐ ቅዱስ ሚናስ በአማርኛ | GZ-MEL-052:መልክዐ ቅዱስ ሚናስ በግእዝ,"1-15, 1-15, 2-15, 2-15, 3-15, 3-15, 4-15, 4-15, 5-15, 5-15"
5-30,150,"""130,000"" ሰማዕታት (የቅ/ኦርኒ ማሕበር)","""130,000"" ሰማዕታት",annual,WRONG_DATE,,AM-MEL-065:ጸሎተ መልክዐ ሥቃዩ ለቅዱስ ጊዮርጊስ ሊቀ ሰማዕታት በአማርኛ | AM-MEL-066:ጸሎተ መልክዕ ዘቅዱስ ጊዮርጊስ ሊቀ ሰማዕታት በአማርኛ | AM-MEL-067:ጸሎተ መልክዕ ዘቅዱስ ጊዮርጊስ ሊቀ ሰማዕታት ካልዕ በአማርኛ | AM-SIB-001:ስብሐተ ፍቁር ዘቅዱስ ጊዮርጊስ ሊቀ ሰማዕታት በአማርኛ | GZ-MEL-016:መልክዐ ሊቀ ሰማዕታት ቅዱስ እስጢፋኖስ በግእዝ | GZ-MEL-017:መልክዐ ሊቀ ሰማዕታት ቅዱስ እስጢፋኖስ ካልእ በግእዝ | AM-GDL-010:ገድለ ሰማዕታት በአማርኛ,"1-15, 1-15, 1-17, 1-17, 1-23, 1-23, 1-23, 1-23, 2-17, 2-17"
5-30,150,ቅዱስ ማርቆስ ዘአንበሳ,ማርቆስ ዘአንበሳ,monthly,CORRECT,AM-MEL-042:የቅዱስ ማርቆስ 2ኛ መልክዕ በአማርኛ | GZ-MEL-030:መልክዐ ማርቆስ በግእዝ | GZ-MEL-053:መልክዐ ቅዱስ ማርቆስ ካልእ በግእዝ,AM-MEL-042:የቅዱስ ማርቆስ 2ኛ መልክዕ በአማርኛ | AM-MEL-062:የአቡነ ዜና ማርቆስ መልክዕ በአማርኛ | GZ-MEL-030:መልክዐ ማርቆስ በግእዝ | GZ-MEL-053:መልክዐ ቅዱስ ማርቆስ ካልእ በግእዝ | GZ-MEL-106:መልክዐ አቡነ ዜና ማርቆስ በግእዝ,"1-3, 1-3, 1-30, 1-30, 1-30, 2-3, 2-3, 2-30, 2-30, 2-30"
5-30,150,ቅዱስ ዮሐንስ መጥምቀ መለኮት,ዮሐንስ መጥምቀ መለኮት,monthly,CORRECT,AM-MEL-048:የቅዱስ ዮሐንስ መጥምቅ መልክዕ በአማርኛ | GZ-MEL-060:መልክዐ ቅዱስ ዮሐንስ መጥምቅ በግእዝ,AM-MEL-016:መልክዐ ቅዱስ ዮሐንስ ወንጌላዊ በአማርኛ | AM-MEL-020:መልክዐ አቡነ ዕጨጌ ዮሐንስ በአማርኛ | AM-MEL-021:መልክዐ አቡነ ዮሐንስ ጻድቅ በአማርኛ | AM-MEL-047:የቅዱስ ዮሐንስ 2ኛ መልክዕ በአማርኛ | AM-MEL-048:የቅዱስ ዮሐንስ መጥምቅ መልክዕ በአማርኛ | AM-SEY-001:ሰይፈ መለኮት በአማርኛ | GZ-MEL-060:መልክዐ ቅዱስ ዮሐንስ መጥምቅ በግእዝ | GZ-MEL-061:መልክዐ ቅዱስ ዮሐንስ ካልእ በግእዝ | GZ-MEL-062:መልክዐ ቅዱስ ዮሐንስ ወንጌላዊ በግእዝ | GZ-MEL-104:መልክዐ አቡነ ዕጨጌ ዮሐንስ በግእዝ | GZ-MEL-109:መልክዐ አቡነ ዮሐንስ ከማ በግእዝ | GZ-MEL-110:መልክዐ አቡነ ዮሐንስ ዘድብረ ዳጋ በግእዝ | GZ-MEL-149:መልክዐ ዮሐንስ ወልደ ነጎድጓድ በግእዝ | GZ-MEL-150:መልክዐ ዮሐንስ ፍቁረ እግዚእ በግእዝ | GZ-SEY-001:ሰይፈ መለኮት በግእዝ | AM-GDL-013:የቅዱስ ዮሐንስ ገድል በአማርኛ | GZ-GDL-018:ገድለ አቡነ ዮሐንስ በግእዝ | AM-GDL-027:ገድለ አቡነ እጨጌ ዮሐንስ ዘጸገሮ በአማርኛ,"None-None, None-None, 1-1, 1-1, 1-2, 1-2, 1-4, 1-4, 1-4, 1-4"
5-30,150,አባ ሣሉሲ ክቡር,ሣሉሲ ክቡር,monthly,NO_BOOK,,,
6-1,151,ቅዱስ ዼጥሮስ ተፍጻሜተ ሰማዕት (ቅዳሴ ቤቱ),ዼጥሮስ ተፍጻሜተ ሰማዕት,annual,WRONG_DATE,,GZ-MEL-039:መልክዐ ሰማዕት ቅዱስ መርቆሬዎስ በግእዝ | GZ-MEL-040:መልክዐ ሰማዕት ቅዱስ ቴዎድሮስ በግእዝ | GZ-MEL-041:መልክዐ ሰማዕት ቅዱስ ፋሲለደስ በግእዝ | GZ-MEL-042:መልክዐ ሰማዕት ቅድስት አርሴማ በግእዝ | GZ-MEL-043:መልክዐ ሰማዕት ቅድስት ኢየሉጣ በግእዝ | GZ-MEL-122:መልክዐ አባ ኖብ ሰማዕት በግእዝ | GZ-GDL-002:ገድለ ሰማዕት ቅዱስ መርቆሬዎስ በግእዝ | AM-GDL-008:ገድለ ሰማዕት ቅድስት አርሴማ በአማርኛ | GZ-GDL-014:ገድለ ቅዱስ ጊዮርጊስ ሰማዕት በግእዝ | AM-GDL-015:ገድለ ሰማዕት ቅዱስ መርቆሬዎስ በአማርኛ | AM-GDL-018:ገድለ ቅዱስ ጊዮርጊስ ሰማዕት በአማርኛ | GZ-GDL-031:ገድለ ሰማዕት ቅዱስ ቴዎድሮስ በግእዝ | GZ-GDL-033:ገድለ ሰማዕት ቅድስት አርሴማ በግእዝ | AM-GDL-030:ገድለ ሰማዕት ቅዱስ ቴዎድሮስ በአማርኛ,"1-6, 1-6, 1-6, 1-11, 1-12, 1-12, 1-12, 1-15, 1-18, 1-20"
6-1,151,ታላቁ ቴዎዶስዮስ ጻድቅ (ንጉሠ ቍስጥንጥንያ),ታላቁ ቴዎዶስዮስ ጻድቅ,annual,WRONG_DATE,,AM-MEL-003:መልክዐ ለአቡነ አቢብ ጻድቅ በአማርኛ | AM-MEL-021:መልክዐ አቡነ ዮሐንስ ጻድቅ በአማርኛ | AM-MEL-060:የአቡነ አባለ ክርስቶስ ጻድቅ መልክዕ በአማርኛ,"1-16, 1-25, 2-16, 2-25, 3-16, 3-25, 4-16, 4-19, 4-25, 5-16"
6-1,151,ልደታ ለቅድስት ድንግል ማርያም እግዝእትነ,ልደታ ለቅድስት ድንግል ማርያም እግዝእትነ,monthly,CORRECT,GZ-MEL-020:መልክዐ ልደታ በግእዝ | GZ-MTS-001:መጽሐፈ ልደታ ለማርያም በግእዝ,GZ-MEL-020:መልክዐ ልደታ በግእዝ | GZ-MTS-001:መጽሐፈ ልደታ ለማርያም በግእዝ,"1-1, 1-1, 2-1, 2-1, 3-1, 3-1, 4-1, 4-1, 5-1, 5-1"
6-1,151,ቅዱስ በርተሎሜዎስ ሐዋርያ,በርተሎሜዎስ,monthly,NO_BOOK,,,
6-1,151,ቅዱስ ሚልኪ ቁልዝማዊ,ሚልኪ ቁልዝማዊ,monthly,NO_BOOK,,,
6-1,151,ቅዱስ ራጉኤል ሊቀ መላዕክት,ራጉኤል ሊቀ መላዕክት,monthly,CORRECT,AM-MEL-014:መልክዐ ቅዱስ ራጉኤል በአማርኛ | GZ-MEL-007:መልክዐ ሊቀ መላእክት ቅዱስ ራጉኤል በግእዝ | GZ-DRS-003:ድርሳነ ቅዱስ ራጉኤል በግእዝ | AM-DRS-010:ድርሳነ ቅዱስ ራጉኤል በአማርኛ,AM-MEL-014:መልክዐ ቅዱስ ራጉኤል በአማርኛ | GZ-MEL-007:መልክዐ ሊቀ መላእክት ቅዱስ ራጉኤል በግእዝ | GZ-DRS-003:ድርሳነ ቅዱስ ራጉኤል በግእዝ | AM-DRS-010:ድርሳነ ቅዱስ ራጉኤል በአማርኛ,"1-1, 1-1, 1-1, 1-1, 2-1, 2-1, 2-1, 2-1, 3-1, 3-1"
6-1,151,ቅዱሳን ኢያቄም ወሐና,ኢያቄም ወሐና,monthly,CORRECT,GZ-MEL-133:መልክዐ ኢያቄም በግእዝ | AM-DRS-001:የቅዱስ ኢያቄምና- የቅድስት ሐና ድርሳን በአማርኛ | GZ-DRS-007:ድርሳን ዘቅዱስ ኢያቄም ወቅድስት ሐና በግእዝ,GZ-MEL-133:መልክዐ ኢያቄም በግእዝ | AM-DRS-001:የቅዱስ ኢያቄምና- የቅድስት ሐና ድርሳን በአማርኛ | GZ-DRS-007:ድርሳን ዘቅዱስ ኢያቄም ወቅድስት ሐና በግእዝ,"1-1, 1-1, 1-1, 1-3, 1-3, 1-3, 1-7, 1-7, 1-7, 1-11"
6-2,152,ቅዱስ አባ ዻውሊ ገዳማዊ (የባሕታውያን ኁሉ አባት),ዻውሊ ገዳማዊ,annual,NO_BOOK,,,
6-2,152,ቅዱስ አባ ለንጊኖስ ሊቀ ምኔት (ደብረ ዝጋግ - ግብፅ),ለንጊኖስ ሊቀ ምኔት,annual,NO_BOOK,,,
6-2,152,ቅዱስ ቶማስ ሐዋርያ,ቶማስ,annual,WRONG_DATE,,GZ-MEL-094:መልክዐ አቡነ ቶማስ ዘዘናቁዴ በግእዝ,3-3
6-2,152,ቅዱስ ዮሐንስ መጥምቀ መለኮት,ዮሐንስ መጥምቀ መለኮት,monthly,CORRECT,AM-MEL-048:የቅዱስ ዮሐንስ መጥምቅ መልክዕ በአማርኛ | GZ-MEL-060:መልክዐ ቅዱስ ዮሐንስ መጥምቅ በግእዝ,AM-MEL-016:መልክዐ ቅዱስ ዮሐንስ ወንጌላዊ በአማርኛ | AM-MEL-020:መልክዐ አቡነ ዕጨጌ ዮሐንስ በአማርኛ | AM-MEL-021:መልክዐ አቡነ ዮሐንስ ጻድቅ በአማርኛ | AM-MEL-047:የቅዱስ ዮሐንስ 2ኛ መልክዕ በአማርኛ | AM-MEL-048:የቅዱስ ዮሐንስ መጥምቅ መልክዕ በአማርኛ | AM-SEY-001:ሰይፈ መለኮት በአማርኛ | GZ-MEL-060:መልክዐ ቅዱስ ዮሐንስ መጥምቅ በግእዝ | GZ-MEL-061:መልክዐ ቅዱስ ዮሐንስ ካልእ በግእዝ | GZ-MEL-062:መልክዐ ቅዱስ ዮሐንስ ወንጌላዊ በግእዝ | GZ-MEL-104:መልክዐ አቡነ ዕጨጌ ዮሐንስ በግእዝ | GZ-MEL-109:መልክዐ አቡነ ዮሐንስ ከማ በግእዝ | GZ-MEL-110:መልክዐ አቡነ ዮሐንስ ዘድብረ ዳጋ በግእዝ | GZ-MEL-149:መልክዐ ዮሐንስ ወልደ ነጎድጓድ በግእዝ | GZ-MEL-150:መልክዐ ዮሐንስ ፍቁረ እግዚእ በግእዝ | GZ-SEY-001:ሰይፈ መለኮት በግእዝ | AM-GDL-013:የቅዱስ ዮሐንስ ገድል በአማርኛ | GZ-GDL-018:ገድለ አቡነ ዮሐንስ በግእዝ | AM-GDL-027:ገድለ አቡነ እጨጌ ዮሐንስ ዘጸገሮ በአማርኛ,"None-None, None-None, 1-1, 1-1, 1-2, 1-2, 1-4, 1-4, 1-4, 1-4"
6-2,152,ቅዱስ ታዴዎስ ሐዋርያ,ታዴዎስ,monthly,CORRECT,AM-MEL-033:የሐዋርያው የቅዱስ ታዴዎስ መልክዕ በአማርኛ | GZ-MEL-055:መልክዐ ቅዱስ ታዴዎስ በግእዝ,AM-MEL-033:የሐዋርያው የቅዱስ ታዴዎስ መልክዕ በአማርኛ | GZ-MEL-055:መልክዐ ቅዱስ ታዴዎስ በግእዝ,"1-2, 1-2, 2-2, 2-2, 3-2, 3-2, 4-2, 4-2, 5-2, 5-2"
6-2,152,ቅዱስ ሳዊሮስ ዘአንጾኪያ (የሃይማኖት ጠበቃ),ሳዊሮስ ዘአንጾኪያ,monthly,NO_BOOK,,,
6-2,152,ቅዱስ ኢዮብ ጻድቅ,ኢዮብ,monthly,NO_BOOK,,,
6-2,152,ቅዱስ አቤል ጻድቅ,አቤል,monthly,NO_BOOK,,,
6-2,152,አባ ሕርያቆስ ዘሐገረ ብሕንሳ,ሕርያቆስ ዘሐገረ ብሕንሳ,monthly,NO_BOOK,,,
6-3,153,ቅዱስ ኤፍሬም ሶርያዊ (አፈ በረከት በዓለ ፍልሰቱ),ኤፍሬም ሶርያዊ,annual,NO_BOOK,,,
6-3,153,ቅዱስ አባ ዕብሎይ ገዳማዊ,ዕብሎይ ገዳማዊ,annual,NO_BOOK,,,
6-3,153,አባ ያዕቆብ መስተጋድል,ያዕቆብ መስተጋድል,annual,WRONG_DATE,,AM-MEL-022:መልክዐ አብርሃም ይሥሐቅ ያዕቆብ በአማርኛ | GZ-MEL-124:መልክዐ አብርሃም ይሥሐቅ ወያዕቆብ በግእዝ,"1-28, 1-28, 2-28, 2-28, 3-28, 3-28, 4-28, 4-28, 5-28, 5-28"
6-3,153,በዓታ ማርያም,በዓታ ማርያም,monthly,WRONG_DATE,,AM-LAH-001:ላሐ ማርያም በአማርኛ | AM-MEL-008:መልክዐ ማርያም ሣልሲት በአማርኛ | AM-MEL-009:መልክዐ ማርያም በአማርኛ | AM-MEL-017:መልክዐ ቅድስት ጸበለ ማርያም በአማርኛ | AM-MEL-064:የጽዮን ማርያም 3ኛ መልክዕ በአማርኛ | AM-RAY-001:ራዕየ ማርያም በአማርኛ | AM-WUD-002:ውዳሴ ማርያም በአማርኛ | GZ-ETA-001:እትአመነኪ ማርያም በሰማይ ወበምድር በግእዝ | GZ-LAH-001:ላሐ ማርያም በግእዝ | GZ-MEL-002:መልከዐ ማርያም ዳግሚት በግእዝ | GZ-MEL-031:መልክዐ ማርያም ሣልሲት በግእዝ | GZ-MEL-032:መልክዐ ማርያም በግእዝ | GZ-MEL-070:መልክዐ ተክለ ማርያም ዘይሰመይ መብዓ ጽዮን በግእዝ | GZ-MEL-099:መልክዐ አቡነ አብሳዲ ዘደብረ ማርያም በግእዝ | GZ-MEL-159:መልክዐ ጸበለ ማርያም ቅድስት በግእዝ | GZ-MEL-161:መልክዐ ጽዮን ማርያም ሣልስ በግእዝ | GZ-WUD-002:ውዳሴ ማርያም በግእዝ | TI-RAY-001:ራእየ ማርያም ብትግርኛ | TI-WUD-001:ውዳሴ ማርያም ብትግርኛ | AM-GDL-002:ገድለ ማርያም እንተ ዕፍረት በአማርኛ | GZ-TAM-001:ተአምረ ማርያም በግእዝ | AM-GDL-003:ገድለ ማርያም መግደላዊት በአማርኛ | GZ-MTS-001:መጽሐፈ ልደታ ለማርያም በግእዝ | AM-TAM-002:ተአምረ ማርያም በአማርኛ,"None-None, None-None, None-None, 1-1, 1-21, 1-21, 1-21, 1-21, 1-21, 1-21"
6-3,153,ፋኑኤል,ፋኑኤል,monthly,CORRECT,GZ-MEL-015:መልክዐ ሊቀ መላእክት ቅዱስ ፋኑኤል በግእዝ,GZ-MEL-015:መልክዐ ሊቀ መላእክት ቅዱስ ፋኑኤል በግእዝ,"1-3, 2-3, 3-3, 4-3, 5-3, 6-3, 7-3, 8-3, 9-3, 10-3"
6-3,153,ቅዱሳን ዘካርያስ ወስምኦን,ዘካርያስ ወስምኦን,monthly,NO_BOOK,,,
6-3,153,አባ ዜና ማርቆስ ጻድቅ,ዜና ማርቆስ,monthly,CORRECT,AM-MEL-062:የአቡነ ዜና ማርቆስ መልክዕ በአማርኛ | GZ-MEL-106:መልክዐ አቡነ ዜና ማርቆስ በግእዝ,AM-MEL-062:የአቡነ ዜና ማርቆስ መልክዕ በአማርኛ | GZ-MEL-106:መልክዐ አቡነ ዜና ማርቆስ በግእዝ,"1-3, 1-3, 2-3, 2-3, 3-3, 3-3, 4-3, 4-3, 5-3, 5-3"
6-3,153,አባ መድኀኒነ እግዚኦ,መድኀኒነ እግዚኦ,monthly,NO_BOOK,,,
6-4,154,ሐዋርያው አጋቦስ,ሐዋርያው አጋቦስ,annual,WRONG_DATE,,AM-MEL-033:የሐዋርያው የቅዱስ ታዴዎስ መልክዕ በአማርኛ,"1-2, 2-2, 3-2, 4-2, 5-2, 6-2, 7-2, 8-2, 9-2, 10-2"
6-4,154,አባ ዘካርያስ,ዘካርያስ,annual,NO_BOOK,,,
6-4,154,ዮሐንስ ወልደ ነጎድጓድ,ዮሐንስ ወልደ ነጎድጓድ,monthly,CORRECT,GZ-MEL-149:መልክዐ ዮሐንስ ወልደ ነጎድጓድ በግእዝ,GZ-MEL-149:መልክዐ ዮሐንስ ወልደ ነጎድጓድ በግእዝ,"1-4, 1-29, 2-4, 3-4, 4-4, 5-4, 6-4, 7-4, 8-4, 9-4"
6-4,154,አባ መቃርዮስ,መቃርዮስ,monthly,WRONG_DATE,,AM-MEL-005:መልክዐ መቃርዮስ በአማርኛ | GZ-MEL-026:መልክዐ መቃርዮስ በግእዝ,"1-27, 1-27, 2-27, 2-27, 3-27, 3-27, 4-27, 4-27, 5-8, 5-8"
6-4,154,አባ አብርሐ,አብርሐ,monthly,NO_BOOK,,,
6-5,155,ቅዱስ አባ ዕብሎይ ገዳማዊ,ዕብሎይ ገዳማዊ,annual,NO_BOOK,,,
6-5,155,ቅዱስ አባ ብሶይ ጻድቅ,ብሶይ,annual,NO_BOOK,,,
6-5,155,አባ አክርጵዮስ,አክርጵዮስ,annual,NO_BOOK,,,
6-5,155,"""49"" አረጋውያን ሰማዕታት (ፍልሠታቸው)","""49"" አረጋውያን ሰማዕታት",annual,WRONG_DATE,,AM-MEL-065:ጸሎተ መልክዐ ሥቃዩ ለቅዱስ ጊዮርጊስ ሊቀ ሰማዕታት በአማርኛ | AM-MEL-066:ጸሎተ መልክዕ ዘቅዱስ ጊዮርጊስ ሊቀ ሰማዕታት በአማርኛ | AM-MEL-067:ጸሎተ መልክዕ ዘቅዱስ ጊዮርጊስ ሊቀ ሰማዕታት ካልዕ በአማርኛ | AM-SIB-001:ስብሐተ ፍቁር ዘቅዱስ ጊዮርጊስ ሊቀ ሰማዕታት በአማርኛ | GZ-MEL-016:መልክዐ ሊቀ ሰማዕታት ቅዱስ እስጢፋኖስ በግእዝ | GZ-MEL-017:መልክዐ ሊቀ ሰማዕታት ቅዱስ እስጢፋኖስ ካልእ በግእዝ | AM-GDL-010:ገድለ ሰማዕታት በአማርኛ,"1-15, 1-15, 1-17, 1-17, 1-23, 1-23, 1-23, 1-23, 2-17, 2-17"
6-5,155,ቅዱስ አሞኒና ሚስቱ ቅድስት ሙስያ (የታላቁ ዕብሎይ ወላጆች),አሞኒና ሚስቱ ቅድስት ሙስያ,annual,NO_BOOK,,,
6-5,155,"አባ ኖብ ጻድቅ, መነሳንሱ ዘወርቅ","ኖብ ጻድቅ, መነሳንሱ ዘወርቅ",annual,NO_BOOK,,,
6-5,155,ቅዱስ ጴጥሮስ ሊቀ ሐዋርያት,ጴጥሮስ ሊቀ ሐዋርያት,monthly,CORRECT,GZ-TSE-007:ጸሎቱ ለጴጥሮስ በግእዝ,GZ-MEL-023:መልክዐ ሐዋርያት በግእዝ | GZ-MEL-158:መልክዐ ጴጥሮስ ወጳውሎስ በግእዝ | GZ-TSE-007:ጸሎቱ ለጴጥሮስ በግእዝ | GZ-GDL-003:ገድለ እምነ ወለተ ጴጥሮስ በግእዝ | GZ-GDL-017:ገድለ አቡነ ተክለ ሐዋርያት በግእዝ | AM-GDL-020:ገድለ እምነ ወለተ ጴጥሮስ በአማርኛ | GZ-GDL-032:መጽሐፈ ገድለ ቅዱሳን ሐዋርያት በግእዝ | AM-ZNA-003:ዜና ሐዋርያት በአማርኛ,"1-5, 1-17, 1-17, 2-5, 2-17, 2-17, 3-5, 3-17, 3-17, 3-27"
6-5,155,ቅዱስ ዻውሎስ ሐዋርያ,ዻውሎስ,monthly,NO_BOOK,,,
6-5,155,አቡነ ገብረ መንፈስ ቅዱስ,ገብረ መንፈስ ቅዱስ,monthly,CORRECT,GZ-MEL-151:መልክዐ ገብረ መንፈስ ቅዱስ በግእዝ | GZ-MEL-152:መልክዐ ገብረ መንፈስ ቅዱስ ካልዕ በግእዝ | AM-GDL-007:ገድለ አቡነ ገብረ መንፈስ ቅዱስ በአማርኛ,GZ-MEL-151:መልክዐ ገብረ መንፈስ ቅዱስ በግእዝ | GZ-MEL-152:መልክዐ ገብረ መንፈስ ቅዱስ ካልዕ በግእዝ | AM-GDL-007:ገድለ አቡነ ገብረ መንፈስ ቅዱስ በአማርኛ,"1-5, 1-5, 1-5, 2-5, 2-5, 2-5, 3-5, 3-5, 3-5, 4-5"
6-5,155,ቅዱስ ዮሐኒ ኢትዮዽያዊ,ዮሐኒ ኢትዮዽያዊ,monthly,NO_BOOK,,,
6-5,155,ቅዱስ አሞኒ ዘናሒሶ,አሞኒ ዘናሒሶ,monthly,NO_BOOK,,,
6-6,156,ቅድስት ማርያም እንተ ዕፍረት,ማርያም እንተ ዕፍረት,annual,CORRECT,AM-GDL-002:ገድለ ማርያም እንተ ዕፍረት በአማርኛ,AM-GDL-002:ገድለ ማርያም እንተ ዕፍረት በአማርኛ,"2-1, 6-6"
6-6,156,የዓለም ኁሉ መምሕር ቅዱስ አቡሊዲስ (ብዙ መንፈሳዊ ድርሳናትን የደረሰ ሊቀ ዻዻስና ሰማዕት),የዓለም ኁሉ መምሕር ቅዱስ አቡሊዲስ,annual,NO_BOOK,,,
6-6,156,ቅዱሳን አቡቂርና ዮሐንስ (ሰማዕታት),አቡቂርና ዮሐንስ,annual,WRONG_DATE,,AM-MEL-016:መልክዐ ቅዱስ ዮሐንስ ወንጌላዊ በአማርኛ | AM-MEL-020:መልክዐ አቡነ ዕጨጌ ዮሐንስ በአማርኛ | AM-MEL-021:መልክዐ አቡነ ዮሐንስ ጻድቅ በአማርኛ | AM-MEL-047:የቅዱስ ዮሐንስ 2ኛ መልክዕ በአማርኛ | AM-MEL-048:የቅዱስ ዮሐንስ መጥምቅ መልክዕ በአማርኛ | GZ-MEL-060:መልክዐ ቅዱስ ዮሐንስ መጥምቅ በግእዝ | GZ-MEL-061:መልክዐ ቅዱስ ዮሐንስ ካልእ በግእዝ | GZ-MEL-062:መልክዐ ቅዱስ ዮሐንስ ወንጌላዊ በግእዝ | GZ-MEL-104:መልክዐ አቡነ ዕጨጌ ዮሐንስ በግእዝ | GZ-MEL-109:መልክዐ አቡነ ዮሐንስ ከማ በግእዝ | GZ-MEL-110:መልክዐ አቡነ ዮሐንስ ዘድብረ ዳጋ በግእዝ | GZ-MEL-149:መልክዐ ዮሐንስ ወልደ ነጎድጓድ በግእዝ | GZ-MEL-150:መልክዐ ዮሐንስ ፍቁረ እግዚእ በግእዝ | AM-GDL-013:የቅዱስ ዮሐንስ ገድል በአማርኛ | GZ-GDL-018:ገድለ አቡነ ዮሐንስ በግእዝ | AM-GDL-027:ገድለ አቡነ እጨጌ ዮሐንስ ዘጸገሮ በአማርኛ,"1-1, 1-1, 1-2, 1-2, 1-4, 1-4, 1-4, 1-4, 1-4, 1-4"
6-6,156,ቅድስት አትናስያና ፫ቱ ሰማዕታት ልጆቿ (ቴዎድራ ቴዎፍናና ቴዎዶክስያ),አትናስያና ፫ቱ ሰማዕታት ልጆቿ,annual,NO_BOOK,,,
6-6,156,ቅድስት ደብረ ቁስቁዋም,ደብረ ቁስቁዋም,monthly,WRONG_DATE,,GZ-MEL-076:መልክዐ አቡነ መርቆሬዎስ ዘደብረ ድማኅ በግእዝ | GZ-MEL-080:መልክዐ አቡነ ማቴዎስ ዘደብረ በርበሬ በግእዝ | GZ-MEL-081:መልክዐ አቡነ ማቴዎስ ዘደብረ በርበሬ በግእዝ ካልእ | GZ-MEL-088:መልክዐ አቡነ ቡሩከ አምላክ ዘደብረ ኮል በግእዝ | GZ-MEL-089:መልክዐ አቡነ ብፁዓ አምላክ ዘደብረ ምዕዋን ወዘደብረ ኰዳዱ በግእዝ | GZ-MEL-099:መልክዐ አቡነ አብሳዲ ዘደብረ ማርያም በግእዝ | GZ-MEL-102:መልክዐ አቡነ እንድርያስ ዘደብረ ስኂን (ፅፉን) በግእዝ | GZ-MEL-103:መልክዐ አቡነ እንድርያስ ዘደብረ ጽጌ በግእዝ | GZ-MEL-107:መልክዐ አቡነ የሐንስ ዘደብረ ቢዘን በግእዝ | GZ-MEL-113:መልክዐ አቡነ ዮናስ ዘደብረ ድኁኃን ዘደብረ ጽጌ ወዘደብረ ጽዮን በግእዝ | GZ-MEL-120:መልክዐ አቡነ ፊልጶስ ዘደብረ ቢዘን በግእዝ | GZ-GDL-001:ገድለ አቡነ ፊልጶስ ዘደብረ ሊባኖስ በግእዝ,"1-13, 1-30, 2-13, 3-13, 3-13, 3-17, 4-1, 4-13, 4-16, 5-13"
6-6,156,አባታችን አዳምና እናታችን ሔዋን,አባታችን አዳምና እናታችን ሔዋን,monthly,CORRECT,AM-MEL-023:መልክዐ አዳም ወሔዋን በአማርኛ | GZ-MEL-127:መልክዐ አዳም ወሔዋን በግእዝ,AM-MEL-023:መልክዐ አዳም ወሔዋን በአማርኛ | AM-MEL-063:የአባታችን አብርሃም መልክዕ በአማርኛ | GZ-MEL-127:መልክዐ አዳም ወሔዋን በግእዝ,"1-6, 1-6, 2-6, 2-6, 3-6, 3-6, 4-6, 4-6, 5-6, 5-6"
6-6,156,አባታችን ኖኅና እናታችን ሐይከል,አባታችን ኖኅና እናታችን ሐይከል,monthly,WRONG_DATE,,AM-MEL-063:የአባታችን አብርሃም መልክዕ በአማርኛ,"11-7, 12-28"
6-6,156,ቅዱስ ኤልያስ ነቢይ,ኤልያስ,monthly,CORRECT,AM-MEL-052:የነቢዩ የቅዱስ ኤልያስ 3ኛ መልክዕ በአማርኛ | GZ-MEL-059:መልክዐ ቅዱስ ኤልያስ ነቢይ ሣልስ በግእዝ | GZ-MEL-134:መልክዐ ኤልያስ በግእዝ | AM-DRS-005:ድርሳነ ኤልያስ ነቢይ በአማርኛ,AM-MEL-052:የነቢዩ የቅዱስ ኤልያስ 3ኛ መልክዕ በአማርኛ | GZ-MEL-059:መልክዐ ቅዱስ ኤልያስ ነቢይ ሣልስ በግእዝ | GZ-MEL-134:መልክዐ ኤልያስ በግእዝ | AM-DRS-005:ድርሳነ ኤልያስ ነቢይ በአማርኛ,"1-6, 1-6, 1-6, 1-6, 2-6, 2-6, 2-6, 2-6, 3-6, 3-6"
6-6,156,ቅዱስ ባስልዮስ ዘቂሣርያ,ባስልዮስ ዘቂሣርያ,monthly,NO_BOOK,,,
6-6,156,ቅዱስ ዮሴፍ አረጋዊ,ዮሴፍ አረጋዊ,monthly,WRONG_DATE,,GZ-MEL-073:መልክዐ አረጋዊ በግእዝ | GZ-MEL-111:መልክዐ አቡነ ዮሴፍ በግእዝ | AM-GDL-016:ገድለ አቡነ አረጋዊ በአማርኛ | GZ-GDL-029:ገድለ አቡነ ዮሴፍ በግእዝ,"1-14, 1-14, 1-19, 1-19, 2-14, 2-14, 2-19, 2-19, 3-14, 3-14"
6-6,156,ቅድስት ሰሎሜ,ሰሎሜ,monthly,NO_BOOK,,,
6-6,156,አባ አርከ ሥሉስ,አርከ ሥሉስ,monthly,WRONG_DATE,,AM-TEA-003:ተአምኆ ዘሥሉስ ቅዱስ መልክዕ በአማርኛ | AM-TEA-002:ተአምኆ ዘሥሉስ ቅዱስ በአማርኛ | GZ-MEL-034:መልክዐ ሥሉስ ቅዱስ በግእዝ | GZ-TEA-002:ተአምኆ ዘሥሉስ ቅዱስ በግእዝ | GZ-TEA-003:ተአምኆ ዘሥሉስ ቅዱስ በግእዝ ካልእ,"None-None, None-None, None-None, None-None, 5-7"
6-6,156,አባ ጽጌ ድንግል,ጽጌ ድንግል,monthly,WRONG_DATE,,AM-MEL-019:መልክዐ አቡነ ሐራ ድንግል በአማርኛ | GZ-MEL-021:መልክዐ ሐራ ድንግል በግእዝ,"1-11, 1-11, 2-11, 2-11, 3-11, 3-11, 4-11, 4-11, 5-11, 5-11"
6-6,156,ቅድስት አርሴማ ድንግል,አርሴማ ድንግል,monthly,CORRECT,GZ-MEL-042:መልክዐ ሰማዕት ቅድስት አርሴማ በግእዝ | AM-GDL-008:ገድለ ሰማዕት ቅድስት አርሴማ በአማርኛ | GZ-GDL-033:ገድለ ሰማዕት ቅድስት አርሴማ በግእዝ,AM-MEL-019:መልክዐ አቡነ ሐራ ድንግል በአማርኛ | GZ-MEL-021:መልክዐ ሐራ ድንግል በግእዝ | GZ-MEL-042:መልክዐ ሰማዕት ቅድስት አርሴማ በግእዝ | AM-GDL-008:ገድለ ሰማዕት ቅድስት አርሴማ በአማርኛ | GZ-GDL-033:ገድለ ሰማዕት ቅድስት አርሴማ በግእዝ,"1-6, 1-6, 1-6, 1-11, 1-11, 1-29, 1-29, 1-29, 2-6, 2-6"
6-7,157,አባ አብዱልማስ ገዳማዊ,አብዱልማስ ገዳማዊ,annual,NO_BOOK,,,
6-7,157,አባ ቴዎድሮስ ሊቀ ዻዻሳት,ቴዎድሮስ ሊቀ ዻዻሳት,annual,WRONG_DATE,,GZ-MEL-040:መልክዐ ሰማዕት ቅዱስ ቴዎድሮስ በግእዝ | GZ-GDL-030:ገድለ ቅዱስ ቴዎድሮስ በግእዝ | GZ-GDL-031:ገድለ ሰማዕት ቅዱስ ቴዎድሮስ በግእዝ | AM-GDL-030:ገድለ ሰማዕት ቅዱስ ቴዎድሮስ በአማርኛ,"1-12, 1-12, 1-12, 1-12, 1-20, 1-20, 1-20, 1-20, 2-12, 2-12"
6-7,157,አባ እለእስክንድሮስ ሊቀ ዻዻሳት,እለእስክንድሮስ ሊቀ ዻዻሳት,annual,NO_BOOK,,,
6-7,157,ቅዱስ አባዲር,አባዲር,annual,WRONG_DATE,,GZ-MEL-056:መልክዐ ቅዱስ አባዲር በግእዝ | GZ-GDL-026:ገድለ ቅዱሳን አባዲር ወኢራኢ በግእዝ,"1-28, 1-28"
6-7,157,ሥሉስ ቅዱስ (አብ ወልድ መንፈስ ቅዱስ),ሥሉስ ቅዱስ,monthly,WRONG_DATE,,AM-TEA-003:ተአምኆ ዘሥሉስ ቅዱስ መልክዕ በአማርኛ | AM-TEA-002:ተአምኆ ዘሥሉስ ቅዱስ በአማርኛ | GZ-MEL-034:መልክዐ ሥሉስ ቅዱስ በግእዝ | GZ-TEA-002:ተአምኆ ዘሥሉስ ቅዱስ በግእዝ | GZ-TEA-003:ተአምኆ ዘሥሉስ ቅዱስ በግእዝ ካልእ,"None-None, None-None, None-None, None-None, 5-7"
6-7,157,አባ ጊዮርጊስ ዘጋስጫ,ጊዮርጊስ ዘጋስጫ,monthly,CORRECT,GZ-MEL-123:መልክዐ አባ ጊዮርጊስ ዘጋሥጫ በግእዝ | AM-GDL-001:ገድለ ቅዱስ አባ ጊዮርጊስ ዘጋሥጫ በአማርኛ | GZ-GDL-007:ገድለ ቅዱስ አባ ጊዮርጊስ ዘጋሥጫ በግእዝ,AM-MEL-051:የቅዱስ ጊዮርጊስ መልክዕ በአማርኛ | AM-MEL-065:ጸሎተ መልክዐ ሥቃዩ ለቅዱስ ጊዮርጊስ ሊቀ ሰማዕታት በአማርኛ | AM-MEL-066:ጸሎተ መልክዕ ዘቅዱስ ጊዮርጊስ ሊቀ ሰማዕታት በአማርኛ | AM-MEL-067:ጸሎተ መልክዕ ዘቅዱስ ጊዮርጊስ ሊቀ ሰማዕታት ካልዕ በአማርኛ | AM-SIB-001:ስብሐተ ፍቁር ዘቅዱስ ጊዮርጊስ ሊቀ ሰማዕታት በአማርኛ | GZ-MEL-036:መልክዐ ሥቃዩ ለጊዮርጊስ በግእዝ | GZ-MEL-065:መልክዐ ቅዱስ ጊዮርጊስ በግእዝ | GZ-MEL-123:መልክዐ አባ ጊዮርጊስ ዘጋሥጫ በግእዝ | GZ-MEL-154:መልክዐ ጊዮርጊስ በግእዝ | GZ-MEL-155:መልክዐ ጊዮርጊስ ካልዕ ወሥቃዩ በግእዝ | AM-GDL-001:ገድለ ቅዱስ አባ ጊዮርጊስ ዘጋሥጫ በአማርኛ | GZ-GDL-007:ገድለ ቅዱስ አባ ጊዮርጊስ ዘጋሥጫ በግእዝ | GZ-GDL-014:ገድለ ቅዱስ ጊዮርጊስ ሰማዕት በግእዝ | AM-GDL-018:ገድለ ቅዱስ ጊዮርጊስ ሰማዕት በአማርኛ,"1-7, 1-7, 1-7, 1-23, 1-23, 1-23, 1-23, 1-23, 1-23, 1-23"
6-7,157,አባ ሲኖዳ (የባሕታውያን አለቃ),ሲኖዳ,monthly,NO_BOOK,,,
6-7,157,አባ ዳንኤል ዘገዳመ ሲሐት,ዳንኤል ዘገዳመ ሲሐት,monthly,WRONG_DATE,,GZ-MEL-114:መልክዐ አቡነ ዳንኤል በግእዝ | GZ-GDL-028:ገድለ አቡነ ዳንኤል በግእዝ,"3-6, 3-6"
6-7,157,አባ ባውላ ገዳማዊ,ባውላ ገዳማዊ,monthly,NO_BOOK,,,
6-7,157,ቅዱስ አትናቴዎስ ሐዋርያዊ,አትናቴዎስ ሐዋርያዊ,monthly,NO_BOOK,,,
6-7,157,ቅዱስ አግናጥዮስ (ለአንበሳ የተሰጠ),አግናጥዮስ,monthly,CORRECT,GZ-MEL-058:መልክዐ ቅዱስ አግናጥዮስ ምጥው ለአንበሳ በግእዝ,GZ-MEL-058:መልክዐ ቅዱስ አግናጥዮስ ምጥው ለአንበሳ በግእዝ,"1-7, 2-7, 2-26, 3-7, 4-7, 4-24, 5-7, 6-7, 7-7, 8-7"
6-8,158,ቅዱስ ስምዖን አረጋዊ,ስምዖን አረጋዊ,annual,WRONG_DATE,,GZ-MEL-073:መልክዐ አረጋዊ በግእዝ | AM-GDL-016:ገድለ አቡነ አረጋዊ በአማርኛ,"1-14, 1-14, 2-14, 2-14, 3-14, 3-14, 4-14, 4-14, 5-14, 5-14"
6-8,158,ቅድስት ሐና ነቢይት (የፋኑኤል ልጅ),ሐና ነቢይት,annual,NO_BOOK,,,
6-8,158,ቅድስት ዓመተ ክርስቶስ እግዝእት,ዓመተ ክርስቶስ እግዝእት,annual,NO_BOOK,,,
6-8,158,አባ ኤልያስ ገዳማዊ (በትህትና ያጌጠ ቅዱስ ሰው),ኤልያስ ገዳማዊ,annual,WRONG_DATE,,AM-MEL-052:የነቢዩ የቅዱስ ኤልያስ 3ኛ መልክዕ በአማርኛ | GZ-MEL-059:መልክዐ ቅዱስ ኤልያስ ነቢይ ሣልስ በግእዝ | GZ-MEL-134:መልክዐ ኤልያስ በግእዝ | AM-DRS-005:ድርሳነ ኤልያስ ነቢይ በአማርኛ,"1-6, 1-6, 1-6, 1-6, 2-6, 2-6, 2-6, 2-6, 3-6, 3-6"
6-8,158,ቅዱስ ሙሴ ሊቀ ነቢያት,ሙሴ ሊቀ ነቢያት,monthly,WRONG_DATE,,AM-TSE-003:የነቢያት ጸሎት በአማርኛ | GZ-TSE-002:ጸሎተ ነቢያት በግእዝ | TI-MZM-002:መዝሙር መኃልይ ነቢያት ብትግርኛ,"None-None, None-None, None-None"
6-8,158,ቅዱስ ማትያስ ሐዋርያ,ማትያስ,monthly,NO_BOOK,,,
6-8,158,ኪሩቤል (አርባዕቱ እንስሳ),ኪሩቤል,monthly,NO_BOOK,,,
6-8,158,አባ ብሶይ (ቢሾይ),ብሶይ,monthly,NO_BOOK,,,
6-8,158,አቡነ ኪሮስ,ኪሮስ,monthly,CORRECT,GZ-GDL-016:ገድለ አቡነ ኪሮስ በግእዝ | AM-GDL-021:ገድለ አቡነ ኪሮስ በአማርኛ,GZ-GDL-016:ገድለ አቡነ ኪሮስ በግእዝ | AM-GDL-021:ገድለ አቡነ ኪሮስ በአማርኛ,"1-8, 1-8, 2-8, 2-8, 3-8, 3-8, 4-8, 4-8, 5-8, 5-8"
6-8,158,አባ ሳሙኤል ዘደብረ ቀልሞን,ሳሙኤል ዘደብረ ቀልሞን,monthly,WRONG_DATE,,AM-MEL-054:የአቡነ ሳሙኤል ዘዋልድባ መልክዕ በአማርኛ | AM-MEL-055:የአቡነ ሳሙኤል ዘዋልድባ ኹለተኛ መልክዕ በአማርኛ | GZ-MEL-084:መልክዐ አቡነ ሳሙኤል በግእዝ ሣልስ በግእዝ | GZ-MEL-085:መልክዐ አቡነ ሳሙኤል ዘዋልድባ በግእዝ | GZ-MEL-086:መልክዐ አቡነ ሳሙኤል ዘዋልድባ ካልዕ በግእዝ,"1-12, 1-12, 1-12, 1-12, 1-12, 2-12, 2-12, 2-12, 2-12, 2-12"
6-9,159,አባ በርሱማ ሶርያዊ (ለሶርያ መነኰሳት ሁሉ አባት),በርሱማ ሶርያዊ,annual,NO_BOOK,,,
6-9,159,አቡነ እስትንፋሰ ክርስቶስ (ኢትዮዽያዊ) የመነኰሱበት በዓል,እስትንፋሰ ክርስቶስ  የመነኰሱበት በዓል,annual,CORRECT,GZ-MEL-136:መልክዐ እስትንፋሰ ክርስቶስ በግእዝ | AM-GDL-014:የአቡነ እስትንፋሰ ክርስቶስ ገድል በአማርኛ,GZ-MEL-136:መልክዐ እስትንፋሰ ክርስቶስ በግእዝ | AM-GDL-014:የአቡነ እስትንፋሰ ክርስቶስ ገድል በአማርኛ,"1-9, 1-9, 2-9, 2-9, 3-9, 3-9, 4-9, 4-9, 5-9, 5-9"
6-9,159,ቅዱስ ጳውሎስ ሶርያዊ (ሰማዕት),ጳውሎስ ሶርያዊ,annual,WRONG_DATE,,GZ-MEL-158:መልክዐ ጴጥሮስ ወጳውሎስ በግእዝ,11-5
6-9,159,ቅዱስ ጴጥሮስ ሰማዕት,ጴጥሮስ,annual,CORRECT,GZ-TSE-007:ጸሎቱ ለጴጥሮስ በግእዝ,GZ-MEL-158:መልክዐ ጴጥሮስ ወጳውሎስ በግእዝ | GZ-TSE-007:ጸሎቱ ለጴጥሮስ በግእዝ | GZ-GDL-003:ገድለ እምነ ወለተ ጴጥሮስ በግእዝ | AM-GDL-020:ገድለ እምነ ወለተ ጴጥሮስ በአማርኛ,"1-5, 1-17, 1-17, 2-5, 2-17, 2-17, 3-5, 3-17, 3-17, 4-1"
6-9,159,"""፫፻፲፰ቱ"" ቅዱሳን ሊቃውንት (ርቱዐነ ሃይማኖት ዘኒቅያ)","""፫፻፲፰ቱ"" ቅዱሳን ሊቃውንት",monthly,NO_BOOK,,,
6-9,159,የብሔረ ብፁዐን ጻድቃን,የብሔረ ብፁዐን ጻድቃን,monthly,WRONG_DATE,,GZ-MEL-160:መልክዐ ጻድቃን ዘባርክናሃ በግእዝ,4-29
6-9,159,አባ መልከ ጼዴቅ ዘሚዳ (ኢትዮዽያዊ),መልከ ጼዴቅ ዘሚዳ,monthly,CORRECT,AM-MEL-068:የአቡነ መልከ ጼዴቅ መልክእ በአማርኛ | GZ-MEL-075:መልክዐ አቡነ መልከ ጼዴቅ በግእዝ,AM-MEL-068:የአቡነ መልከ ጼዴቅ መልክእ በአማርኛ | GZ-MEL-002:መልከዐ ማርያም ዳግሚት በግእዝ | GZ-MEL-003:መልከዐ አቡነ ሊቃኖስ በግእዝ | GZ-MEL-075:መልክዐ አቡነ መልከ ጼዴቅ በግእዝ,"1-9, 1-9, 1-21, 2-9, 2-9, 2-21, 3-9, 3-9, 3-21, 3-28"
6-9,159,ቅዱስ ዞሲማስ ጻድቅ (ዓለመ ብፁዐንን ያየ አባት),ዞሲማስ ጻድቅ,monthly,CORRECT,GZ-GDL-008:ገድለ ቅዱስ ዞሲማስ በግእዝ | AM-GDL-025:ገድለ ቅዱስ ዞሲማስ በአማርኛ,AM-MEL-003:መልክዐ ለአቡነ አቢብ ጻድቅ በአማርኛ | AM-MEL-021:መልክዐ አቡነ ዮሐንስ ጻድቅ በአማርኛ | AM-MEL-060:የአቡነ አባለ ክርስቶስ ጻድቅ መልክዕ በአማርኛ | GZ-GDL-008:ገድለ ቅዱስ ዞሲማስ በግእዝ | AM-GDL-025:ገድለ ቅዱስ ዞሲማስ በአማርኛ,"1-9, 1-9, 1-16, 1-25, 2-9, 2-9, 2-16, 2-25, 3-9, 3-9"
6-10,160,ቅዱስ ያዕቆብ ሐዋርያ (ወልደ እልፍዮስ),ያዕቆብ ሐዋርያ,annual,WRONG_DATE,,AM-MEL-022:መልክዐ አብርሃም ይሥሐቅ ያዕቆብ በአማርኛ | AM-MEL-033:የሐዋርያው የቅዱስ ታዴዎስ መልክዕ በአማርኛ | AM-MEL-046:የቅዱስ እንድርያስ ሐዋርያ መልክዕ በአማርኛ | GZ-MEL-023:መልክዐ ሐዋርያት በግእዝ | GZ-MEL-124:መልክዐ አብርሃም ይሥሐቅ ወያዕቆብ በግእዝ | GZ-MEL-137:መልክዐ እንድርያስ ሐዋርያ በግእዝ | GZ-GDL-017:ገድለ አቡነ ተክለ ሐዋርያት በግእዝ | GZ-GDL-032:መጽሐፈ ገድለ ቅዱሳን ሐዋርያት በግእዝ | AM-ZNA-003:ዜና ሐዋርያት በአማርኛ,"1-2, 1-4, 1-4, 1-28, 1-28, 2-2, 2-4, 2-4, 2-28, 2-28"
6-10,160,ቅዱስ ዮስጦስ ሰማዕት,ዮስጦስ,annual,CORRECT,GZ-MEL-063:መልክዐ ቅዱስ ዮስጦስ በግእዝ | GZ-GDL-010:ገድለ ቅዱስ ዮስጦስ በግእዝ,GZ-MEL-063:መልክዐ ቅዱስ ዮስጦስ በግእዝ | GZ-GDL-010:ገድለ ቅዱስ ዮስጦስ በግእዝ,"6-10, 6-10, 11-17, 11-17"
6-10,160,አባ ኤስድሮስ ጻድቅ (ዘሃገረ ፈርማ),ኤስድሮስ ጻድቅ,annual,WRONG_DATE,,AM-MEL-003:መልክዐ ለአቡነ አቢብ ጻድቅ በአማርኛ | AM-MEL-021:መልክዐ አቡነ ዮሐንስ ጻድቅ በአማርኛ | AM-MEL-060:የአቡነ አባለ ክርስቶስ ጻድቅ መልክዕ በአማርኛ,"1-16, 1-25, 2-16, 2-25, 3-16, 3-25, 4-16, 4-19, 4-25, 5-16"
6-10,160,አባ ፌሎ ሰማዕት,ፌሎ,annual,NO_BOOK,,,
6-10,160,ቅዱስ ስምዖን,ስምዖን,annual,NO_BOOK,,,
6-10,160,ቅዱስ ኒቆላዎስ,ኒቆላዎስ,annual,NO_BOOK,,,
6-11,161,አባ አውሎግ አንበሳዊ,አውሎግ አንበሳዊ,annual,NO_BOOK,,,
6-11,161,አባ አውሎጊን ጻድቅ (የአባ አውሎግ መምሕር),አውሎጊን ጻድቅ,annual,WRONG_DATE,,AM-MEL-003:መልክዐ ለአቡነ አቢብ ጻድቅ በአማርኛ | AM-MEL-021:መልክዐ አቡነ ዮሐንስ ጻድቅ በአማርኛ | AM-MEL-060:የአቡነ አባለ ክርስቶስ ጻድቅ መልክዕ በአማርኛ,"1-16, 1-25, 2-16, 2-25, 3-16, 3-25, 4-16, 4-19, 4-25, 5-16"
6-11,161,አባ በትራ (የጻድቁ አባ ስልዋኖስ ደቀ መዝሙር),በትራ,annual,NO_BOOK,,,
6-11,161,አባ በላትያኖስ ሰማዕት (የሮም ሊቀ ዻዻሳት የነበረ),በላትያኖስ ሰማዕት,annual,CORRECT,GZ-MEL-041:መልክዐ ሰማዕት ቅዱስ ፋሲለደስ በግእዝ,GZ-MEL-039:መልክዐ ሰማዕት ቅዱስ መርቆሬዎስ በግእዝ | GZ-MEL-040:መልክዐ ሰማዕት ቅዱስ ቴዎድሮስ በግእዝ | GZ-MEL-041:መልክዐ ሰማዕት ቅዱስ ፋሲለደስ በግእዝ | GZ-MEL-042:መልክዐ ሰማዕት ቅድስት አርሴማ በግእዝ | GZ-MEL-043:መልክዐ ሰማዕት ቅድስት ኢየሉጣ በግእዝ | GZ-MEL-122:መልክዐ አባ ኖብ ሰማዕት በግእዝ | GZ-GDL-002:ገድለ ሰማዕት ቅዱስ መርቆሬዎስ በግእዝ | AM-GDL-008:ገድለ ሰማዕት ቅድስት አርሴማ በአማርኛ | GZ-GDL-014:ገድለ ቅዱስ ጊዮርጊስ ሰማዕት በግእዝ | AM-GDL-015:ገድለ ሰማዕት ቅዱስ መርቆሬዎስ በአማርኛ | AM-GDL-018:ገድለ ቅዱስ ጊዮርጊስ ሰማዕት በአማርኛ | GZ-GDL-031:ገድለ ሰማዕት ቅዱስ ቴዎድሮስ በግእዝ | GZ-GDL-033:ገድለ ሰማዕት ቅድስት አርሴማ በግእዝ | AM-GDL-030:ገድለ ሰማዕት ቅዱስ ቴዎድሮስ በአማርኛ,"1-6, 1-6, 1-6, 1-11, 1-12, 1-12, 1-12, 1-15, 1-18, 1-20"
6-11,161,አባ አብርሃም ኤዺስ ቆዾስ,አብርሃም ኤዺስ ቆዾስ,annual,WRONG_DATE,,AM-MEL-022:መልክዐ አብርሃም ይሥሐቅ ያዕቆብ በአማርኛ | AM-MEL-063:የአባታችን አብርሃም መልክዕ በአማርኛ | GZ-MEL-098:መልክዐ አቡነ አብርሃም በግእዝ | GZ-MEL-124:መልክዐ አብርሃም ይሥሐቅ ወያዕቆብ በግእዝ | GZ-GDL-013:ገድለ ዘርዐ አብርሃም በግእዝ,"1-28, 1-28, 2-28, 2-28, 3-28, 3-28, 4-24, 4-28, 4-28, 5-28"
6-11,161,አባ መቃቢስ,መቃቢስ,annual,NO_BOOK,,,
6-11,161,አባ ኮንቲ,ኮንቲ,annual,NO_BOOK,,,
6-11,161,ቅዱስ ያሬድ ካህን,ያሬድ ካህን,monthly,CORRECT,GZ-MEL-146:መልክዐ ያሬድ በግእዝ | GZ-MEL-147:መልክዐ ያሬድ ካልዕ በግእዝ | GZ-GDL-021:ድርሳን ወገድል ዘቅዱስ ያሬድ በግእዝ,GZ-MEL-146:መልክዐ ያሬድ በግእዝ | GZ-MEL-147:መልክዐ ያሬድ ካልዕ በግእዝ | GZ-GDL-021:ድርሳን ወገድል ዘቅዱስ ያሬድ በግእዝ,"1-11, 1-11, 1-11, 2-11, 2-11, 2-11, 3-11, 3-11, 3-11, 4-11"
6-11,161,ቅዱስ ገላውዴዎስ ሰማዕት,ገላውዴዎስ,monthly,WRONG_DATE,,GZ-ZNA-002:ዜናሁ ለንጉሥ ገላውዴዎስ በግእዝ,7-27
6-11,161,ቅዱስ ፋሲለደስ ሰማዕት,ፋሲለደስ,monthly,CORRECT,GZ-MEL-041:መልክዐ ሰማዕት ቅዱስ ፋሲለደስ በግእዝ,GZ-MEL-041:መልክዐ ሰማዕት ቅዱስ ፋሲለደስ በግእዝ,"1-11, 2-11, 3-11, 4-11, 5-11, 6-11, 7-11, 8-11, 9-11, 10-11"
6-11,161,ብፁዐን ኢያቄም እና ሐና,ብፁዐን ኢያቄም እና ሐና,monthly,CORRECT,GZ-MEL-133:መልክዐ ኢያቄም በግእዝ | AM-DRS-001:የቅዱስ ኢያቄምና- የቅድስት ሐና ድርሳን በአማርኛ | GZ-DRS-007:ድርሳን ዘቅዱስ ኢያቄም ወቅድስት ሐና በግእዝ,GZ-MEL-133:መልክዐ ኢያቄም በግእዝ | AM-DRS-001:የቅዱስ ኢያቄምና- የቅድስት ሐና ድርሳን በአማርኛ | GZ-DRS-007:ድርሳን ዘቅዱስ ኢያቄም ወቅድስት ሐና በግእዝ,"1-1, 1-1, 1-1, 1-3, 1-3, 1-3, 1-7, 1-7, 1-7, 1-11"
6-11,161,አቡነ ሐራ ድንግል ጻድቅ,ሐራ ድንግል,monthly,CORRECT,AM-MEL-019:መልክዐ አቡነ ሐራ ድንግል በአማርኛ | GZ-MEL-021:መልክዐ ሐራ ድንግል በግእዝ,AM-MEL-019:መልክዐ አቡነ ሐራ ድንግል በአማርኛ | GZ-MEL-021:መልክዐ ሐራ ድንግል በግእዝ,"1-11, 1-11, 2-11, 2-11, 3-11, 3-11, 4-11, 4-11, 5-11, 5-11"
6-12,162,"""30,000 ሰማዕታተ ኢትዮዽያ (ሮማዊው ፋሽስት የገደላቸው)","""30,000 ሰማዕታተ ኢትዮዽያ",annual,NO_BOOK,,,
6-12,162,ቅዱስ ሶምሶን ረዓይታዊ (የእስራኤል መስፍን),ሶምሶን ረዓይታዊ,annual,NO_BOOK,,,
6-12,162,ቅዱስ አባ ገላስዮስ ገዳማዊ,ገላስዮስ ገዳማዊ,annual,NO_BOOK,,,
6-12,162,ቅድስት ዶርቃስ,ዶርቃስ,annual,NO_BOOK,,,
6-12,162,ቅዱስ ሚካኤል ሊቀ መላዕክት,ሚካኤል ሊቀ መላዕክት,monthly,CORRECT,AM-MEL-006:መልክዐ ሚካኤል በአማርኛ | AM-MEL-041:የቅዱስ ሚካኤል 3ኛ መልክዕ በአማርኛ | GZ-MEL-004:መልክዐ ሊቀ መላእክት ቅዱስ ሚካኤል ሣልስ በግእዝ | GZ-MEL-005:መልክዐ ሊቀ መላእክት ቅዱስ ሚካኤል ካልዕ በግእዝ | GZ-MEL-165:መልክዐ ሊቀ መላእክት ቅዱስ ሚካኤል ካልዕ በግእ | GZ-DRS-008:ድርሳነ ሚካኤል በግእዝ | AM-DRS-009:ድርሳነ ሚካኤል በአማርኛ,AM-MEL-006:መልክዐ ሚካኤል በአማርኛ | AM-MEL-041:የቅዱስ ሚካኤል 3ኛ መልክዕ በአማርኛ | GZ-MEL-004:መልክዐ ሊቀ መላእክት ቅዱስ ሚካኤል ሣልስ በግእዝ | GZ-MEL-005:መልክዐ ሊቀ መላእክት ቅዱስ ሚካኤል ካልዕ በግእዝ | GZ-MEL-083:መልክዐ አቡነ ሰይፈ ሚካኤል በግእዝ | GZ-MEL-121:መልክዐ አባ በጸሎተ ሚካኤል በግእዝ | GZ-MEL-165:መልክዐ ሊቀ መላእክት ቅዱስ ሚካኤል ካልዕ በግእ | AM-GDL-011:ገድለ አቡነ በጸሎተ ሚካኤል በአማርኛ | GZ-GDL-015:ገድለ አቡነ በጸሎተ ሚካኤል በግእዝ | GZ-DRS-008:ድርሳነ ሚካኤል በግእዝ | AM-DRS-009:ድርሳነ ሚካኤል በአማርኛ | GZ-GDL-034:ገድለ አቡነ ፍሬ ሚካኤል በግእዝ,"1-9, 1-9, 1-9, 1-9, 1-9, 1-9, 1-9, 1-12, 1-12, 1-12"
6-12,162,ቅዱስ ማቴዎስ ሐዋርያ,ማቴዎስ,monthly,WRONG_DATE,,GZ-MEL-080:መልክዐ አቡነ ማቴዎስ ዘደብረ በርበሬ በግእዝ | GZ-MEL-081:መልክዐ አቡነ ማቴዎስ ዘደብረ በርበሬ በግእዝ ካልእ,"3-13, 5-14"
6-12,162,ቅዱስ ድሜጥሮስ,ድሜጥሮስ,monthly,NO_BOOK,,,
6-12,162,ቅዱስ ዮሐንስ አፈ ወርቅ,ዮሐንስ አፈ ወርቅ,monthly,WRONG_DATE,,AM-MEL-016:መልክዐ ቅዱስ ዮሐንስ ወንጌላዊ በአማርኛ | AM-MEL-020:መልክዐ አቡነ ዕጨጌ ዮሐንስ በአማርኛ | AM-MEL-021:መልክዐ አቡነ ዮሐንስ ጻድቅ በአማርኛ | AM-MEL-047:የቅዱስ ዮሐንስ 2ኛ መልክዕ በአማርኛ | AM-MEL-048:የቅዱስ ዮሐንስ መጥምቅ መልክዕ በአማርኛ | GZ-MEL-060:መልክዐ ቅዱስ ዮሐንስ መጥምቅ በግእዝ | GZ-MEL-061:መልክዐ ቅዱስ ዮሐንስ ካልእ በግእዝ | GZ-MEL-062:መልክዐ ቅዱስ ዮሐንስ ወንጌላዊ በግእዝ | GZ-MEL-104:መልክዐ አቡነ ዕጨጌ ዮሐንስ በግእዝ | GZ-MEL-109:መልክዐ አቡነ ዮሐንስ ከማ በግእዝ | GZ-MEL-110:መልክዐ አቡነ ዮሐንስ ዘድብረ ዳጋ በግእዝ | GZ-MEL-149:መልክዐ ዮሐንስ ወልደ ነጎድጓድ በግእዝ | GZ-MEL-150:መልክዐ ዮሐንስ ፍቁረ እግዚእ በግእዝ | AM-GDL-013:የቅዱስ ዮሐንስ ገድል በአማርኛ | GZ-GDL-018:ገድለ አቡነ ዮሐንስ በግእዝ | AM-GDL-027:ገድለ አቡነ እጨጌ ዮሐንስ ዘጸገሮ በአማርኛ,"1-1, 1-1, 1-2, 1-2, 1-4, 1-4, 1-4, 1-4, 1-4, 1-4"
6-12,162,ቅዱስ ቴዎድሮስ ምሥራቃዊ (ሰማዕት),ቴዎድሮስ ምሥራቃዊ,monthly,CORRECT,GZ-MEL-040:መልክዐ ሰማዕት ቅዱስ ቴዎድሮስ በግእዝ | GZ-GDL-030:ገድለ ቅዱስ ቴዎድሮስ በግእዝ | GZ-GDL-031:ገድለ ሰማዕት ቅዱስ ቴዎድሮስ በግእዝ | AM-GDL-030:ገድለ ሰማዕት ቅዱስ ቴዎድሮስ በአማርኛ,GZ-MEL-040:መልክዐ ሰማዕት ቅዱስ ቴዎድሮስ በግእዝ | GZ-GDL-030:ገድለ ቅዱስ ቴዎድሮስ በግእዝ | GZ-GDL-031:ገድለ ሰማዕት ቅዱስ ቴዎድሮስ በግእዝ | AM-GDL-030:ገድለ ሰማዕት ቅዱስ ቴዎድሮስ በአማርኛ,"1-12, 1-12, 1-12, 1-12, 1-20, 1-20, 1-20, 1-20, 2-12, 2-12"
6-12,162,ቅድስት ክርስቶስ ሠምራ,ክርስቶስ ሠምራ,monthly,WRONG_DATE,,GZ-MEL-143:መልክዐ ክርስቶስ ሠምራ በግእዝ | AM-GDL-005:ገድለ ቅድስት ክርስቶስ ሠምራ በአማርኛ | GZ-GDL-019:ገድለ ቅድስት ክርስቶስ ሠምራ በግእዝ,"1-24, 1-24, 1-24, 2-24, 2-24, 2-24, 3-24, 3-24, 3-24, 4-24"
6-12,162,አቡነ ሳሙኤል ዘዋልድባ,ሳሙኤል ዘዋልድባ,monthly,CORRECT,AM-MEL-054:የአቡነ ሳሙኤል ዘዋልድባ መልክዕ በአማርኛ | AM-MEL-055:የአቡነ ሳሙኤል ዘዋልድባ ኹለተኛ መልክዕ በአማርኛ | GZ-MEL-085:መልክዐ አቡነ ሳሙኤል ዘዋልድባ በግእዝ | GZ-MEL-086:መልክዐ አቡነ ሳሙኤል ዘዋልድባ ካልዕ በግእዝ,AM-MEL-054:የአቡነ ሳሙኤል ዘዋልድባ መልክዕ በአማርኛ | AM-MEL-055:የአቡነ ሳሙኤል ዘዋልድባ ኹለተኛ መልክዕ በአማርኛ | GZ-MEL-085:መልክዐ አቡነ ሳሙኤል ዘዋልድባ በግእዝ | GZ-MEL-086:መልክዐ አቡነ ሳሙኤል ዘዋልድባ ካልዕ በግእዝ,"1-12, 1-12, 1-12, 1-12, 2-12, 2-12, 2-12, 2-12, 3-12, 3-12"
6-12,162,ቅዱስ ላሊበላ ጻድቅ,ላሊበላ,monthly,CORRECT,GZ-MEL-019:መልክዐ ላሊበላ በግዕዝ,GZ-MEL-019:መልክዐ ላሊበላ በግዕዝ,"1-12, 2-12, 3-12, 4-12, 4-29, 5-12, 6-12, 7-12, 7-29, 8-12"
6-13,163,ቅዱስ አውሳብዮስ ጻድቅ (ጥዑመ ዜና),አውሳብዮስ ጻድቅ,annual,WRONG_DATE,,AM-MEL-003:መልክዐ ለአቡነ አቢብ ጻድቅ በአማርኛ | AM-MEL-021:መልክዐ አቡነ ዮሐንስ ጻድቅ በአማርኛ | AM-MEL-060:የአቡነ አባለ ክርስቶስ ጻድቅ መልክዕ በአማርኛ,"1-16, 1-25, 2-16, 2-25, 3-16, 3-25, 4-16, 4-19, 4-25, 5-16"
6-13,163,ቅዱስ ፊቅጦር ሰማዕት (ልደቱ),ፊቅጦር ሰማዕት,annual,CORRECT,GZ-MEL-162:መልክዐ ፊቅጦር በግእዝ | GZ-GDL-027:ገድለ ቅዱስ ፊቅጦር በግእዝ | AM-GDL-029:ገድለ ቅዱስ ፊቅጦር በአማርኛ,GZ-MEL-039:መልክዐ ሰማዕት ቅዱስ መርቆሬዎስ በግእዝ | GZ-MEL-040:መልክዐ ሰማዕት ቅዱስ ቴዎድሮስ በግእዝ | GZ-MEL-041:መልክዐ ሰማዕት ቅዱስ ፋሲለደስ በግእዝ | GZ-MEL-042:መልክዐ ሰማዕት ቅድስት አርሴማ በግእዝ | GZ-MEL-043:መልክዐ ሰማዕት ቅድስት ኢየሉጣ በግእዝ | GZ-MEL-122:መልክዐ አባ ኖብ ሰማዕት በግእዝ | GZ-MEL-162:መልክዐ ፊቅጦር በግእዝ | GZ-GDL-002:ገድለ ሰማዕት ቅዱስ መርቆሬዎስ በግእዝ | AM-GDL-008:ገድለ ሰማዕት ቅድስት አርሴማ በአማርኛ | GZ-GDL-014:ገድለ ቅዱስ ጊዮርጊስ ሰማዕት በግእዝ | AM-GDL-015:ገድለ ሰማዕት ቅዱስ መርቆሬዎስ በአማርኛ | AM-GDL-018:ገድለ ቅዱስ ጊዮርጊስ ሰማዕት በአማርኛ | GZ-GDL-027:ገድለ ቅዱስ ፊቅጦር በግእዝ | GZ-GDL-031:ገድለ ሰማዕት ቅዱስ ቴዎድሮስ በግእዝ | GZ-GDL-033:ገድለ ሰማዕት ቅድስት አርሴማ በግእዝ | AM-GDL-029:ገድለ ቅዱስ ፊቅጦር በአማርኛ | AM-GDL-030:ገድለ ሰማዕት ቅዱስ ቴዎድሮስ በአማርኛ,"1-6, 1-6, 1-6, 1-11, 1-12, 1-12, 1-12, 1-15, 1-18, 1-20"
6-13,163,ቅዱስ ሰርግዮስ ሰማዕት,ሰርግዮስ,annual,NO_BOOK,,,
6-13,163,ቅዱስ መፁን ቀሲስ,መፁን ቀሲስ,annual,NO_BOOK,,,
6-13,163,ቅዱስ ቴዎድሮስ ሰማዕት (የቅ/ፋሲለደስ ልጅ),ቴዎድሮስ ሰማዕት,annual,WRONG_DATE,,GZ-MEL-039:መልክዐ ሰማዕት ቅዱስ መርቆሬዎስ በግእዝ | GZ-MEL-040:መልክዐ ሰማዕት ቅዱስ ቴዎድሮስ በግእዝ | GZ-MEL-041:መልክዐ ሰማዕት ቅዱስ ፋሲለደስ በግእዝ | GZ-MEL-042:መልክዐ ሰማዕት ቅድስት አርሴማ በግእዝ | GZ-MEL-043:መልክዐ ሰማዕት ቅድስት ኢየሉጣ በግእዝ | GZ-MEL-122:መልክዐ አባ ኖብ ሰማዕት በግእዝ | GZ-GDL-002:ገድለ ሰማዕት ቅዱስ መርቆሬዎስ በግእዝ | AM-GDL-008:ገድለ ሰማዕት ቅድስት አርሴማ በአማርኛ | GZ-GDL-014:ገድለ ቅዱስ ጊዮርጊስ ሰማዕት በግእዝ | AM-GDL-015:ገድለ ሰማዕት ቅዱስ መርቆሬዎስ በአማርኛ | AM-GDL-018:ገድለ ቅዱስ ጊዮርጊስ ሰማዕት በአማርኛ | GZ-GDL-030:ገድለ ቅዱስ ቴዎድሮስ በግእዝ | GZ-GDL-031:ገድለ ሰማዕት ቅዱስ ቴዎድሮስ በግእዝ | GZ-GDL-033:ገድለ ሰማዕት ቅድስት አርሴማ በግእዝ | AM-GDL-030:ገድለ ሰማዕት ቅዱስ ቴዎድሮስ በአማርኛ,"1-6, 1-6, 1-6, 1-11, 1-12, 1-12, 1-12, 1-12, 1-15, 1-18"
6-13,163,አባ ጢሞቴዎስ ሊቀ ዻዻሳት,ጢሞቴዎስ ሊቀ ዻዻሳት,annual,NO_BOOK,,,
6-13,163,አባ ክፍላ,ክፍላ,annual,NO_BOOK,,,
6-13,163,አባ ኅብስ,ኅብስ,annual,NO_BOOK,,,
6-13,163,እግዚአብሔር አብ,እግዚአብሔር አብ,monthly,CORRECT,GZ-MEL-139:መልክዐ እግዚአብሔር አብ በግእዝ | GZ-MEL-140:መልክዐ እግዚአብሔር አብ ካልዕ በግእዝ,GZ-MEL-139:መልክዐ እግዚአብሔር አብ በግእዝ | GZ-MEL-140:መልክዐ እግዚአብሔር አብ ካልዕ በግእዝ,"1-13, 1-13, 2-13, 2-13, 3-13, 3-13, 4-13, 4-13, 5-13, 5-13"
6-13,163,ቅዱስ ሩፋኤል ሊቀ መላዕክት,ሩፋኤል ሊቀ መላዕክት,monthly,CORRECT,AM-MEL-043:የቅዱስ ሩፋኤል መልክዕ በአማርኛ | GZ-MEL-006:መልክዐ ሊቀ መላእክት ቅዱስ ሩፋኤል በግእዝ | GZ-DRS-009:ድርሳን ቅዱስ ሩፋኤል በግእዝ,AM-MEL-043:የቅዱስ ሩፋኤል መልክዕ በአማርኛ | GZ-MEL-006:መልክዐ ሊቀ መላእክት ቅዱስ ሩፋኤል በግእዝ | GZ-DRS-009:ድርሳን ቅዱስ ሩፋኤል በግእዝ,"1-13, 1-13, 1-13, 2-13, 2-13, 2-13, 3-13, 3-13, 3-13, 4-13"
6-13,163,"""99ኙ"" ነገደ መላዕክት","""99ኙ"" ነገደ መላዕክት",monthly,NO_BOOK,,,
6-13,163,ቅዱስ አስከናፍር,አስከናፍር,monthly,NO_BOOK,,,
6-13,163,"""፲፫ቱ"" ግኁሳን አባቶች","""፲፫ቱ"" ግኁሳን አባቶች",monthly,NO_BOOK,,,
6-13,163,ቅዱስ አርሳንዮስ ጠቢብ ገዳማዊ,አርሳንዮስ ጠቢብ ገዳማዊ,monthly,NO_BOOK,,,
6-13,163,አቡነ ዘርዐ ቡሩክ,ዘርዐ ቡሩክ,monthly,CORRECT,AM-MEL-061:የአቡነ ዘርዐ ቡሩክ መልክዕ በአማርኛ | GZ-MEL-105:መልክዐ አቡነ ዘርዐ ቡሩክ በግእዝ,AM-MEL-061:የአቡነ ዘርዐ ቡሩክ መልክዕ በአማርኛ | GZ-MEL-105:መልክዐ አቡነ ዘርዐ ቡሩክ በግእዝ,"1-13, 1-13, 2-13, 2-13, 3-13, 3-13, 4-13, 4-13, 5-13, 5-13"
6-14,164,ቅዱስ ሳዊሮስ ዘአንጾኪያ,ሳዊሮስ ዘአንጾኪያ,annual,NO_BOOK,,,
6-14,164,ቅዱስ ቄርሎስ ሊቀ ዻዻሳት,ቄርሎስ ሊቀ ዻዻሳት,annual,NO_BOOK,,,
6-14,164,አባ ያዕቆብ ሊቀ ዻዻሳት,ያዕቆብ ሊቀ ዻዻሳት,annual,WRONG_DATE,,AM-MEL-022:መልክዐ አብርሃም ይሥሐቅ ያዕቆብ በአማርኛ | GZ-MEL-124:መልክዐ አብርሃም ይሥሐቅ ወያዕቆብ በግእዝ,"1-28, 1-28, 2-28, 2-28, 3-28, 3-28, 4-28, 4-28, 5-28, 5-28"
6-14,164,ቅዱስ ዳርዮስ,ዳርዮስ,annual,NO_BOOK,,,
6-14,164,ቅድስት ሊድና,ሊድና,annual,NO_BOOK,,,
6-14,164,አቡነ አረጋዊ (ዘሚካኤል),አረጋዊ,monthly,CORRECT,GZ-MEL-073:መልክዐ አረጋዊ በግእዝ | AM-GDL-016:ገድለ አቡነ አረጋዊ በአማርኛ,GZ-MEL-073:መልክዐ አረጋዊ በግእዝ | AM-GDL-016:ገድለ አቡነ አረጋዊ በአማርኛ,"1-14, 1-14, 2-14, 2-14, 3-14, 3-14, 4-14, 4-14, 5-14, 5-14"
6-14,164,ቅዱስ ገብረ ክርስቶስ መርዓዊ,ገብረ ክርስቶስ መርዓዊ,monthly,WRONG_DATE,,GZ-MEL-151:መልክዐ ገብረ መንፈስ ቅዱስ በግእዝ | GZ-MEL-152:መልክዐ ገብረ መንፈስ ቅዱስ ካልዕ በግእዝ | GZ-MEL-153:መልክዐ ገብረ ክርስቶስ በግእዝ | AM-GDL-007:ገድለ አቡነ ገብረ መንፈስ ቅዱስ በአማርኛ,"1-5, 1-5, 1-5, 2-5, 2-5, 2-5, 2-14, 3-5, 3-5, 3-5"
6-14,164,ቅዱስ ፊልዾስ ሐዋርያ,ፊልዾስ,monthly,NO_BOOK,,,
6-14,164,ቅዱስ ሙሴ ( የእግዚአብሔር ሰው),ሙሴ,monthly,WRONG_DATE,,GZ-MEL-079:መልክዐ አቡነ ሙሴ በግእዝ,1-4
6-14,164,አባ ስምዖን ገዳማዊ,ስምዖን ገዳማዊ,monthly,NO_BOOK,,,
6-14,164,አባ ዮሐንስ ጻድቅ,ዮሐንስ,monthly,WRONG_DATE,,AM-MEL-016:መልክዐ ቅዱስ ዮሐንስ ወንጌላዊ በአማርኛ | AM-MEL-020:መልክዐ አቡነ ዕጨጌ ዮሐንስ በአማርኛ | AM-MEL-021:መልክዐ አቡነ ዮሐንስ ጻድቅ በአማርኛ | AM-MEL-047:የቅዱስ ዮሐንስ 2ኛ መልክዕ በአማርኛ | AM-MEL-048:የቅዱስ ዮሐንስ መጥምቅ መልክዕ በአማርኛ | GZ-MEL-060:መልክዐ ቅዱስ ዮሐንስ መጥምቅ በግእዝ | GZ-MEL-061:መልክዐ ቅዱስ ዮሐንስ ካልእ በግእዝ | GZ-MEL-062:መልክዐ ቅዱስ ዮሐንስ ወንጌላዊ በግእዝ | GZ-MEL-104:መልክዐ አቡነ ዕጨጌ ዮሐንስ በግእዝ | GZ-MEL-109:መልክዐ አቡነ ዮሐንስ ከማ በግእዝ | GZ-MEL-110:መልክዐ አቡነ ዮሐንስ ዘድብረ ዳጋ በግእዝ | GZ-MEL-149:መልክዐ ዮሐንስ ወልደ ነጎድጓድ በግእዝ | GZ-MEL-150:መልክዐ ዮሐንስ ፍቁረ እግዚእ በግእዝ | AM-GDL-013:የቅዱስ ዮሐንስ ገድል በአማርኛ | GZ-GDL-018:ገድለ አቡነ ዮሐንስ በግእዝ | AM-GDL-027:ገድለ አቡነ እጨጌ ዮሐንስ ዘጸገሮ በአማርኛ,"1-1, 1-1, 1-2, 1-2, 1-4, 1-4, 1-4, 1-4, 1-4, 1-4"
6-14,164,እናታችን ቅድስት ነሣሒት,እናታችን ቅድስት ነሣሒት,monthly,NO_BOOK,,,
6-15,165,ቅዱስ ዘካርያስ ነቢይ (ከ፲፪ቱ ደቂቀ ነቢያት አንዱ),ዘካርያስ ነቢይ,annual,WRONG_DATE,,GZ-MEL-059:መልክዐ ቅዱስ ኤልያስ ነቢይ ሣልስ በግእዝ | AM-DRS-005:ድርሳነ ኤልያስ ነቢይ በአማርኛ,"1-6, 1-6, 2-6, 2-6, 3-6, 3-6, 4-1, 4-1, 4-6, 4-6"
6-15,165,ቅዱስ አባ በፍኑትዮስ ገዳማዊ (ከጻድቅነቱ ባሻገር በግብፅ በርሃ የሚኖሩ የብዙ ቅዱሳንን ዜና ሕይወት የጻፈ አባት ነው),በፍኑትዮስ ገዳማዊ,annual,NO_BOOK,,,
6-15,165,ቅዱሳን አርብዐ ሐራ ሰማይ (፬0 የሰማይ ጭፍሮች),አርብዐ ሐራ ሰማይ,annual,WRONG_DATE,,AM-MEN-001:መንገደ ሰማይ በአማርኛ | AM-ETA-001:በሰማይ ወበምድር በአማርኛ | GZ-ETA-001:እትአመነኪ ማርያም በሰማይ ወበምድር በግእዝ | GZ-MEL-142:መልክዐ ካህናተ ሰማይ በግእዝ,"None-None, 1-21, 1-24, 2-21, 2-24, 3-21, 3-24, 4-21, 4-24, 5-21"
6-15,165,ቅዱስ ቂርቆስና እናቱ ኢየሉጣ,ቂርቆስና እናቱ ኢየሉጣ,monthly,CORRECT,GZ-MEL-043:መልክዐ ሰማዕት ቅድስት ኢየሉጣ በግእዝ | AM-GDL-023:የቅዱስ ቂርቆስና የቅድስት ኢየሉጣ ገድል በአማርኛ,GZ-MEL-043:መልክዐ ሰማዕት ቅድስት ኢየሉጣ በግእዝ | AM-GDL-023:የቅዱስ ቂርቆስና የቅድስት ኢየሉጣ ገድል በአማርኛ,"1-15, 1-15, 2-15, 2-15, 3-15, 3-15, 4-15, 4-15, 5-15, 5-15"
6-15,165,ቅዱስ ኤፍሬም ሶርያዊ (አፈ በረከት),ኤፍሬም ሶርያዊ,monthly,NO_BOOK,,,
6-15,165,ቅዱስ ሚናስ ግብፃዊ,ሚናስ ግብፃዊ,monthly,CORRECT,AM-MEL-013:መልክዐ ቅዱስ ሚናስ በአማርኛ | GZ-MEL-052:መልክዐ ቅዱስ ሚናስ በግእዝ,AM-MEL-013:መልክዐ ቅዱስ ሚናስ በአማርኛ | GZ-MEL-052:መልክዐ ቅዱስ ሚናስ በግእዝ,"1-15, 1-15, 2-15, 2-15, 3-15, 3-15, 4-15, 4-15, 5-15, 5-15"
6-15,165,ቅድስት እንባ መሪና,እንባ መሪና,monthly,NO_BOOK,,,
6-15,165,ቅድስት ክርስጢና,ክርስጢና,monthly,NO_BOOK,,,
6-16,166,ኪዳነ ምሕረት (የሰባቱ ኪዳናት ማሕተም),ኪዳነ ምሕረት,annual,CORRECT,AM-MEL-027:መልክዐ ኪዳነ ምሕረት በአማርኛ | GZ-MEL-141:መልክዐ ኪዳነ ምሕረት በግእዝ,AM-MEL-027:መልክዐ ኪዳነ ምሕረት በአማርኛ | GZ-MEL-141:መልክዐ ኪዳነ ምሕረት በግእዝ,"1-16, 1-16, 2-16, 2-16, 3-16, 3-16, 4-16, 4-16, 5-16, 5-16"
6-16,166,ቅድስት ኤልሳቤጥ (የመጥምቁ ዮሐንስ እናት / የእመቤታችን አክስት / የሶፍያ ልጅ),ኤልሳቤጥ,annual,NO_BOOK,,,
6-16,166,ቅዱስ ገብረ ማርያም ጻድቅ ንጉሠ ኢትዮዽያ (የቅ/ላሊበላ ወንድም),ገብረ ማርያም ጻድቅ ንጉሠ ኢትዮዽያ,annual,WRONG_DATE,,GZ-MEL-151:መልክዐ ገብረ መንፈስ ቅዱስ በግእዝ | GZ-MEL-152:መልክዐ ገብረ መንፈስ ቅዱስ ካልዕ በግእዝ | GZ-MEL-153:መልክዐ ገብረ ክርስቶስ በግእዝ | AM-GDL-007:ገድለ አቡነ ገብረ መንፈስ ቅዱስ በአማርኛ,"1-5, 1-5, 1-5, 2-5, 2-5, 2-5, 2-14, 3-5, 3-5, 3-5"
6-16,166,ቅዱስ አኖሬዎስ ንጉሥ ጻድቅ,አኖሬዎስ ንጉሥ,monthly,WRONG_DATE,,GZ-ZNA-002:ዜናሁ ለንጉሥ ገላውዴዎስ በግእዝ | GZ-ZNA-003:ዜና ሕይወቱ ለንጉሥ ላልይበላ በግእዝ,7-27
6-16,166,አባ አቡናፍር ገዳማዊ,አቡናፍር ገዳማዊ,monthly,NO_BOOK,,,
6-16,166,አባ ዮሐንስ ወንጌሉ ዘወርቅ,ዮሐንስ ወንጌሉ ዘወርቅ,monthly,CORRECT,AM-MEL-021:መልክዐ አቡነ ዮሐንስ ጻድቅ በአማርኛ,AM-MEL-016:መልክዐ ቅዱስ ዮሐንስ ወንጌላዊ በአማርኛ | AM-MEL-020:መልክዐ አቡነ ዕጨጌ ዮሐንስ በአማርኛ | AM-MEL-021:መልክዐ አቡነ ዮሐንስ ጻድቅ በአማርኛ | AM-MEL-047:የቅዱስ ዮሐንስ 2ኛ መልክዕ በአማርኛ | AM-MEL-048:የቅዱስ ዮሐንስ መጥምቅ መልክዕ በአማርኛ | GZ-MEL-060:መልክዐ ቅዱስ ዮሐንስ መጥምቅ በግእዝ | GZ-MEL-061:መልክዐ ቅዱስ ዮሐንስ ካልእ በግእዝ | GZ-MEL-062:መልክዐ ቅዱስ ዮሐንስ ወንጌላዊ በግእዝ | GZ-MEL-104:መልክዐ አቡነ ዕጨጌ ዮሐንስ በግእዝ | GZ-MEL-109:መልክዐ አቡነ ዮሐንስ ከማ በግእዝ | GZ-MEL-110:መልክዐ አቡነ ዮሐንስ ዘድብረ ዳጋ በግእዝ | GZ-MEL-149:መልክዐ ዮሐንስ ወልደ ነጎድጓድ በግእዝ | GZ-MEL-150:መልክዐ ዮሐንስ ፍቁረ እግዚእ በግእዝ | AM-GDL-013:የቅዱስ ዮሐንስ ገድል በአማርኛ | GZ-GDL-018:ገድለ አቡነ ዮሐንስ በግእዝ | AM-GDL-027:ገድለ አቡነ እጨጌ ዮሐንስ ዘጸገሮ በአማርኛ,"1-1, 1-1, 1-2, 1-2, 1-4, 1-4, 1-4, 1-4, 1-4, 1-4"
6-16,166,አባ ዳንኤል ጻድቅ,ዳንኤል,monthly,WRONG_DATE,,GZ-MEL-114:መልክዐ አቡነ ዳንኤል በግእዝ | GZ-GDL-028:ገድለ አቡነ ዳንኤል በግእዝ,"3-6, 3-6"
6-17,167,ቅዱስ ሙሴ ሊቀ ነቢያት (በ፩፳ ዓመቱ ደብረ ናባው ላይ ተቀብሯል),ሙሴ ሊቀ ነቢያት,annual,WRONG_DATE,,AM-TSE-003:የነቢያት ጸሎት በአማርኛ | GZ-TSE-002:ጸሎተ ነቢያት በግእዝ | TI-MZM-002:መዝሙር መኃልይ ነቢያት ብትግርኛ,"None-None, None-None, None-None"
6-17,167,ቅዱስ ሚናስ ግብጻዊ (ኁለተኛው),ሚናስ ግብጻዊ,annual,WRONG_DATE,,AM-MEL-013:መልክዐ ቅዱስ ሚናስ በአማርኛ | GZ-MEL-052:መልክዐ ቅዱስ ሚናስ በግእዝ,"1-15, 1-15, 2-15, 2-15, 3-15, 3-15, 4-15, 4-15, 5-15, 5-15"
6-17,167,ቅዱስ እስጢፋኖስ ሊቀ ዲያቆናት (ቀዳሜ ሰማዕት),እስጢፋኖስ ሊቀ ዲያቆናት,monthly,CORRECT,AM-MEL-045:የቅዱስ እስጢፋኖስ 2ኛ መልክዕ በአማርኛ | GZ-MEL-016:መልክዐ ሊቀ ሰማዕታት ቅዱስ እስጢፋኖስ በግእዝ | GZ-MEL-017:መልክዐ ሊቀ ሰማዕታት ቅዱስ እስጢፋኖስ ካልእ በግእዝ | AM-GDL-009:ገድለ ቅዱስ እስጢፋኖስ አማርኛ | GZ-GDL-022:ገድለ ቅዱስ እስጢፋኖስ በግእዝ,AM-MEL-045:የቅዱስ እስጢፋኖስ 2ኛ መልክዕ በአማርኛ | GZ-MEL-016:መልክዐ ሊቀ ሰማዕታት ቅዱስ እስጢፋኖስ በግእዝ | GZ-MEL-017:መልክዐ ሊቀ ሰማዕታት ቅዱስ እስጢፋኖስ ካልእ በግእዝ | AM-GDL-009:ገድለ ቅዱስ እስጢፋኖስ አማርኛ | GZ-GDL-022:ገድለ ቅዱስ እስጢፋኖስ በግእዝ,"1-15, 1-15, 1-15, 1-15, 1-15, 1-17, 1-17, 1-17, 1-17, 1-17"
6-17,167,ቅዱስ ያዕቆብ ሐዋርያ (ወልደ ዘብዴዎስ),ያዕቆብ ሐዋርያ,monthly,WRONG_DATE,,AM-MEL-022:መልክዐ አብርሃም ይሥሐቅ ያዕቆብ በአማርኛ | AM-MEL-033:የሐዋርያው የቅዱስ ታዴዎስ መልክዕ በአማርኛ | AM-MEL-046:የቅዱስ እንድርያስ ሐዋርያ መልክዕ በአማርኛ | GZ-MEL-023:መልክዐ ሐዋርያት በግእዝ | GZ-MEL-124:መልክዐ አብርሃም ይሥሐቅ ወያዕቆብ በግእዝ | GZ-MEL-137:መልክዐ እንድርያስ ሐዋርያ በግእዝ | GZ-GDL-017:ገድለ አቡነ ተክለ ሐዋርያት በግእዝ | GZ-GDL-032:መጽሐፈ ገድለ ቅዱሳን ሐዋርያት በግእዝ | AM-ZNA-003:ዜና ሐዋርያት በአማርኛ,"1-2, 1-4, 1-4, 1-28, 1-28, 2-2, 2-4, 2-4, 2-28, 2-28"
6-17,167,ቅዱስ ኤጲፋንዮስ ዘቆዽሮስ,ኤጲፋንዮስ ዘቆዽሮስ,monthly,NO_BOOK,,,
6-17,167,ቅዱሳን አበው መክሲሞስና ዱማቴዎስ,አበው መክሲሞስና ዱማቴዎስ,monthly,WRONG_DATE,,AM-ZNA-002:ዜና አበው በአማርኛ,"3-4, 5-26"
6-17,167,አባ ገሪማ ዘመደራ,ገሪማ ዘመደራ,monthly,CORRECT,AM-GDL-017:ገድለ አቡነ ገሪማ በአማርኛ,AM-GDL-017:ገድለ አቡነ ገሪማ በአማርኛ,"1-17, 2-17, 3-17, 4-17, 5-17, 6-17, 7-17, 8-17, 9-17, 10-17"
6-17,167,አባ ጰላሞን ፈላሢ,ጰላሞን ፈላሢ,monthly,NO_BOOK,,,
6-17,167,አባ ለትጹን የዋህ,ለትጹን የዋህ,monthly,NO_BOOK,,,
6-18,168,ቅዱስ ያዕቆብ ሐዋርያ (የቅዱስ ዮሴፍ ልጅ ከ፯፪ቱ አርድእት አንዱ),ያዕቆብ ሐዋርያ,annual,WRONG_DATE,,AM-MEL-022:መልክዐ አብርሃም ይሥሐቅ ያዕቆብ በአማርኛ | AM-MEL-033:የሐዋርያው የቅዱስ ታዴዎስ መልክዕ በአማርኛ | AM-MEL-046:የቅዱስ እንድርያስ ሐዋርያ መልክዕ በአማርኛ | GZ-MEL-023:መልክዐ ሐዋርያት በግእዝ | GZ-MEL-124:መልክዐ አብርሃም ይሥሐቅ ወያዕቆብ በግእዝ | GZ-MEL-137:መልክዐ እንድርያስ ሐዋርያ በግእዝ | GZ-GDL-017:ገድለ አቡነ ተክለ ሐዋርያት በግእዝ | GZ-GDL-032:መጽሐፈ ገድለ ቅዱሳን ሐዋርያት በግእዝ | AM-ZNA-003:ዜና ሐዋርያት በአማርኛ,"1-2, 1-4, 1-4, 1-28, 1-28, 2-2, 2-4, 2-4, 2-28, 2-28"
6-18,168,ቅዱስ አባ መላልዮስ ጻድቅ ሊቀ ዻዻሳት,መላልዮስ ጻድቅ ሊቀ ዻዻሳት,annual,NO_BOOK,,,
6-18,168,ቅዱስ ፊልዾስ ሐዋርያ,ፊልዾስ,monthly,NO_BOOK,,,
6-18,168,አቡነ ኤዎስጣቴዎስ ሰባኬ ሃይማኖት,ኤዎስጣቴዎስ ሰባኬ ሃይማኖት,monthly,CORRECT,GZ-MEL-135:መልክዐ ኤዎስጣቴዎስ በግእዝ,AM-MEL-057:የአቡነ ተክለ ሃይማኖት 2ኛ መልክዕ በአማርኛ | AM-MEL-058:የአቡነ ተክለ ሃይማኖት መልክዕ በአማርኛ | GZ-MEL-068:መልክዐ ተክለ ሃይማኖት በግእዝ | GZ-MEL-069:መልክዐ ተክለ ሃይማኖት ካልእ በግእዝ | GZ-MEL-092:መልክዐ አቡነ ተክለ ሃይማኖት በግእዝ | GZ-MEL-135:መልክዐ ኤዎስጣቴዎስ በግእዝ | AM-GDL-004:ገድለ ተክለ ሃይማኖት በአማርኛ,"1-18, 1-24, 1-24, 1-24, 1-24, 1-24, 1-24, 2-18, 2-24, 2-24"
6-18,168,አቡነ አኖሬዎስ ዘደብረ ጽጋጋ,አኖሬዎስ ዘደብረ ጽጋጋ,monthly,NO_BOOK,,,
6-18,168,ማር ያዕቆብ ግብፃዊ,ማር ያዕቆብ ግብፃዊ,monthly,WRONG_DATE,,AM-MEL-022:መልክዐ አብርሃም ይሥሐቅ ያዕቆብ በአማርኛ | GZ-MEL-124:መልክዐ አብርሃም ይሥሐቅ ወያዕቆብ በግእዝ,"1-28, 1-28, 2-28, 2-28, 3-28, 3-28, 4-28, 4-28, 5-28, 5-28"
6-19,169,ታላቁ አባ መርትያኖስ (በዝሙት ላለመሰናከል እግራቸውን በእሳት ያቃጠሉ አባት),ታላቁ አባ መርትያኖስ,annual,NO_BOOK,,,
6-19,169,ቅዱስ ገብርኤል ሊቀ መላእክት,ገብርኤል ሊቀ መላእክት,monthly,CORRECT,AM-MEL-050:የቅዱስ ገብርኤል መልክዕ በአማርኛ | GZ-MEL-013:መልክዐ ሊቀ መላእክት ቅዱስ ገብርኤል በግእዝ | GZ-MEL-014:መልክዐ ሊቀ መላእክት ቅዱስ ገብርኤል ካልዕ (ደቅስዮስ) በግእዝ | AM-DRS-003:ድርሳነ ገብርኤል በአማርኛ | GZ-DRS-010:ድርሳነ ገብርኤል በግእዝ,AM-DIR-001:የሰባቱ ሊቃነ መላእክት ድርሳን በአማርኛ | AM-MEL-038:የቅዱሳን አእላፍ መላእክት 2ኛ መልክዕ በአማርኛ | AM-MEL-050:የቅዱስ ገብርኤል መልክዕ በአማርኛ | GZ-MEL-004:መልክዐ ሊቀ መላእክት ቅዱስ ሚካኤል ሣልስ በግእዝ | GZ-MEL-005:መልክዐ ሊቀ መላእክት ቅዱስ ሚካኤል ካልዕ በግእዝ | GZ-MEL-006:መልክዐ ሊቀ መላእክት ቅዱስ ሩፋኤል በግእዝ | GZ-MEL-007:መልክዐ ሊቀ መላእክት ቅዱስ ራጉኤል በግእዝ | GZ-MEL-008:መልክዐ ሊቀ መላእክት ቅዱስ ሱርያል በግእዝ | GZ-MEL-009:መልክዐ ሊቀ መላእክት ቅዱስ በግእዝ | GZ-MEL-010:መልክዐ ሊቀ መላእክት ቅዱስ አፍኒን በግእዝ | GZ-MEL-011:መልክዐ ሊቀ መላእክት ቅዱስ ዑራኤል በግእዝ | GZ-MEL-012:መልክዐ ሊቀ መላእክት ቅዱስ ዑራኤል ካልእ በግእዝ | GZ-MEL-013:መልክዐ ሊቀ መላእክት ቅዱስ ገብርኤል በግእዝ | GZ-MEL-014:መልክዐ ሊቀ መላእክት ቅዱስ ገብርኤል ካልዕ (ደቅስዮስ) በግእዝ | GZ-MEL-015:መልክዐ ሊቀ መላእክት ቅዱስ ፋኑኤል በግእዝ | GZ-MEL-125:መልክዐ አእላፍ መላእክት በግእዝ | GZ-MEL-126:መልክዐ አእላፍ መላእክት ካልእ በግእዝ | GZ-MEL-165:መልክዐ ሊቀ መላእክት ቅዱስ ሚካኤል ካልዕ በግእ | AM-DRS-003:ድርሳነ ገብርኤል በአማርኛ | GZ-DRS-010:ድርሳነ ገብርኤል በግእዝ,"1-1, 1-3, 1-9, 1-9, 1-9, 1-12, 1-12, 1-12, 1-12, 1-13"
6-19,169,ቅዱስ ኤስድሮስ ሰማዕት,ኤስድሮስ,monthly,NO_BOOK,,,
6-19,169,አቡነ ዓቢየ እግዚእ ጻድቅ,ዓቢየ እግዚእ,monthly,CORRECT,GZ-MEL-145:መልክዐ ዓቢየ እግዚእ በግእዝ,GZ-MEL-145:መልክዐ ዓቢየ እግዚእ በግእዝ,"1-19, 2-19, 3-19, 4-19, 5-19, 6-19, 7-19, 8-19, 9-19, 10-19"
6-19,169,አቡነ ስነ ኢየሱስ,ስነ ኢየሱስ,monthly,WRONG_DATE,,AM-MEL-002:መልክአ ኢየሱስ በአማርኛ | GZ-MEL-130:መልክዐ ኢየሱስ ሞዐ በግእዝ | GZ-MEL-131:መልክዐ ኢየሱስ በግእዝ | GZ-MEL-132:መልክዐ ኢየሱስ ካልዕ በግእዝ | AM-TAM-001:ተአምረ ኢየሱስ በአማርኛ | TI-TAM-001:ተአምረ ኢየሱስ ብትግርኛ | GZ-TAM-002:ተአምረ ኢየሱስ በግእዝ | AM-GDL-026:ገድለ አቡነ ኢየሱስ ሞዐ በአማርኛ,"1-26, 1-26, 1-29, 1-29, 1-29, 1-29, 1-29, 1-29, 2-26, 2-26"
6-19,169,አቡነ ዮሴፍ ብርሃነ ዓለም,ዮሴፍ ብርሃነ ዓለም,monthly,CORRECT,GZ-MEL-111:መልክዐ አቡነ ዮሴፍ በግእዝ | GZ-GDL-029:ገድለ አቡነ ዮሴፍ በግእዝ,AM-MEL-034:የመድኀኔ ዓለም 3ኛ መልክዕ በአማርኛ | AM-MEL-035:የመድኀኔ ዓለም መልክዕ በአማርኛ | GZ-MEL-001:ሐዲስ መልክዐ መድኃኔዓለም በግእዝ | GZ-MEL-027:መልክዐ መድኀኔ ዓለም ሣልስ በግዕዝ | GZ-MEL-028:መልክዐ መድኃኔ ዓለም በግእዝ | GZ-MEL-111:መልክዐ አቡነ ዮሴፍ በግእዝ | GZ-DRS-005:ድርሳነ መድኃኔ ዓለም በግእዝ | AM-DRS-004:ድርሳነ መድኃኔ ዓለም በአማርኛ | GZ-GDL-029:ገድለ አቡነ ዮሴፍ በግእዝ,"1-19, 1-19, 1-27, 1-27, 1-27, 1-27, 1-27, 1-27, 1-27, 2-19"
6-20,170,አቡነ ክፍለ- ማርያም ዘዲባጋ (የተሰወረበት),ክፍለ- ማርያም ዘዲባጋ,annual,NO_BOOK,,,
6-20,170,አቡነ ገብረ-መርዐዊ ዘአግዶ (ኢትዮዽያዊ),ገብረ-መርዐዊ ዘአግዶ,annual,NO_BOOK,,,
6-20,170,ቅዱስ ፊልሞን መዐንዝር (ከአዝማሪነት በክርስቶስ አምኖ ለሰማዕትነት የበቃ ቅዱስ ሰው),ፊልሞን መዐንዝር,annual,NO_BOOK,,,
6-20,170,ቅዱስ አስቃሎን አናጉንስጢስ (ሰማዕት),አስቃሎን አናጉንስጢስ,annual,NO_BOOK,,,
6-20,170,ቅዱስ ዼጥሮስ ሊቀ ዻዻሳት (የታላቁ ሐዋርያዊ አትናቴዎስ ደቀ መዝሙር),ዼጥሮስ ሊቀ ዻዻሳት,annual,NO_BOOK,,,
6-20,170,ቅዱስ ቴዎድሮስ ሊቀ ሠራዊት (ሰማዕት),ቴዎድሮስ ሊቀ ሠራዊት,monthly,CORRECT,GZ-MEL-040:መልክዐ ሰማዕት ቅዱስ ቴዎድሮስ በግእዝ | GZ-GDL-030:ገድለ ቅዱስ ቴዎድሮስ በግእዝ | GZ-GDL-031:ገድለ ሰማዕት ቅዱስ ቴዎድሮስ በግእዝ | AM-GDL-030:ገድለ ሰማዕት ቅዱስ ቴዎድሮስ በአማርኛ,GZ-MEL-040:መልክዐ ሰማዕት ቅዱስ ቴዎድሮስ በግእዝ | GZ-GDL-030:ገድለ ቅዱስ ቴዎድሮስ በግእዝ | GZ-GDL-031:ገድለ ሰማዕት ቅዱስ ቴዎድሮስ በግእዝ | AM-GDL-030:ገድለ ሰማዕት ቅዱስ ቴዎድሮስ በአማርኛ,"1-12, 1-12, 1-12, 1-12, 1-20, 1-20, 1-20, 1-20, 2-12, 2-12"
6-20,170,ቅዱስ ዮሐንስ ሐፂር,ዮሐንስ ሐፂር,monthly,WRONG_DATE,,AM-MEL-016:መልክዐ ቅዱስ ዮሐንስ ወንጌላዊ በአማርኛ | AM-MEL-020:መልክዐ አቡነ ዕጨጌ ዮሐንስ በአማርኛ | AM-MEL-021:መልክዐ አቡነ ዮሐንስ ጻድቅ በአማርኛ | AM-MEL-047:የቅዱስ ዮሐንስ 2ኛ መልክዕ በአማርኛ | AM-MEL-048:የቅዱስ ዮሐንስ መጥምቅ መልክዕ በአማርኛ | GZ-MEL-060:መልክዐ ቅዱስ ዮሐንስ መጥምቅ በግእዝ | GZ-MEL-061:መልክዐ ቅዱስ ዮሐንስ ካልእ በግእዝ | GZ-MEL-062:መልክዐ ቅዱስ ዮሐንስ ወንጌላዊ በግእዝ | GZ-MEL-104:መልክዐ አቡነ ዕጨጌ ዮሐንስ በግእዝ | GZ-MEL-109:መልክዐ አቡነ ዮሐንስ ከማ በግእዝ | GZ-MEL-110:መልክዐ አቡነ ዮሐንስ ዘድብረ ዳጋ በግእዝ | GZ-MEL-149:መልክዐ ዮሐንስ ወልደ ነጎድጓድ በግእዝ | GZ-MEL-150:መልክዐ ዮሐንስ ፍቁረ እግዚእ በግእዝ | AM-GDL-013:የቅዱስ ዮሐንስ ገድል በአማርኛ | GZ-GDL-018:ገድለ አቡነ ዮሐንስ በግእዝ | AM-GDL-027:ገድለ አቡነ እጨጌ ዮሐንስ ዘጸገሮ በአማርኛ,"1-1, 1-1, 1-2, 1-2, 1-4, 1-4, 1-4, 1-4, 1-4, 1-4"
6-20,170,ቅዱስ አክሎግ ቀሲስ,አክሎግ ቀሲስ,monthly,NO_BOOK,,,
6-20,170,ቅዱስ አፄ ካሌብ ጻድቅ,አፄ ካሌብ,monthly,NO_BOOK,,,
6-20,170,አባ አሞንዮስ ዘሃገረ ቶና,አሞንዮስ ዘሃገረ ቶና,monthly,NO_BOOK,,,
6-20,170,ቅድስት ሳድዥ የዋሒት,ሳድዥ የዋሒት,monthly,NO_BOOK,,,
6-21,171,ቅዱስ አናሲሞስ ሐዋርያ,አናሲሞስ,annual,NO_BOOK,,,
6-21,171,፩፥፲፩),፩፥፲፩),annual,NO_BOOK,,,
6-21,171,አባ ዘካርያስ ዘሃገረ ስሃ,ዘካርያስ ዘሃገረ ስሃ,annual,NO_BOOK,,,
6-21,171,አባ አካክዮስ ጻድቅ,አካክዮስ,annual,NO_BOOK,,,
6-21,171,አባ ገብርኤል ሊቀ ዻዻሳት,ገብርኤል ሊቀ ዻዻሳት,annual,WRONG_DATE,,AM-MEL-050:የቅዱስ ገብርኤል መልክዕ በአማርኛ | GZ-MEL-013:መልክዐ ሊቀ መላእክት ቅዱስ ገብርኤል በግእዝ | GZ-MEL-014:መልክዐ ሊቀ መላእክት ቅዱስ ገብርኤል ካልዕ (ደቅስዮስ) በግእዝ | AM-DRS-003:ድርሳነ ገብርኤል በአማርኛ | GZ-DRS-010:ድርሳነ ገብርኤል በግእዝ,"1-19, 1-19, 1-19, 1-19, 1-19, 2-19, 2-19, 2-19, 2-19, 2-19"
6-21,171,አባ ገብርኤል (የኢትዮዽያ ጳጳስ የነበሩ),ገብርኤል,annual,WRONG_DATE,,AM-MEL-050:የቅዱስ ገብርኤል መልክዕ በአማርኛ | GZ-MEL-013:መልክዐ ሊቀ መላእክት ቅዱስ ገብርኤል በግእዝ | GZ-MEL-014:መልክዐ ሊቀ መላእክት ቅዱስ ገብርኤል ካልዕ (ደቅስዮስ) በግእዝ | AM-DRS-003:ድርሳነ ገብርኤል በአማርኛ | GZ-DRS-010:ድርሳነ ገብርኤል በግእዝ,"1-19, 1-19, 1-19, 1-19, 1-19, 2-19, 2-19, 2-19, 2-19, 2-19"
6-21,171,ቅድስት ድንግል እመቤታችን ማርያም,ድንግል እመቤታችን ማርያም,monthly,CORRECT,AM-LAH-001:ላሐ ማርያም በአማርኛ | AM-MEL-008:መልክዐ ማርያም ሣልሲት በአማርኛ | AM-MEL-009:መልክዐ ማርያም በአማርኛ | AM-MEL-064:የጽዮን ማርያም 3ኛ መልክዕ በአማርኛ | AM-RAY-001:ራዕየ ማርያም በአማርኛ | GZ-ETA-001:እትአመነኪ ማርያም በሰማይ ወበምድር በግእዝ | GZ-LAH-001:ላሐ ማርያም በግእዝ | GZ-MEL-002:መልከዐ ማርያም ዳግሚት በግእዝ | GZ-MEL-031:መልክዐ ማርያም ሣልሲት በግእዝ | GZ-MEL-032:መልክዐ ማርያም በግእዝ | GZ-MEL-161:መልክዐ ጽዮን ማርያም ሣልስ በግእዝ | TI-RAY-001:ራእየ ማርያም ብትግርኛ | GZ-TAM-001:ተአምረ ማርያም በግእዝ | AM-TAM-002:ተአምረ ማርያም በአማርኛ,AM-LAH-001:ላሐ ማርያም በአማርኛ | AM-MEL-008:መልክዐ ማርያም ሣልሲት በአማርኛ | AM-MEL-009:መልክዐ ማርያም በአማርኛ | AM-MEL-017:መልክዐ ቅድስት ጸበለ ማርያም በአማርኛ | AM-MEL-019:መልክዐ አቡነ ሐራ ድንግል በአማርኛ | AM-MEL-064:የጽዮን ማርያም 3ኛ መልክዕ በአማርኛ | AM-RAY-001:ራዕየ ማርያም በአማርኛ | AM-WUD-002:ውዳሴ ማርያም በአማርኛ | GZ-ETA-001:እትአመነኪ ማርያም በሰማይ ወበምድር በግእዝ | GZ-LAH-001:ላሐ ማርያም በግእዝ | GZ-MEL-002:መልከዐ ማርያም ዳግሚት በግእዝ | GZ-MEL-021:መልክዐ ሐራ ድንግል በግእዝ | GZ-MEL-031:መልክዐ ማርያም ሣልሲት በግእዝ | GZ-MEL-032:መልክዐ ማርያም በግእዝ | GZ-MEL-070:መልክዐ ተክለ ማርያም ዘይሰመይ መብዓ ጽዮን በግእዝ | GZ-MEL-099:መልክዐ አቡነ አብሳዲ ዘደብረ ማርያም በግእዝ | GZ-MEL-159:መልክዐ ጸበለ ማርያም ቅድስት በግእዝ | GZ-MEL-161:መልክዐ ጽዮን ማርያም ሣልስ በግእዝ | GZ-WUD-002:ውዳሴ ማርያም በግእዝ | TI-RAY-001:ራእየ ማርያም ብትግርኛ | TI-WUD-001:ውዳሴ ማርያም ብትግርኛ | AM-GDL-002:ገድለ ማርያም እንተ ዕፍረት በአማርኛ | GZ-TAM-001:ተአምረ ማርያም በግእዝ | AM-GDL-003:ገድለ ማርያም መግደላዊት በአማርኛ | GZ-MTS-001:መጽሐፈ ልደታ ለማርያም በግእዝ | AM-TAM-002:ተአምረ ማርያም በአማርኛ,"None-None, None-None, None-None, 1-1, 1-11, 1-11, 1-21, 1-21, 1-21, 1-21"
6-21,171,አበው ጎርጎርዮሳት,አበው ጎርጎርዮሳት,monthly,WRONG_DATE,,AM-ZNA-002:ዜና አበው በአማርኛ,"3-4, 5-26"
6-21,171,አቡነ ምዕመነ ድንግል,ምዕመነ ድንግል,monthly,WRONG_DATE,,AM-MEL-019:መልክዐ አቡነ ሐራ ድንግል በአማርኛ | GZ-MEL-021:መልክዐ ሐራ ድንግል በግእዝ,"1-11, 1-11, 2-11, 2-11, 3-11, 3-11, 4-11, 4-11, 5-11, 5-11"
6-21,171,አቡነ አምደ ሥላሴ,አምደ ሥላሴ,monthly,WRONG_DATE,,AM-MEL-010:መልክዐ ሥላሴ በአማርኛ | AM-SEY-002:ሰይፈ ሥላሴ በአማርኛ | GZ-HIB-001:ኅብረ ሥላሴ በግእዝ | GZ-MEL-035:መልክዐ ሥላሴ በግእዝ | GZ-MEL-077:መልክዐ አቡነ መዝገበ ሥላሴ በግእዝ | GZ-SEY-002:ሰይፈ ሥላሴ በግእዝ | AM-ZNA-001:ዜና ሥላሴ በአማርኛ | GZ-ZNA-004:ዜና ሥላሴ በግእዝ | GZ-TAM-003:ተአምራቲሆሙ ለሥላሴ,"None-None, None-None, None-None, None-None, None-None, None-None, None-None, 1-7, 2-7, 2-9"
6-21,171,አባ አሮን ሶርያዊ,አሮን ሶርያዊ,monthly,WRONG_DATE,,GZ-MEL-128:መልክዐ አᎄነ አሮን መንክራዌ በግእዝ | GZ-GDL-024:ገድለ አቡነ አሮን መንክራዊ ግእዝ | AM-GDL-028:ገድለ አቡነ አሮን መንክራዊ በአማርኛ,"1-5, 1-5, 1-5, 2-5, 2-5, 2-5, 3-5, 3-5, 3-5, 4-5"
6-21,171,አባ መርትያኖስ ጻድቅ,መርትያኖስ,monthly,NO_BOOK,,,
6-22,172,ቅዱሳን ሰማዕታተ ፋርስ (ፍልሠታቸውና ቅዳሴ ቤታቸው),ሰማዕታተ ፋርስ,annual,NO_BOOK,,,
6-22,172,ቅዱስ አባ ማሩና ጻድቅ ኤዺስ ቆዾስ (የፋርስ ሰማዕታትን አጽም የሠበሠበ),ማሩና ጻድቅ ኤዺስ ቆዾስ,annual,NO_BOOK,,,
6-22,172,ቅዱስ አባ ቡላ,ቡላ,annual,NO_BOOK,,,
6-22,172,ቅዱስ ዑራኤል ሊቀ መላእክት,ዑራኤል ሊቀ መላእክት,monthly,CORRECT,GZ-MEL-011:መልክዐ ሊቀ መላእክት ቅዱስ ዑራኤል በግእዝ | GZ-MEL-012:መልክዐ ሊቀ መላእክት ቅዱስ ዑራኤል ካልእ በግእዝ | GZ-DRS-001:ድርሳነ ዑራኤል በግእዝ | AM-DRS-006:ድርሳነ ዑራኤል በአማርኛ,AM-DIR-001:የሰባቱ ሊቃነ መላእክት ድርሳን በአማርኛ | AM-MEL-038:የቅዱሳን አእላፍ መላእክት 2ኛ መልክዕ በአማርኛ | GZ-MEL-004:መልክዐ ሊቀ መላእክት ቅዱስ ሚካኤል ሣልስ በግእዝ | GZ-MEL-005:መልክዐ ሊቀ መላእክት ቅዱስ ሚካኤል ካልዕ በግእዝ | GZ-MEL-006:መልክዐ ሊቀ መላእክት ቅዱስ ሩፋኤል በግእዝ | GZ-MEL-007:መልክዐ ሊቀ መላእክት ቅዱስ ራጉኤል በግእዝ | GZ-MEL-008:መልክዐ ሊቀ መላእክት ቅዱስ ሱርያል በግእዝ | GZ-MEL-009:መልክዐ ሊቀ መላእክት ቅዱስ በግእዝ | GZ-MEL-010:መልክዐ ሊቀ መላእክት ቅዱስ አፍኒን በግእዝ | GZ-MEL-011:መልክዐ ሊቀ መላእክት ቅዱስ ዑራኤል በግእዝ | GZ-MEL-012:መልክዐ ሊቀ መላእክት ቅዱስ ዑራኤል ካልእ በግእዝ | GZ-MEL-013:መልክዐ ሊቀ መላእክት ቅዱስ ገብርኤል በግእዝ | GZ-MEL-014:መልክዐ ሊቀ መላእክት ቅዱስ ገብርኤል ካልዕ (ደቅስዮስ) በግእዝ | GZ-MEL-015:መልክዐ ሊቀ መላእክት ቅዱስ ፋኑኤል በግእዝ | GZ-MEL-125:መልክዐ አእላፍ መላእክት በግእዝ | GZ-MEL-126:መልክዐ አእላፍ መላእክት ካልእ በግእዝ | GZ-MEL-165:መልክዐ ሊቀ መላእክት ቅዱስ ሚካኤል ካልዕ በግእ | GZ-DRS-001:ድርሳነ ዑራኤል በግእዝ | AM-DRS-006:ድርሳነ ዑራኤል በአማርኛ,"1-1, 1-3, 1-9, 1-9, 1-9, 1-12, 1-12, 1-12, 1-12, 1-13"
6-22,172,ቅዱስ ሉቃስ ወንጌላዊ,ሉቃስ ወንጌላዊ,monthly,WRONG_DATE,,AM-MEL-016:መልክዐ ቅዱስ ዮሐንስ ወንጌላዊ በአማርኛ | GZ-MEL-062:መልክዐ ቅዱስ ዮሐንስ ወንጌላዊ በግእዝ,"1-4, 1-4, 1-29, 1-29, 2-4, 2-4, 3-4, 3-4, 4-4, 4-4"
6-22,172,ቅዱስ ደቅስዮስ (የእመቤታችን ወዳጅ),ደቅስዮስ,monthly,WRONG_DATE,,GZ-MEL-014:መልክዐ ሊቀ መላእክት ቅዱስ ገብርኤል ካልዕ (ደቅስዮስ) በግእዝ,"1-19, 2-19, 3-19, 4-19, 4-22, 5-19, 6-19, 7-19, 7-30, 8-19"
6-22,172,አባ እንጦንዮስ (አበ መነኮሳት),እንጦንዮስ,monthly,WRONG_DATE,,GZ-MEL-138:መልክዐ እንጦንዮስ በግእዝ,"5-22, 7-6, 11-22"
6-22,172,አባ ዻውሊ የዋህ,ዻውሊ የዋህ,monthly,NO_BOOK,,,
6-23,173,ቅዱስ ፖሊካርፐስ ሐዋርያዊ ሰማዕት (የሰርምኔስ ዻዻስ),ፖሊካርፐስ ሐዋርያዊ ሰማዕት,annual,CORRECT,GZ-GDL-014:ገድለ ቅዱስ ጊዮርጊስ ሰማዕት በግእዝ | AM-GDL-018:ገድለ ቅዱስ ጊዮርጊስ ሰማዕት በአማርኛ,GZ-MEL-039:መልክዐ ሰማዕት ቅዱስ መርቆሬዎስ በግእዝ | GZ-MEL-040:መልክዐ ሰማዕት ቅዱስ ቴዎድሮስ በግእዝ | GZ-MEL-041:መልክዐ ሰማዕት ቅዱስ ፋሲለደስ በግእዝ | GZ-MEL-042:መልክዐ ሰማዕት ቅድስት አርሴማ በግእዝ | GZ-MEL-043:መልክዐ ሰማዕት ቅድስት ኢየሉጣ በግእዝ | GZ-MEL-122:መልክዐ አባ ኖብ ሰማዕት በግእዝ | GZ-GDL-002:ገድለ ሰማዕት ቅዱስ መርቆሬዎስ በግእዝ | AM-GDL-008:ገድለ ሰማዕት ቅድስት አርሴማ በአማርኛ | GZ-GDL-014:ገድለ ቅዱስ ጊዮርጊስ ሰማዕት በግእዝ | AM-GDL-015:ገድለ ሰማዕት ቅዱስ መርቆሬዎስ በአማርኛ | AM-GDL-018:ገድለ ቅዱስ ጊዮርጊስ ሰማዕት በአማርኛ | GZ-GDL-031:ገድለ ሰማዕት ቅዱስ ቴዎድሮስ በግእዝ | GZ-GDL-033:ገድለ ሰማዕት ቅድስት አርሴማ በግእዝ | AM-GDL-030:ገድለ ሰማዕት ቅዱስ ቴዎድሮስ በአማርኛ,"1-6, 1-6, 1-6, 1-11, 1-12, 1-12, 1-12, 1-15, 1-18, 1-20"
6-23,173,ቅዱስ ጊዮርጊስ ሊቀ ሰማዕታት (አባቶቻችንን አድዋ ላይ የረዳበት),ጊዮርጊስ ሊቀ ሰማዕታት,annual,CORRECT,AM-MEL-065:ጸሎተ መልክዐ ሥቃዩ ለቅዱስ ጊዮርጊስ ሊቀ ሰማዕታት በአማርኛ | AM-MEL-066:ጸሎተ መልክዕ ዘቅዱስ ጊዮርጊስ ሊቀ ሰማዕታት በአማርኛ | AM-MEL-067:ጸሎተ መልክዕ ዘቅዱስ ጊዮርጊስ ሊቀ ሰማዕታት ካልዕ በአማርኛ | AM-SIB-001:ስብሐተ ፍቁር ዘቅዱስ ጊዮርጊስ ሊቀ ሰማዕታት በአማርኛ,AM-MEL-065:ጸሎተ መልክዐ ሥቃዩ ለቅዱስ ጊዮርጊስ ሊቀ ሰማዕታት በአማርኛ | AM-MEL-066:ጸሎተ መልክዕ ዘቅዱስ ጊዮርጊስ ሊቀ ሰማዕታት በአማርኛ | AM-MEL-067:ጸሎተ መልክዕ ዘቅዱስ ጊዮርጊስ ሊቀ ሰማዕታት ካልዕ በአማርኛ | AM-SIB-001:ስብሐተ ፍቁር ዘቅዱስ ጊዮርጊስ ሊቀ ሰማዕታት በአማርኛ,"1-23, 1-23, 1-23, 1-23, 2-23, 2-23, 2-23, 2-23, 3-7, 3-7"
6-23,173,ቅዱስ አውሳብዮስ ሰማዕት (የቅዱስ ፋሲለደስ ልጅ),አውሳብዮስ ሰማዕት,annual,CORRECT,GZ-GDL-014:ገድለ ቅዱስ ጊዮርጊስ ሰማዕት በግእዝ | AM-GDL-018:ገድለ ቅዱስ ጊዮርጊስ ሰማዕት በአማርኛ,GZ-MEL-039:መልክዐ ሰማዕት ቅዱስ መርቆሬዎስ በግእዝ | GZ-MEL-040:መልክዐ ሰማዕት ቅዱስ ቴዎድሮስ በግእዝ | GZ-MEL-041:መልክዐ ሰማዕት ቅዱስ ፋሲለደስ በግእዝ | GZ-MEL-042:መልክዐ ሰማዕት ቅድስት አርሴማ በግእዝ | GZ-MEL-043:መልክዐ ሰማዕት ቅድስት ኢየሉጣ በግእዝ | GZ-MEL-122:መልክዐ አባ ኖብ ሰማዕት በግእዝ | GZ-GDL-002:ገድለ ሰማዕት ቅዱስ መርቆሬዎስ በግእዝ | AM-GDL-008:ገድለ ሰማዕት ቅድስት አርሴማ በአማርኛ | GZ-GDL-014:ገድለ ቅዱስ ጊዮርጊስ ሰማዕት በግእዝ | AM-GDL-015:ገድለ ሰማዕት ቅዱስ መርቆሬዎስ በአማርኛ | AM-GDL-018:ገድለ ቅዱስ ጊዮርጊስ ሰማዕት በአማርኛ | GZ-GDL-031:ገድለ ሰማዕት ቅዱስ ቴዎድሮስ በግእዝ | GZ-GDL-033:ገድለ ሰማዕት ቅድስት አርሴማ በግእዝ | AM-GDL-030:ገድለ ሰማዕት ቅዱስ ቴዎድሮስ በአማርኛ,"1-6, 1-6, 1-6, 1-11, 1-12, 1-12, 1-12, 1-15, 1-18, 1-20"
6-23,173,ቅዱስ አውስግንዮስ ሰማዕት,አውስግንዮስ,annual,NO_BOOK,,,
6-23,173,ልበ አምላክ ቅዱስ ዳዊት,ልበ አምላክ ቅዱስ ዳዊት,monthly,CORRECT,AM-MEL-049:የቅዱስ ዳዊት መልክዕ በአማርኛ | GZ-MEL-064:መልክዐ ቅዱስ ዳዊት በግእዝ,AM-MEL-049:የቅዱስ ዳዊት መልክዕ በአማርኛ | AM-MZM-001:መዝሙረ ዳዊት በአማርኛ | AM-WUD-003:ውዳሴ አምላክ በአማርኛ | GZ-MEL-064:መልክዐ ቅዱስ ዳዊት በግእዝ | GZ-MEL-088:መልክዐ አቡነ ቡሩከ አምላክ ዘደብረ ኮል በግእዝ | GZ-MEL-089:መልክዐ አቡነ ብፁዓ አምላክ ዘደብረ ምዕዋን ወዘደብረ ኰዳዱ በግእዝ | GZ-MZM-004:መዝሙረ ዳዊት በግእዝ | TI-MZM-001:መዝሙረ ዳዊት ብትግርኛ | TI-WUD-002:ውዳሴ አምላክ ብትግርኛ,"None-None, None-None, None-None, None-None, None-None, 1-23, 1-23, 2-23, 2-23, 3-23"
6-23,173,ቅዱስ ሰሎሞን ንጉሠ እስራኤል,ሰሎሞን ንጉሠ እስራኤል,monthly,WRONG_DATE,,GZ-TBB-001:ጥበበ ሰሎሞን በግእዝ,
6-23,173,አባ ጢሞቴዎስ ገዳማዊ,ጢሞቴዎስ ገዳማዊ,monthly,NO_BOOK,,,
6-23,173,አባ ሳሙኤል,ሳሙኤል,monthly,WRONG_DATE,,AM-MEL-054:የአቡነ ሳሙኤል ዘዋልድባ መልክዕ በአማርኛ | AM-MEL-055:የአቡነ ሳሙኤል ዘዋልድባ ኹለተኛ መልክዕ በአማርኛ | GZ-MEL-084:መልክዐ አቡነ ሳሙኤል በግእዝ ሣልስ በግእዝ | GZ-MEL-085:መልክዐ አቡነ ሳሙኤል ዘዋልድባ በግእዝ | GZ-MEL-086:መልክዐ አቡነ ሳሙኤል ዘዋልድባ ካልዕ በግእዝ,"1-12, 1-12, 1-12, 1-12, 1-12, 2-12, 2-12, 2-12, 2-12, 2-12"
6-23,173,አባ ስምዖን,ስምዖን,monthly,NO_BOOK,,,
6-23,173,አባ ገብርኤል,ገብርኤል,monthly,WRONG_DATE,,AM-MEL-050:የቅዱስ ገብርኤል መልክዕ በአማርኛ | GZ-MEL-013:መልክዐ ሊቀ መላእክት ቅዱስ ገብርኤል በግእዝ | GZ-MEL-014:መልክዐ ሊቀ መላእክት ቅዱስ ገብርኤል ካልዕ (ደቅስዮስ) በግእዝ | AM-DRS-003:ድርሳነ ገብርኤል በአማርኛ | GZ-DRS-010:ድርሳነ ገብርኤል በግእዝ,"1-19, 1-19, 1-19, 1-19, 1-19, 2-19, 2-19, 2-19, 2-19, 2-19"
6-24,174,ቅዱስ አጋቢጦስ (ጻድቅ ኤዺስቆዾስ),አጋቢጦስ,annual,NO_BOOK,,,
6-24,174,ቅዱስ ጢሞቴዎስ ሰማዕት (ዘጋዛ),ጢሞቴዎስ ሰማዕት,annual,WRONG_DATE,,GZ-MEL-039:መልክዐ ሰማዕት ቅዱስ መርቆሬዎስ በግእዝ | GZ-MEL-040:መልክዐ ሰማዕት ቅዱስ ቴዎድሮስ በግእዝ | GZ-MEL-041:መልክዐ ሰማዕት ቅዱስ ፋሲለደስ በግእዝ | GZ-MEL-042:መልክዐ ሰማዕት ቅድስት አርሴማ በግእዝ | GZ-MEL-043:መልክዐ ሰማዕት ቅድስት ኢየሉጣ በግእዝ | GZ-MEL-122:መልክዐ አባ ኖብ ሰማዕት በግእዝ | GZ-GDL-002:ገድለ ሰማዕት ቅዱስ መርቆሬዎስ በግእዝ | AM-GDL-008:ገድለ ሰማዕት ቅድስት አርሴማ በአማርኛ | GZ-GDL-014:ገድለ ቅዱስ ጊዮርጊስ ሰማዕት በግእዝ | AM-GDL-015:ገድለ ሰማዕት ቅዱስ መርቆሬዎስ በአማርኛ | AM-GDL-018:ገድለ ቅዱስ ጊዮርጊስ ሰማዕት በአማርኛ | GZ-GDL-031:ገድለ ሰማዕት ቅዱስ ቴዎድሮስ በግእዝ | GZ-GDL-033:ገድለ ሰማዕት ቅድስት አርሴማ በግእዝ | AM-GDL-030:ገድለ ሰማዕት ቅዱስ ቴዎድሮስ በአማርኛ,"1-6, 1-6, 1-6, 1-11, 1-12, 1-12, 1-12, 1-15, 1-18, 1-20"
6-24,174,ቅዱስ ሚናስ ዘቆዽሮስ,ሚናስ ዘቆዽሮስ,annual,WRONG_DATE,,AM-MEL-013:መልክዐ ቅዱስ ሚናስ በአማርኛ | GZ-MEL-052:መልክዐ ቅዱስ ሚናስ በግእዝ,"1-15, 1-15, 2-15, 2-15, 3-15, 3-15, 4-15, 4-15, 5-15, 5-15"
6-24,174,ቅዱስ አቡነ ተክለ ሃይማኖት (መምሕረ ትሩፋት),ተክለ ሃይማኖት,monthly,CORRECT,AM-MEL-057:የአቡነ ተክለ ሃይማኖት 2ኛ መልክዕ በአማርኛ | AM-MEL-058:የአቡነ ተክለ ሃይማኖት መልክዕ በአማርኛ | GZ-MEL-068:መልክዐ ተክለ ሃይማኖት በግእዝ | GZ-MEL-069:መልክዐ ተክለ ሃይማኖት ካልእ በግእዝ | GZ-MEL-092:መልክዐ አቡነ ተክለ ሃይማኖት በግእዝ | AM-GDL-004:ገድለ ተክለ ሃይማኖት በአማርኛ,AM-MEL-057:የአቡነ ተክለ ሃይማኖት 2ኛ መልክዕ በአማርኛ | AM-MEL-058:የአቡነ ተክለ ሃይማኖት መልክዕ በአማርኛ | GZ-MEL-068:መልክዐ ተክለ ሃይማኖት በግእዝ | GZ-MEL-069:መልክዐ ተክለ ሃይማኖት ካልእ በግእዝ | GZ-MEL-092:መልክዐ አቡነ ተክለ ሃይማኖት በግእዝ | AM-GDL-004:ገድለ ተክለ ሃይማኖት በአማርኛ,"1-24, 1-24, 1-24, 1-24, 1-24, 1-24, 2-24, 2-24, 2-24, 2-24"
6-24,174,ቅድስት ክርስቶስ ሠምራ,ክርስቶስ ሠምራ,monthly,CORRECT,GZ-MEL-143:መልክዐ ክርስቶስ ሠምራ በግእዝ | AM-GDL-005:ገድለ ቅድስት ክርስቶስ ሠምራ በአማርኛ | GZ-GDL-019:ገድለ ቅድስት ክርስቶስ ሠምራ በግእዝ,GZ-MEL-143:መልክዐ ክርስቶስ ሠምራ በግእዝ | AM-GDL-005:ገድለ ቅድስት ክርስቶስ ሠምራ በአማርኛ | GZ-GDL-019:ገድለ ቅድስት ክርስቶስ ሠምራ በግእዝ,"1-24, 1-24, 1-24, 2-24, 2-24, 2-24, 3-24, 3-24, 3-24, 4-24"
6-24,174,ቅዱስ ሙሴ ፀሊም,ሙሴ ፀሊም,monthly,NO_BOOK,,,
6-24,174,ቅዱስ ቶማስ ዘመርዐስ,ቶማስ ዘመርዐስ,monthly,WRONG_DATE,,GZ-MEL-094:መልክዐ አቡነ ቶማስ ዘዘናቁዴ በግእዝ,3-3
6-24,174,ቅዱስ አብላርዮስ ታላቁ,አብላርዮስ ታላቁ,monthly,NO_BOOK,,,
6-24,174,"""፳፬ቱ"" ካኅናተ ሰማይ (ሱራፌል)","""፳፬ቱ"" ካኅናተ ሰማይ",monthly,CORRECT,GZ-MEL-142:መልክዐ ካህናተ ሰማይ በግእዝ,AM-MEN-001:መንገደ ሰማይ በአማርኛ | AM-ETA-001:በሰማይ ወበምድር በአማርኛ | GZ-ETA-001:እትአመነኪ ማርያም በሰማይ ወበምድር በግእዝ | GZ-MEL-142:መልክዐ ካህናተ ሰማይ በግእዝ,"None-None, 1-21, 1-24, 2-21, 2-24, 3-21, 3-24, 4-21, 4-24, 5-21"
6-25,175,ቅዱስ አባ አቡፋና ጻድቅ,አቡፋና,annual,NO_BOOK,,,
6-25,175,ቅዱስ እንጦኒ /Anthony/ ሐዲስ ሰማዕት,እንጦኒ /Anthony/ ሐዲስ,annual,WRONG_DATE,,GZ-MEL-001:ሐዲስ መልክዐ መድኃኔዓለም በግእዝ,"1-27, 2-27, 3-27, 4-27, 5-27, 6-27, 7-27, 8-27, 9-27, 10-27"
6-25,175,ቅዱሳን ሰማዕታት -አውሳንዮስ ፊልሞናና ሉቅያ ድንግል (የቅዱስ ዻውሎስ ሐዋርያ ደቀ መዛሙርት),ሰማዕታት -አውሳንዮስ ፊልሞናና ሉቅያ ድንግል,annual,WRONG_DATE,,AM-MEL-019:መልክዐ አቡነ ሐራ ድንግል በአማርኛ | AM-MEL-065:ጸሎተ መልክዐ ሥቃዩ ለቅዱስ ጊዮርጊስ ሊቀ ሰማዕታት በአማርኛ | AM-MEL-066:ጸሎተ መልክዕ ዘቅዱስ ጊዮርጊስ ሊቀ ሰማዕታት በአማርኛ | AM-MEL-067:ጸሎተ መልክዕ ዘቅዱስ ጊዮርጊስ ሊቀ ሰማዕታት ካልዕ በአማርኛ | AM-SIB-001:ስብሐተ ፍቁር ዘቅዱስ ጊዮርጊስ ሊቀ ሰማዕታት በአማርኛ | GZ-MEL-016:መልክዐ ሊቀ ሰማዕታት ቅዱስ እስጢፋኖስ በግእዝ | GZ-MEL-017:መልክዐ ሊቀ ሰማዕታት ቅዱስ እስጢፋኖስ ካልእ በግእዝ | GZ-MEL-021:መልክዐ ሐራ ድንግል በግእዝ | AM-GDL-010:ገድለ ሰማዕታት በአማርኛ,"1-11, 1-11, 1-15, 1-15, 1-17, 1-17, 1-23, 1-23, 1-23, 1-23"
6-25,175,ቅዱስ ቶና ዲያቆንና ሰማዕት,ቶና ዲያቆንና,annual,NO_BOOK,,,
6-25,175,ቅዱስ ሚናስ ዘሃገረ ቁስ,ሚናስ ዘሃገረ ቁስ,annual,WRONG_DATE,,AM-MEL-013:መልክዐ ቅዱስ ሚናስ በአማርኛ | GZ-MEL-052:መልክዐ ቅዱስ ሚናስ በግእዝ,"1-15, 1-15, 2-15, 2-15, 3-15, 3-15, 4-15, 4-15, 5-15, 5-15"
6-25,175,ቅዱስ መርቆሬዎስ ሰማዕት,መርቆሬዎስ,monthly,CORRECT,GZ-MEL-039:መልክዐ ሰማዕት ቅዱስ መርቆሬዎስ በግእዝ | GZ-GDL-002:ገድለ ሰማዕት ቅዱስ መርቆሬዎስ በግእዝ | AM-GDL-015:ገድለ ሰማዕት ቅዱስ መርቆሬዎስ በአማርኛ,GZ-MEL-039:መልክዐ ሰማዕት ቅዱስ መርቆሬዎስ በግእዝ | GZ-MEL-076:መልክዐ አቡነ መርቆሬዎስ ዘደብረ ድማኅ በግእዝ | GZ-GDL-002:ገድለ ሰማዕት ቅዱስ መርቆሬዎስ በግእዝ | AM-GDL-015:ገድለ ሰማዕት ቅዱስ መርቆሬዎስ በአማርኛ,"1-25, 1-25, 1-25, 2-25, 2-25, 2-25, 3-25, 3-25, 3-25, 4-16"
6-25,175,ቅድስት ቴክላ ሐዋርያዊት,ቴክላ ሐዋርያዊት,monthly,NO_BOOK,,,
6-25,175,ቅዱስ አበከረዙን ሰማዕት,አበከረዙን,monthly,NO_BOOK,,,
6-25,175,ቅዱስ ዱማድዮስ ሶርያዊ,ዱማድዮስ ሶርያዊ,monthly,NO_BOOK,,,
6-25,175,አቡነ አቢብ /አባ ቡላ/,አቢብ /አባ ቡላ/,monthly,CORRECT,AM-MEL-003:መልክዐ ለአቡነ አቢብ ጻድቅ በአማርኛ | AM-MEL-059:የአቡነ አቢብ መልክዕ በአማርኛ | GZ-MEL-095:መልክዐ አቡነ አቢብ በግእዝ | AM-GDL-024:ገድለ ቅዱስ አቡነ አቢብ በአማርኛ,AM-MEL-003:መልክዐ ለአቡነ አቢብ ጻድቅ በአማርኛ | AM-MEL-059:የአቡነ አቢብ መልክዕ በአማርኛ | GZ-MEL-095:መልክዐ አቡነ አቢብ በግእዝ | AM-GDL-024:ገድለ ቅዱስ አቡነ አቢብ በአማርኛ,"1-25, 1-25, 1-25, 1-25, 2-25, 2-25, 2-25, 2-25, 3-25, 3-25"
6-26,176,ቅዱስ ሆሴዕ ነቢይ (ከ፲፪ቱ ደቂቀ ነቢያት),ሆሴዕ ነቢይ,annual,WRONG_DATE,,GZ-MEL-059:መልክዐ ቅዱስ ኤልያስ ነቢይ ሣልስ በግእዝ | AM-DRS-005:ድርሳነ ኤልያስ ነቢይ በአማርኛ,"1-6, 1-6, 2-6, 2-6, 3-6, 3-6, 4-1, 4-1, 4-6, 4-6"
6-26,176,ቅዱስ ሳዶቅ ሰማዕት,ሳዶቅ,annual,NO_BOOK,,,
6-26,176,"""፰0፰"" ሰማዕታት (ከቅ/ሳዶቅ ጋር የተሰየፉ)","""፰0፰"" ሰማዕታት",annual,WRONG_DATE,,AM-MEL-065:ጸሎተ መልክዐ ሥቃዩ ለቅዱስ ጊዮርጊስ ሊቀ ሰማዕታት በአማርኛ | AM-MEL-066:ጸሎተ መልክዕ ዘቅዱስ ጊዮርጊስ ሊቀ ሰማዕታት በአማርኛ | AM-MEL-067:ጸሎተ መልክዕ ዘቅዱስ ጊዮርጊስ ሊቀ ሰማዕታት ካልዕ በአማርኛ | AM-SIB-001:ስብሐተ ፍቁር ዘቅዱስ ጊዮርጊስ ሊቀ ሰማዕታት በአማርኛ | GZ-MEL-016:መልክዐ ሊቀ ሰማዕታት ቅዱስ እስጢፋኖስ በግእዝ | GZ-MEL-017:መልክዐ ሊቀ ሰማዕታት ቅዱስ እስጢፋኖስ ካልእ በግእዝ | AM-GDL-010:ገድለ ሰማዕታት በአማርኛ,"1-15, 1-15, 1-17, 1-17, 1-23, 1-23, 1-23, 1-23, 2-17, 2-17"
6-26,176,ቅዱስ ቶማስ ሐዋርያ,ቶማስ,monthly,WRONG_DATE,,GZ-MEL-094:መልክዐ አቡነ ቶማስ ዘዘናቁዴ በግእዝ,3-3
6-26,176,አቡነ ሐብተ ማርያም ጻድቅ,ሐብተ ማርያም,monthly,WRONG_DATE,,AM-LAH-001:ላሐ ማርያም በአማርኛ | AM-MEL-008:መልክዐ ማርያም ሣልሲት በአማርኛ | AM-MEL-009:መልክዐ ማርያም በአማርኛ | AM-MEL-017:መልክዐ ቅድስት ጸበለ ማርያም በአማርኛ | AM-MEL-064:የጽዮን ማርያም 3ኛ መልክዕ በአማርኛ | AM-RAY-001:ራዕየ ማርያም በአማርኛ | AM-WUD-002:ውዳሴ ማርያም በአማርኛ | GZ-ETA-001:እትአመነኪ ማርያም በሰማይ ወበምድር በግእዝ | GZ-LAH-001:ላሐ ማርያም በግእዝ | GZ-MEL-002:መልከዐ ማርያም ዳግሚት በግእዝ | GZ-MEL-031:መልክዐ ማርያም ሣልሲት በግእዝ | GZ-MEL-032:መልክዐ ማርያም በግእዝ | GZ-MEL-070:መልክዐ ተክለ ማርያም ዘይሰመይ መብዓ ጽዮን በግእዝ | GZ-MEL-099:መልክዐ አቡነ አብሳዲ ዘደብረ ማርያም በግእዝ | GZ-MEL-159:መልክዐ ጸበለ ማርያም ቅድስት በግእዝ | GZ-MEL-161:መልክዐ ጽዮን ማርያም ሣልስ በግእዝ | GZ-WUD-002:ውዳሴ ማርያም በግእዝ | TI-RAY-001:ራእየ ማርያም ብትግርኛ | TI-WUD-001:ውዳሴ ማርያም ብትግርኛ | AM-GDL-002:ገድለ ማርያም እንተ ዕፍረት በአማርኛ | GZ-TAM-001:ተአምረ ማርያም በግእዝ | AM-GDL-003:ገድለ ማርያም መግደላዊት በአማርኛ | GZ-MTS-001:መጽሐፈ ልደታ ለማርያም በግእዝ | AM-TAM-002:ተአምረ ማርያም በአማርኛ,"None-None, None-None, None-None, 1-1, 1-21, 1-21, 1-21, 1-21, 1-21, 1-21"
6-26,176,አቡነ ኢየሱስ ሞዐ ዘሐይቅ,ኢየሱስ ሞዐ ዘሐይቅ,monthly,CORRECT,GZ-MEL-130:መልክዐ ኢየሱስ ሞዐ በግእዝ | AM-GDL-026:ገድለ አቡነ ኢየሱስ ሞዐ በአማርኛ,AM-MEL-002:መልክአ ኢየሱስ በአማርኛ | GZ-MEL-130:መልክዐ ኢየሱስ ሞዐ በግእዝ | GZ-MEL-131:መልክዐ ኢየሱስ በግእዝ | GZ-MEL-132:መልክዐ ኢየሱስ ካልዕ በግእዝ | AM-TAM-001:ተአምረ ኢየሱስ በአማርኛ | TI-TAM-001:ተአምረ ኢየሱስ ብትግርኛ | GZ-TAM-002:ተአምረ ኢየሱስ በግእዝ | AM-GDL-026:ገድለ አቡነ ኢየሱስ ሞዐ በአማርኛ,"1-26, 1-26, 1-29, 1-29, 1-29, 1-29, 1-29, 1-29, 2-26, 2-26"
6-26,176,ቅዱሳን ሰማዕታተ ናግራን,ሰማዕታተ ናግራን,monthly,NO_BOOK,,,
6-26,176,አቡነ ሰላማ ከሣቴ ብርሃን,ሰላማ ከሣቴ ብርሃን,monthly,WRONG_DATE,,AM-KOH-001:ኆኅተ ብርሃን በአማርኛ | AM-MEL-056:የአቡነ ተከስተ ብርሃን መልክዕ በአማርኛ | GZ-KOH-001:ኆኅተ ብርሃን በግእዝ | GZ-MEL-038:መልክዐ ሰላማ በግእዝ | GZ-MEL-091:መልክዐ አቡነ ተከስተ ብርሃን በግእዝ,"None-None, None-None, 4-18, 7-10, 7-10, 11-26"
6-27,177,አባ አንስጣስዮስ ርቱዓ ሃይማኖት (ዘአንጾኪያ),አንስጣስዮስ ርቱዓ ሃይማኖት,annual,WRONG_DATE,,AM-MEL-057:የአቡነ ተክለ ሃይማኖት 2ኛ መልክዕ በአማርኛ | AM-MEL-058:የአቡነ ተክለ ሃይማኖት መልክዕ በአማርኛ | GZ-MEL-068:መልክዐ ተክለ ሃይማኖት በግእዝ | GZ-MEL-069:መልክዐ ተክለ ሃይማኖት ካልእ በግእዝ | GZ-MEL-092:መልክዐ አቡነ ተክለ ሃይማኖት በግእዝ | AM-GDL-004:ገድለ ተክለ ሃይማኖት በአማርኛ,"1-24, 1-24, 1-24, 1-24, 1-24, 1-24, 2-24, 2-24, 2-24, 2-24"
6-27,177,የጌታችንና አምላካችን መድኃኔ ዓለም ክርስቶስ በዓለ ስቅለት,የጌታችንና አምላካችን መድኃኔ ዓለም ክርስቶስ በዓለ ስቅለት,monthly,NO_BOOK,,,
6-27,177,አቡነ መብዐ ፅዮን ጻድቅ,መብዐ ፅዮን,monthly,NO_BOOK,,,
6-27,177,ቅዱስ መቃርስ (የመነኮሳት ሁሉ አለቃ),መቃርስ,monthly,NO_BOOK,,,
6-27,177,ቅዱስ ፊቅጦር ሰማዕት,ፊቅጦር,monthly,CORRECT,GZ-MEL-162:መልክዐ ፊቅጦር በግእዝ | GZ-GDL-027:ገድለ ቅዱስ ፊቅጦር በግእዝ | AM-GDL-029:ገድለ ቅዱስ ፊቅጦር በአማርኛ,GZ-MEL-162:መልክዐ ፊቅጦር በግእዝ | GZ-GDL-027:ገድለ ቅዱስ ፊቅጦር በግእዝ | AM-GDL-029:ገድለ ቅዱስ ፊቅጦር በአማርኛ,"1-27, 1-27, 1-27, 2-27, 2-27, 2-27, 3-27, 3-27, 3-27, 4-5"
6-27,177,ቅዱስ ያዕቆብ ዘግሙድ,ያዕቆብ ዘግሙድ,monthly,WRONG_DATE,,AM-MEL-022:መልክዐ አብርሃም ይሥሐቅ ያዕቆብ በአማርኛ | GZ-MEL-124:መልክዐ አብርሃም ይሥሐቅ ወያዕቆብ በግእዝ,"1-28, 1-28, 2-28, 2-28, 3-28, 3-28, 4-28, 4-28, 5-28, 5-28"
6-27,177,ቅዱስ ገላውዴዎስ ሰማዕት (ንጉሠ ኢትዮጵያ),ገላውዴዎስ ሰማዕት,monthly,WRONG_DATE,,GZ-MEL-039:መልክዐ ሰማዕት ቅዱስ መርቆሬዎስ በግእዝ | GZ-MEL-040:መልክዐ ሰማዕት ቅዱስ ቴዎድሮስ በግእዝ | GZ-MEL-041:መልክዐ ሰማዕት ቅዱስ ፋሲለደስ በግእዝ | GZ-MEL-042:መልክዐ ሰማዕት ቅድስት አርሴማ በግእዝ | GZ-MEL-043:መልክዐ ሰማዕት ቅድስት ኢየሉጣ በግእዝ | GZ-MEL-122:መልክዐ አባ ኖብ ሰማዕት በግእዝ | GZ-GDL-002:ገድለ ሰማዕት ቅዱስ መርቆሬዎስ በግእዝ | GZ-ZNA-002:ዜናሁ ለንጉሥ ገላውዴዎስ በግእዝ | AM-GDL-008:ገድለ ሰማዕት ቅድስት አርሴማ በአማርኛ | GZ-GDL-014:ገድለ ቅዱስ ጊዮርጊስ ሰማዕት በግእዝ | AM-GDL-015:ገድለ ሰማዕት ቅዱስ መርቆሬዎስ በአማርኛ | AM-GDL-018:ገድለ ቅዱስ ጊዮርጊስ ሰማዕት በአማርኛ | GZ-GDL-031:ገድለ ሰማዕት ቅዱስ ቴዎድሮስ በግእዝ | GZ-GDL-033:ገድለ ሰማዕት ቅድስት አርሴማ በግእዝ | AM-GDL-030:ገድለ ሰማዕት ቅዱስ ቴዎድሮስ በአማርኛ,"1-6, 1-6, 1-6, 1-11, 1-12, 1-12, 1-12, 1-15, 1-18, 1-20"
6-27,177,ቅዱስ ቢፋሞን ጻድቅና ሰማዕት,ቢፋሞን ጻድቅና,monthly,NO_BOOK,,,
6-28,178,ቅዱስ ቴዎድሮስ ሮማዊ (ሰማዕት),ቴዎድሮስ ሮማዊ,annual,CORRECT,GZ-MEL-040:መልክዐ ሰማዕት ቅዱስ ቴዎድሮስ በግእዝ | GZ-GDL-030:ገድለ ቅዱስ ቴዎድሮስ በግእዝ | GZ-GDL-031:ገድለ ሰማዕት ቅዱስ ቴዎድሮስ በግእዝ | AM-GDL-030:ገድለ ሰማዕት ቅዱስ ቴዎድሮስ በአማርኛ,GZ-MEL-040:መልክዐ ሰማዕት ቅዱስ ቴዎድሮስ በግእዝ | GZ-GDL-030:ገድለ ቅዱስ ቴዎድሮስ በግእዝ | GZ-GDL-031:ገድለ ሰማዕት ቅዱስ ቴዎድሮስ በግእዝ | AM-GDL-030:ገድለ ሰማዕት ቅዱስ ቴዎድሮስ በአማርኛ,"1-12, 1-12, 1-12, 1-12, 1-20, 1-20, 1-20, 1-20, 2-12, 2-12"
6-28,178,"""፮,፴፬"" ሰማዕታት (በቅ/ቴዎድሮስ አምላክ አምነው ሰማዕትነት የተቀበሉ)","""፮,፴፬"" ሰማዕታት",annual,WRONG_DATE,,AM-MEL-065:ጸሎተ መልክዐ ሥቃዩ ለቅዱስ ጊዮርጊስ ሊቀ ሰማዕታት በአማርኛ | AM-MEL-066:ጸሎተ መልክዕ ዘቅዱስ ጊዮርጊስ ሊቀ ሰማዕታት በአማርኛ | AM-MEL-067:ጸሎተ መልክዕ ዘቅዱስ ጊዮርጊስ ሊቀ ሰማዕታት ካልዕ በአማርኛ | AM-SIB-001:ስብሐተ ፍቁር ዘቅዱስ ጊዮርጊስ ሊቀ ሰማዕታት በአማርኛ | GZ-MEL-016:መልክዐ ሊቀ ሰማዕታት ቅዱስ እስጢፋኖስ በግእዝ | GZ-MEL-017:መልክዐ ሊቀ ሰማዕታት ቅዱስ እስጢፋኖስ ካልእ በግእዝ | AM-GDL-010:ገድለ ሰማዕታት በአማርኛ,"1-15, 1-15, 1-17, 1-17, 1-23, 1-23, 1-23, 1-23, 2-17, 2-17"
6-28,178,አማኑኤል ቸር አምላካችን,አማኑኤል ቸር አምላካችን,monthly,CORRECT,GZ-MEL-072:መልክዐ አማኑኤል በግእዝ,GZ-MEL-072:መልክዐ አማኑኤል በግእዝ,"1-28, 2-28, 3-28, 4-28, 5-28, 6-28, 7-28, 8-28, 9-28, 10-28"
6-28,178,ቅዱሳን አበው (አብርሃም ይስሐቅና ያዕቆብ),አበው,monthly,WRONG_DATE,,AM-ZNA-002:ዜና አበው በአማርኛ,"3-4, 5-26"
6-28,178,ቅዱስ እንድራኒቆስና ሚስቱ ቅድስት አትናስያ,እንድራኒቆስና ሚስቱ ቅድስት አትናስያ,monthly,NO_BOOK,,,
6-28,178,ቅድስት ዓመተ ክ ክርስቶስ,ዓመተ ክ ክርስቶስ,monthly,WRONG_DATE,,AM-MEL-018:መልክዐ ቅድስት ፍቅርተ ክርስቶስ በአማርኛ | AM-MEL-060:የአቡነ አባለ ክርስቶስ ጻድቅ መልክዕ በአማርኛ | AM-MIK-001:ምክሓ ምእመናን ክርስቶስ በአማርኛ | GZ-MEL-066:መልክዐ ቅድስት ፍቅርተ ክርስቶስ በግእዝ | GZ-MEL-082:መልክዐ አቡነ ሠምረ ክርስቶስ በግእዝ | GZ-MEL-096:መልክዐ አቡነ አባለ ክርስቶስ በግእዝ | GZ-MEL-136:መልክዐ እስትንፋሰ ክርስቶስ በግእዝ | GZ-MEL-143:መልክዐ ክርስቶስ ሠምራ በግእዝ | GZ-MEL-148:መልክዐ ይምርሃነ ክርስቶስ በግእዝ | GZ-MEL-153:መልክዐ ገብረ ክርስቶስ በግእዝ | GZ-MZM-001:መዝሙረ ክርስቶስ በግእዝ | GZ-MZM-002:መዝሙረ ክርስቶስ ካልዕ በግእዝ | GZ-MZM-003:መዝሙረ ክርስቶስ ዘመኃልየ መኃልይ። በግእዝ | GZ-GDL-006:ገድለ አቡነ እስትንፋስ ክርስቶስ በግእዝ | AM-GDL-005:ገድለ ቅድስት ክርስቶስ ሠምራ በአማርኛ | AM-GDL-014:የአቡነ እስትንፋሰ ክርስቶስ ገድል በአማርኛ | GZ-GDL-019:ገድለ ቅድስት ክርስቶስ ሠምራ በግእዝ | GZ-GDL-023:ገድለ አቡነ መዝራዕተ ክርስቶስ በግእዝ | TI-GDL-002:ገድሊ አቡነ እስትንፋስ ክርስቶስ ትግርኛ,"1-9, 1-9, 1-9, 1-9, 1-24, 1-24, 1-24, 1-27, 1-29, 1-29"
6-29,179,ቅድስት ፍቅርተ ክርስቶስ ኢትዮዽያዊት,ፍቅርተ ክርስቶስ ኢትዮዽያዊት,annual,CORRECT,AM-MEL-018:መልክዐ ቅድስት ፍቅርተ ክርስቶስ በአማርኛ | GZ-MEL-066:መልክዐ ቅድስት ፍቅርተ ክርስቶስ በግእዝ,AM-MEL-018:መልክዐ ቅድስት ፍቅርተ ክርስቶስ በአማርኛ | GZ-MEL-066:መልክዐ ቅድስት ፍቅርተ ክርስቶስ በግእዝ,"1-29, 1-29, 2-29, 2-29, 3-29, 3-29, 4-29, 4-29, 5-29, 5-29"
6-29,179,ቅዱስ ዘርዐ ክርስቶስ (ጻድቅና ሰማዕት),ዘርዐ ክርስቶስ,annual,CORRECT,AM-MEL-018:መልክዐ ቅድስት ፍቅርተ ክርስቶስ በአማርኛ | GZ-MEL-066:መልክዐ ቅድስት ፍቅርተ ክርስቶስ በግእዝ | GZ-MZM-001:መዝሙረ ክርስቶስ በግእዝ | GZ-MZM-002:መዝሙረ ክርስቶስ ካልዕ በግእዝ | GZ-MZM-003:መዝሙረ ክርስቶስ ዘመኃልየ መኃልይ። በግእዝ,AM-MEL-018:መልክዐ ቅድስት ፍቅርተ ክርስቶስ በአማርኛ | AM-MEL-060:የአቡነ አባለ ክርስቶስ ጻድቅ መልክዕ በአማርኛ | AM-MEL-061:የአቡነ ዘርዐ ቡሩክ መልክዕ በአማርኛ | AM-MIK-001:ምክሓ ምእመናን ክርስቶስ በአማርኛ | GZ-MEL-066:መልክዐ ቅድስት ፍቅርተ ክርስቶስ በግእዝ | GZ-MEL-082:መልክዐ አቡነ ሠምረ ክርስቶስ በግእዝ | GZ-MEL-096:መልክዐ አቡነ አባለ ክርስቶስ በግእዝ | GZ-MEL-105:መልክዐ አቡነ ዘርዐ ቡሩክ በግእዝ | GZ-MEL-136:መልክዐ እስትንፋሰ ክርስቶስ በግእዝ | GZ-MEL-143:መልክዐ ክርስቶስ ሠምራ በግእዝ | GZ-MEL-148:መልክዐ ይምርሃነ ክርስቶስ በግእዝ | GZ-MEL-153:መልክዐ ገብረ ክርስቶስ በግእዝ | GZ-MZM-001:መዝሙረ ክርስቶስ በግእዝ | GZ-MZM-002:መዝሙረ ክርስቶስ ካልዕ በግእዝ | GZ-MZM-003:መዝሙረ ክርስቶስ ዘመኃልየ መኃልይ። በግእዝ | GZ-GDL-004:ገድለ አቡነ ዘርዐ ቡሩከ በግእዝ | GZ-GDL-006:ገድለ አቡነ እስትንፋስ ክርስቶስ በግእዝ | AM-GDL-005:ገድለ ቅድስት ክርስቶስ ሠምራ በአማርኛ | AM-GDL-012:ገድለ አቡነ ዘርዐ ቡሩከ በአማርኛ | AM-GDL-014:የአቡነ እስትንፋሰ ክርስቶስ ገድል በአማርኛ | GZ-GDL-013:ገድለ ዘርዐ አብርሃም በግእዝ | GZ-GDL-019:ገድለ ቅድስት ክርስቶስ ሠምራ በግእዝ | GZ-GDL-023:ገድለ አቡነ መዝራዕተ ክርስቶስ በግእዝ | TI-GDL-002:ገድሊ አቡነ እስትንፋስ ክርስቶስ ትግርኛ,"1-9, 1-9, 1-9, 1-9, 1-13, 1-13, 1-13, 1-13, 1-24, 1-24"
6-29,179,ቅዱሱ ሕፃን (የፍቅርተ ክርስቶስ ልጅ),ቅዱሱ ሕፃን,annual,WRONG_DATE,,GZ-MEL-025:መልክዐ ሕፃን ሞዐ በግእዝ,11-25
6-29,179,ቅዱስ ቢላካርዮስ ዘሃገረ አርሞኒ (አረጋዊ ደራሲ ጻድቅና ሰማዕት),ቢላካርዮስ ዘሃገረ አርሞኒ,annual,NO_BOOK,,,
6-29,179,የፈጣሪያችንና ጌታችን ኢየሱስ ክርስቶስ በዓለ ልደት,የፈጣሪያችንና ጌታችን ኢየሱስ ክርስቶስ በዓለ ልደት,monthly,NO_BOOK,,,
6-29,179,ቅድስት አርሴማ ድንግል,አርሴማ ድንግል,monthly,WRONG_DATE,,AM-MEL-019:መልክዐ አቡነ ሐራ ድንግል በአማርኛ | GZ-MEL-021:መልክዐ ሐራ ድንግል በግእዝ | GZ-MEL-042:መልክዐ ሰማዕት ቅድስት አርሴማ በግእዝ | AM-GDL-008:ገድለ ሰማዕት ቅድስት አርሴማ በአማርኛ | GZ-GDL-033:ገድለ ሰማዕት ቅድስት አርሴማ በግእዝ,"1-6, 1-6, 1-6, 1-11, 1-11, 1-29, 1-29, 1-29, 2-6, 2-6"
6-29,179,ቅዱስ ዼጥሮስ ተፍጻሜተ ሰማዕት,ዼጥሮስ ተፍጻሜተ,monthly,NO_BOOK,,,
6-29,179,ቅዱስ ማርቆስ ዘቶርማቅ,ማርቆስ ዘቶርማቅ,monthly,WRONG_DATE,,AM-MEL-042:የቅዱስ ማርቆስ 2ኛ መልክዕ በአማርኛ | AM-MEL-062:የአቡነ ዜና ማርቆስ መልክዕ በአማርኛ | GZ-MEL-030:መልክዐ ማርቆስ በግእዝ | GZ-MEL-053:መልክዐ ቅዱስ ማርቆስ ካልእ በግእዝ | GZ-MEL-106:መልክዐ አቡነ ዜና ማርቆስ በግእዝ,"1-3, 1-3, 1-30, 1-30, 1-30, 2-3, 2-3, 2-30, 2-30, 2-30"
6-30,180,ቅዱስ ዮሐንስ መጥምቀ መለኮት,ዮሐንስ መጥምቀ መለኮት,annual,CORRECT,AM-MEL-048:የቅዱስ ዮሐንስ መጥምቅ መልክዕ በአማርኛ | GZ-MEL-060:መልክዐ ቅዱስ ዮሐንስ መጥምቅ በግእዝ,AM-MEL-016:መልክዐ ቅዱስ ዮሐንስ ወንጌላዊ በአማርኛ | AM-MEL-020:መልክዐ አቡነ ዕጨጌ ዮሐንስ በአማርኛ | AM-MEL-021:መልክዐ አቡነ ዮሐንስ ጻድቅ በአማርኛ | AM-MEL-047:የቅዱስ ዮሐንስ 2ኛ መልክዕ በአማርኛ | AM-MEL-048:የቅዱስ ዮሐንስ መጥምቅ መልክዕ በአማርኛ | AM-SEY-001:ሰይፈ መለኮት በአማርኛ | GZ-MEL-060:መልክዐ ቅዱስ ዮሐንስ መጥምቅ በግእዝ | GZ-MEL-061:መልክዐ ቅዱስ ዮሐንስ ካልእ በግእዝ | GZ-MEL-062:መልክዐ ቅዱስ ዮሐንስ ወንጌላዊ በግእዝ | GZ-MEL-104:መልክዐ አቡነ ዕጨጌ ዮሐንስ በግእዝ | GZ-MEL-109:መልክዐ አቡነ ዮሐንስ ከማ በግእዝ | GZ-MEL-110:መልክዐ አቡነ ዮሐንስ ዘድብረ ዳጋ በግእዝ | GZ-MEL-149:መልክዐ ዮሐንስ ወልደ ነጎድጓድ በግእዝ | GZ-MEL-150:መልክዐ ዮሐንስ ፍቁረ እግዚእ በግእዝ | GZ-SEY-001:ሰይፈ መለኮት በግእዝ | AM-GDL-013:የቅዱስ ዮሐንስ ገድል በአማርኛ | GZ-GDL-018:ገድለ አቡነ ዮሐንስ በግእዝ | AM-GDL-027:ገድለ አቡነ እጨጌ ዮሐንስ ዘጸገሮ በአማርኛ,"None-None, None-None, 1-1, 1-1, 1-2, 1-2, 1-4, 1-4, 1-4, 1-4"
6-30,180,ቅዱስ ማርቆስ ዘአንበሳ (ሐዋርያ),ማርቆስ ዘአንበሳ,monthly,CORRECT,AM-MEL-042:የቅዱስ ማርቆስ 2ኛ መልክዕ በአማርኛ | GZ-MEL-030:መልክዐ ማርቆስ በግእዝ | GZ-MEL-053:መልክዐ ቅዱስ ማርቆስ ካልእ በግእዝ,AM-MEL-042:የቅዱስ ማርቆስ 2ኛ መልክዕ በአማርኛ | AM-MEL-062:የአቡነ ዜና ማርቆስ መልክዕ በአማርኛ | GZ-MEL-030:መልክዐ ማርቆስ በግእዝ | GZ-MEL-053:መልክዐ ቅዱስ ማርቆስ ካልእ በግእዝ | GZ-MEL-106:መልክዐ አቡነ ዜና ማርቆስ በግእዝ,"1-3, 1-3, 1-30, 1-30, 1-30, 2-3, 2-3, 2-30, 2-30, 2-30"
6-30,180,አባ ሣሉሲ ክቡር,ሣሉሲ ክቡር,monthly,NO_BOOK,,,
6-30,180,ቅዱስ ጐርጐርዮስ ነባቤ መለኮት,ጐርጐርዮስ ነባቤ መለኮት,monthly,WRONG_DATE,,AM-SEY-001:ሰይፈ መለኮት በአማርኛ | GZ-SEY-001:ሰይፈ መለኮት በግእዝ,"None-None, None-None"
6-30,180,ቅድስት ሶፍያ ሰማዕት,ሶፍያ,monthly,NO_BOOK,,,
7-1,181,አባታችን ማቱሣላ (በ፱፮፱ ዓመቱ ያረፈበት),አባታችን ማቱሣላ,annual,WRONG_DATE,,AM-MEL-063:የአባታችን አብርሃም መልክዕ በአማርኛ,"11-7, 12-28"
7-1,181,ቅዱስ በርኪሶስ ዘኢየሩሳሌም,በርኪሶስ ዘኢየሩሳሌም,annual,NO_BOOK,,,
7-1,181,ቅዱስ እለእስክንድሮስ,እለእስክንድሮስ,annual,NO_BOOK,,,
7-1,181,ቅዱስ መርቆሬዎስ,መርቆሬዎስ,annual,WRONG_DATE,,GZ-MEL-039:መልክዐ ሰማዕት ቅዱስ መርቆሬዎስ በግእዝ | GZ-MEL-076:መልክዐ አቡነ መርቆሬዎስ ዘደብረ ድማኅ በግእዝ | GZ-GDL-002:ገድለ ሰማዕት ቅዱስ መርቆሬዎስ በግእዝ | AM-GDL-015:ገድለ ሰማዕት ቅዱስ መርቆሬዎስ በአማርኛ,"1-25, 1-25, 1-25, 2-25, 2-25, 2-25, 3-25, 3-25, 3-25, 4-16"
7-1,181,አባ ሚካኤል ዘሀገረ አትሪብና አባ ዮሐንስ ዘሀገረ ቡርልስ (፪ቱ አባቶች ሃይማኖተ አበውን ግፃዌንና ስንክሳርን ያዘጋጁ ናቸው),ሚካኤል ዘሀገረ አትሪብና አባ ዮሐንስ ዘሀገረ ቡርልስ,annual,WRONG_DATE,,AM-MEL-006:መልክዐ ሚካኤል በአማርኛ | AM-MEL-041:የቅዱስ ሚካኤል 3ኛ መልክዕ በአማርኛ | GZ-MEL-004:መልክዐ ሊቀ መላእክት ቅዱስ ሚካኤል ሣልስ በግእዝ | GZ-MEL-005:መልክዐ ሊቀ መላእክት ቅዱስ ሚካኤል ካልዕ በግእዝ | GZ-MEL-083:መልክዐ አቡነ ሰይፈ ሚካኤል በግእዝ | GZ-MEL-121:መልክዐ አባ በጸሎተ ሚካኤል በግእዝ | GZ-MEL-165:መልክዐ ሊቀ መላእክት ቅዱስ ሚካኤል ካልዕ በግእ | AM-GDL-011:ገድለ አቡነ በጸሎተ ሚካኤል በአማርኛ | GZ-GDL-015:ገድለ አቡነ በጸሎተ ሚካኤል በግእዝ | GZ-DRS-008:ድርሳነ ሚካኤል በግእዝ | AM-DRS-009:ድርሳነ ሚካኤል በአማርኛ | GZ-GDL-034:ገድለ አቡነ ፍሬ ሚካኤል በግእዝ,"1-9, 1-9, 1-9, 1-9, 1-9, 1-9, 1-9, 1-12, 1-12, 1-12"
7-1,181,ልደታ ለማርያም ድንግል እግዝእትነ,ልደታ ለማርያም ድንግል እግዝእትነ,monthly,CORRECT,GZ-MEL-020:መልክዐ ልደታ በግእዝ | GZ-MTS-001:መጽሐፈ ልደታ ለማርያም በግእዝ,GZ-MEL-020:መልክዐ ልደታ በግእዝ | GZ-MTS-001:መጽሐፈ ልደታ ለማርያም በግእዝ,"1-1, 1-1, 2-1, 2-1, 3-1, 3-1, 4-1, 4-1, 5-1, 5-1"
7-1,181,ቅዱሳን ኢያቄም ወሐና,ኢያቄም ወሐና,monthly,CORRECT,GZ-MEL-133:መልክዐ ኢያቄም በግእዝ | AM-DRS-001:የቅዱስ ኢያቄምና- የቅድስት ሐና ድርሳን በአማርኛ | GZ-DRS-007:ድርሳን ዘቅዱስ ኢያቄም ወቅድስት ሐና በግእዝ,GZ-MEL-133:መልክዐ ኢያቄም በግእዝ | AM-DRS-001:የቅዱስ ኢያቄምና- የቅድስት ሐና ድርሳን በአማርኛ | GZ-DRS-007:ድርሳን ዘቅዱስ ኢያቄም ወቅድስት ሐና በግእዝ,"1-1, 1-1, 1-1, 1-3, 1-3, 1-3, 1-7, 1-7, 1-7, 1-11"
7-1,181,ቅዱስ ራጉኤል ሊቀ መላዕክት,ራጉኤል ሊቀ መላዕክት,monthly,CORRECT,AM-MEL-014:መልክዐ ቅዱስ ራጉኤል በአማርኛ | GZ-MEL-007:መልክዐ ሊቀ መላእክት ቅዱስ ራጉኤል በግእዝ | GZ-DRS-003:ድርሳነ ቅዱስ ራጉኤል በግእዝ | AM-DRS-010:ድርሳነ ቅዱስ ራጉኤል በአማርኛ,AM-MEL-014:መልክዐ ቅዱስ ራጉኤል በአማርኛ | GZ-MEL-007:መልክዐ ሊቀ መላእክት ቅዱስ ራጉኤል በግእዝ | GZ-DRS-003:ድርሳነ ቅዱስ ራጉኤል በግእዝ | AM-DRS-010:ድርሳነ ቅዱስ ራጉኤል በአማርኛ,"1-1, 1-1, 1-1, 1-1, 2-1, 2-1, 2-1, 2-1, 3-1, 3-1"
7-1,181,ቅዱስ በርተሎሜዎስ ሐዋርያ,በርተሎሜዎስ,monthly,NO_BOOK,,,
7-1,181,ቅዱስ ሚልኪ ትሩፈ ምግባር,ሚልኪ ትሩፈ ምግባር,monthly,NO_BOOK,,,
7-2,182,ቅዱስ ጎርጎርዮስ ረዓዬ ኅቡዓት (ዘሃገረ ሮሀ),ጎርጎርዮስ ረዓዬ ኅቡዓት,annual,NO_BOOK,,,
7-2,182,አቡነ መክፈልተ ማርያም ጻድቅ (ኢትዮዽያዊ),መክፈልተ ማርያም ጻድቅ,annual,WRONG_DATE,,AM-MEL-003:መልክዐ ለአቡነ አቢብ ጻድቅ በአማርኛ | AM-MEL-021:መልክዐ አቡነ ዮሐንስ ጻድቅ በአማርኛ | AM-MEL-060:የአቡነ አባለ ክርስቶስ ጻድቅ መልክዕ በአማርኛ,"1-16, 1-25, 2-16, 2-25, 3-16, 3-25, 4-16, 4-19, 4-25, 5-16"
7-2,182,አባ መከራዊ ዘሀገረ ኒቅዮስ (አረጋዊ ጻድቅ ዻዻስና ሰማዕት),መከራዊ ዘሀገረ ኒቅዮስ,annual,NO_BOOK,,,
7-2,182,ቅዱስ ዮሐንስ መጥምቀ መለኮት,ዮሐንስ መጥምቀ መለኮት,monthly,CORRECT,AM-MEL-048:የቅዱስ ዮሐንስ መጥምቅ መልክዕ በአማርኛ | GZ-MEL-060:መልክዐ ቅዱስ ዮሐንስ መጥምቅ በግእዝ,AM-MEL-016:መልክዐ ቅዱስ ዮሐንስ ወንጌላዊ በአማርኛ | AM-MEL-020:መልክዐ አቡነ ዕጨጌ ዮሐንስ በአማርኛ | AM-MEL-021:መልክዐ አቡነ ዮሐንስ ጻድቅ በአማርኛ | AM-MEL-047:የቅዱስ ዮሐንስ 2ኛ መልክዕ በአማርኛ | AM-MEL-048:የቅዱስ ዮሐንስ መጥምቅ መልክዕ በአማርኛ | AM-SEY-001:ሰይፈ መለኮት በአማርኛ | GZ-MEL-060:መልክዐ ቅዱስ ዮሐንስ መጥምቅ በግእዝ | GZ-MEL-061:መልክዐ ቅዱስ ዮሐንስ ካልእ በግእዝ | GZ-MEL-062:መልክዐ ቅዱስ ዮሐንስ ወንጌላዊ በግእዝ | GZ-MEL-104:መልክዐ አቡነ ዕጨጌ ዮሐንስ በግእዝ | GZ-MEL-109:መልክዐ አቡነ ዮሐንስ ከማ በግእዝ | GZ-MEL-110:መልክዐ አቡነ ዮሐንስ ዘድብረ ዳጋ በግእዝ | GZ-MEL-149:መልክዐ ዮሐንስ ወልደ ነጎድጓድ በግእዝ | GZ-MEL-150:መልክዐ ዮሐንስ ፍቁረ እግዚእ በግእዝ | GZ-SEY-001:ሰይፈ መለኮት በግእዝ | AM-GDL-013:የቅዱስ ዮሐንስ ገድል በአማርኛ | GZ-GDL-018:ገድለ አቡነ ዮሐንስ በግእዝ | AM-GDL-027:ገድለ አቡነ እጨጌ ዮሐንስ ዘጸገሮ በአማርኛ,"None-None, None-None, 1-1, 1-1, 1-2, 1-2, 1-4, 1-4, 1-4, 1-4"
7-2,182,ቅዱስ ታዴዎስ ሐዋርያ,ታዴዎስ,monthly,CORRECT,AM-MEL-033:የሐዋርያው የቅዱስ ታዴዎስ መልክዕ በአማርኛ | GZ-MEL-055:መልክዐ ቅዱስ ታዴዎስ በግእዝ,AM-MEL-033:የሐዋርያው የቅዱስ ታዴዎስ መልክዕ በአማርኛ | GZ-MEL-055:መልክዐ ቅዱስ ታዴዎስ በግእዝ,"1-2, 1-2, 2-2, 2-2, 3-2, 3-2, 4-2, 4-2, 5-2, 5-2"
7-2,182,ቅዱስ ዕዮብ ጻድቅ ተአጋሲ,ዕዮብ ጻድቅ ተአጋሲ,monthly,NO_BOOK,,,
7-2,182,ቅዱስ አቤል ጻድቅ,አቤል,monthly,NO_BOOK,,,
7-2,182,ቅዱስ አባ ዻውሊ ገዳማዊ (ታላቁ),ዻውሊ ገዳማዊ,monthly,NO_BOOK,,,
7-2,182,ቅዱስ ሳዊሮስ ዘአንጾኪያ,ሳዊሮስ ዘአንጾኪያ,monthly,NO_BOOK,,,
7-2,182,አባ ሕርያቆስ ዘሀገረ ብሕንሳ,ሕርያቆስ ዘሀገረ ብሕንሳ,monthly,NO_BOOK,,,
7-3,183,ቅዱስ አባ ቆዝሞስ (የእስክንድርያ ሊቀ ዻዻሳት),ቆዝሞስ,annual,NO_BOOK,,,
7-3,183,አባ በርፎንዮስ ክቡር,በርፎንዮስ ክቡር,annual,NO_BOOK,,,
7-3,183,በዓታ ለእግዝእትነ ማርያም ድንግል ወላዲተ አምላክ,በዓታ ለእግዝእትነ ማርያም ድንግል ወላዲተ አምላክ,monthly,WRONG_DATE,,AM-WUD-003:ውዳሴ አምላክ በአማርኛ | GZ-MEL-088:መልክዐ አቡነ ቡሩከ አምላክ ዘደብረ ኮል በግእዝ | GZ-MEL-089:መልክዐ አቡነ ብፁዓ አምላክ ዘደብረ ምዕዋን ወዘደብረ ኰዳዱ በግእዝ | TI-WUD-002:ውዳሴ አምላክ ብትግርኛ,"None-None, None-None, 4-1, 9-9, 12-14"
7-3,183,ቅዱሳን ኢያቄም ወሐና,ኢያቄም ወሐና,monthly,CORRECT,GZ-MEL-133:መልክዐ ኢያቄም በግእዝ | AM-DRS-001:የቅዱስ ኢያቄምና- የቅድስት ሐና ድርሳን በአማርኛ | GZ-DRS-007:ድርሳን ዘቅዱስ ኢያቄም ወቅድስት ሐና በግእዝ,GZ-MEL-133:መልክዐ ኢያቄም በግእዝ | AM-DRS-001:የቅዱስ ኢያቄምና- የቅድስት ሐና ድርሳን በአማርኛ | GZ-DRS-007:ድርሳን ዘቅዱስ ኢያቄም ወቅድስት ሐና በግእዝ,"1-1, 1-1, 1-1, 1-3, 1-3, 1-3, 1-7, 1-7, 1-7, 1-11"
7-3,183,ቅዱሳን ሊቃነ ካህናት አበው (ዘካርያስና ስምዖን),ሊቃነ ካህናት አበው,monthly,WRONG_DATE,,AM-DIR-001:የሰባቱ ሊቃነ መላእክት ድርሳን በአማርኛ | AM-ZNA-002:ዜና አበው በአማርኛ,"1-13, 2-13, 3-4, 3-13, 4-13, 5-13, 5-26, 6-13, 7-13, 8-13"
7-3,183,አባ ሊባኖስ ዘመጣዕ,ሊባኖስ ዘመጣዕ,monthly,CORRECT,AM-MEL-053:የአቡነ ሊባኖስ 2ኛ መልክዕ በአማርኛ | GZ-MEL-018:መልክዐ ሊባኖስ በግእዝ | GZ-MEL-074:መልክዐ አቡነ ሊባኖስ ካልእ በግእዝ,AM-MEL-053:የአቡነ ሊባኖስ 2ኛ መልክዕ በአማርኛ | GZ-MEL-018:መልክዐ ሊባኖስ በግእዝ | GZ-MEL-074:መልክዐ አቡነ ሊባኖስ ካልእ በግእዝ | GZ-GDL-001:ገድለ አቡነ ፊልጶስ ዘደብረ ሊባኖስ በግእዝ,"1-3, 1-3, 1-3, 2-3, 2-3, 2-3, 3-3, 3-3, 3-3, 4-3"
7-3,183,አቡነ ዜና ማርቆስ,ዜና ማርቆስ,monthly,CORRECT,AM-MEL-062:የአቡነ ዜና ማርቆስ መልክዕ በአማርኛ | GZ-MEL-106:መልክዐ አቡነ ዜና ማርቆስ በግእዝ,AM-MEL-062:የአቡነ ዜና ማርቆስ መልክዕ በአማርኛ | GZ-MEL-106:መልክዐ አቡነ ዜና ማርቆስ በግእዝ,"1-3, 1-3, 2-3, 2-3, 3-3, 3-3, 4-3, 4-3, 5-3, 5-3"
7-3,183,አቡነ መድኃኒነ እግዚእ ዘደብረ በንኮል,መድኃኒነ እግዚእ ዘደብረ በንኮል,monthly,CORRECT,GZ-MEL-078:መልክዐ አቡነ መድኃኒነ እግዚእ በግእዝ,GZ-MEL-078:መልክዐ አቡነ መድኃኒነ እግዚእ በግእዝ,"1-3, 2-3, 3-3, 4-3, 5-3, 6-3, 7-3, 8-3, 9-3, 10-3"
7-4,184,የቅዱሳን ሊቃውንት ጉባዔ (አሞር ደሴት ውስጥ),የቅዱሳን ሊቃውንት ጉባዔ,annual,WRONG_DATE,,AM-MEL-037:የቅዱሳን ሠለስቱ ደቂቅ መልክዕ በአማርኛ | AM-MEL-038:የቅዱሳን አእላፍ መላእክት 2ኛ መልክዕ በአማርኛ,"1-13, 2-13, 3-13, 4-2, 4-13, 4-19, 5-13, 6-13, 7-13, 8-13"
7-4,184,ቅዱስ ሐኑልዮስ መኮንን (ሰማዕት),ሐኑልዮስ መኮንን,annual,NO_BOOK,,,
7-4,184,ቅዱስ ዮሐንስ ወልደ ነጎድጉዋድ (ወንጌላዊው),ዮሐንስ ወልደ ነጎድጉዋድ,monthly,CORRECT,AM-MEL-016:መልክዐ ቅዱስ ዮሐንስ ወንጌላዊ በአማርኛ | AM-MEL-047:የቅዱስ ዮሐንስ 2ኛ መልክዕ በአማርኛ | GZ-MEL-061:መልክዐ ቅዱስ ዮሐንስ ካልእ በግእዝ | GZ-MEL-062:መልክዐ ቅዱስ ዮሐንስ ወንጌላዊ በግእዝ | GZ-MEL-149:መልክዐ ዮሐንስ ወልደ ነጎድጓድ በግእዝ | GZ-MEL-150:መልክዐ ዮሐንስ ፍቁረ እግዚእ በግእዝ | AM-GDL-013:የቅዱስ ዮሐንስ ገድል በአማርኛ,AM-MEL-016:መልክዐ ቅዱስ ዮሐንስ ወንጌላዊ በአማርኛ | AM-MEL-020:መልክዐ አቡነ ዕጨጌ ዮሐንስ በአማርኛ | AM-MEL-021:መልክዐ አቡነ ዮሐንስ ጻድቅ በአማርኛ | AM-MEL-047:የቅዱስ ዮሐንስ 2ኛ መልክዕ በአማርኛ | AM-MEL-048:የቅዱስ ዮሐንስ መጥምቅ መልክዕ በአማርኛ | GZ-MEL-060:መልክዐ ቅዱስ ዮሐንስ መጥምቅ በግእዝ | GZ-MEL-061:መልክዐ ቅዱስ ዮሐንስ ካልእ በግእዝ | GZ-MEL-062:መልክዐ ቅዱስ ዮሐንስ ወንጌላዊ በግእዝ | GZ-MEL-104:መልክዐ አቡነ ዕጨጌ ዮሐንስ በግእዝ | GZ-MEL-109:መልክዐ አቡነ ዮሐንስ ከማ በግእዝ | GZ-MEL-110:መልክዐ አቡነ ዮሐንስ ዘድብረ ዳጋ በግእዝ | GZ-MEL-149:መልክዐ ዮሐንስ ወልደ ነጎድጓድ በግእዝ | GZ-MEL-150:መልክዐ ዮሐንስ ፍቁረ እግዚእ በግእዝ | AM-GDL-013:የቅዱስ ዮሐንስ ገድል በአማርኛ | GZ-GDL-018:ገድለ አቡነ ዮሐንስ በግእዝ | AM-GDL-027:ገድለ አቡነ እጨጌ ዮሐንስ ዘጸገሮ በአማርኛ,"1-1, 1-1, 1-2, 1-2, 1-4, 1-4, 1-4, 1-4, 1-4, 1-4"
7-4,184,ቅዱስ እንድርያስ ሐዋርያ,እንድርያስ,monthly,CORRECT,AM-MEL-046:የቅዱስ እንድርያስ ሐዋርያ መልክዕ በአማርኛ | GZ-MEL-137:መልክዐ እንድርያስ ሐዋርያ በግእዝ,AM-MEL-046:የቅዱስ እንድርያስ ሐዋርያ መልክዕ በአማርኛ | GZ-MEL-102:መልክዐ አቡነ እንድርያስ ዘደብረ ስኂን (ፅፉን) በግእዝ | GZ-MEL-103:መልክዐ አቡነ እንድርያስ ዘደብረ ጽጌ በግእዝ | GZ-MEL-137:መልክዐ እንድርያስ ሐዋርያ በግእዝ,"1-4, 1-4, 2-4, 2-4, 3-4, 3-4, 4-4, 4-4, 5-4, 5-4"
7-4,184,ቅድስት ሶፍያ ሰማዕት,ሶፍያ,monthly,NO_BOOK,,,
7-4,184,ቅዱስ ዮሐንስ ዘሐራቅሊ (ሰማዕት),ዮሐንስ ዘሐራቅሊ,monthly,CORRECT,AM-MEL-016:መልክዐ ቅዱስ ዮሐንስ ወንጌላዊ በአማርኛ | AM-MEL-047:የቅዱስ ዮሐንስ 2ኛ መልክዕ በአማርኛ | GZ-MEL-061:መልክዐ ቅዱስ ዮሐንስ ካልእ በግእዝ | GZ-MEL-062:መልክዐ ቅዱስ ዮሐንስ ወንጌላዊ በግእዝ | GZ-MEL-149:መልክዐ ዮሐንስ ወልደ ነጎድጓድ በግእዝ | GZ-MEL-150:መልክዐ ዮሐንስ ፍቁረ እግዚእ በግእዝ | AM-GDL-013:የቅዱስ ዮሐንስ ገድል በአማርኛ,AM-MEL-016:መልክዐ ቅዱስ ዮሐንስ ወንጌላዊ በአማርኛ | AM-MEL-020:መልክዐ አቡነ ዕጨጌ ዮሐንስ በአማርኛ | AM-MEL-021:መልክዐ አቡነ ዮሐንስ ጻድቅ በአማርኛ | AM-MEL-047:የቅዱስ ዮሐንስ 2ኛ መልክዕ በአማርኛ | AM-MEL-048:የቅዱስ ዮሐንስ መጥምቅ መልክዕ በአማርኛ | GZ-MEL-060:መልክዐ ቅዱስ ዮሐንስ መጥምቅ በግእዝ | GZ-MEL-061:መልክዐ ቅዱስ ዮሐንስ ካልእ በግእዝ | GZ-MEL-062:መልክዐ ቅዱስ ዮሐንስ ወንጌላዊ በግእዝ | GZ-MEL-104:መልክዐ አቡነ ዕጨጌ ዮሐንስ በግእዝ | GZ-MEL-109:መልክዐ አቡነ ዮሐንስ ከማ በግእዝ | GZ-MEL-110:መልክዐ አቡነ ዮሐንስ ዘድብረ ዳጋ በግእዝ | GZ-MEL-149:መልክዐ ዮሐንስ ወልደ ነጎድጓድ በግእዝ | GZ-MEL-150:መልክዐ ዮሐንስ ፍቁረ እግዚእ በግእዝ | AM-GDL-013:የቅዱስ ዮሐንስ ገድል በአማርኛ | GZ-GDL-018:ገድለ አቡነ ዮሐንስ በግእዝ | AM-GDL-027:ገድለ አቡነ እጨጌ ዮሐንስ ዘጸገሮ በአማርኛ,"1-1, 1-1, 1-2, 1-2, 1-4, 1-4, 1-4, 1-4, 1-4, 1-4"
7-5,185,አቡነ ገብረ መንፈስ ቅዱስ ጻድቅ (አባ ገብረ ሕይወት),ገብረ መንፈስ ቅዱስ ጻድቅ,annual,CORRECT,GZ-MEL-151:መልክዐ ገብረ መንፈስ ቅዱስ በግእዝ | GZ-MEL-152:መልክዐ ገብረ መንፈስ ቅዱስ ካልዕ በግእዝ | AM-GDL-007:ገድለ አቡነ ገብረ መንፈስ ቅዱስ በአማርኛ,AM-MEL-003:መልክዐ ለአቡነ አቢብ ጻድቅ በአማርኛ | AM-MEL-021:መልክዐ አቡነ ዮሐንስ ጻድቅ በአማርኛ | AM-MEL-060:የአቡነ አባለ ክርስቶስ ጻድቅ መልክዕ በአማርኛ | GZ-MEL-151:መልክዐ ገብረ መንፈስ ቅዱስ በግእዝ | GZ-MEL-152:መልክዐ ገብረ መንፈስ ቅዱስ ካልዕ በግእዝ | GZ-MEL-153:መልክዐ ገብረ ክርስቶስ በግእዝ | AM-GDL-007:ገድለ አቡነ ገብረ መንፈስ ቅዱስ በአማርኛ,"1-5, 1-5, 1-5, 1-16, 1-25, 2-5, 2-5, 2-5, 2-14, 2-16"
7-5,185,ቅዱስ አባ ሰረባሞን (በምድረ ግብፅ ምንኩስናን ካስፋፉ ታላላቅ ቅዱሳን አንዱ),ሰረባሞን,annual,NO_BOOK,,,
7-5,185,አባ ግርማኖስ ጻድቅ (ሶርያዊ),ግርማኖስ ጻድቅ,annual,WRONG_DATE,,AM-MEL-003:መልክዐ ለአቡነ አቢብ ጻድቅ በአማርኛ | AM-MEL-021:መልክዐ አቡነ ዮሐንስ ጻድቅ በአማርኛ | AM-MEL-060:የአቡነ አባለ ክርስቶስ ጻድቅ መልክዕ በአማርኛ,"1-16, 1-25, 2-16, 2-25, 3-16, 3-25, 4-16, 4-19, 4-25, 5-16"
7-5,185,ቅድስት አውዶክስያ ሰማዕት (ከከፋ የኃጢአት ሕይወት ተመልሳ ለቅድስና የበቃች እናት),አውዶክስያ ሰማዕት,annual,WRONG_DATE,,GZ-MEL-039:መልክዐ ሰማዕት ቅዱስ መርቆሬዎስ በግእዝ | GZ-MEL-040:መልክዐ ሰማዕት ቅዱስ ቴዎድሮስ በግእዝ | GZ-MEL-041:መልክዐ ሰማዕት ቅዱስ ፋሲለደስ በግእዝ | GZ-MEL-042:መልክዐ ሰማዕት ቅድስት አርሴማ በግእዝ | GZ-MEL-043:መልክዐ ሰማዕት ቅድስት ኢየሉጣ በግእዝ | GZ-MEL-122:መልክዐ አባ ኖብ ሰማዕት በግእዝ | GZ-GDL-002:ገድለ ሰማዕት ቅዱስ መርቆሬዎስ በግእዝ | AM-GDL-008:ገድለ ሰማዕት ቅድስት አርሴማ በአማርኛ | GZ-GDL-014:ገድለ ቅዱስ ጊዮርጊስ ሰማዕት በግእዝ | AM-GDL-015:ገድለ ሰማዕት ቅዱስ መርቆሬዎስ በአማርኛ | AM-GDL-018:ገድለ ቅዱስ ጊዮርጊስ ሰማዕት በአማርኛ | GZ-GDL-031:ገድለ ሰማዕት ቅዱስ ቴዎድሮስ በግእዝ | GZ-GDL-033:ገድለ ሰማዕት ቅድስት አርሴማ በግእዝ | AM-GDL-030:ገድለ ሰማዕት ቅዱስ ቴዎድሮስ በአማርኛ,"1-6, 1-6, 1-6, 1-11, 1-12, 1-12, 1-12, 1-15, 1-18, 1-20"
7-5,185,ቅዱሳን ስምዖንና ሚስቱ አቅሌስያ (የአቡነ ገብረ መንፈስ ቅዱስ ወላጆች),ስምዖንና ሚስቱ አቅሌስያ,annual,NO_BOOK,,,
7-5,185,ቅዱስ ዼጥሮስ ሊቀ ሐዋርያት,ዼጥሮስ ሊቀ ሐዋርያት,monthly,WRONG_DATE,,GZ-MEL-023:መልክዐ ሐዋርያት በግእዝ | GZ-GDL-017:ገድለ አቡነ ተክለ ሐዋርያት በግእዝ | GZ-GDL-032:መጽሐፈ ገድለ ቅዱሳን ሐዋርያት በግእዝ | AM-ZNA-003:ዜና ሐዋርያት በአማርኛ,"3-27, 11-5, 11-5, 11-5, 12-15, 12-15, 12-15"
7-5,185,ቅዱስ ዻውሎስ ሐዋርያ,ዻውሎስ,monthly,NO_BOOK,,,
7-5,185,ቅዱስ ዮሐኒ ኢትዮዽያዊ,ዮሐኒ ኢትዮዽያዊ,monthly,NO_BOOK,,,
7-5,185,ቅዱስ አሞኒ ዘናሒሶ,አሞኒ ዘናሒሶ,monthly,NO_BOOK,,,
7-6,186,ጻድቁ ዐፄ ገብረ መስቀል (የኢትዮዽያ ንጉሥ),ጻድቁ ዐፄ ገብረ መስቀል,annual,WRONG_DATE,,AM-MEL-004:መልክዐ ሕማማተ መስቀል በአማርኛ | AM-MEL-012:መልክዐ ቅዱስ መስቀል በአማርኛ | AM-MEL-040:የቅዱስ መስቀል 3ኛ መልክዕ በአማርኛ | AM-TSE-001:የመስቀል አጥር ጸሎት በአማርኛ | AM-WUD-001:ውዳሴ መስቀል በአማርኛ | GZ-HAT-001:ሐፁረ መስቀል በግእዝ | GZ-MEL-024:መልክዐ ሕማማተ መስቀል በግእዝ | GZ-MEL-050:መልክዐ ቅዱስ መስቀል ሣልስ በግእዝ | GZ-MEL-051:መልክዐ ቅዱስ መስቀል በግእዝ | GZ-WUD-001:ውዳሴ መስቀል በግእዝ | GZ-DRS-002:ድርሳነ መስቀል በግእዝ | AM-DRS-008:ድርሳነ መስቀል በአማርኛ,"None-None, None-None, None-None, None-None, None-None, None-None, 1-10, 1-10, 1-10, 1-10"
7-6,186,ቅዱስ ዲዮስቆሮስ ሰማዕት (አማሌቃውያን የገደሉት),ዲዮስቆሮስ ሰማዕት,annual,CORRECT,GZ-MEL-042:መልክዐ ሰማዕት ቅድስት አርሴማ በግእዝ | AM-GDL-008:ገድለ ሰማዕት ቅድስት አርሴማ በአማርኛ | GZ-GDL-033:ገድለ ሰማዕት ቅድስት አርሴማ በግእዝ,GZ-MEL-039:መልክዐ ሰማዕት ቅዱስ መርቆሬዎስ በግእዝ | GZ-MEL-040:መልክዐ ሰማዕት ቅዱስ ቴዎድሮስ በግእዝ | GZ-MEL-041:መልክዐ ሰማዕት ቅዱስ ፋሲለደስ በግእዝ | GZ-MEL-042:መልክዐ ሰማዕት ቅድስት አርሴማ በግእዝ | GZ-MEL-043:መልክዐ ሰማዕት ቅድስት ኢየሉጣ በግእዝ | GZ-MEL-122:መልክዐ አባ ኖብ ሰማዕት በግእዝ | GZ-GDL-002:ገድለ ሰማዕት ቅዱስ መርቆሬዎስ በግእዝ | AM-GDL-008:ገድለ ሰማዕት ቅድስት አርሴማ በአማርኛ | GZ-GDL-014:ገድለ ቅዱስ ጊዮርጊስ ሰማዕት በግእዝ | AM-GDL-015:ገድለ ሰማዕት ቅዱስ መርቆሬዎስ በአማርኛ | AM-GDL-018:ገድለ ቅዱስ ጊዮርጊስ ሰማዕት በአማርኛ | GZ-GDL-031:ገድለ ሰማዕት ቅዱስ ቴዎድሮስ በግእዝ | GZ-GDL-033:ገድለ ሰማዕት ቅድስት አርሴማ በግእዝ | AM-GDL-030:ገድለ ሰማዕት ቅዱስ ቴዎድሮስ በአማርኛ,"1-6, 1-6, 1-6, 1-11, 1-12, 1-12, 1-12, 1-15, 1-18, 1-20"
7-6,186,ቅዱስ ቴዎዶስዮስ ተአማኒ (ዘቆረንቶስ),ቴዎዶስዮስ ተአማኒ,annual,NO_BOOK,,,
7-6,186,አባ ዘሩፋኤል ጻድቅ,ዘሩፋኤል,annual,NO_BOOK,,,
7-6,186,አባ እንጦንስ ገዳማዊ,እንጦንስ ገዳማዊ,annual,NO_BOOK,,,
7-6,186,አባ አርከሌድስ ገዳማዊ,አርከሌድስ ገዳማዊ,annual,NO_BOOK,,,
7-6,186,ቅድስት ደብረ ቁስቁዋም,ደብረ ቁስቁዋም,monthly,WRONG_DATE,,GZ-MEL-076:መልክዐ አቡነ መርቆሬዎስ ዘደብረ ድማኅ በግእዝ | GZ-MEL-080:መልክዐ አቡነ ማቴዎስ ዘደብረ በርበሬ በግእዝ | GZ-MEL-081:መልክዐ አቡነ ማቴዎስ ዘደብረ በርበሬ በግእዝ ካልእ | GZ-MEL-088:መልክዐ አቡነ ቡሩከ አምላክ ዘደብረ ኮል በግእዝ | GZ-MEL-089:መልክዐ አቡነ ብፁዓ አምላክ ዘደብረ ምዕዋን ወዘደብረ ኰዳዱ በግእዝ | GZ-MEL-099:መልክዐ አቡነ አብሳዲ ዘደብረ ማርያም በግእዝ | GZ-MEL-102:መልክዐ አቡነ እንድርያስ ዘደብረ ስኂን (ፅፉን) በግእዝ | GZ-MEL-103:መልክዐ አቡነ እንድርያስ ዘደብረ ጽጌ በግእዝ | GZ-MEL-107:መልክዐ አቡነ የሐንስ ዘደብረ ቢዘን በግእዝ | GZ-MEL-113:መልክዐ አቡነ ዮናስ ዘደብረ ድኁኃን ዘደብረ ጽጌ ወዘደብረ ጽዮን በግእዝ | GZ-MEL-120:መልክዐ አቡነ ፊልጶስ ዘደብረ ቢዘን በግእዝ | GZ-GDL-001:ገድለ አቡነ ፊልጶስ ዘደብረ ሊባኖስ በግእዝ,"1-13, 1-30, 2-13, 3-13, 3-13, 3-17, 4-1, 4-13, 4-16, 5-13"
7-6,186,አባታችን አዳምና እናታችን ሔዋን,አባታችን አዳምና እናታችን ሔዋን,monthly,CORRECT,AM-MEL-023:መልክዐ አዳም ወሔዋን በአማርኛ | GZ-MEL-127:መልክዐ አዳም ወሔዋን በግእዝ,AM-MEL-023:መልክዐ አዳም ወሔዋን በአማርኛ | AM-MEL-063:የአባታችን አብርሃም መልክዕ በአማርኛ | GZ-MEL-127:መልክዐ አዳም ወሔዋን በግእዝ,"1-6, 1-6, 2-6, 2-6, 3-6, 3-6, 4-6, 4-6, 5-6, 5-6"
7-6,186,አባታችን ኖኅና እናታችን ሐይከል,አባታችን ኖኅና እናታችን ሐይከል,monthly,WRONG_DATE,,AM-MEL-063:የአባታችን አብርሃም መልክዕ በአማርኛ,"11-7, 12-28"
7-6,186,ቅዱስ ኤልያስ ነቢይ,ኤልያስ,monthly,CORRECT,AM-MEL-052:የነቢዩ የቅዱስ ኤልያስ 3ኛ መልክዕ በአማርኛ | GZ-MEL-059:መልክዐ ቅዱስ ኤልያስ ነቢይ ሣልስ በግእዝ | GZ-MEL-134:መልክዐ ኤልያስ በግእዝ | AM-DRS-005:ድርሳነ ኤልያስ ነቢይ በአማርኛ,AM-MEL-052:የነቢዩ የቅዱስ ኤልያስ 3ኛ መልክዕ በአማርኛ | GZ-MEL-059:መልክዐ ቅዱስ ኤልያስ ነቢይ ሣልስ በግእዝ | GZ-MEL-134:መልክዐ ኤልያስ በግእዝ | AM-DRS-005:ድርሳነ ኤልያስ ነቢይ በአማርኛ,"1-6, 1-6, 1-6, 1-6, 2-6, 2-6, 2-6, 2-6, 3-6, 3-6"
7-6,186,ቅዱስ ባስልዮስ ዘቂሣርያ,ባስልዮስ ዘቂሣርያ,monthly,NO_BOOK,,,
7-6,186,ቅዱስ ዮሴፍ አረጋዊ,ዮሴፍ አረጋዊ,monthly,WRONG_DATE,,GZ-MEL-073:መልክዐ አረጋዊ በግእዝ | GZ-MEL-111:መልክዐ አቡነ ዮሴፍ በግእዝ | AM-GDL-016:ገድለ አቡነ አረጋዊ በአማርኛ | GZ-GDL-029:ገድለ አቡነ ዮሴፍ በግእዝ,"1-14, 1-14, 1-19, 1-19, 2-14, 2-14, 2-19, 2-19, 3-14, 3-14"
7-6,186,ቅድስት ሰሎሜ,ሰሎሜ,monthly,NO_BOOK,,,
7-6,186,አባ አርከ ሥሉስ,አርከ ሥሉስ,monthly,WRONG_DATE,,AM-TEA-003:ተአምኆ ዘሥሉስ ቅዱስ መልክዕ በአማርኛ | AM-TEA-002:ተአምኆ ዘሥሉስ ቅዱስ በአማርኛ | GZ-MEL-034:መልክዐ ሥሉስ ቅዱስ በግእዝ | GZ-TEA-002:ተአምኆ ዘሥሉስ ቅዱስ በግእዝ | GZ-TEA-003:ተአምኆ ዘሥሉስ ቅዱስ በግእዝ ካልእ,"None-None, None-None, None-None, None-None, 5-7"
7-6,186,አባ ጽጌ ድንግል,ጽጌ ድንግል,monthly,WRONG_DATE,,AM-MEL-019:መልክዐ አቡነ ሐራ ድንግል በአማርኛ | GZ-MEL-021:መልክዐ ሐራ ድንግል በግእዝ,"1-11, 1-11, 2-11, 2-11, 3-11, 3-11, 4-11, 4-11, 5-11, 5-11"
7-6,186,ቅድስት አርሴማ ድንግል,አርሴማ ድንግል,monthly,CORRECT,GZ-MEL-042:መልክዐ ሰማዕት ቅድስት አርሴማ በግእዝ | AM-GDL-008:ገድለ ሰማዕት ቅድስት አርሴማ በአማርኛ | GZ-GDL-033:ገድለ ሰማዕት ቅድስት አርሴማ በግእዝ,AM-MEL-019:መልክዐ አቡነ ሐራ ድንግል በአማርኛ | GZ-MEL-021:መልክዐ ሐራ ድንግል በግእዝ | GZ-MEL-042:መልክዐ ሰማዕት ቅድስት አርሴማ በግእዝ | AM-GDL-008:ገድለ ሰማዕት ቅድስት አርሴማ በአማርኛ | GZ-GDL-033:ገድለ ሰማዕት ቅድስት አርሴማ በግእዝ,"1-6, 1-6, 1-6, 1-11, 1-11, 1-29, 1-29, 1-29, 2-6, 2-6"
7-7,187,ጻድቁ ኢትዮዽያዊ ንጉሥ ዐፄ ቴዎድሮስ,ጻድቁ ኢትዮዽያዊ ንጉሥ ዐፄ ቴዎድሮስ,annual,WRONG_DATE,,GZ-MEL-040:መልክዐ ሰማዕት ቅዱስ ቴዎድሮስ በግእዝ | GZ-GDL-030:ገድለ ቅዱስ ቴዎድሮስ በግእዝ | GZ-GDL-031:ገድለ ሰማዕት ቅዱስ ቴዎድሮስ በግእዝ | AM-GDL-030:ገድለ ሰማዕት ቅዱስ ቴዎድሮስ በአማርኛ,"1-12, 1-12, 1-12, 1-12, 1-20, 1-20, 1-20, 1-20, 2-12, 2-12"
7-7,187,ቅዱስ ቴዎዶጦስ ሰማዕት,ቴዎዶጦስ,annual,NO_BOOK,,,
7-7,187,ቅዱስ ፊልሞን ሰማዕት,ፊልሞን,annual,NO_BOOK,,,
7-7,187,ቅዱስ አብላንዮስ ሰማዕት,አብላንዮስ,annual,NO_BOOK,,,
7-7,187,ሥሉስ ቅዱስ (አብ ወወልድ ወመንፈስ ቅዱስ),ሥሉስ ቅዱስ,monthly,WRONG_DATE,,AM-TEA-003:ተአምኆ ዘሥሉስ ቅዱስ መልክዕ በአማርኛ | AM-TEA-002:ተአምኆ ዘሥሉስ ቅዱስ በአማርኛ | GZ-MEL-034:መልክዐ ሥሉስ ቅዱስ በግእዝ | GZ-TEA-002:ተአምኆ ዘሥሉስ ቅዱስ በግእዝ | GZ-TEA-003:ተአምኆ ዘሥሉስ ቅዱስ በግእዝ ካልእ,"None-None, None-None, None-None, None-None, 5-7"
7-7,187,አባ ጊዮርጊስ ዘጋስጫ,ጊዮርጊስ ዘጋስጫ,monthly,CORRECT,GZ-MEL-123:መልክዐ አባ ጊዮርጊስ ዘጋሥጫ በግእዝ | AM-GDL-001:ገድለ ቅዱስ አባ ጊዮርጊስ ዘጋሥጫ በአማርኛ | GZ-GDL-007:ገድለ ቅዱስ አባ ጊዮርጊስ ዘጋሥጫ በግእዝ,AM-MEL-051:የቅዱስ ጊዮርጊስ መልክዕ በአማርኛ | AM-MEL-065:ጸሎተ መልክዐ ሥቃዩ ለቅዱስ ጊዮርጊስ ሊቀ ሰማዕታት በአማርኛ | AM-MEL-066:ጸሎተ መልክዕ ዘቅዱስ ጊዮርጊስ ሊቀ ሰማዕታት በአማርኛ | AM-MEL-067:ጸሎተ መልክዕ ዘቅዱስ ጊዮርጊስ ሊቀ ሰማዕታት ካልዕ በአማርኛ | AM-SIB-001:ስብሐተ ፍቁር ዘቅዱስ ጊዮርጊስ ሊቀ ሰማዕታት በአማርኛ | GZ-MEL-036:መልክዐ ሥቃዩ ለጊዮርጊስ በግእዝ | GZ-MEL-065:መልክዐ ቅዱስ ጊዮርጊስ በግእዝ | GZ-MEL-123:መልክዐ አባ ጊዮርጊስ ዘጋሥጫ በግእዝ | GZ-MEL-154:መልክዐ ጊዮርጊስ በግእዝ | GZ-MEL-155:መልክዐ ጊዮርጊስ ካልዕ ወሥቃዩ በግእዝ | AM-GDL-001:ገድለ ቅዱስ አባ ጊዮርጊስ ዘጋሥጫ በአማርኛ | GZ-GDL-007:ገድለ ቅዱስ አባ ጊዮርጊስ ዘጋሥጫ በግእዝ | GZ-GDL-014:ገድለ ቅዱስ ጊዮርጊስ ሰማዕት በግእዝ | AM-GDL-018:ገድለ ቅዱስ ጊዮርጊስ ሰማዕት በአማርኛ,"1-7, 1-7, 1-7, 1-23, 1-23, 1-23, 1-23, 1-23, 1-23, 1-23"
7-7,187,አባ ሲኖዳ (የባሕታውያን አለቃ),ሲኖዳ,monthly,NO_BOOK,,,
7-7,187,አባ ዳንኤል ዘገዳመ ሲሐት,ዳንኤል ዘገዳመ ሲሐት,monthly,WRONG_DATE,,GZ-MEL-114:መልክዐ አቡነ ዳንኤል በግእዝ | GZ-GDL-028:ገድለ አቡነ ዳንኤል በግእዝ,"3-6, 3-6"
7-7,187,አባ ባውላ ገዳማዊ,ባውላ ገዳማዊ,monthly,NO_BOOK,,,
7-7,187,ቅዱስ አትናቴዎስ ሐዋርያዊ,አትናቴዎስ ሐዋርያዊ,monthly,NO_BOOK,,,
7-7,187,ቅዱስ አግናጥዮስ (ለአንበሳ የተሰጠ),አግናጥዮስ,monthly,CORRECT,GZ-MEL-058:መልክዐ ቅዱስ አግናጥዮስ ምጥው ለአንበሳ በግእዝ,GZ-MEL-058:መልክዐ ቅዱስ አግናጥዮስ ምጥው ለአንበሳ በግእዝ,"1-7, 2-7, 2-26, 3-7, 4-7, 4-24, 5-7, 6-7, 7-7, 8-7"
7-8,188,ቅዱስ ማትያስ ሐዋርያ (ከ፲፪ቱ ሐዋርያት),ማትያስ ሐዋርያ,annual,WRONG_DATE,,AM-MEL-033:የሐዋርያው የቅዱስ ታዴዎስ መልክዕ በአማርኛ | AM-MEL-046:የቅዱስ እንድርያስ ሐዋርያ መልክዕ በአማርኛ | GZ-MEL-023:መልክዐ ሐዋርያት በግእዝ | GZ-MEL-137:መልክዐ እንድርያስ ሐዋርያ በግእዝ | GZ-GDL-017:ገድለ አቡነ ተክለ ሐዋርያት በግእዝ | GZ-GDL-032:መጽሐፈ ገድለ ቅዱሳን ሐዋርያት በግእዝ | AM-ZNA-003:ዜና ሐዋርያት በአማርኛ,"1-2, 1-4, 1-4, 2-2, 2-4, 2-4, 3-2, 3-4, 3-4, 3-27"
7-8,188,ቅዱስ አርያኖስ ሰማዕት (በዘመነ ሰማዕታት ብዙ ክርስቲያኖችን ያሳድድ የነበረና ጌታ በንስሃ የጠራው),አርያኖስ ሰማዕት,annual,WRONG_DATE,,GZ-MEL-039:መልክዐ ሰማዕት ቅዱስ መርቆሬዎስ በግእዝ | GZ-MEL-040:መልክዐ ሰማዕት ቅዱስ ቴዎድሮስ በግእዝ | GZ-MEL-041:መልክዐ ሰማዕት ቅዱስ ፋሲለደስ በግእዝ | GZ-MEL-042:መልክዐ ሰማዕት ቅድስት አርሴማ በግእዝ | GZ-MEL-043:መልክዐ ሰማዕት ቅድስት ኢየሉጣ በግእዝ | GZ-MEL-122:መልክዐ አባ ኖብ ሰማዕት በግእዝ | GZ-GDL-002:ገድለ ሰማዕት ቅዱስ መርቆሬዎስ በግእዝ | AM-GDL-008:ገድለ ሰማዕት ቅድስት አርሴማ በአማርኛ | GZ-GDL-014:ገድለ ቅዱስ ጊዮርጊስ ሰማዕት በግእዝ | AM-GDL-015:ገድለ ሰማዕት ቅዱስ መርቆሬዎስ በአማርኛ | AM-GDL-018:ገድለ ቅዱስ ጊዮርጊስ ሰማዕት በአማርኛ | GZ-GDL-031:ገድለ ሰማዕት ቅዱስ ቴዎድሮስ በግእዝ | GZ-GDL-033:ገድለ ሰማዕት ቅድስት አርሴማ በግእዝ | AM-GDL-030:ገድለ ሰማዕት ቅዱስ ቴዎድሮስ በአማርኛ,"1-6, 1-6, 1-6, 1-11, 1-12, 1-12, 1-12, 1-15, 1-18, 1-20"
7-8,188,ቅዱስ ዮልዮስ ሊቀ ዻዻሳት,ዮልዮስ ሊቀ ዻዻሳት,annual,NO_BOOK,,,
7-8,188,ቅዱስ ሙሴ ሊቀ ነቢያት,ሙሴ ሊቀ ነቢያት,monthly,WRONG_DATE,,AM-TSE-003:የነቢያት ጸሎት በአማርኛ | GZ-TSE-002:ጸሎተ ነቢያት በግእዝ | TI-MZM-002:መዝሙር መኃልይ ነቢያት ብትግርኛ,"None-None, None-None, None-None"
7-8,188,ኪሩቤል (አርባዕቱ እንስሳ),ኪሩቤል,monthly,NO_BOOK,,,
7-8,188,አባ ብሶይ (ቢሾይ),ብሶይ,monthly,NO_BOOK,,,
7-8,188,አቡነ ኪሮስ,ኪሮስ,monthly,CORRECT,GZ-GDL-016:ገድለ አቡነ ኪሮስ በግእዝ | AM-GDL-021:ገድለ አቡነ ኪሮስ በአማርኛ,GZ-GDL-016:ገድለ አቡነ ኪሮስ በግእዝ | AM-GDL-021:ገድለ አቡነ ኪሮስ በአማርኛ,"1-8, 1-8, 2-8, 2-8, 3-8, 3-8, 4-8, 4-8, 5-8, 5-8"
7-8,188,አባ ሳሙኤል ዘደብረ ቀልሞን,ሳሙኤል ዘደብረ ቀልሞን,monthly,WRONG_DATE,,AM-MEL-054:የአቡነ ሳሙኤል ዘዋልድባ መልክዕ በአማርኛ | AM-MEL-055:የአቡነ ሳሙኤል ዘዋልድባ ኹለተኛ መልክዕ በአማርኛ | GZ-MEL-084:መልክዐ አቡነ ሳሙኤል በግእዝ ሣልስ በግእዝ | GZ-MEL-085:መልክዐ አቡነ ሳሙኤል ዘዋልድባ በግእዝ | GZ-MEL-086:መልክዐ አቡነ ሳሙኤል ዘዋልድባ ካልዕ በግእዝ,"1-12, 1-12, 1-12, 1-12, 1-12, 2-12, 2-12, 2-12, 2-12, 2-12"
7-9,189,ቅዱስ ኩትን ሐዋርያ,ኩትን,annual,NO_BOOK,,,
7-9,189,ቅዱስ እንድርያኖስ ሰማዕት,እንድርያኖስ,annual,NO_BOOK,,,
7-9,189,ቅዱስ አውሳብዮስ ሰማዕት,አውሳብዮስ,annual,NO_BOOK,,,
7-9,189,"""፪,000"" ሰማዕታት (የአባ ኖብ ማሕበር)","""፪,000"" ሰማዕታት",annual,WRONG_DATE,,AM-MEL-065:ጸሎተ መልክዐ ሥቃዩ ለቅዱስ ጊዮርጊስ ሊቀ ሰማዕታት በአማርኛ | AM-MEL-066:ጸሎተ መልክዕ ዘቅዱስ ጊዮርጊስ ሊቀ ሰማዕታት በአማርኛ | AM-MEL-067:ጸሎተ መልክዕ ዘቅዱስ ጊዮርጊስ ሊቀ ሰማዕታት ካልዕ በአማርኛ | AM-SIB-001:ስብሐተ ፍቁር ዘቅዱስ ጊዮርጊስ ሊቀ ሰማዕታት በአማርኛ | GZ-MEL-016:መልክዐ ሊቀ ሰማዕታት ቅዱስ እስጢፋኖስ በግእዝ | GZ-MEL-017:መልክዐ ሊቀ ሰማዕታት ቅዱስ እስጢፋኖስ ካልእ በግእዝ | AM-GDL-010:ገድለ ሰማዕታት በአማርኛ,"1-15, 1-15, 1-17, 1-17, 1-23, 1-23, 1-23, 1-23, 2-17, 2-17"
7-9,189,አባ በርሱማ ሶርያዊ (ለሶርያ መነኮሳት ኁሉ አባት),በርሱማ ሶርያዊ,monthly,NO_BOOK,,,
7-9,189,አቡነ እስትንፋሰ ክርስቶስ (ኢትዮዽያዊ),እስትንፋሰ ክርስቶስ,monthly,CORRECT,GZ-MEL-136:መልክዐ እስትንፋሰ ክርስቶስ በግእዝ | AM-GDL-014:የአቡነ እስትንፋሰ ክርስቶስ ገድል በአማርኛ,GZ-MEL-136:መልክዐ እስትንፋሰ ክርስቶስ በግእዝ | AM-GDL-014:የአቡነ እስትንፋሰ ክርስቶስ ገድል በአማርኛ,"1-9, 1-9, 2-9, 2-9, 3-9, 3-9, 4-9, 4-9, 5-9, 5-9"
7-9,189,"""፫፻፲፰ቱ"" ቅዱሳን ሊቃውንት (ርቱዐነ ሃይማኖት ዘኒቅያ)","""፫፻፲፰ቱ"" ቅዱሳን ሊቃውንት",monthly,NO_BOOK,,,
7-9,189,የብሔረ ብፁዐን ጻድቃን,የብሔረ ብፁዐን ጻድቃን,monthly,WRONG_DATE,,GZ-MEL-160:መልክዐ ጻድቃን ዘባርክናሃ በግእዝ,4-29
7-9,189,አባ መልከ ጼዴቅ ዘሚዳ (ኢትዮዽያዊ),መልከ ጼዴቅ ዘሚዳ,monthly,CORRECT,AM-MEL-068:የአቡነ መልከ ጼዴቅ መልክእ በአማርኛ | GZ-MEL-075:መልክዐ አቡነ መልከ ጼዴቅ በግእዝ,AM-MEL-068:የአቡነ መልከ ጼዴቅ መልክእ በአማርኛ | GZ-MEL-002:መልከዐ ማርያም ዳግሚት በግእዝ | GZ-MEL-003:መልከዐ አቡነ ሊቃኖስ በግእዝ | GZ-MEL-075:መልክዐ አቡነ መልከ ጼዴቅ በግእዝ,"1-9, 1-9, 1-21, 2-9, 2-9, 2-21, 3-9, 3-9, 3-21, 3-28"
7-9,189,ቅዱስ ዞሲማስ ጻድቅ (ዓለመ ብፁዐንን ያየ አባት),ዞሲማስ ጻድቅ,monthly,CORRECT,GZ-GDL-008:ገድለ ቅዱስ ዞሲማስ በግእዝ | AM-GDL-025:ገድለ ቅዱስ ዞሲማስ በአማርኛ,AM-MEL-003:መልክዐ ለአቡነ አቢብ ጻድቅ በአማርኛ | AM-MEL-021:መልክዐ አቡነ ዮሐንስ ጻድቅ በአማርኛ | AM-MEL-060:የአቡነ አባለ ክርስቶስ ጻድቅ መልክዕ በአማርኛ | GZ-GDL-008:ገድለ ቅዱስ ዞሲማስ በግእዝ | AM-GDL-025:ገድለ ቅዱስ ዞሲማስ በአማርኛ,"1-9, 1-9, 1-16, 1-25, 2-9, 2-9, 2-16, 2-25, 3-9, 3-9"
7-10,190,ቅዱስ ዕፀ መስቀል,ዕፀ መስቀል,annual,CORRECT,AM-MEL-012:መልክዐ ቅዱስ መስቀል በአማርኛ | AM-MEL-040:የቅዱስ መስቀል 3ኛ መልክዕ በአማርኛ | GZ-MEL-050:መልክዐ ቅዱስ መስቀል ሣልስ በግእዝ | GZ-MEL-051:መልክዐ ቅዱስ መስቀል በግእዝ | GZ-DRS-002:ድርሳነ መስቀል በግእዝ | AM-DRS-008:ድርሳነ መስቀል በአማርኛ,AM-MEL-004:መልክዐ ሕማማተ መስቀል በአማርኛ | AM-MEL-012:መልክዐ ቅዱስ መስቀል በአማርኛ | AM-MEL-040:የቅዱስ መስቀል 3ኛ መልክዕ በአማርኛ | AM-TSE-001:የመስቀል አጥር ጸሎት በአማርኛ | AM-WUD-001:ውዳሴ መስቀል በአማርኛ | GZ-HAT-001:ሐፁረ መስቀል በግእዝ | GZ-MEL-024:መልክዐ ሕማማተ መስቀል በግእዝ | GZ-MEL-050:መልክዐ ቅዱስ መስቀል ሣልስ በግእዝ | GZ-MEL-051:መልክዐ ቅዱስ መስቀል በግእዝ | GZ-WUD-001:ውዳሴ መስቀል በግእዝ | GZ-DRS-002:ድርሳነ መስቀል በግእዝ | AM-DRS-008:ድርሳነ መስቀል በአማርኛ,"None-None, None-None, None-None, None-None, None-None, None-None, 1-10, 1-10, 1-10, 1-10"
7-10,190,ቅድስት ዕሌኒ ንግሥት,ዕሌኒ ንግሥት,annual,NO_BOOK,,,
7-10,190,ቅዱስ ኪራኮስ አረጋዊ,ኪራኮስ አረጋዊ,annual,WRONG_DATE,,GZ-MEL-073:መልክዐ አረጋዊ በግእዝ | AM-GDL-016:ገድለ አቡነ አረጋዊ በአማርኛ,"1-14, 1-14, 2-14, 2-14, 3-14, 3-14, 4-14, 4-14, 5-14, 5-14"
7-10,190,ቅዱስ መቃርስ ዘኢየሩሳሌም,መቃርስ ዘኢየሩሳሌም,annual,NO_BOOK,,,
7-10,190,ቅዱስ ናትናኤል ሐዋርያ,ናትናኤል,monthly,NO_BOOK,,,
7-10,190,ቅዱስ ኒቆላዎስ ዘሃገረ ሜራ,ኒቆላዎስ ዘሃገረ ሜራ,monthly,NO_BOOK,,,
7-10,190,ቅዱስ ቆስጠንጢኖስ ጻድቅ ንጉሥ,ቆስጠንጢኖስ ጻድቅ ንጉሥ,monthly,WRONG_DATE,,GZ-ZNA-002:ዜናሁ ለንጉሥ ገላውዴዎስ በግእዝ | GZ-ZNA-003:ዜና ሕይወቱ ለንጉሥ ላልይበላ በግእዝ,7-27
7-10,190,አቡነ መልክዐ ክርስቶስ,መልክዐ ክርስቶስ,monthly,WRONG_DATE,,GZ-MEL-143:መልክዐ ክርስቶስ ሠምራ በግእዝ,"1-24, 2-24, 3-24, 4-24, 5-24, 6-24, 7-24, 8-24, 9-12, 9-24"
7-10,190,ቅዱስ ያዕቆብ ሐዋርያ (ወልደ እልፍዮስ),ያዕቆብ ሐዋርያ,monthly,WRONG_DATE,,AM-MEL-022:መልክዐ አብርሃም ይሥሐቅ ያዕቆብ በአማርኛ | AM-MEL-033:የሐዋርያው የቅዱስ ታዴዎስ መልክዕ በአማርኛ | AM-MEL-046:የቅዱስ እንድርያስ ሐዋርያ መልክዕ በአማርኛ | GZ-MEL-023:መልክዐ ሐዋርያት በግእዝ | GZ-MEL-124:መልክዐ አብርሃም ይሥሐቅ ወያዕቆብ በግእዝ | GZ-MEL-137:መልክዐ እንድርያስ ሐዋርያ በግእዝ | GZ-GDL-017:ገድለ አቡነ ተክለ ሐዋርያት በግእዝ | GZ-GDL-032:መጽሐፈ ገድለ ቅዱሳን ሐዋርያት በግእዝ | AM-ZNA-003:ዜና ሐዋርያት በአማርኛ,"1-2, 1-4, 1-4, 1-28, 1-28, 2-2, 2-4, 2-4, 2-28, 2-28"
7-11,191,አባ አሌፍ ጻድቅ (ከተስዓቱ ቅዱሳን),አሌፍ ጻድቅ,annual,WRONG_DATE,,AM-MEL-003:መልክዐ ለአቡነ አቢብ ጻድቅ በአማርኛ | AM-MEL-021:መልክዐ አቡነ ዮሐንስ ጻድቅ በአማርኛ | AM-MEL-060:የአቡነ አባለ ክርስቶስ ጻድቅ መልክዕ በአማርኛ,"1-16, 1-25, 2-16, 2-25, 3-16, 3-25, 4-16, 4-19, 4-25, 5-16"
7-11,191,ቅዱስ ቴዎቄጤኖስ ሰማዕት,ቴዎቄጤኖስ,annual,NO_BOOK,,,
7-11,191,ቅዱስ ባስሊዖስ (ዻዻስና ሰማዕት),ባስሊዖስ,annual,NO_BOOK,,,
7-11,191,አባ ኤፍሬም ሰማዕት,ኤፍሬም,annual,NO_BOOK,,,
7-11,191,አባ ኤልያስ ሰማዕት,ኤልያስ,annual,WRONG_DATE,,AM-MEL-052:የነቢዩ የቅዱስ ኤልያስ 3ኛ መልክዕ በአማርኛ | GZ-MEL-059:መልክዐ ቅዱስ ኤልያስ ነቢይ ሣልስ በግእዝ | GZ-MEL-134:መልክዐ ኤልያስ በግእዝ | AM-DRS-005:ድርሳነ ኤልያስ ነቢይ በአማርኛ,"1-6, 1-6, 1-6, 1-6, 2-6, 2-6, 2-6, 2-6, 3-6, 3-6"
7-11,191,ቅዱስ ያሬድ ካህን,ያሬድ ካህን,monthly,CORRECT,GZ-MEL-146:መልክዐ ያሬድ በግእዝ | GZ-MEL-147:መልክዐ ያሬድ ካልዕ በግእዝ | GZ-GDL-021:ድርሳን ወገድል ዘቅዱስ ያሬድ በግእዝ,GZ-MEL-146:መልክዐ ያሬድ በግእዝ | GZ-MEL-147:መልክዐ ያሬድ ካልዕ በግእዝ | GZ-GDL-021:ድርሳን ወገድል ዘቅዱስ ያሬድ በግእዝ,"1-11, 1-11, 1-11, 2-11, 2-11, 2-11, 3-11, 3-11, 3-11, 4-11"
7-11,191,ቅዱስ ገላውዴዎስ ሰማዕት,ገላውዴዎስ,monthly,WRONG_DATE,,GZ-ZNA-002:ዜናሁ ለንጉሥ ገላውዴዎስ በግእዝ,7-27
7-11,191,ቅዱስ ፋሲለደስ ሰማዕት,ፋሲለደስ,monthly,CORRECT,GZ-MEL-041:መልክዐ ሰማዕት ቅዱስ ፋሲለደስ በግእዝ,GZ-MEL-041:መልክዐ ሰማዕት ቅዱስ ፋሲለደስ በግእዝ,"1-11, 2-11, 3-11, 4-11, 5-11, 6-11, 7-11, 8-11, 9-11, 10-11"
7-11,191,ብፁዐን ኢያቄም እና ሐና,ብፁዐን ኢያቄም እና ሐና,monthly,CORRECT,GZ-MEL-133:መልክዐ ኢያቄም በግእዝ | AM-DRS-001:የቅዱስ ኢያቄምና- የቅድስት ሐና ድርሳን በአማርኛ | GZ-DRS-007:ድርሳን ዘቅዱስ ኢያቄም ወቅድስት ሐና በግእዝ,GZ-MEL-133:መልክዐ ኢያቄም በግእዝ | AM-DRS-001:የቅዱስ ኢያቄምና- የቅድስት ሐና ድርሳን በአማርኛ | GZ-DRS-007:ድርሳን ዘቅዱስ ኢያቄም ወቅድስት ሐና በግእዝ,"1-1, 1-1, 1-1, 1-3, 1-3, 1-3, 1-7, 1-7, 1-7, 1-11"
7-11,191,አቡነ ሐራ ድንግል ጻድቅ,ሐራ ድንግል,monthly,CORRECT,AM-MEL-019:መልክዐ አቡነ ሐራ ድንግል በአማርኛ | GZ-MEL-021:መልክዐ ሐራ ድንግል በግእዝ,AM-MEL-019:መልክዐ አቡነ ሐራ ድንግል በአማርኛ | GZ-MEL-021:መልክዐ ሐራ ድንግል በግእዝ,"1-11, 1-11, 2-11, 2-11, 3-11, 3-11, 4-11, 4-11, 5-11, 5-11"
7-12,192,ቅዱስ ድሜጥሮስ ሊቀ ዻዻሳት (ደንግልናው የተገለጠበት),ድሜጥሮስ ሊቀ ዻዻሳት,annual,NO_BOOK,,,
7-12,192,ቅድስት ልዕልተ ወይን,ልዕልተ ወይን,annual,NO_BOOK,,,
7-12,192,ቅዱስ መላዚ ሰማዕት,መላዚ,annual,NO_BOOK,,,
7-12,192,ቅዱስ ሚካኤል ሊቀ መላዕክት (ጠንቁዋዩን በለዓምን የገሰጸበትና አህያዋን እንድትናገር ያደረገበት),ሚካኤል ሊቀ መላዕክት,monthly,CORRECT,AM-MEL-006:መልክዐ ሚካኤል በአማርኛ | AM-MEL-041:የቅዱስ ሚካኤል 3ኛ መልክዕ በአማርኛ | GZ-MEL-004:መልክዐ ሊቀ መላእክት ቅዱስ ሚካኤል ሣልስ በግእዝ | GZ-MEL-005:መልክዐ ሊቀ መላእክት ቅዱስ ሚካኤል ካልዕ በግእዝ | GZ-MEL-165:መልክዐ ሊቀ መላእክት ቅዱስ ሚካኤል ካልዕ በግእ | GZ-DRS-008:ድርሳነ ሚካኤል በግእዝ | AM-DRS-009:ድርሳነ ሚካኤል በአማርኛ,AM-MEL-006:መልክዐ ሚካኤል በአማርኛ | AM-MEL-041:የቅዱስ ሚካኤል 3ኛ መልክዕ በአማርኛ | GZ-MEL-004:መልክዐ ሊቀ መላእክት ቅዱስ ሚካኤል ሣልስ በግእዝ | GZ-MEL-005:መልክዐ ሊቀ መላእክት ቅዱስ ሚካኤል ካልዕ በግእዝ | GZ-MEL-083:መልክዐ አቡነ ሰይፈ ሚካኤል በግእዝ | GZ-MEL-121:መልክዐ አባ በጸሎተ ሚካኤል በግእዝ | GZ-MEL-165:መልክዐ ሊቀ መላእክት ቅዱስ ሚካኤል ካልዕ በግእ | AM-GDL-011:ገድለ አቡነ በጸሎተ ሚካኤል በአማርኛ | GZ-GDL-015:ገድለ አቡነ በጸሎተ ሚካኤል በግእዝ | GZ-DRS-008:ድርሳነ ሚካኤል በግእዝ | AM-DRS-009:ድርሳነ ሚካኤል በአማርኛ | GZ-GDL-034:ገድለ አቡነ ፍሬ ሚካኤል በግእዝ,"1-9, 1-9, 1-9, 1-9, 1-9, 1-9, 1-9, 1-12, 1-12, 1-12"
7-12,192,ቅዱስ ማቴዎስ ሐዋርያ,ማቴዎስ,monthly,WRONG_DATE,,GZ-MEL-080:መልክዐ አቡነ ማቴዎስ ዘደብረ በርበሬ በግእዝ | GZ-MEL-081:መልክዐ አቡነ ማቴዎስ ዘደብረ በርበሬ በግእዝ ካልእ,"3-13, 5-14"
7-12,192,ቅዱስ ዮሐንስ አፈ ወርቅ,ዮሐንስ አፈ ወርቅ,monthly,WRONG_DATE,,AM-MEL-016:መልክዐ ቅዱስ ዮሐንስ ወንጌላዊ በአማርኛ | AM-MEL-020:መልክዐ አቡነ ዕጨጌ ዮሐንስ በአማርኛ | AM-MEL-021:መልክዐ አቡነ ዮሐንስ ጻድቅ በአማርኛ | AM-MEL-047:የቅዱስ ዮሐንስ 2ኛ መልክዕ በአማርኛ | AM-MEL-048:የቅዱስ ዮሐንስ መጥምቅ መልክዕ በአማርኛ | GZ-MEL-060:መልክዐ ቅዱስ ዮሐንስ መጥምቅ በግእዝ | GZ-MEL-061:መልክዐ ቅዱስ ዮሐንስ ካልእ በግእዝ | GZ-MEL-062:መልክዐ ቅዱስ ዮሐንስ ወንጌላዊ በግእዝ | GZ-MEL-104:መልክዐ አቡነ ዕጨጌ ዮሐንስ በግእዝ | GZ-MEL-109:መልክዐ አቡነ ዮሐንስ ከማ በግእዝ | GZ-MEL-110:መልክዐ አቡነ ዮሐንስ ዘድብረ ዳጋ በግእዝ | GZ-MEL-149:መልክዐ ዮሐንስ ወልደ ነጎድጓድ በግእዝ | GZ-MEL-150:መልክዐ ዮሐንስ ፍቁረ እግዚእ በግእዝ | AM-GDL-013:የቅዱስ ዮሐንስ ገድል በአማርኛ | GZ-GDL-018:ገድለ አቡነ ዮሐንስ በግእዝ | AM-GDL-027:ገድለ አቡነ እጨጌ ዮሐንስ ዘጸገሮ በአማርኛ,"1-1, 1-1, 1-2, 1-2, 1-4, 1-4, 1-4, 1-4, 1-4, 1-4"
7-12,192,ቅዱስ ቴዎድሮስ ምሥራቃዊ (ሰማዕት),ቴዎድሮስ ምሥራቃዊ,monthly,CORRECT,GZ-MEL-040:መልክዐ ሰማዕት ቅዱስ ቴዎድሮስ በግእዝ | GZ-GDL-030:ገድለ ቅዱስ ቴዎድሮስ በግእዝ | GZ-GDL-031:ገድለ ሰማዕት ቅዱስ ቴዎድሮስ በግእዝ | AM-GDL-030:ገድለ ሰማዕት ቅዱስ ቴዎድሮስ በአማርኛ,GZ-MEL-040:መልክዐ ሰማዕት ቅዱስ ቴዎድሮስ በግእዝ | GZ-GDL-030:ገድለ ቅዱስ ቴዎድሮስ በግእዝ | GZ-GDL-031:ገድለ ሰማዕት ቅዱስ ቴዎድሮስ በግእዝ | AM-GDL-030:ገድለ ሰማዕት ቅዱስ ቴዎድሮስ በአማርኛ,"1-12, 1-12, 1-12, 1-12, 1-20, 1-20, 1-20, 1-20, 2-12, 2-12"
7-12,192,ቅድስት ክርስቶስ ሠምራ,ክርስቶስ ሠምራ,monthly,WRONG_DATE,,GZ-MEL-143:መልክዐ ክርስቶስ ሠምራ በግእዝ | AM-GDL-005:ገድለ ቅድስት ክርስቶስ ሠምራ በአማርኛ | GZ-GDL-019:ገድለ ቅድስት ክርስቶስ ሠምራ በግእዝ,"1-24, 1-24, 1-24, 2-24, 2-24, 2-24, 3-24, 3-24, 3-24, 4-24"
7-12,192,አቡነ ሳሙኤል ዘዋልድባ,ሳሙኤል ዘዋልድባ,monthly,CORRECT,AM-MEL-054:የአቡነ ሳሙኤል ዘዋልድባ መልክዕ በአማርኛ | AM-MEL-055:የአቡነ ሳሙኤል ዘዋልድባ ኹለተኛ መልክዕ በአማርኛ | GZ-MEL-085:መልክዐ አቡነ ሳሙኤል ዘዋልድባ በግእዝ | GZ-MEL-086:መልክዐ አቡነ ሳሙኤል ዘዋልድባ ካልዕ በግእዝ,AM-MEL-054:የአቡነ ሳሙኤል ዘዋልድባ መልክዕ በአማርኛ | AM-MEL-055:የአቡነ ሳሙኤል ዘዋልድባ ኹለተኛ መልክዕ በአማርኛ | GZ-MEL-085:መልክዐ አቡነ ሳሙኤል ዘዋልድባ በግእዝ | GZ-MEL-086:መልክዐ አቡነ ሳሙኤል ዘዋልድባ ካልዕ በግእዝ,"1-12, 1-12, 1-12, 1-12, 2-12, 2-12, 2-12, 2-12, 3-12, 3-12"
7-13,193,ታላቁ ቅዱስ መቃርስ (የመነኮሳት ሁሉ አለቃ-ስደቱ),ታላቁ ቅዱስ መቃርስ,annual,NO_BOOK,,,
7-13,193,ቅዱስ መቃርዮስ እስክንድርያዊ,መቃርዮስ እስክንድርያዊ,annual,CORRECT,AM-MEL-005:መልክዐ መቃርዮስ በአማርኛ | GZ-MEL-026:መልክዐ መቃርዮስ በግእዝ,AM-MEL-005:መልክዐ መቃርዮስ በአማርኛ | GZ-MEL-026:መልክዐ መቃርዮስ በግእዝ,"1-27, 1-27, 2-27, 2-27, 3-27, 3-27, 4-27, 4-27, 5-8, 5-8"
7-13,193,፬0 ቅዱሳን ሰማዕታት (ከሃገረ ስብስጥያ),፬0 ቅዱሳን ሰማዕታት,annual,CORRECT,AM-MEL-038:የቅዱሳን አእላፍ መላእክት 2ኛ መልክዕ በአማርኛ,AM-MEL-037:የቅዱሳን ሠለስቱ ደቂቅ መልክዕ በአማርኛ | AM-MEL-038:የቅዱሳን አእላፍ መላእክት 2ኛ መልክዕ በአማርኛ | AM-MEL-065:ጸሎተ መልክዐ ሥቃዩ ለቅዱስ ጊዮርጊስ ሊቀ ሰማዕታት በአማርኛ | AM-MEL-066:ጸሎተ መልክዕ ዘቅዱስ ጊዮርጊስ ሊቀ ሰማዕታት በአማርኛ | AM-MEL-067:ጸሎተ መልክዕ ዘቅዱስ ጊዮርጊስ ሊቀ ሰማዕታት ካልዕ በአማርኛ | AM-SIB-001:ስብሐተ ፍቁር ዘቅዱስ ጊዮርጊስ ሊቀ ሰማዕታት በአማርኛ | AM-TEA-001:ተአምኆ ቅዱሳን በአማርኛ | GZ-MEL-016:መልክዐ ሊቀ ሰማዕታት ቅዱስ እስጢፋኖስ በግእዝ | GZ-MEL-017:መልክዐ ሊቀ ሰማዕታት ቅዱስ እስጢፋኖስ ካልእ በግእዝ | GZ-MEL-047:መልክዐ ቅዱሳን ሠለስቱ ደቂቅ በግእዝ | GZ-MEL-048:መልክዐ ቅዱሳን ዘመጠራ በግእዝ | GZ-TEA-001:ተአምኆ ቅዱሳን በግእዝ | AM-GDL-010:ገድለ ሰማዕታት በአማርኛ | GZ-GDL-026:ገድለ ቅዱሳን አባዲር ወኢራኢ በግእዝ | GZ-GDL-032:መጽሐፈ ገድለ ቅዱሳን ሐዋርያት በግእዝ,"None-None, None-None, 1-13, 1-15, 1-15, 1-17, 1-17, 1-23, 1-23, 1-23"
7-13,193,ቅዱስ ዲዮናስዮስ (ጻድቅ ሊቀ ዻዻሳት),ዲዮናስዮስ,annual,NO_BOOK,,,
7-13,193,እግዚአብሔር አብ,እግዚአብሔር አብ,monthly,CORRECT,GZ-MEL-139:መልክዐ እግዚአብሔር አብ በግእዝ | GZ-MEL-140:መልክዐ እግዚአብሔር አብ ካልዕ በግእዝ,GZ-MEL-139:መልክዐ እግዚአብሔር አብ በግእዝ | GZ-MEL-140:መልክዐ እግዚአብሔር አብ ካልዕ በግእዝ,"1-13, 1-13, 2-13, 2-13, 3-13, 3-13, 4-13, 4-13, 5-13, 5-13"
7-13,193,ቅዱስ ሩፋኤል ሊቀ መላዕክት,ሩፋኤል ሊቀ መላዕክት,monthly,CORRECT,AM-MEL-043:የቅዱስ ሩፋኤል መልክዕ በአማርኛ | GZ-MEL-006:መልክዐ ሊቀ መላእክት ቅዱስ ሩፋኤል በግእዝ | GZ-DRS-009:ድርሳን ቅዱስ ሩፋኤል በግእዝ,AM-MEL-043:የቅዱስ ሩፋኤል መልክዕ በአማርኛ | GZ-MEL-006:መልክዐ ሊቀ መላእክት ቅዱስ ሩፋኤል በግእዝ | GZ-DRS-009:ድርሳን ቅዱስ ሩፋኤል በግእዝ,"1-13, 1-13, 1-13, 2-13, 2-13, 2-13, 3-13, 3-13, 3-13, 4-13"
7-13,193,"""፱፱ኙ"" ነገደ መላዕክት","""፱፱ኙ"" ነገደ መላዕክት",monthly,NO_BOOK,,,
7-13,193,ቅዱስ አስከናፍር,አስከናፍር,monthly,NO_BOOK,,,
7-13,193,"""፲፫ቱ"" ግኁሳን አባቶች","""፲፫ቱ"" ግኁሳን አባቶች",monthly,NO_BOOK,,,
7-13,193,ቅዱስ አርሳንዮስ ጠቢብ ገዳማዊ,አርሳንዮስ ጠቢብ ገዳማዊ,monthly,NO_BOOK,,,
7-13,193,አቡነ ዘርዐ ቡሩክ,ዘርዐ ቡሩክ,monthly,CORRECT,AM-MEL-061:የአቡነ ዘርዐ ቡሩክ መልክዕ በአማርኛ | GZ-MEL-105:መልክዐ አቡነ ዘርዐ ቡሩክ በግእዝ,AM-MEL-061:የአቡነ ዘርዐ ቡሩክ መልክዕ በአማርኛ | GZ-MEL-105:መልክዐ አቡነ ዘርዐ ቡሩክ በግእዝ,"1-13, 1-13, 2-13, 2-13, 3-13, 3-13, 4-13, 4-13, 5-13, 5-13"
7-14,194,ቅዱስ ቶማስ ሐዋርያ (ጋኔን ያደረባት ሴትን ፈውሶ አሕዛብን ያሳመነበት),ቶማስ ሐዋርያ,annual,WRONG_DATE,,AM-MEL-033:የሐዋርያው የቅዱስ ታዴዎስ መልክዕ በአማርኛ | AM-MEL-046:የቅዱስ እንድርያስ ሐዋርያ መልክዕ በአማርኛ | GZ-MEL-023:መልክዐ ሐዋርያት በግእዝ | GZ-MEL-094:መልክዐ አቡነ ቶማስ ዘዘናቁዴ በግእዝ | GZ-MEL-137:መልክዐ እንድርያስ ሐዋርያ በግእዝ | GZ-GDL-017:ገድለ አቡነ ተክለ ሐዋርያት በግእዝ | GZ-GDL-032:መጽሐፈ ገድለ ቅዱሳን ሐዋርያት በግእዝ | AM-ZNA-003:ዜና ሐዋርያት በአማርኛ,"1-2, 1-4, 1-4, 2-2, 2-4, 2-4, 3-2, 3-3, 3-4, 3-4"
7-14,194,ቅዱስ አባ ባጥል ትሩፈ ምግባር (ባንድ ወቅት ከእስክንድርያ ዝሙትን ለማጥፋት የተጋደሉ ጻድቅና አረጋዊ አባት),ባጥል ትሩፈ ምግባር,annual,NO_BOOK,,,
7-14,194,ቅዱስ ሲኖዳ (ሺኖዳ) ሰማዕት,ሲኖዳ,annual,NO_BOOK,,,
7-14,194,ቅዱስ ቄርሎስ ሊቀ ዻዻሳት,ቄርሎስ ሊቀ ዻዻሳት,annual,NO_BOOK,,,
7-14,194,አቡነ አረጋዊ (ዘ ሚካኤል ),አረጋዊ,monthly,CORRECT,GZ-MEL-073:መልክዐ አረጋዊ በግእዝ | AM-GDL-016:ገድለ አቡነ አረጋዊ በአማርኛ,GZ-MEL-073:መልክዐ አረጋዊ በግእዝ | AM-GDL-016:ገድለ አቡነ አረጋዊ በአማርኛ,"1-14, 1-14, 2-14, 2-14, 3-14, 3-14, 4-14, 4-14, 5-14, 5-14"
7-14,194,ቅዱስ ገብረ ክርስቶስ መርዓዊ,ገብረ ክርስቶስ መርዓዊ,monthly,WRONG_DATE,,GZ-MEL-151:መልክዐ ገብረ መንፈስ ቅዱስ በግእዝ | GZ-MEL-152:መልክዐ ገብረ መንፈስ ቅዱስ ካልዕ በግእዝ | GZ-MEL-153:መልክዐ ገብረ ክርስቶስ በግእዝ | AM-GDL-007:ገድለ አቡነ ገብረ መንፈስ ቅዱስ በአማርኛ,"1-5, 1-5, 1-5, 2-5, 2-5, 2-5, 2-14, 3-5, 3-5, 3-5"
7-14,194,ቅዱስ ፊልዾስ ሐዋርያ,ፊልዾስ,monthly,NO_BOOK,,,
7-14,194,ቅዱስ ሙሴ ( የእግዚአብሔር ሰው),ሙሴ,monthly,WRONG_DATE,,GZ-MEL-079:መልክዐ አቡነ ሙሴ በግእዝ,1-4
7-14,194,አባ ስምዖን ገዳማዊ,ስምዖን ገዳማዊ,monthly,NO_BOOK,,,
7-14,194,አባ ዮሐንስ ጻድቅ,ዮሐንስ,monthly,WRONG_DATE,,AM-MEL-016:መልክዐ ቅዱስ ዮሐንስ ወንጌላዊ በአማርኛ | AM-MEL-020:መልክዐ አቡነ ዕጨጌ ዮሐንስ በአማርኛ | AM-MEL-021:መልክዐ አቡነ ዮሐንስ ጻድቅ በአማርኛ | AM-MEL-047:የቅዱስ ዮሐንስ 2ኛ መልክዕ በአማርኛ | AM-MEL-048:የቅዱስ ዮሐንስ መጥምቅ መልክዕ በአማርኛ | GZ-MEL-060:መልክዐ ቅዱስ ዮሐንስ መጥምቅ በግእዝ | GZ-MEL-061:መልክዐ ቅዱስ ዮሐንስ ካልእ በግእዝ | GZ-MEL-062:መልክዐ ቅዱስ ዮሐንስ ወንጌላዊ በግእዝ | GZ-MEL-104:መልክዐ አቡነ ዕጨጌ ዮሐንስ በግእዝ | GZ-MEL-109:መልክዐ አቡነ ዮሐንስ ከማ በግእዝ | GZ-MEL-110:መልክዐ አቡነ ዮሐንስ ዘድብረ ዳጋ በግእዝ | GZ-MEL-149:መልክዐ ዮሐንስ ወልደ ነጎድጓድ በግእዝ | GZ-MEL-150:መልክዐ ዮሐንስ ፍቁረ እግዚእ በግእዝ | AM-GDL-013:የቅዱስ ዮሐንስ ገድል በአማርኛ | GZ-GDL-018:ገድለ አቡነ ዮሐንስ በግእዝ | AM-GDL-027:ገድለ አቡነ እጨጌ ዮሐንስ ዘጸገሮ በአማርኛ,"1-1, 1-1, 1-2, 1-2, 1-4, 1-4, 1-4, 1-4, 1-4, 1-4"
7-14,194,እናታችን ቅድስት ነሣሒት,እናታችን ቅድስት ነሣሒት,monthly,NO_BOOK,,,
7-15,195,ቅዱስ ሰለፍኮስ ሰማዕት,ሰለፍኮስ,annual,NO_BOOK,,,
7-15,195,እናታችን ቅድስት ሣራ ጻድቅት (ግብፃዊት),እናታችን ቅድስት ሣራ ጻድቅት,annual,NO_BOOK,,,
7-15,195,አባ ሕልያስ ሰማዕት,ሕልያስ,annual,NO_BOOK,,,
7-15,195,ቅዱስ ጊዮርጊስ ሐዲስ,ጊዮርጊስ ሐዲስ,annual,WRONG_DATE,,AM-MEL-051:የቅዱስ ጊዮርጊስ መልክዕ በአማርኛ | AM-MEL-065:ጸሎተ መልክዐ ሥቃዩ ለቅዱስ ጊዮርጊስ ሊቀ ሰማዕታት በአማርኛ | AM-MEL-066:ጸሎተ መልክዕ ዘቅዱስ ጊዮርጊስ ሊቀ ሰማዕታት በአማርኛ | AM-MEL-067:ጸሎተ መልክዕ ዘቅዱስ ጊዮርጊስ ሊቀ ሰማዕታት ካልዕ በአማርኛ | AM-SIB-001:ስብሐተ ፍቁር ዘቅዱስ ጊዮርጊስ ሊቀ ሰማዕታት በአማርኛ | GZ-MEL-001:ሐዲስ መልክዐ መድኃኔዓለም በግእዝ | GZ-MEL-036:መልክዐ ሥቃዩ ለጊዮርጊስ በግእዝ | GZ-MEL-065:መልክዐ ቅዱስ ጊዮርጊስ በግእዝ | GZ-MEL-123:መልክዐ አባ ጊዮርጊስ ዘጋሥጫ በግእዝ | GZ-MEL-154:መልክዐ ጊዮርጊስ በግእዝ | GZ-MEL-155:መልክዐ ጊዮርጊስ ካልዕ ወሥቃዩ በግእዝ | AM-GDL-001:ገድለ ቅዱስ አባ ጊዮርጊስ ዘጋሥጫ በአማርኛ | GZ-GDL-007:ገድለ ቅዱስ አባ ጊዮርጊስ ዘጋሥጫ በግእዝ | GZ-GDL-014:ገድለ ቅዱስ ጊዮርጊስ ሰማዕት በግእዝ | AM-GDL-018:ገድለ ቅዱስ ጊዮርጊስ ሰማዕት በአማርኛ,"1-7, 1-7, 1-7, 1-23, 1-23, 1-23, 1-23, 1-23, 1-23, 1-23"
7-15,195,ቅዱስ ቂርቆስና እናቱ ኢየሉጣ,ቂርቆስና እናቱ ኢየሉጣ,monthly,CORRECT,GZ-MEL-043:መልክዐ ሰማዕት ቅድስት ኢየሉጣ በግእዝ | AM-GDL-023:የቅዱስ ቂርቆስና የቅድስት ኢየሉጣ ገድል በአማርኛ,GZ-MEL-043:መልክዐ ሰማዕት ቅድስት ኢየሉጣ በግእዝ | AM-GDL-023:የቅዱስ ቂርቆስና የቅድስት ኢየሉጣ ገድል በአማርኛ,"1-15, 1-15, 2-15, 2-15, 3-15, 3-15, 4-15, 4-15, 5-15, 5-15"
7-15,195,ቅዱስ ኤፍሬም ሶርያዊ አፈ በረከት,ኤፍሬም ሶርያዊ አፈ በረከት,monthly,NO_BOOK,,,
7-15,195,ቅዱስ ሚናስ ግብፃዊ,ሚናስ ግብፃዊ,monthly,CORRECT,AM-MEL-013:መልክዐ ቅዱስ ሚናስ በአማርኛ | GZ-MEL-052:መልክዐ ቅዱስ ሚናስ በግእዝ,AM-MEL-013:መልክዐ ቅዱስ ሚናስ በአማርኛ | GZ-MEL-052:መልክዐ ቅዱስ ሚናስ በግእዝ,"1-15, 1-15, 2-15, 2-15, 3-15, 3-15, 4-15, 4-15, 5-15, 5-15"
7-15,195,ቅድስት እንባ መሪና,እንባ መሪና,monthly,NO_BOOK,,,
7-15,195,ቅድስት ክርስጢና,ክርስጢና,monthly,NO_BOOK,,,
7-16,196,ቅዱስ አባ ሚካኤል ሊቀ ዻዻሳት,ሚካኤል ሊቀ ዻዻሳት,annual,WRONG_DATE,,AM-MEL-006:መልክዐ ሚካኤል በአማርኛ | AM-MEL-041:የቅዱስ ሚካኤል 3ኛ መልክዕ በአማርኛ | GZ-MEL-004:መልክዐ ሊቀ መላእክት ቅዱስ ሚካኤል ሣልስ በግእዝ | GZ-MEL-005:መልክዐ ሊቀ መላእክት ቅዱስ ሚካኤል ካልዕ በግእዝ | GZ-MEL-083:መልክዐ አቡነ ሰይፈ ሚካኤል በግእዝ | GZ-MEL-121:መልክዐ አባ በጸሎተ ሚካኤል በግእዝ | GZ-MEL-165:መልክዐ ሊቀ መላእክት ቅዱስ ሚካኤል ካልዕ በግእ | AM-GDL-011:ገድለ አቡነ በጸሎተ ሚካኤል በአማርኛ | GZ-GDL-015:ገድለ አቡነ በጸሎተ ሚካኤል በግእዝ | GZ-DRS-008:ድርሳነ ሚካኤል በግእዝ | AM-DRS-009:ድርሳነ ሚካኤል በአማርኛ | GZ-GDL-034:ገድለ አቡነ ፍሬ ሚካኤል በግእዝ,"1-9, 1-9, 1-9, 1-9, 1-9, 1-9, 1-9, 1-12, 1-12, 1-12"
7-16,196,ኪዳነ ምሕረት (የሰባቱ ኪዳናት ማሕተም),ኪዳነ ምሕረት,monthly,CORRECT,AM-MEL-027:መልክዐ ኪዳነ ምሕረት በአማርኛ | GZ-MEL-141:መልክዐ ኪዳነ ምሕረት በግእዝ,AM-MEL-027:መልክዐ ኪዳነ ምሕረት በአማርኛ | GZ-MEL-141:መልክዐ ኪዳነ ምሕረት በግእዝ,"1-16, 1-16, 2-16, 2-16, 3-16, 3-16, 4-16, 4-16, 5-16, 5-16"
7-16,196,ቅድስት ኤልሳቤጥ (የመጥምቁ ዮሐንስ እናት),ኤልሳቤጥ,monthly,NO_BOOK,,,
7-16,196,ቅዱስ ገብረ ማርያም ጻድቅ ንጉሠ ኢትዮዽያ (የቅ/ላሊበላ ወንድም),ገብረ ማርያም ጻድቅ ንጉሠ ኢትዮዽያ,monthly,WRONG_DATE,,GZ-MEL-151:መልክዐ ገብረ መንፈስ ቅዱስ በግእዝ | GZ-MEL-152:መልክዐ ገብረ መንፈስ ቅዱስ ካልዕ በግእዝ | GZ-MEL-153:መልክዐ ገብረ ክርስቶስ በግእዝ | AM-GDL-007:ገድለ አቡነ ገብረ መንፈስ ቅዱስ በአማርኛ,"1-5, 1-5, 1-5, 2-5, 2-5, 2-5, 2-14, 3-5, 3-5, 3-5"
7-16,196,ቅዱስ አኖሬዎስ ንጉሥ ጻድቅ,አኖሬዎስ ንጉሥ,monthly,WRONG_DATE,,GZ-ZNA-002:ዜናሁ ለንጉሥ ገላውዴዎስ በግእዝ | GZ-ZNA-003:ዜና ሕይወቱ ለንጉሥ ላልይበላ በግእዝ,7-27
7-16,196,አባ አቡናፍር ገዳማዊ,አቡናፍር ገዳማዊ,monthly,NO_BOOK,,,
7-16,196,አባ ዮሐንስ ወንጌሉ ዘወርቅ,ዮሐንስ ወንጌሉ ዘወርቅ,monthly,CORRECT,AM-MEL-021:መልክዐ አቡነ ዮሐንስ ጻድቅ በአማርኛ,AM-MEL-016:መልክዐ ቅዱስ ዮሐንስ ወንጌላዊ በአማርኛ | AM-MEL-020:መልክዐ አቡነ ዕጨጌ ዮሐንስ በአማርኛ | AM-MEL-021:መልክዐ አቡነ ዮሐንስ ጻድቅ በአማርኛ | AM-MEL-047:የቅዱስ ዮሐንስ 2ኛ መልክዕ በአማርኛ | AM-MEL-048:የቅዱስ ዮሐንስ መጥምቅ መልክዕ በአማርኛ | GZ-MEL-060:መልክዐ ቅዱስ ዮሐንስ መጥምቅ በግእዝ | GZ-MEL-061:መልክዐ ቅዱስ ዮሐንስ ካልእ በግእዝ | GZ-MEL-062:መልክዐ ቅዱስ ዮሐንስ ወንጌላዊ በግእዝ | GZ-MEL-104:መልክዐ አቡነ ዕጨጌ ዮሐንስ በግእዝ | GZ-MEL-109:መልክዐ አቡነ ዮሐንስ ከማ በግእዝ | GZ-MEL-110:መልክዐ አቡነ ዮሐንስ ዘድብረ ዳጋ በግእዝ | GZ-MEL-149:መልክዐ ዮሐንስ ወልደ ነጎድጓድ በግእዝ | GZ-MEL-150:መልክዐ ዮሐንስ ፍቁረ እግዚእ በግእዝ | AM-GDL-013:የቅዱስ ዮሐንስ ገድል በአማርኛ | GZ-GDL-018:ገድለ አቡነ ዮሐንስ በግእዝ | AM-GDL-027:ገድለ አቡነ እጨጌ ዮሐንስ ዘጸገሮ በአማርኛ,"1-1, 1-1, 1-2, 1-2, 1-4, 1-4, 1-4, 1-4, 1-4, 1-4"
7-16,196,አባ ዳንኤል ጻድቅ,ዳንኤል,monthly,WRONG_DATE,,GZ-MEL-114:መልክዐ አቡነ ዳንኤል በግእዝ | GZ-GDL-028:ገድለ አቡነ ዳንኤል በግእዝ,"3-6, 3-6"
7-17,197,ቅዱስ አልዓዛር ጻድቅ ሐዋርያ,አልዓዛር,annual,NO_BOOK,,,
7-17,197,ቅዱስ ቴዎቅሪጦስ አናጉንስጢስ (ሰማዕት),ቴዎቅሪጦስ አናጉንስጢስ,annual,NO_BOOK,,,
7-17,197,ቅዱስ ተላስስ ሰማዕት,ተላስስ,annual,NO_BOOK,,,
7-17,197,ቅዱስ ዮሴፍ ኤዺስ ቆዾስ,ዮሴፍ ኤዺስ ቆዾስ,annual,WRONG_DATE,,GZ-MEL-111:መልክዐ አቡነ ዮሴፍ በግእዝ | GZ-GDL-029:ገድለ አቡነ ዮሴፍ በግእዝ,"1-19, 1-19, 2-19, 2-19, 3-19, 3-19, 4-19, 4-19, 5-19, 5-19"
7-17,197,ቅዱስ ጊዮርጊስ መስተጋድል,ጊዮርጊስ መስተጋድል,annual,WRONG_DATE,,AM-MEL-051:የቅዱስ ጊዮርጊስ መልክዕ በአማርኛ | AM-MEL-065:ጸሎተ መልክዐ ሥቃዩ ለቅዱስ ጊዮርጊስ ሊቀ ሰማዕታት በአማርኛ | AM-MEL-066:ጸሎተ መልክዕ ዘቅዱስ ጊዮርጊስ ሊቀ ሰማዕታት በአማርኛ | AM-MEL-067:ጸሎተ መልክዕ ዘቅዱስ ጊዮርጊስ ሊቀ ሰማዕታት ካልዕ በአማርኛ | AM-SIB-001:ስብሐተ ፍቁር ዘቅዱስ ጊዮርጊስ ሊቀ ሰማዕታት በአማርኛ | GZ-MEL-036:መልክዐ ሥቃዩ ለጊዮርጊስ በግእዝ | GZ-MEL-065:መልክዐ ቅዱስ ጊዮርጊስ በግእዝ | GZ-MEL-123:መልክዐ አባ ጊዮርጊስ ዘጋሥጫ በግእዝ | GZ-MEL-154:መልክዐ ጊዮርጊስ በግእዝ | GZ-MEL-155:መልክዐ ጊዮርጊስ ካልዕ ወሥቃዩ በግእዝ | AM-GDL-001:ገድለ ቅዱስ አባ ጊዮርጊስ ዘጋሥጫ በአማርኛ | GZ-GDL-007:ገድለ ቅዱስ አባ ጊዮርጊስ ዘጋሥጫ በግእዝ | GZ-GDL-014:ገድለ ቅዱስ ጊዮርጊስ ሰማዕት በግእዝ | AM-GDL-018:ገድለ ቅዱስ ጊዮርጊስ ሰማዕት በአማርኛ,"1-7, 1-7, 1-7, 1-23, 1-23, 1-23, 1-23, 1-23, 1-23, 1-23"
7-17,197,ቅዱስ እስጢፋኖስ ሊቀ ዲያቆናት (ቀዳሜ ሰማዕት),እስጢፋኖስ ሊቀ ዲያቆናት,monthly,CORRECT,AM-MEL-045:የቅዱስ እስጢፋኖስ 2ኛ መልክዕ በአማርኛ | GZ-MEL-016:መልክዐ ሊቀ ሰማዕታት ቅዱስ እስጢፋኖስ በግእዝ | GZ-MEL-017:መልክዐ ሊቀ ሰማዕታት ቅዱስ እስጢፋኖስ ካልእ በግእዝ | AM-GDL-009:ገድለ ቅዱስ እስጢፋኖስ አማርኛ | GZ-GDL-022:ገድለ ቅዱስ እስጢፋኖስ በግእዝ,AM-MEL-045:የቅዱስ እስጢፋኖስ 2ኛ መልክዕ በአማርኛ | GZ-MEL-016:መልክዐ ሊቀ ሰማዕታት ቅዱስ እስጢፋኖስ በግእዝ | GZ-MEL-017:መልክዐ ሊቀ ሰማዕታት ቅዱስ እስጢፋኖስ ካልእ በግእዝ | AM-GDL-009:ገድለ ቅዱስ እስጢፋኖስ አማርኛ | GZ-GDL-022:ገድለ ቅዱስ እስጢፋኖስ በግእዝ,"1-15, 1-15, 1-15, 1-15, 1-15, 1-17, 1-17, 1-17, 1-17, 1-17"
7-17,197,ቅዱስ ያዕቆብ ሐዋርያ (ወልደ ዘብዴዎስ),ያዕቆብ ሐዋርያ,monthly,WRONG_DATE,,AM-MEL-022:መልክዐ አብርሃም ይሥሐቅ ያዕቆብ በአማርኛ | AM-MEL-033:የሐዋርያው የቅዱስ ታዴዎስ መልክዕ በአማርኛ | AM-MEL-046:የቅዱስ እንድርያስ ሐዋርያ መልክዕ በአማርኛ | GZ-MEL-023:መልክዐ ሐዋርያት በግእዝ | GZ-MEL-124:መልክዐ አብርሃም ይሥሐቅ ወያዕቆብ በግእዝ | GZ-MEL-137:መልክዐ እንድርያስ ሐዋርያ በግእዝ | GZ-GDL-017:ገድለ አቡነ ተክለ ሐዋርያት በግእዝ | GZ-GDL-032:መጽሐፈ ገድለ ቅዱሳን ሐዋርያት በግእዝ | AM-ZNA-003:ዜና ሐዋርያት በአማርኛ,"1-2, 1-4, 1-4, 1-28, 1-28, 2-2, 2-4, 2-4, 2-28, 2-28"
7-17,197,ቅዱስ ኤዺፋንዮስ ዘቆዽሮስ,ኤዺፋንዮስ ዘቆዽሮስ,monthly,NO_BOOK,,,
7-17,197,ቅዱሳን አበው መክሲሞስና ዱማቴዎስ,አበው መክሲሞስና ዱማቴዎስ,monthly,WRONG_DATE,,AM-ZNA-002:ዜና አበው በአማርኛ,"3-4, 5-26"
7-17,197,አባ ገሪማ ዘመደራ,ገሪማ ዘመደራ,monthly,CORRECT,AM-GDL-017:ገድለ አቡነ ገሪማ በአማርኛ,AM-GDL-017:ገድለ አቡነ ገሪማ በአማርኛ,"1-17, 2-17, 3-17, 4-17, 5-17, 6-17, 7-17, 8-17, 9-17, 10-17"
7-17,197,አባ ዸላሞን ፈላሢ,ዸላሞን ፈላሢ,monthly,NO_BOOK,,,
7-17,197,አባ ለትጹን የዋህ,ለትጹን የዋህ,monthly,NO_BOOK,,,
7-18,198,ቅዱስ ኤስድሮስ ሰማዕት,ኤስድሮስ,annual,NO_BOOK,,,
7-18,198,ቅዱስ ፊልዾስ ሐዋርያ,ፊልዾስ,monthly,NO_BOOK,,,
7-18,198,አቡነ ኤዎስጣቴዎስ ሰባኬ ሃይማኖት (ረባን),ኤዎስጣቴዎስ ሰባኬ ሃይማኖት,monthly,CORRECT,GZ-MEL-135:መልክዐ ኤዎስጣቴዎስ በግእዝ,AM-MEL-057:የአቡነ ተክለ ሃይማኖት 2ኛ መልክዕ በአማርኛ | AM-MEL-058:የአቡነ ተክለ ሃይማኖት መልክዕ በአማርኛ | GZ-MEL-068:መልክዐ ተክለ ሃይማኖት በግእዝ | GZ-MEL-069:መልክዐ ተክለ ሃይማኖት ካልእ በግእዝ | GZ-MEL-092:መልክዐ አቡነ ተክለ ሃይማኖት በግእዝ | GZ-MEL-135:መልክዐ ኤዎስጣቴዎስ በግእዝ | AM-GDL-004:ገድለ ተክለ ሃይማኖት በአማርኛ,"1-18, 1-24, 1-24, 1-24, 1-24, 1-24, 1-24, 2-18, 2-24, 2-24"
7-18,198,አቡነ አኖሬዎስ ዘደብረ ጽጋጋ,አኖሬዎስ ዘደብረ ጽጋጋ,monthly,NO_BOOK,,,
7-18,198,ማር ያዕቆብ ግብፃዊ,ማር ያዕቆብ ግብፃዊ,monthly,WRONG_DATE,,AM-MEL-022:መልክዐ አብርሃም ይሥሐቅ ያዕቆብ በአማርኛ | GZ-MEL-124:መልክዐ አብርሃም ይሥሐቅ ወያዕቆብ በግእዝ,"1-28, 1-28, 2-28, 2-28, 3-28, 3-28, 4-28, 4-28, 5-28, 5-28"
7-19,199,ቅዱስ አስከናፍር ሚስቱ ማርታ ልጆቹ አርቃድዮስና ዮሐንስ,አስከናፍር ሚስቱ ማርታ ልጆቹ አርቃድዮስና ዮሐንስ,annual,WRONG_DATE,,AM-MEL-016:መልክዐ ቅዱስ ዮሐንስ ወንጌላዊ በአማርኛ | AM-MEL-020:መልክዐ አቡነ ዕጨጌ ዮሐንስ በአማርኛ | AM-MEL-021:መልክዐ አቡነ ዮሐንስ ጻድቅ በአማርኛ | AM-MEL-047:የቅዱስ ዮሐንስ 2ኛ መልክዕ በአማርኛ | AM-MEL-048:የቅዱስ ዮሐንስ መጥምቅ መልክዕ በአማርኛ | GZ-MEL-060:መልክዐ ቅዱስ ዮሐንስ መጥምቅ በግእዝ | GZ-MEL-061:መልክዐ ቅዱስ ዮሐንስ ካልእ በግእዝ | GZ-MEL-062:መልክዐ ቅዱስ ዮሐንስ ወንጌላዊ በግእዝ | GZ-MEL-104:መልክዐ አቡነ ዕጨጌ ዮሐንስ በግእዝ | GZ-MEL-109:መልክዐ አቡነ ዮሐንስ ከማ በግእዝ | GZ-MEL-110:መልክዐ አቡነ ዮሐንስ ዘድብረ ዳጋ በግእዝ | GZ-MEL-149:መልክዐ ዮሐንስ ወልደ ነጎድጓድ በግእዝ | GZ-MEL-150:መልክዐ ዮሐንስ ፍቁረ እግዚእ በግእዝ | AM-GDL-013:የቅዱስ ዮሐንስ ገድል በአማርኛ | GZ-GDL-018:ገድለ አቡነ ዮሐንስ በግእዝ | AM-GDL-027:ገድለ አቡነ እጨጌ ዮሐንስ ዘጸገሮ በአማርኛ,"1-1, 1-1, 1-2, 1-2, 1-4, 1-4, 1-4, 1-4, 1-4, 1-4"
7-19,199,ቅዱስ አርስጥቦሎስ ሐዋርያ (ከ፯፪ቱ አርድእት-የቅ/ዻውሎስ ደቀ መዝሙር),አርስጥቦሎስ ሐዋርያ,annual,WRONG_DATE,,AM-MEL-033:የሐዋርያው የቅዱስ ታዴዎስ መልክዕ በአማርኛ | AM-MEL-046:የቅዱስ እንድርያስ ሐዋርያ መልክዕ በአማርኛ | GZ-MEL-023:መልክዐ ሐዋርያት በግእዝ | GZ-MEL-137:መልክዐ እንድርያስ ሐዋርያ በግእዝ | GZ-GDL-017:ገድለ አቡነ ተክለ ሐዋርያት በግእዝ | GZ-GDL-032:መጽሐፈ ገድለ ቅዱሳን ሐዋርያት በግእዝ | AM-ZNA-003:ዜና ሐዋርያት በአማርኛ,"1-2, 1-4, 1-4, 2-2, 2-4, 2-4, 3-2, 3-4, 3-4, 3-27"
7-19,199,ሰባቱ ቅዱሳን ሰማዕታት (ከተለያየ ቦታ ተሰብስበው በክርስቶስ ስም የሞቱ),ሰባቱ ቅዱሳን ሰማዕታት,annual,WRONG_DATE,,AM-DIR-001:የሰባቱ ሊቃነ መላእክት ድርሳን በአማርኛ | AM-LIT-001:የሰባቱ ዕለታት የነግህ ሊጦን በአማርኛ | AM-MEL-065:ጸሎተ መልክዐ ሥቃዩ ለቅዱስ ጊዮርጊስ ሊቀ ሰማዕታት በአማርኛ | AM-MEL-066:ጸሎተ መልክዕ ዘቅዱስ ጊዮርጊስ ሊቀ ሰማዕታት በአማርኛ | AM-MEL-067:ጸሎተ መልክዕ ዘቅዱስ ጊዮርጊስ ሊቀ ሰማዕታት ካልዕ በአማርኛ | AM-SIB-001:ስብሐተ ፍቁር ዘቅዱስ ጊዮርጊስ ሊቀ ሰማዕታት በአማርኛ | GZ-MEL-016:መልክዐ ሊቀ ሰማዕታት ቅዱስ እስጢፋኖስ በግእዝ | GZ-MEL-017:መልክዐ ሊቀ ሰማዕታት ቅዱስ እስጢፋኖስ ካልእ በግእዝ | AM-GDL-010:ገድለ ሰማዕታት በአማርኛ,"None-None, 1-13, 1-15, 1-15, 1-17, 1-17, 1-23, 1-23, 1-23, 1-23"
7-19,199,ቅዱስ ገብርኤል ሊቀ መላእክት,ገብርኤል ሊቀ መላእክት,monthly,CORRECT,AM-MEL-050:የቅዱስ ገብርኤል መልክዕ በአማርኛ | GZ-MEL-013:መልክዐ ሊቀ መላእክት ቅዱስ ገብርኤል በግእዝ | GZ-MEL-014:መልክዐ ሊቀ መላእክት ቅዱስ ገብርኤል ካልዕ (ደቅስዮስ) በግእዝ | AM-DRS-003:ድርሳነ ገብርኤል በአማርኛ | GZ-DRS-010:ድርሳነ ገብርኤል በግእዝ,AM-DIR-001:የሰባቱ ሊቃነ መላእክት ድርሳን በአማርኛ | AM-MEL-038:የቅዱሳን አእላፍ መላእክት 2ኛ መልክዕ በአማርኛ | AM-MEL-050:የቅዱስ ገብርኤል መልክዕ በአማርኛ | GZ-MEL-004:መልክዐ ሊቀ መላእክት ቅዱስ ሚካኤል ሣልስ በግእዝ | GZ-MEL-005:መልክዐ ሊቀ መላእክት ቅዱስ ሚካኤል ካልዕ በግእዝ | GZ-MEL-006:መልክዐ ሊቀ መላእክት ቅዱስ ሩፋኤል በግእዝ | GZ-MEL-007:መልክዐ ሊቀ መላእክት ቅዱስ ራጉኤል በግእዝ | GZ-MEL-008:መልክዐ ሊቀ መላእክት ቅዱስ ሱርያል በግእዝ | GZ-MEL-009:መልክዐ ሊቀ መላእክት ቅዱስ በግእዝ | GZ-MEL-010:መልክዐ ሊቀ መላእክት ቅዱስ አፍኒን በግእዝ | GZ-MEL-011:መልክዐ ሊቀ መላእክት ቅዱስ ዑራኤል በግእዝ | GZ-MEL-012:መልክዐ ሊቀ መላእክት ቅዱስ ዑራኤል ካልእ በግእዝ | GZ-MEL-013:መልክዐ ሊቀ መላእክት ቅዱስ ገብርኤል በግእዝ | GZ-MEL-014:መልክዐ ሊቀ መላእክት ቅዱስ ገብርኤል ካልዕ (ደቅስዮስ) በግእዝ | GZ-MEL-015:መልክዐ ሊቀ መላእክት ቅዱስ ፋኑኤል በግእዝ | GZ-MEL-125:መልክዐ አእላፍ መላእክት በግእዝ | GZ-MEL-126:መልክዐ አእላፍ መላእክት ካልእ በግእዝ | GZ-MEL-165:መልክዐ ሊቀ መላእክት ቅዱስ ሚካኤል ካልዕ በግእ | AM-DRS-003:ድርሳነ ገብርኤል በአማርኛ | GZ-DRS-010:ድርሳነ ገብርኤል በግእዝ,"1-1, 1-3, 1-9, 1-9, 1-9, 1-12, 1-12, 1-12, 1-12, 1-13"
7-19,199,ቅዱስ ኤስድሮስ ሰማዕት,ኤስድሮስ,monthly,NO_BOOK,,,
7-19,199,አቡነ ዓቢየ እግዚእ ጻድቅ,ዓቢየ እግዚእ,monthly,CORRECT,GZ-MEL-145:መልክዐ ዓቢየ እግዚእ በግእዝ,GZ-MEL-145:መልክዐ ዓቢየ እግዚእ በግእዝ,"1-19, 2-19, 3-19, 4-19, 5-19, 6-19, 7-19, 8-19, 9-19, 10-19"
7-19,199,አቡነ ስነ ኢየሱስ,ስነ ኢየሱስ,monthly,WRONG_DATE,,AM-MEL-002:መልክአ ኢየሱስ በአማርኛ | GZ-MEL-130:መልክዐ ኢየሱስ ሞዐ በግእዝ | GZ-MEL-131:መልክዐ ኢየሱስ በግእዝ | GZ-MEL-132:መልክዐ ኢየሱስ ካልዕ በግእዝ | AM-TAM-001:ተአምረ ኢየሱስ በአማርኛ | TI-TAM-001:ተአምረ ኢየሱስ ብትግርኛ | GZ-TAM-002:ተአምረ ኢየሱስ በግእዝ | AM-GDL-026:ገድለ አቡነ ኢየሱስ ሞዐ በአማርኛ,"1-26, 1-26, 1-29, 1-29, 1-29, 1-29, 1-29, 1-29, 2-26, 2-26"
7-19,199,አቡነ ዮሴፍ ብርሃነ ዓለም,ዮሴፍ ብርሃነ ዓለም,monthly,CORRECT,GZ-MEL-111:መልክዐ አቡነ ዮሴፍ በግእዝ | GZ-GDL-029:ገድለ አቡነ ዮሴፍ በግእዝ,AM-MEL-034:የመድኀኔ ዓለም 3ኛ መልክዕ በአማርኛ | AM-MEL-035:የመድኀኔ ዓለም መልክዕ በአማርኛ | GZ-MEL-001:ሐዲስ መልክዐ መድኃኔዓለም በግእዝ | GZ-MEL-027:መልክዐ መድኀኔ ዓለም ሣልስ በግዕዝ | GZ-MEL-028:መልክዐ መድኃኔ ዓለም በግእዝ | GZ-MEL-111:መልክዐ አቡነ ዮሴፍ በግእዝ | GZ-DRS-005:ድርሳነ መድኃኔ ዓለም በግእዝ | AM-DRS-004:ድርሳነ መድኃኔ ዓለም በአማርኛ | GZ-GDL-029:ገድለ አቡነ ዮሴፍ በግእዝ,"1-19, 1-19, 1-27, 1-27, 1-27, 1-27, 1-27, 1-27, 1-27, 2-19"
7-20,200,ቅዱስ አልዓዛር ጻድቅ ሐዋርያ (የጌታ ወዳጅ),አልዓዛር ጻድቅ ሐዋርያ,annual,WRONG_DATE,,AM-MEL-033:የሐዋርያው የቅዱስ ታዴዎስ መልክዕ በአማርኛ | AM-MEL-046:የቅዱስ እንድርያስ ሐዋርያ መልክዕ በአማርኛ | GZ-MEL-023:መልክዐ ሐዋርያት በግእዝ | GZ-MEL-137:መልክዐ እንድርያስ ሐዋርያ በግእዝ | GZ-GDL-017:ገድለ አቡነ ተክለ ሐዋርያት በግእዝ | GZ-GDL-032:መጽሐፈ ገድለ ቅዱሳን ሐዋርያት በግእዝ | AM-ZNA-003:ዜና ሐዋርያት በአማርኛ,"1-2, 1-4, 1-4, 2-2, 2-4, 2-4, 3-2, 3-4, 3-4, 3-27"
7-20,200,ቅድስትና ብጽዕት ሰማዕት አስጠራጦኒቃ (ከታላላቅ ሰማዕታት አንዱዋ),ቅድስትና ብጽዕት ሰማዕት አስጠራጦኒቃ,annual,NO_BOOK,,,
7-20,200,ቅዱሳን ሰማዕታት (የቅ/አስጠራጦኒቃ ማሕበር),ሰማዕታት,annual,WRONG_DATE,,AM-MEL-065:ጸሎተ መልክዐ ሥቃዩ ለቅዱስ ጊዮርጊስ ሊቀ ሰማዕታት በአማርኛ | AM-MEL-066:ጸሎተ መልክዕ ዘቅዱስ ጊዮርጊስ ሊቀ ሰማዕታት በአማርኛ | AM-MEL-067:ጸሎተ መልክዕ ዘቅዱስ ጊዮርጊስ ሊቀ ሰማዕታት ካልዕ በአማርኛ | AM-SIB-001:ስብሐተ ፍቁር ዘቅዱስ ጊዮርጊስ ሊቀ ሰማዕታት በአማርኛ | GZ-MEL-016:መልክዐ ሊቀ ሰማዕታት ቅዱስ እስጢፋኖስ በግእዝ | GZ-MEL-017:መልክዐ ሊቀ ሰማዕታት ቅዱስ እስጢፋኖስ ካልእ በግእዝ | AM-GDL-010:ገድለ ሰማዕታት በአማርኛ,"1-15, 1-15, 1-17, 1-17, 1-23, 1-23, 1-23, 1-23, 2-17, 2-17"
7-20,200,እናታችን ቅድስት ጽጌ- ሥላሴ (ኢትዮዽያዊት),እናታችን ቅድስት ጽጌ- ሥላሴ,annual,WRONG_DATE,,AM-MEL-010:መልክዐ ሥላሴ በአማርኛ | AM-SEY-002:ሰይፈ ሥላሴ በአማርኛ | GZ-HIB-001:ኅብረ ሥላሴ በግእዝ | GZ-MEL-035:መልክዐ ሥላሴ በግእዝ | GZ-MEL-077:መልክዐ አቡነ መዝገበ ሥላሴ በግእዝ | GZ-SEY-002:ሰይፈ ሥላሴ በግእዝ | AM-ZNA-001:ዜና ሥላሴ በአማርኛ | GZ-ZNA-004:ዜና ሥላሴ በግእዝ | GZ-TAM-003:ተአምራቲሆሙ ለሥላሴ,"None-None, None-None, None-None, None-None, None-None, None-None, None-None, 1-7, 2-7, 2-9"
7-20,200,ቅዱስ አስቃራን ሰማዕት,አስቃራን,annual,NO_BOOK,,,
7-20,200,አባ ሚካኤል ሊቀ ዻዻሳት,ሚካኤል ሊቀ ዻዻሳት,annual,WRONG_DATE,,AM-MEL-006:መልክዐ ሚካኤል በአማርኛ | AM-MEL-041:የቅዱስ ሚካኤል 3ኛ መልክዕ በአማርኛ | GZ-MEL-004:መልክዐ ሊቀ መላእክት ቅዱስ ሚካኤል ሣልስ በግእዝ | GZ-MEL-005:መልክዐ ሊቀ መላእክት ቅዱስ ሚካኤል ካልዕ በግእዝ | GZ-MEL-083:መልክዐ አቡነ ሰይፈ ሚካኤል በግእዝ | GZ-MEL-121:መልክዐ አባ በጸሎተ ሚካኤል በግእዝ | GZ-MEL-165:መልክዐ ሊቀ መላእክት ቅዱስ ሚካኤል ካልዕ በግእ | AM-GDL-011:ገድለ አቡነ በጸሎተ ሚካኤል በአማርኛ | GZ-GDL-015:ገድለ አቡነ በጸሎተ ሚካኤል በግእዝ | GZ-DRS-008:ድርሳነ ሚካኤል በግእዝ | AM-DRS-009:ድርሳነ ሚካኤል በአማርኛ | GZ-GDL-034:ገድለ አቡነ ፍሬ ሚካኤል በግእዝ,"1-9, 1-9, 1-9, 1-9, 1-9, 1-9, 1-9, 1-12, 1-12, 1-12"
7-20,200,ቅዱስ ቴዎድሮስ ሊቀ ሠራዊት (ሰማዕት),ቴዎድሮስ ሊቀ ሠራዊት,monthly,CORRECT,GZ-MEL-040:መልክዐ ሰማዕት ቅዱስ ቴዎድሮስ በግእዝ | GZ-GDL-030:ገድለ ቅዱስ ቴዎድሮስ በግእዝ | GZ-GDL-031:ገድለ ሰማዕት ቅዱስ ቴዎድሮስ በግእዝ | AM-GDL-030:ገድለ ሰማዕት ቅዱስ ቴዎድሮስ በአማርኛ,GZ-MEL-040:መልክዐ ሰማዕት ቅዱስ ቴዎድሮስ በግእዝ | GZ-GDL-030:ገድለ ቅዱስ ቴዎድሮስ በግእዝ | GZ-GDL-031:ገድለ ሰማዕት ቅዱስ ቴዎድሮስ በግእዝ | AM-GDL-030:ገድለ ሰማዕት ቅዱስ ቴዎድሮስ በአማርኛ,"1-12, 1-12, 1-12, 1-12, 1-20, 1-20, 1-20, 1-20, 2-12, 2-12"
7-20,200,ቅዱስ ዮሐንስ ሐፂር,ዮሐንስ ሐፂር,monthly,WRONG_DATE,,AM-MEL-016:መልክዐ ቅዱስ ዮሐንስ ወንጌላዊ በአማርኛ | AM-MEL-020:መልክዐ አቡነ ዕጨጌ ዮሐንስ በአማርኛ | AM-MEL-021:መልክዐ አቡነ ዮሐንስ ጻድቅ በአማርኛ | AM-MEL-047:የቅዱስ ዮሐንስ 2ኛ መልክዕ በአማርኛ | AM-MEL-048:የቅዱስ ዮሐንስ መጥምቅ መልክዕ በአማርኛ | GZ-MEL-060:መልክዐ ቅዱስ ዮሐንስ መጥምቅ በግእዝ | GZ-MEL-061:መልክዐ ቅዱስ ዮሐንስ ካልእ በግእዝ | GZ-MEL-062:መልክዐ ቅዱስ ዮሐንስ ወንጌላዊ በግእዝ | GZ-MEL-104:መልክዐ አቡነ ዕጨጌ ዮሐንስ በግእዝ | GZ-MEL-109:መልክዐ አቡነ ዮሐንስ ከማ በግእዝ | GZ-MEL-110:መልክዐ አቡነ ዮሐንስ ዘድብረ ዳጋ በግእዝ | GZ-MEL-149:መልክዐ ዮሐንስ ወልደ ነጎድጓድ በግእዝ | GZ-MEL-150:መልክዐ ዮሐንስ ፍቁረ እግዚእ በግእዝ | AM-GDL-013:የቅዱስ ዮሐንስ ገድል በአማርኛ | GZ-GDL-018:ገድለ አቡነ ዮሐንስ በግእዝ | AM-GDL-027:ገድለ አቡነ እጨጌ ዮሐንስ ዘጸገሮ በአማርኛ,"1-1, 1-1, 1-2, 1-2, 1-4, 1-4, 1-4, 1-4, 1-4, 1-4"
7-20,200,ቅዱስ አክሎግ ቀሲስ,አክሎግ ቀሲስ,monthly,NO_BOOK,,,
7-20,200,ቅዱስ አፄ ካሌብ ጻድቅ (ንጉሠ ኢትዮዽያ),አፄ ካሌብ ጻድቅ,monthly,WRONG_DATE,,AM-MEL-003:መልክዐ ለአቡነ አቢብ ጻድቅ በአማርኛ | AM-MEL-021:መልክዐ አቡነ ዮሐንስ ጻድቅ በአማርኛ | AM-MEL-060:የአቡነ አባለ ክርስቶስ ጻድቅ መልክዕ በአማርኛ,"1-16, 1-25, 2-16, 2-25, 3-16, 3-25, 4-16, 4-19, 4-25, 5-16"
7-20,200,አባ አሞንዮስ ዘሃገረ ቶና,አሞንዮስ ዘሃገረ ቶና,monthly,NO_BOOK,,,
7-20,200,ቅድስት ሳድዥ የዋሒት,ሳድዥ የዋሒት,monthly,NO_BOOK,,,
7-21,201,ቅዱሱ ቤተሰብ (አልዓዛር ማርያና ማርታ),ቅዱሱ ቤተሰብ,annual,NO_BOOK,,,
7-21,201,አባታችን ላሜኅ (የማቱሳላ ልጅ-የጻድቁ ኖኅ አባት),አባታችን ላሜኅ,annual,WRONG_DATE,,AM-MEL-063:የአባታችን አብርሃም መልክዕ በአማርኛ,"11-7, 12-28"
7-21,201,ቅዱስ ቴዎድሮስ ሰማዕት,ቴዎድሮስ,annual,WRONG_DATE,,GZ-MEL-040:መልክዐ ሰማዕት ቅዱስ ቴዎድሮስ በግእዝ | GZ-GDL-030:ገድለ ቅዱስ ቴዎድሮስ በግእዝ | GZ-GDL-031:ገድለ ሰማዕት ቅዱስ ቴዎድሮስ በግእዝ | AM-GDL-030:ገድለ ሰማዕት ቅዱስ ቴዎድሮስ በአማርኛ,"1-12, 1-12, 1-12, 1-12, 1-20, 1-20, 1-20, 1-20, 2-12, 2-12"
7-21,201,ቅዱስ ጢሞቴዎስ ሰማዕት,ጢሞቴዎስ,annual,NO_BOOK,,,
7-21,201,ቅድስት ድንግል እመቤታችን ማርያም,ድንግል እመቤታችን ማርያም,monthly,CORRECT,AM-LAH-001:ላሐ ማርያም በአማርኛ | AM-MEL-008:መልክዐ ማርያም ሣልሲት በአማርኛ | AM-MEL-009:መልክዐ ማርያም በአማርኛ | AM-MEL-064:የጽዮን ማርያም 3ኛ መልክዕ በአማርኛ | AM-RAY-001:ራዕየ ማርያም በአማርኛ | GZ-ETA-001:እትአመነኪ ማርያም በሰማይ ወበምድር በግእዝ | GZ-LAH-001:ላሐ ማርያም በግእዝ | GZ-MEL-002:መልከዐ ማርያም ዳግሚት በግእዝ | GZ-MEL-031:መልክዐ ማርያም ሣልሲት በግእዝ | GZ-MEL-032:መልክዐ ማርያም በግእዝ | GZ-MEL-161:መልክዐ ጽዮን ማርያም ሣልስ በግእዝ | TI-RAY-001:ራእየ ማርያም ብትግርኛ | GZ-TAM-001:ተአምረ ማርያም በግእዝ | AM-TAM-002:ተአምረ ማርያም በአማርኛ,AM-LAH-001:ላሐ ማርያም በአማርኛ | AM-MEL-008:መልክዐ ማርያም ሣልሲት በአማርኛ | AM-MEL-009:መልክዐ ማርያም በአማርኛ | AM-MEL-017:መልክዐ ቅድስት ጸበለ ማርያም በአማርኛ | AM-MEL-019:መልክዐ አቡነ ሐራ ድንግል በአማርኛ | AM-MEL-064:የጽዮን ማርያም 3ኛ መልክዕ በአማርኛ | AM-RAY-001:ራዕየ ማርያም በአማርኛ | AM-WUD-002:ውዳሴ ማርያም በአማርኛ | GZ-ETA-001:እትአመነኪ ማርያም በሰማይ ወበምድር በግእዝ | GZ-LAH-001:ላሐ ማርያም በግእዝ | GZ-MEL-002:መልከዐ ማርያም ዳግሚት በግእዝ | GZ-MEL-021:መልክዐ ሐራ ድንግል በግእዝ | GZ-MEL-031:መልክዐ ማርያም ሣልሲት በግእዝ | GZ-MEL-032:መልክዐ ማርያም በግእዝ | GZ-MEL-070:መልክዐ ተክለ ማርያም ዘይሰመይ መብዓ ጽዮን በግእዝ | GZ-MEL-099:መልክዐ አቡነ አብሳዲ ዘደብረ ማርያም በግእዝ | GZ-MEL-159:መልክዐ ጸበለ ማርያም ቅድስት በግእዝ | GZ-MEL-161:መልክዐ ጽዮን ማርያም ሣልስ በግእዝ | GZ-WUD-002:ውዳሴ ማርያም በግእዝ | TI-RAY-001:ራእየ ማርያም ብትግርኛ | TI-WUD-001:ውዳሴ ማርያም ብትግርኛ | AM-GDL-002:ገድለ ማርያም እንተ ዕፍረት በአማርኛ | GZ-TAM-001:ተአምረ ማርያም በግእዝ | AM-GDL-003:ገድለ ማርያም መግደላዊት በአማርኛ | GZ-MTS-001:መጽሐፈ ልደታ ለማርያም በግእዝ | AM-TAM-002:ተአምረ ማርያም በአማርኛ,"None-None, None-None, None-None, 1-1, 1-11, 1-11, 1-21, 1-21, 1-21, 1-21"
7-21,201,አበው ጎርጎርዮሳት,አበው ጎርጎርዮሳት,monthly,WRONG_DATE,,AM-ZNA-002:ዜና አበው በአማርኛ,"3-4, 5-26"
7-21,201,አቡነ ምዕመነ ድንግል,ምዕመነ ድንግል,monthly,WRONG_DATE,,AM-MEL-019:መልክዐ አቡነ ሐራ ድንግል በአማርኛ | GZ-MEL-021:መልክዐ ሐራ ድንግል በግእዝ,"1-11, 1-11, 2-11, 2-11, 3-11, 3-11, 4-11, 4-11, 5-11, 5-11"
7-21,201,አቡነ አምደ ሥላሴ,አምደ ሥላሴ,monthly,WRONG_DATE,,AM-MEL-010:መልክዐ ሥላሴ በአማርኛ | AM-SEY-002:ሰይፈ ሥላሴ በአማርኛ | GZ-HIB-001:ኅብረ ሥላሴ በግእዝ | GZ-MEL-035:መልክዐ ሥላሴ በግእዝ | GZ-MEL-077:መልክዐ አቡነ መዝገበ ሥላሴ በግእዝ | GZ-SEY-002:ሰይፈ ሥላሴ በግእዝ | AM-ZNA-001:ዜና ሥላሴ በአማርኛ | GZ-ZNA-004:ዜና ሥላሴ በግእዝ | GZ-TAM-003:ተአምራቲሆሙ ለሥላሴ,"None-None, None-None, None-None, None-None, None-None, None-None, None-None, 1-7, 2-7, 2-9"
7-21,201,አባ አሮን ሶርያዊ,አሮን ሶርያዊ,monthly,WRONG_DATE,,GZ-MEL-128:መልክዐ አᎄነ አሮን መንክራዌ በግእዝ | GZ-GDL-024:ገድለ አቡነ አሮን መንክራዊ ግእዝ | AM-GDL-028:ገድለ አቡነ አሮን መንክራዊ በአማርኛ,"1-5, 1-5, 1-5, 2-5, 2-5, 2-5, 3-5, 3-5, 3-5, 4-5"
7-21,201,አባ መርትያኖስ ጻድቅ,መርትያኖስ,monthly,NO_BOOK,,,
7-22,202,ቅዱሳን ሐዋርያት ንጹሐን አርድእትና ቅዱሳት አንስት (የጌታችን ፩፳ ቤተሰቦች),ሐዋርያት ንጹሐን አርድእትና ቅዱሳት አንስት,annual,WRONG_DATE,,GZ-MEL-023:መልክዐ ሐዋርያት በግእዝ | GZ-GDL-017:ገድለ አቡነ ተክለ ሐዋርያት በግእዝ | GZ-GDL-032:መጽሐፈ ገድለ ቅዱሳን ሐዋርያት በግእዝ | AM-ZNA-003:ዜና ሐዋርያት በአማርኛ,"3-27, 11-5, 11-5, 11-5, 12-15, 12-15, 12-15"
7-22,202,ቅዱስ ቄርሎስ መንፈሳዊ,ቄርሎስ መንፈሳዊ,annual,NO_BOOK,,,
7-22,202,ቅዱስ ዑራኤል ሊቀ መላእክት,ዑራኤል ሊቀ መላእክት,monthly,CORRECT,GZ-MEL-011:መልክዐ ሊቀ መላእክት ቅዱስ ዑራኤል በግእዝ | GZ-MEL-012:መልክዐ ሊቀ መላእክት ቅዱስ ዑራኤል ካልእ በግእዝ | GZ-DRS-001:ድርሳነ ዑራኤል በግእዝ | AM-DRS-006:ድርሳነ ዑራኤል በአማርኛ,AM-DIR-001:የሰባቱ ሊቃነ መላእክት ድርሳን በአማርኛ | AM-MEL-038:የቅዱሳን አእላፍ መላእክት 2ኛ መልክዕ በአማርኛ | GZ-MEL-004:መልክዐ ሊቀ መላእክት ቅዱስ ሚካኤል ሣልስ በግእዝ | GZ-MEL-005:መልክዐ ሊቀ መላእክት ቅዱስ ሚካኤል ካልዕ በግእዝ | GZ-MEL-006:መልክዐ ሊቀ መላእክት ቅዱስ ሩፋኤል በግእዝ | GZ-MEL-007:መልክዐ ሊቀ መላእክት ቅዱስ ራጉኤል በግእዝ | GZ-MEL-008:መልክዐ ሊቀ መላእክት ቅዱስ ሱርያል በግእዝ | GZ-MEL-009:መልክዐ ሊቀ መላእክት ቅዱስ በግእዝ | GZ-MEL-010:መልክዐ ሊቀ መላእክት ቅዱስ አፍኒን በግእዝ | GZ-MEL-011:መልክዐ ሊቀ መላእክት ቅዱስ ዑራኤል በግእዝ | GZ-MEL-012:መልክዐ ሊቀ መላእክት ቅዱስ ዑራኤል ካልእ በግእዝ | GZ-MEL-013:መልክዐ ሊቀ መላእክት ቅዱስ ገብርኤል በግእዝ | GZ-MEL-014:መልክዐ ሊቀ መላእክት ቅዱስ ገብርኤል ካልዕ (ደቅስዮስ) በግእዝ | GZ-MEL-015:መልክዐ ሊቀ መላእክት ቅዱስ ፋኑኤል በግእዝ | GZ-MEL-125:መልክዐ አእላፍ መላእክት በግእዝ | GZ-MEL-126:መልክዐ አእላፍ መላእክት ካልእ በግእዝ | GZ-MEL-165:መልክዐ ሊቀ መላእክት ቅዱስ ሚካኤል ካልዕ በግእ | GZ-DRS-001:ድርሳነ ዑራኤል በግእዝ | AM-DRS-006:ድርሳነ ዑራኤል በአማርኛ,"1-1, 1-3, 1-9, 1-9, 1-9, 1-12, 1-12, 1-12, 1-12, 1-13"
7-22,202,ቅዱስ ሉቃስ ወንጌላዊ,ሉቃስ ወንጌላዊ,monthly,WRONG_DATE,,AM-MEL-016:መልክዐ ቅዱስ ዮሐንስ ወንጌላዊ በአማርኛ | GZ-MEL-062:መልክዐ ቅዱስ ዮሐንስ ወንጌላዊ በግእዝ,"1-4, 1-4, 1-29, 1-29, 2-4, 2-4, 3-4, 3-4, 4-4, 4-4"
7-22,202,ቅዱስ ደቅስዮስ (የእመቤታችን ወዳጅ),ደቅስዮስ,monthly,WRONG_DATE,,GZ-MEL-014:መልክዐ ሊቀ መላእክት ቅዱስ ገብርኤል ካልዕ (ደቅስዮስ) በግእዝ,"1-19, 2-19, 3-19, 4-19, 4-22, 5-19, 6-19, 7-19, 7-30, 8-19"
7-22,202,አባ እንጦንዮስ (አበ መነኮሳት),እንጦንዮስ,monthly,WRONG_DATE,,GZ-MEL-138:መልክዐ እንጦንዮስ በግእዝ,"5-22, 7-6, 11-22"
7-22,202,አባ ዻውሊ የዋህ,ዻውሊ የዋህ,monthly,NO_BOOK,,,
7-23,203,ነቢየ እግዚአብሔር ቅዱስ ዳንኤል (የስሙ ትርጏሜ- እግዚአብሔር ፈራጅ ነው ማለት ነው),ነቢየ እግዚአብሔር ቅዱስ ዳንኤል,annual,WRONG_DATE,,GZ-MEL-114:መልክዐ አቡነ ዳንኤል በግእዝ | GZ-GDL-028:ገድለ አቡነ ዳንኤል በግእዝ,"3-6, 3-6"
7-23,203,ልበ አምላክ ቅዱስ ዳዊት,ልበ አምላክ ቅዱስ ዳዊት,monthly,CORRECT,AM-MEL-049:የቅዱስ ዳዊት መልክዕ በአማርኛ | GZ-MEL-064:መልክዐ ቅዱስ ዳዊት በግእዝ,AM-MEL-049:የቅዱስ ዳዊት መልክዕ በአማርኛ | AM-MZM-001:መዝሙረ ዳዊት በአማርኛ | AM-WUD-003:ውዳሴ አምላክ በአማርኛ | GZ-MEL-064:መልክዐ ቅዱስ ዳዊት በግእዝ | GZ-MEL-088:መልክዐ አቡነ ቡሩከ አምላክ ዘደብረ ኮል በግእዝ | GZ-MEL-089:መልክዐ አቡነ ብፁዓ አምላክ ዘደብረ ምዕዋን ወዘደብረ ኰዳዱ በግእዝ | GZ-MZM-004:መዝሙረ ዳዊት በግእዝ | TI-MZM-001:መዝሙረ ዳዊት ብትግርኛ | TI-WUD-002:ውዳሴ አምላክ ብትግርኛ,"None-None, None-None, None-None, None-None, None-None, 1-23, 1-23, 2-23, 2-23, 3-23"
7-23,203,ቅዱስ ጊዮርጊስ ሊቀ ሰማዕታት,ጊዮርጊስ ሊቀ ሰማዕታት,monthly,CORRECT,AM-MEL-065:ጸሎተ መልክዐ ሥቃዩ ለቅዱስ ጊዮርጊስ ሊቀ ሰማዕታት በአማርኛ | AM-MEL-066:ጸሎተ መልክዕ ዘቅዱስ ጊዮርጊስ ሊቀ ሰማዕታት በአማርኛ | AM-MEL-067:ጸሎተ መልክዕ ዘቅዱስ ጊዮርጊስ ሊቀ ሰማዕታት ካልዕ በአማርኛ | AM-SIB-001:ስብሐተ ፍቁር ዘቅዱስ ጊዮርጊስ ሊቀ ሰማዕታት በአማርኛ,AM-MEL-065:ጸሎተ መልክዐ ሥቃዩ ለቅዱስ ጊዮርጊስ ሊቀ ሰማዕታት በአማርኛ | AM-MEL-066:ጸሎተ መልክዕ ዘቅዱስ ጊዮርጊስ ሊቀ ሰማዕታት በአማርኛ | AM-MEL-067:ጸሎተ መልክዕ ዘቅዱስ ጊዮርጊስ ሊቀ ሰማዕታት ካልዕ በአማርኛ | AM-SIB-001:ስብሐተ ፍቁር ዘቅዱስ ጊዮርጊስ ሊቀ ሰማዕታት በአማርኛ,"1-23, 1-23, 1-23, 1-23, 2-23, 2-23, 2-23, 2-23, 3-7, 3-7"
7-23,203,ቅዱስ ሰሎሞን ንጉሠ እስራኤል,ሰሎሞን ንጉሠ እስራኤል,monthly,WRONG_DATE,,GZ-TBB-001:ጥበበ ሰሎሞን በግእዝ,
7-23,203,አባ ጢሞቴዎስ ገዳማዊ,ጢሞቴዎስ ገዳማዊ,monthly,NO_BOOK,,,
7-23,203,አባ ሳሙኤል,ሳሙኤል,monthly,WRONG_DATE,,AM-MEL-054:የአቡነ ሳሙኤል ዘዋልድባ መልክዕ በአማርኛ | AM-MEL-055:የአቡነ ሳሙኤል ዘዋልድባ ኹለተኛ መልክዕ በአማርኛ | GZ-MEL-084:መልክዐ አቡነ ሳሙኤል በግእዝ ሣልስ በግእዝ | GZ-MEL-085:መልክዐ አቡነ ሳሙኤል ዘዋልድባ በግእዝ | GZ-MEL-086:መልክዐ አቡነ ሳሙኤል ዘዋልድባ ካልዕ በግእዝ,"1-12, 1-12, 1-12, 1-12, 1-12, 2-12, 2-12, 2-12, 2-12, 2-12"
7-23,203,አባ ስምዖን,ስምዖን,monthly,NO_BOOK,,,
7-23,203,አባ ገብርኤል,ገብርኤል,monthly,WRONG_DATE,,AM-MEL-050:የቅዱስ ገብርኤል መልክዕ በአማርኛ | GZ-MEL-013:መልክዐ ሊቀ መላእክት ቅዱስ ገብርኤል በግእዝ | GZ-MEL-014:መልክዐ ሊቀ መላእክት ቅዱስ ገብርኤል ካልዕ (ደቅስዮስ) በግእዝ | AM-DRS-003:ድርሳነ ገብርኤል በአማርኛ | GZ-DRS-010:ድርሳነ ገብርኤል በግእዝ,"1-19, 1-19, 1-19, 1-19, 1-19, 2-19, 2-19, 2-19, 2-19, 2-19"
7-24,204,ቅዱስ ተክለ ሃይማኖት (ጽንሰቱ),ተክለ ሃይማኖት,annual,CORRECT,AM-MEL-057:የአቡነ ተክለ ሃይማኖት 2ኛ መልክዕ በአማርኛ | AM-MEL-058:የአቡነ ተክለ ሃይማኖት መልክዕ በአማርኛ | GZ-MEL-068:መልክዐ ተክለ ሃይማኖት በግእዝ | GZ-MEL-069:መልክዐ ተክለ ሃይማኖት ካልእ በግእዝ | GZ-MEL-092:መልክዐ አቡነ ተክለ ሃይማኖት በግእዝ | AM-GDL-004:ገድለ ተክለ ሃይማኖት በአማርኛ,AM-MEL-057:የአቡነ ተክለ ሃይማኖት 2ኛ መልክዕ በአማርኛ | AM-MEL-058:የአቡነ ተክለ ሃይማኖት መልክዕ በአማርኛ | GZ-MEL-068:መልክዐ ተክለ ሃይማኖት በግእዝ | GZ-MEL-069:መልክዐ ተክለ ሃይማኖት ካልእ በግእዝ | GZ-MEL-092:መልክዐ አቡነ ተክለ ሃይማኖት በግእዝ | AM-GDL-004:ገድለ ተክለ ሃይማኖት በአማርኛ,"1-24, 1-24, 1-24, 1-24, 1-24, 1-24, 2-24, 2-24, 2-24, 2-24"
7-24,204,ቅዱሳን እግዚእ ኃረያና ጸጋ ዘአብ,እግዚእ ኃረያና ጸጋ ዘአብ,annual,WRONG_DATE,,GZ-MEL-078:መልክዐ አቡነ መድኃኒነ እግዚእ በግእዝ | GZ-MEL-100:መልክዐ አቡነ አፍቅረነ እግዚእ በግእዝ | GZ-MEL-145:መልክዐ ዓቢየ እግዚእ በግእዝ | GZ-MEL-150:መልክዐ ዮሐንስ ፍቁረ እግዚእ በግእዝ,"1-3, 1-4, 1-19, 1-29, 2-3, 2-4, 2-19, 3-3, 3-4, 3-19"
7-24,204,ቅዱስ አባ መቃርስ ሊቀ ዻዻሳት,መቃርስ ሊቀ ዻዻሳት,annual,NO_BOOK,,,
7-24,204,ቅዱስ አጋቢጦስ ጻድቅ,አጋቢጦስ,monthly,NO_BOOK,,,
7-24,204,ቅድስት ክርስቶስ ሠምራ,ክርስቶስ ሠምራ,monthly,CORRECT,GZ-MEL-143:መልክዐ ክርስቶስ ሠምራ በግእዝ | AM-GDL-005:ገድለ ቅድስት ክርስቶስ ሠምራ በአማርኛ | GZ-GDL-019:ገድለ ቅድስት ክርስቶስ ሠምራ በግእዝ,GZ-MEL-143:መልክዐ ክርስቶስ ሠምራ በግእዝ | AM-GDL-005:ገድለ ቅድስት ክርስቶስ ሠምራ በአማርኛ | GZ-GDL-019:ገድለ ቅድስት ክርስቶስ ሠምራ በግእዝ,"1-24, 1-24, 1-24, 2-24, 2-24, 2-24, 3-24, 3-24, 3-24, 4-24"
7-24,204,ቅዱስ ሙሴ ፀሊም,ሙሴ ፀሊም,monthly,NO_BOOK,,,
7-24,204,ቅዱስ ቶማስ ዘመርዐስ,ቶማስ ዘመርዐስ,monthly,WRONG_DATE,,GZ-MEL-094:መልክዐ አቡነ ቶማስ ዘዘናቁዴ በግእዝ,3-3
7-24,204,ቅዱስ አብላርዮስ ታላቁ,አብላርዮስ ታላቁ,monthly,NO_BOOK,,,
7-24,204,"""፳፬ቱ"" ካኅናተ ሰማይ","""፳፬ቱ"" ካኅናተ ሰማይ",monthly,CORRECT,GZ-MEL-142:መልክዐ ካህናተ ሰማይ በግእዝ,AM-MEN-001:መንገደ ሰማይ በአማርኛ | AM-ETA-001:በሰማይ ወበምድር በአማርኛ | GZ-ETA-001:እትአመነኪ ማርያም በሰማይ ወበምድር በግእዝ | GZ-MEL-142:መልክዐ ካህናተ ሰማይ በግእዝ,"None-None, 1-21, 1-24, 2-21, 2-24, 3-21, 3-24, 4-21, 4-24, 5-21"
7-25,205,ቅዱስ አንሲፎሮስ ሐዋርያ (ከ፯፪ቱ አርድእት),አንሲፎሮስ ሐዋርያ,annual,WRONG_DATE,,AM-MEL-033:የሐዋርያው የቅዱስ ታዴዎስ መልክዕ በአማርኛ | AM-MEL-046:የቅዱስ እንድርያስ ሐዋርያ መልክዕ በአማርኛ | GZ-MEL-023:መልክዐ ሐዋርያት በግእዝ | GZ-MEL-137:መልክዐ እንድርያስ ሐዋርያ በግእዝ | GZ-GDL-017:ገድለ አቡነ ተክለ ሐዋርያት በግእዝ | GZ-GDL-032:መጽሐፈ ገድለ ቅዱሳን ሐዋርያት በግእዝ | AM-ZNA-003:ዜና ሐዋርያት በአማርኛ,"1-2, 1-4, 1-4, 2-2, 2-4, 2-4, 3-2, 3-4, 3-4, 3-27"
7-25,205,ቅዱስ መርቆሬዎስ ሰማዕት,መርቆሬዎስ,monthly,CORRECT,GZ-MEL-039:መልክዐ ሰማዕት ቅዱስ መርቆሬዎስ በግእዝ | GZ-GDL-002:ገድለ ሰማዕት ቅዱስ መርቆሬዎስ በግእዝ | AM-GDL-015:ገድለ ሰማዕት ቅዱስ መርቆሬዎስ በአማርኛ,GZ-MEL-039:መልክዐ ሰማዕት ቅዱስ መርቆሬዎስ በግእዝ | GZ-MEL-076:መልክዐ አቡነ መርቆሬዎስ ዘደብረ ድማኅ በግእዝ | GZ-GDL-002:ገድለ ሰማዕት ቅዱስ መርቆሬዎስ በግእዝ | AM-GDL-015:ገድለ ሰማዕት ቅዱስ መርቆሬዎስ በአማርኛ,"1-25, 1-25, 1-25, 2-25, 2-25, 2-25, 3-25, 3-25, 3-25, 4-16"
7-25,205,ቅድስት ቴክላ ሐዋርያዊት,ቴክላ ሐዋርያዊት,monthly,NO_BOOK,,,
7-25,205,ቅዱስ አበከረዙን ሰማዕት,አበከረዙን,monthly,NO_BOOK,,,
7-25,205,ቅዱስ ዱማድዮስ ሶርያዊ,ዱማድዮስ ሶርያዊ,monthly,NO_BOOK,,,
7-25,205,አቡነ አቢብ (አባ ቡላ),አቢብ,monthly,CORRECT,AM-MEL-003:መልክዐ ለአቡነ አቢብ ጻድቅ በአማርኛ | AM-MEL-059:የአቡነ አቢብ መልክዕ በአማርኛ | GZ-MEL-095:መልክዐ አቡነ አቢብ በግእዝ | AM-GDL-024:ገድለ ቅዱስ አቡነ አቢብ በአማርኛ,AM-MEL-003:መልክዐ ለአቡነ አቢብ ጻድቅ በአማርኛ | AM-MEL-059:የአቡነ አቢብ መልክዕ በአማርኛ | GZ-MEL-095:መልክዐ አቡነ አቢብ በግእዝ | AM-GDL-024:ገድለ ቅዱስ አቡነ አቢብ በአማርኛ,"1-25, 1-25, 1-25, 1-25, 2-25, 2-25, 2-25, 2-25, 3-25, 3-25"
7-25,205,ቅዱስ አባ አቡፋና ጻድቅ,አቡፋና,monthly,NO_BOOK,,,
7-26,206,ቅዱሳን ሐርያት,ሐርያት,annual,NO_BOOK,,,
7-26,206,ቅድስት ድንግል ኢዮዸራቅስያ,ድንግል ኢዮዸራቅስያ,annual,WRONG_DATE,,AM-MEL-019:መልክዐ አቡነ ሐራ ድንግል በአማርኛ | GZ-MEL-021:መልክዐ ሐራ ድንግል በግእዝ,"1-11, 1-11, 2-11, 2-11, 3-11, 3-11, 4-11, 4-11, 5-11, 5-11"
7-26,206,ቅዱስ ፍርፍርዮስ ሰማዕት,ፍርፍርዮስ,annual,NO_BOOK,,,
7-26,206,ቅዱስ ቶማስ ሐዋርያ,ቶማስ,monthly,WRONG_DATE,,GZ-MEL-094:መልክዐ አቡነ ቶማስ ዘዘናቁዴ በግእዝ,3-3
7-26,206,አቡነ ሐብተ ማርያም ጻድቅ,ሐብተ ማርያም,monthly,WRONG_DATE,,AM-LAH-001:ላሐ ማርያም በአማርኛ | AM-MEL-008:መልክዐ ማርያም ሣልሲት በአማርኛ | AM-MEL-009:መልክዐ ማርያም በአማርኛ | AM-MEL-017:መልክዐ ቅድስት ጸበለ ማርያም በአማርኛ | AM-MEL-064:የጽዮን ማርያም 3ኛ መልክዕ በአማርኛ | AM-RAY-001:ራዕየ ማርያም በአማርኛ | AM-WUD-002:ውዳሴ ማርያም በአማርኛ | GZ-ETA-001:እትአመነኪ ማርያም በሰማይ ወበምድር በግእዝ | GZ-LAH-001:ላሐ ማርያም በግእዝ | GZ-MEL-002:መልከዐ ማርያም ዳግሚት በግእዝ | GZ-MEL-031:መልክዐ ማርያም ሣልሲት በግእዝ | GZ-MEL-032:መልክዐ ማርያም በግእዝ | GZ-MEL-070:መልክዐ ተክለ ማርያም ዘይሰመይ መብዓ ጽዮን በግእዝ | GZ-MEL-099:መልክዐ አቡነ አብሳዲ ዘደብረ ማርያም በግእዝ | GZ-MEL-159:መልክዐ ጸበለ ማርያም ቅድስት በግእዝ | GZ-MEL-161:መልክዐ ጽዮን ማርያም ሣልስ በግእዝ | GZ-WUD-002:ውዳሴ ማርያም በግእዝ | TI-RAY-001:ራእየ ማርያም ብትግርኛ | TI-WUD-001:ውዳሴ ማርያም ብትግርኛ | AM-GDL-002:ገድለ ማርያም እንተ ዕፍረት በአማርኛ | GZ-TAM-001:ተአምረ ማርያም በግእዝ | AM-GDL-003:ገድለ ማርያም መግደላዊት በአማርኛ | GZ-MTS-001:መጽሐፈ ልደታ ለማርያም በግእዝ | AM-TAM-002:ተአምረ ማርያም በአማርኛ,"None-None, None-None, None-None, 1-1, 1-21, 1-21, 1-21, 1-21, 1-21, 1-21"
7-26,206,አቡነ ኢየሱስ ሞዐ ዘሐይቅ,ኢየሱስ ሞዐ ዘሐይቅ,monthly,CORRECT,GZ-MEL-130:መልክዐ ኢየሱስ ሞዐ በግእዝ | AM-GDL-026:ገድለ አቡነ ኢየሱስ ሞዐ በአማርኛ,AM-MEL-002:መልክአ ኢየሱስ በአማርኛ | GZ-MEL-130:መልክዐ ኢየሱስ ሞዐ በግእዝ | GZ-MEL-131:መልክዐ ኢየሱስ በግእዝ | GZ-MEL-132:መልክዐ ኢየሱስ ካልዕ በግእዝ | AM-TAM-001:ተአምረ ኢየሱስ በአማርኛ | TI-TAM-001:ተአምረ ኢየሱስ ብትግርኛ | GZ-TAM-002:ተአምረ ኢየሱስ በግእዝ | AM-GDL-026:ገድለ አቡነ ኢየሱስ ሞዐ በአማርኛ,"1-26, 1-26, 1-29, 1-29, 1-29, 1-29, 1-29, 1-29, 2-26, 2-26"
7-26,206,ቅዱሳን ሰማዕታተ ናግራን,ሰማዕታተ ናግራን,monthly,NO_BOOK,,,
7-26,206,አቡነ ሰላማ ከሣቴ ብርሃን,ሰላማ ከሣቴ ብርሃን,monthly,WRONG_DATE,,AM-KOH-001:ኆኅተ ብርሃን በአማርኛ | AM-MEL-056:የአቡነ ተከስተ ብርሃን መልክዕ በአማርኛ | GZ-KOH-001:ኆኅተ ብርሃን በግእዝ | GZ-MEL-038:መልክዐ ሰላማ በግእዝ | GZ-MEL-091:መልክዐ አቡነ ተከስተ ብርሃን በግእዝ,"None-None, None-None, 4-18, 7-10, 7-10, 11-26"
7-27,207,ቅዱስ ዮሐንስ (ፍቁረ እግዚእ),ዮሐንስ,annual,WRONG_DATE,,AM-MEL-016:መልክዐ ቅዱስ ዮሐንስ ወንጌላዊ በአማርኛ | AM-MEL-020:መልክዐ አቡነ ዕጨጌ ዮሐንስ በአማርኛ | AM-MEL-021:መልክዐ አቡነ ዮሐንስ ጻድቅ በአማርኛ | AM-MEL-047:የቅዱስ ዮሐንስ 2ኛ መልክዕ በአማርኛ | AM-MEL-048:የቅዱስ ዮሐንስ መጥምቅ መልክዕ በአማርኛ | GZ-MEL-060:መልክዐ ቅዱስ ዮሐንስ መጥምቅ በግእዝ | GZ-MEL-061:መልክዐ ቅዱስ ዮሐንስ ካልእ በግእዝ | GZ-MEL-062:መልክዐ ቅዱስ ዮሐንስ ወንጌላዊ በግእዝ | GZ-MEL-104:መልክዐ አቡነ ዕጨጌ ዮሐንስ በግእዝ | GZ-MEL-109:መልክዐ አቡነ ዮሐንስ ከማ በግእዝ | GZ-MEL-110:መልክዐ አቡነ ዮሐንስ ዘድብረ ዳጋ በግእዝ | GZ-MEL-149:መልክዐ ዮሐንስ ወልደ ነጎድጓድ በግእዝ | GZ-MEL-150:መልክዐ ዮሐንስ ፍቁረ እግዚእ በግእዝ | AM-GDL-013:የቅዱስ ዮሐንስ ገድል በአማርኛ | GZ-GDL-018:ገድለ አቡነ ዮሐንስ በግእዝ | AM-GDL-027:ገድለ አቡነ እጨጌ ዮሐንስ ዘጸገሮ በአማርኛ,"1-1, 1-1, 1-2, 1-2, 1-4, 1-4, 1-4, 1-4, 1-4, 1-4"
7-27,207,ቅዱሳት አንስት (ከእግረ መስቀሉ ያልተለዩ),ቅዱሳት አንስት,annual,NO_BOOK,,,
7-27,207,500' ቅዱሳን ባልንጀሮች (በጌታ ስቅለት ጊዜ ከሞት የተነሱ),500' ቅዱሳን ባልንጀሮች,annual,NO_BOOK,,,
7-27,207,ቅዱሳን ዮሴፍና ኒቆዲሞስ,ዮሴፍና ኒቆዲሞስ,annual,NO_BOOK,,,
7-27,207,ታላቁ ቅዱስ መቃርስ (የመነኮሳት አለቃ),ታላቁ ቅዱስ መቃርስ,annual,NO_BOOK,,,
7-27,207,ማር ገላውዴዎስ ሰማዕት (የኢትዮዽያ ንጉሥ),ማር ገላውዴዎስ ሰማዕት,annual,CORRECT,GZ-ZNA-002:ዜናሁ ለንጉሥ ገላውዴዎስ በግእዝ,GZ-MEL-039:መልክዐ ሰማዕት ቅዱስ መርቆሬዎስ በግእዝ | GZ-MEL-040:መልክዐ ሰማዕት ቅዱስ ቴዎድሮስ በግእዝ | GZ-MEL-041:መልክዐ ሰማዕት ቅዱስ ፋሲለደስ በግእዝ | GZ-MEL-042:መልክዐ ሰማዕት ቅድስት አርሴማ በግእዝ | GZ-MEL-043:መልክዐ ሰማዕት ቅድስት ኢየሉጣ በግእዝ | GZ-MEL-122:መልክዐ አባ ኖብ ሰማዕት በግእዝ | GZ-GDL-002:ገድለ ሰማዕት ቅዱስ መርቆሬዎስ በግእዝ | GZ-ZNA-002:ዜናሁ ለንጉሥ ገላውዴዎስ በግእዝ | AM-GDL-008:ገድለ ሰማዕት ቅድስት አርሴማ በአማርኛ | GZ-GDL-014:ገድለ ቅዱስ ጊዮርጊስ ሰማዕት በግእዝ | AM-GDL-015:ገድለ ሰማዕት ቅዱስ መርቆሬዎስ በአማርኛ | AM-GDL-018:ገድለ ቅዱስ ጊዮርጊስ ሰማዕት በአማርኛ | GZ-GDL-031:ገድለ ሰማዕት ቅዱስ ቴዎድሮስ በግእዝ | GZ-GDL-033:ገድለ ሰማዕት ቅድስት አርሴማ በግእዝ | AM-GDL-030:ገድለ ሰማዕት ቅዱስ ቴዎድሮስ በአማርኛ,"1-6, 1-6, 1-6, 1-11, 1-12, 1-12, 1-12, 1-15, 1-18, 1-20"
7-27,207,ቅዱስ ዕፀ መስቀል,ዕፀ መስቀል,annual,CORRECT,AM-MEL-012:መልክዐ ቅዱስ መስቀል በአማርኛ | AM-MEL-040:የቅዱስ መስቀል 3ኛ መልክዕ በአማርኛ | GZ-MEL-050:መልክዐ ቅዱስ መስቀል ሣልስ በግእዝ | GZ-MEL-051:መልክዐ ቅዱስ መስቀል በግእዝ | GZ-DRS-002:ድርሳነ መስቀል በግእዝ | AM-DRS-008:ድርሳነ መስቀል በአማርኛ,AM-MEL-004:መልክዐ ሕማማተ መስቀል በአማርኛ | AM-MEL-012:መልክዐ ቅዱስ መስቀል በአማርኛ | AM-MEL-040:የቅዱስ መስቀል 3ኛ መልክዕ በአማርኛ | AM-TSE-001:የመስቀል አጥር ጸሎት በአማርኛ | AM-WUD-001:ውዳሴ መስቀል በአማርኛ | GZ-HAT-001:ሐፁረ መስቀል በግእዝ | GZ-MEL-024:መልክዐ ሕማማተ መስቀል በግእዝ | GZ-MEL-050:መልክዐ ቅዱስ መስቀል ሣልስ በግእዝ | GZ-MEL-051:መልክዐ ቅዱስ መስቀል በግእዝ | GZ-WUD-001:ውዳሴ መስቀል በግእዝ | GZ-DRS-002:ድርሳነ መስቀል በግእዝ | AM-DRS-008:ድርሳነ መስቀል በአማርኛ,"None-None, None-None, None-None, None-None, None-None, None-None, 1-10, 1-10, 1-10, 1-10"
7-27,207,አቡነ መብዐ ፅዮን ጻድቅ,መብዐ ፅዮን,monthly,NO_BOOK,,,
7-27,207,ቅዱስ ፊቅጦር ሰማዕት,ፊቅጦር,monthly,CORRECT,GZ-MEL-162:መልክዐ ፊቅጦር በግእዝ | GZ-GDL-027:ገድለ ቅዱስ ፊቅጦር በግእዝ | AM-GDL-029:ገድለ ቅዱስ ፊቅጦር በአማርኛ,GZ-MEL-162:መልክዐ ፊቅጦር በግእዝ | GZ-GDL-027:ገድለ ቅዱስ ፊቅጦር በግእዝ | AM-GDL-029:ገድለ ቅዱስ ፊቅጦር በአማርኛ,"1-27, 1-27, 1-27, 2-27, 2-27, 2-27, 3-27, 3-27, 3-27, 4-5"
7-27,207,ቅዱስ ያዕቆብ ዘግሙድ,ያዕቆብ ዘግሙድ,monthly,WRONG_DATE,,AM-MEL-022:መልክዐ አብርሃም ይሥሐቅ ያዕቆብ በአማርኛ | GZ-MEL-124:መልክዐ አብርሃም ይሥሐቅ ወያዕቆብ በግእዝ,"1-28, 1-28, 2-28, 2-28, 3-28, 3-28, 4-28, 4-28, 5-28, 5-28"
7-27,207,ቅዱስ ቢፋሞን ጻድቅና ሰማዕት,ቢፋሞን ጻድቅና,monthly,NO_BOOK,,,
7-28,208,ጻድቅ ንጉሥ ቁስጠንጢኖስ እረፍቱ,ንጉሥ ቁስጠንጢኖስ እረፍቱ,annual,WRONG_DATE,,GZ-ZNA-002:ዜናሁ ለንጉሥ ገላውዴዎስ በግእዝ | GZ-ZNA-003:ዜና ሕይወቱ ለንጉሥ ላልይበላ በግእዝ,7-27
7-28,208,አማኑኤል,አማኑኤል,monthly,CORRECT,GZ-MEL-072:መልክዐ አማኑኤል በግእዝ,GZ-MEL-072:መልክዐ አማኑኤል በግእዝ,"1-28, 2-28, 3-28, 4-28, 5-28, 6-28, 7-28, 8-28, 9-28, 10-28"
7-28,208,አበው አብርሃም ይህሳቅ ያዕቆብ,አበው አብርሃም ይህሳቅ ያዕቆብ,monthly,CORRECT,AM-MEL-022:መልክዐ አብርሃም ይሥሐቅ ያዕቆብ በአማርኛ | GZ-MEL-124:መልክዐ አብርሃም ይሥሐቅ ወያዕቆብ በግእዝ,AM-MEL-022:መልክዐ አብርሃም ይሥሐቅ ያዕቆብ በአማርኛ | GZ-MEL-124:መልክዐ አብርሃም ይሥሐቅ ወያዕቆብ በግእዝ | AM-ZNA-002:ዜና አበው በአማርኛ,"1-28, 1-28, 2-28, 2-28, 3-4, 3-28, 3-28, 4-28, 4-28, 5-26"
7-29,209,ጥንተ ዕለተ ፍጥረት (ዓለም የተፈጠረችበት),ጥንተ ዕለተ ፍጥረት,annual,NO_BOOK,,,
7-29,209,በዓለ ትስብእት (የጌታችን ጽንሰቱ),በዓለ ትስብእት,annual,NO_BOOK,,,
7-29,209,ጥንተ በዓለ ትንሳኤ,ጥንተ በዓለ ትንሳኤ,annual,NO_BOOK,,,
7-29,209,ዳግም ምጽዐት,ዳግም ምጽዐት,annual,NO_BOOK,,,
7-29,209,ቅድስት ማርያም መግደላዊት,ማርያም መግደላዊት,annual,CORRECT,AM-GDL-003:ገድለ ማርያም መግደላዊት በአማርኛ,AM-GDL-003:ገድለ ማርያም መግደላዊት በአማርኛ,"7-29, 12-6"
7-29,209,ቅዱስ ዻውሎስ ሐዋርያ,ዻውሎስ,annual,NO_BOOK,,,
7-29,209,ቅዱሳት አንስት (ትንሳኤውን የሰበኩ),ቅዱሳት አንስት,annual,NO_BOOK,,,
7-29,209,ቅድስት ፍቅርተ ክርስቶስ (ጽንሰታ),ፍቅርተ ክርስቶስ,annual,CORRECT,AM-MEL-018:መልክዐ ቅድስት ፍቅርተ ክርስቶስ በአማርኛ | GZ-MEL-066:መልክዐ ቅድስት ፍቅርተ ክርስቶስ በግእዝ,AM-MEL-018:መልክዐ ቅድስት ፍቅርተ ክርስቶስ በአማርኛ | GZ-MEL-066:መልክዐ ቅድስት ፍቅርተ ክርስቶስ በግእዝ,"1-29, 1-29, 2-29, 2-29, 3-29, 3-29, 4-29, 4-29, 5-29, 5-29"
7-29,209,አብርሃ ወአጽብሐ (ጽንሰታቸው),አብርሃ ወአጽብሐ,annual,WRONG_DATE,,AM-MEL-022:መልክዐ አብርሃም ይሥሐቅ ያዕቆብ በአማርኛ | AM-MEL-063:የአባታችን አብርሃም መልክዕ በአማርኛ | GZ-MEL-098:መልክዐ አቡነ አብርሃም በግእዝ | GZ-MEL-124:መልክዐ አብርሃም ይሥሐቅ ወያዕቆብ በግእዝ | GZ-GDL-013:ገድለ ዘርዐ አብርሃም በግእዝ,"1-28, 1-28, 2-28, 2-28, 3-28, 3-28, 4-24, 4-28, 4-28, 5-28"
7-29,209,ቅዱስ ኢያሱ ነቢይ (ጽንሰቱ),ኢያሱ ነቢይ,annual,WRONG_DATE,,GZ-MEL-059:መልክዐ ቅዱስ ኤልያስ ነቢይ ሣልስ በግእዝ | AM-DRS-005:ድርሳነ ኤልያስ ነቢይ በአማርኛ,"1-6, 1-6, 2-6, 2-6, 3-6, 3-6, 4-1, 4-1, 4-6, 4-6"
7-29,209,ቅዱስ ላሊበላ (ጽንሰቱ),ላሊበላ,annual,CORRECT,GZ-MEL-019:መልክዐ ላሊበላ በግዕዝ,GZ-MEL-019:መልክዐ ላሊበላ በግዕዝ,"1-12, 2-12, 3-12, 4-12, 4-29, 5-12, 6-12, 7-12, 7-29, 8-12"
7-29,209,አቡነ ገብረ መንፈስ ቅዱስ (ጽንሰታቸው),ገብረ መንፈስ ቅዱስ,annual,CORRECT,GZ-MEL-151:መልክዐ ገብረ መንፈስ ቅዱስ በግእዝ | GZ-MEL-152:መልክዐ ገብረ መንፈስ ቅዱስ ካልዕ በግእዝ | AM-GDL-007:ገድለ አቡነ ገብረ መንፈስ ቅዱስ በአማርኛ,GZ-MEL-151:መልክዐ ገብረ መንፈስ ቅዱስ በግእዝ | GZ-MEL-152:መልክዐ ገብረ መንፈስ ቅዱስ ካልዕ በግእዝ | AM-GDL-007:ገድለ አቡነ ገብረ መንፈስ ቅዱስ በአማርኛ,"1-5, 1-5, 1-5, 2-5, 2-5, 2-5, 3-5, 3-5, 3-5, 4-5"
7-29,209,የፈጣሪያችንና ጌታችን ኢየሱስ ክርስቶስ በዓለ ልደት,የፈጣሪያችንና ጌታችን ኢየሱስ ክርስቶስ በዓለ ልደት,monthly,NO_BOOK,,,
7-29,209,ቅድስት አርሴማ ድንግል,አርሴማ ድንግል,monthly,WRONG_DATE,,AM-MEL-019:መልክዐ አቡነ ሐራ ድንግል በአማርኛ | GZ-MEL-021:መልክዐ ሐራ ድንግል በግእዝ | GZ-MEL-042:መልክዐ ሰማዕት ቅድስት አርሴማ በግእዝ | AM-GDL-008:ገድለ ሰማዕት ቅድስት አርሴማ በአማርኛ | GZ-GDL-033:ገድለ ሰማዕት ቅድስት አርሴማ በግእዝ,"1-6, 1-6, 1-6, 1-11, 1-11, 1-29, 1-29, 1-29, 2-6, 2-6"
7-29,209,ቅዱስ ዼጥሮስ ተፍጻሜተ ሰማዕት,ዼጥሮስ ተፍጻሜተ,monthly,NO_BOOK,,,
7-29,209,ቅዱስ ማርቆስ ዘቶርማቅ,ማርቆስ ዘቶርማቅ,monthly,WRONG_DATE,,AM-MEL-042:የቅዱስ ማርቆስ 2ኛ መልክዕ በአማርኛ | AM-MEL-062:የአቡነ ዜና ማርቆስ መልክዕ በአማርኛ | GZ-MEL-030:መልክዐ ማርቆስ በግእዝ | GZ-MEL-053:መልክዐ ቅዱስ ማርቆስ ካልእ በግእዝ | GZ-MEL-106:መልክዐ አቡነ ዜና ማርቆስ በግእዝ,"1-3, 1-3, 1-30, 1-30, 1-30, 2-3, 2-3, 2-30, 2-30, 2-30"
7-29,209,ቅድስት ፍቅርተ ክርስቶስ ኢትዮዽያዊት,ፍቅርተ ክርስቶስ ኢትዮዽያዊት,monthly,CORRECT,AM-MEL-018:መልክዐ ቅድስት ፍቅርተ ክርስቶስ በአማርኛ | GZ-MEL-066:መልክዐ ቅድስት ፍቅርተ ክርስቶስ በግእዝ,AM-MEL-018:መልክዐ ቅድስት ፍቅርተ ክርስቶስ በአማርኛ | GZ-MEL-066:መልክዐ ቅድስት ፍቅርተ ክርስቶስ በግእዝ,"1-29, 1-29, 2-29, 2-29, 3-29, 3-29, 4-29, 4-29, 5-29, 5-29"
7-29,209,ቅዱስ ዘርዐ ክርስቶስ (ጻድቅና ሰማዕት),ዘርዐ ክርስቶስ,monthly,CORRECT,AM-MEL-018:መልክዐ ቅድስት ፍቅርተ ክርስቶስ በአማርኛ | GZ-MEL-066:መልክዐ ቅድስት ፍቅርተ ክርስቶስ በግእዝ | GZ-MZM-001:መዝሙረ ክርስቶስ በግእዝ | GZ-MZM-002:መዝሙረ ክርስቶስ ካልዕ በግእዝ | GZ-MZM-003:መዝሙረ ክርስቶስ ዘመኃልየ መኃልይ። በግእዝ,AM-MEL-018:መልክዐ ቅድስት ፍቅርተ ክርስቶስ በአማርኛ | AM-MEL-060:የአቡነ አባለ ክርስቶስ ጻድቅ መልክዕ በአማርኛ | AM-MEL-061:የአቡነ ዘርዐ ቡሩክ መልክዕ በአማርኛ | AM-MIK-001:ምክሓ ምእመናን ክርስቶስ በአማርኛ | GZ-MEL-066:መልክዐ ቅድስት ፍቅርተ ክርስቶስ በግእዝ | GZ-MEL-082:መልክዐ አቡነ ሠምረ ክርስቶስ በግእዝ | GZ-MEL-096:መልክዐ አቡነ አባለ ክርስቶስ በግእዝ | GZ-MEL-105:መልክዐ አቡነ ዘርዐ ቡሩክ በግእዝ | GZ-MEL-136:መልክዐ እስትንፋሰ ክርስቶስ በግእዝ | GZ-MEL-143:መልክዐ ክርስቶስ ሠምራ በግእዝ | GZ-MEL-148:መልክዐ ይምርሃነ ክርስቶስ በግእዝ | GZ-MEL-153:መልክዐ ገብረ ክርስቶስ በግእዝ | GZ-MZM-001:መዝሙረ ክርስቶስ በግእዝ | GZ-MZM-002:መዝሙረ ክርስቶስ ካልዕ በግእዝ | GZ-MZM-003:መዝሙረ ክርስቶስ ዘመኃልየ መኃልይ። በግእዝ | GZ-GDL-004:ገድለ አቡነ ዘርዐ ቡሩከ በግእዝ | GZ-GDL-006:ገድለ አቡነ እስትንፋስ ክርስቶስ በግእዝ | AM-GDL-005:ገድለ ቅድስት ክርስቶስ ሠምራ በአማርኛ | AM-GDL-012:ገድለ አቡነ ዘርዐ ቡሩከ በአማርኛ | AM-GDL-014:የአቡነ እስትንፋሰ ክርስቶስ ገድል በአማርኛ | GZ-GDL-013:ገድለ ዘርዐ አብርሃም በግእዝ | GZ-GDL-019:ገድለ ቅድስት ክርስቶስ ሠምራ በግእዝ | GZ-GDL-023:ገድለ አቡነ መዝራዕተ ክርስቶስ በግእዝ | TI-GDL-002:ገድሊ አቡነ እስትንፋስ ክርስቶስ ትግርኛ,"1-9, 1-9, 1-9, 1-9, 1-13, 1-13, 1-13, 1-13, 1-24, 1-24"
7-30,210,ቅዱስ ገብርኤል ሊቀ መላእክት (እመቤታችንን ያበሠረበት መታሰቢያ),ገብርኤል ሊቀ መላእክት,annual,CORRECT,AM-MEL-050:የቅዱስ ገብርኤል መልክዕ በአማርኛ | GZ-MEL-013:መልክዐ ሊቀ መላእክት ቅዱስ ገብርኤል በግእዝ | GZ-MEL-014:መልክዐ ሊቀ መላእክት ቅዱስ ገብርኤል ካልዕ (ደቅስዮስ) በግእዝ | AM-DRS-003:ድርሳነ ገብርኤል በአማርኛ | GZ-DRS-010:ድርሳነ ገብርኤል በግእዝ,AM-DIR-001:የሰባቱ ሊቃነ መላእክት ድርሳን በአማርኛ | AM-MEL-038:የቅዱሳን አእላፍ መላእክት 2ኛ መልክዕ በአማርኛ | AM-MEL-050:የቅዱስ ገብርኤል መልክዕ በአማርኛ | GZ-MEL-004:መልክዐ ሊቀ መላእክት ቅዱስ ሚካኤል ሣልስ በግእዝ | GZ-MEL-005:መልክዐ ሊቀ መላእክት ቅዱስ ሚካኤል ካልዕ በግእዝ | GZ-MEL-006:መልክዐ ሊቀ መላእክት ቅዱስ ሩፋኤል በግእዝ | GZ-MEL-007:መልክዐ ሊቀ መላእክት ቅዱስ ራጉኤል በግእዝ | GZ-MEL-008:መልክዐ ሊቀ መላእክት ቅዱስ ሱርያል በግእዝ | GZ-MEL-009:መልክዐ ሊቀ መላእክት ቅዱስ በግእዝ | GZ-MEL-010:መልክዐ ሊቀ መላእክት ቅዱስ አፍኒን በግእዝ | GZ-MEL-011:መልክዐ ሊቀ መላእክት ቅዱስ ዑራኤል በግእዝ | GZ-MEL-012:መልክዐ ሊቀ መላእክት ቅዱስ ዑራኤል ካልእ በግእዝ | GZ-MEL-013:መልክዐ ሊቀ መላእክት ቅዱስ ገብርኤል በግእዝ | GZ-MEL-014:መልክዐ ሊቀ መላእክት ቅዱስ ገብርኤል ካልዕ (ደቅስዮስ) በግእዝ | GZ-MEL-015:መልክዐ ሊቀ መላእክት ቅዱስ ፋኑኤል በግእዝ | GZ-MEL-125:መልክዐ አእላፍ መላእክት በግእዝ | GZ-MEL-126:መልክዐ አእላፍ መላእክት ካልእ በግእዝ | GZ-MEL-165:መልክዐ ሊቀ መላእክት ቅዱስ ሚካኤል ካልዕ በግእ | AM-DRS-003:ድርሳነ ገብርኤል በአማርኛ | GZ-DRS-010:ድርሳነ ገብርኤል በግእዝ,"1-1, 1-3, 1-9, 1-9, 1-9, 1-12, 1-12, 1-12, 1-12, 1-13"
7-30,210,ቅዱስ ሶምሶን (መስፍነ እስራኤል),ሶምሶን,annual,NO_BOOK,,,
7-30,210,ቅዱስ ያዕቆብ ዘግሙድ (ፍልሠቱ),ያዕቆብ ዘግሙድ,annual,WRONG_DATE,,AM-MEL-022:መልክዐ አብርሃም ይሥሐቅ ያዕቆብ በአማርኛ | GZ-MEL-124:መልክዐ አብርሃም ይሥሐቅ ወያዕቆብ በግእዝ,"1-28, 1-28, 2-28, 2-28, 3-28, 3-28, 4-28, 4-28, 5-28, 5-28"
7-30,210,ቅዱስ ዮሐንስ ዘአክሱም (ድርሳነ ሚካኤልን መጻፉ የሚነገርለት አባት),ዮሐንስ ዘአክሱም,annual,CORRECT,AM-MEL-048:የቅዱስ ዮሐንስ መጥምቅ መልክዕ በአማርኛ | GZ-MEL-060:መልክዐ ቅዱስ ዮሐንስ መጥምቅ በግእዝ,AM-MEL-016:መልክዐ ቅዱስ ዮሐንስ ወንጌላዊ በአማርኛ | AM-MEL-020:መልክዐ አቡነ ዕጨጌ ዮሐንስ በአማርኛ | AM-MEL-021:መልክዐ አቡነ ዮሐንስ ጻድቅ በአማርኛ | AM-MEL-047:የቅዱስ ዮሐንስ 2ኛ መልክዕ በአማርኛ | AM-MEL-048:የቅዱስ ዮሐንስ መጥምቅ መልክዕ በአማርኛ | GZ-MEL-060:መልክዐ ቅዱስ ዮሐንስ መጥምቅ በግእዝ | GZ-MEL-061:መልክዐ ቅዱስ ዮሐንስ ካልእ በግእዝ | GZ-MEL-062:መልክዐ ቅዱስ ዮሐንስ ወንጌላዊ በግእዝ | GZ-MEL-104:መልክዐ አቡነ ዕጨጌ ዮሐንስ በግእዝ | GZ-MEL-109:መልክዐ አቡነ ዮሐንስ ከማ በግእዝ | GZ-MEL-110:መልክዐ አቡነ ዮሐንስ ዘድብረ ዳጋ በግእዝ | GZ-MEL-149:መልክዐ ዮሐንስ ወልደ ነጎድጓድ በግእዝ | GZ-MEL-150:መልክዐ ዮሐንስ ፍቁረ እግዚእ በግእዝ | AM-GDL-013:የቅዱስ ዮሐንስ ገድል በአማርኛ | GZ-GDL-018:ገድለ አቡነ ዮሐንስ በግእዝ | AM-GDL-027:ገድለ አቡነ እጨጌ ዮሐንስ ዘጸገሮ በአማርኛ,"1-1, 1-1, 1-2, 1-2, 1-4, 1-4, 1-4, 1-4, 1-4, 1-4"
7-30,210,እግዚአብሔር ውሃን ከ፫ ከፈለው (ጠፈርን ፈጠረ),እግዚአብሔር ውሃን ከ፫ ከፈለው,annual,WRONG_DATE,,GZ-MEL-139:መልክዐ እግዚአብሔር አብ በግእዝ | GZ-MEL-140:መልክዐ እግዚአብሔር አብ ካልዕ በግእዝ,"1-13, 1-13, 2-13, 2-13, 3-13, 3-13, 4-13, 4-13, 5-13, 5-13"
7-30,210,ቅዱስ ዮሐንስ መጥምቀ መለኮት,ዮሐንስ መጥምቀ መለኮት,monthly,CORRECT,AM-MEL-048:የቅዱስ ዮሐንስ መጥምቅ መልክዕ በአማርኛ | GZ-MEL-060:መልክዐ ቅዱስ ዮሐንስ መጥምቅ በግእዝ,AM-MEL-016:መልክዐ ቅዱስ ዮሐንስ ወንጌላዊ በአማርኛ | AM-MEL-020:መልክዐ አቡነ ዕጨጌ ዮሐንስ በአማርኛ | AM-MEL-021:መልክዐ አቡነ ዮሐንስ ጻድቅ በአማርኛ | AM-MEL-047:የቅዱስ ዮሐንስ 2ኛ መልክዕ በአማርኛ | AM-MEL-048:የቅዱስ ዮሐንስ መጥምቅ መልክዕ በአማርኛ | AM-SEY-001:ሰይፈ መለኮት በአማርኛ | GZ-MEL-060:መልክዐ ቅዱስ ዮሐንስ መጥምቅ በግእዝ | GZ-MEL-061:መልክዐ ቅዱስ ዮሐንስ ካልእ በግእዝ | GZ-MEL-062:መልክዐ ቅዱስ ዮሐንስ ወንጌላዊ በግእዝ | GZ-MEL-104:መልክዐ አቡነ ዕጨጌ ዮሐንስ በግእዝ | GZ-MEL-109:መልክዐ አቡነ ዮሐንስ ከማ በግእዝ | GZ-MEL-110:መልክዐ አቡነ ዮሐንስ ዘድብረ ዳጋ በግእዝ | GZ-MEL-149:መልክዐ ዮሐንስ ወልደ ነጎድጓድ በግእዝ | GZ-MEL-150:መልክዐ ዮሐንስ ፍቁረ እግዚእ በግእዝ | GZ-SEY-001:ሰይፈ መለኮት በግእዝ | AM-GDL-013:የቅዱስ ዮሐንስ ገድል በአማርኛ | GZ-GDL-018:ገድለ አቡነ ዮሐንስ በግእዝ | AM-GDL-027:ገድለ አቡነ እጨጌ ዮሐንስ ዘጸገሮ በአማርኛ,"None-None, None-None, 1-1, 1-1, 1-2, 1-2, 1-4, 1-4, 1-4, 1-4"
7-30,210,ቅዱስ ማርቆስ ዘአንበሳ (ሐዋርያ),ማርቆስ ዘአንበሳ,monthly,CORRECT,AM-MEL-042:የቅዱስ ማርቆስ 2ኛ መልክዕ በአማርኛ | GZ-MEL-030:መልክዐ ማርቆስ በግእዝ | GZ-MEL-053:መልክዐ ቅዱስ ማርቆስ ካልእ በግእዝ,AM-MEL-042:የቅዱስ ማርቆስ 2ኛ መልክዕ በአማርኛ | AM-MEL-062:የአቡነ ዜና ማርቆስ መልክዕ በአማርኛ | GZ-MEL-030:መልክዐ ማርቆስ በግእዝ | GZ-MEL-053:መልክዐ ቅዱስ ማርቆስ ካልእ በግእዝ | GZ-MEL-106:መልክዐ አቡነ ዜና ማርቆስ በግእዝ,"1-3, 1-3, 1-30, 1-30, 1-30, 2-3, 2-3, 2-30, 2-30, 2-30"
7-30,210,አባ ሣሉሲ ክቡር,ሣሉሲ ክቡር,monthly,NO_BOOK,,,
7-30,210,ቅዱስ ጐርጐርዮስ ነባቤ መለኮት,ጐርጐርዮስ ነባቤ መለኮት,monthly,WRONG_DATE,,AM-SEY-001:ሰይፈ መለኮት በአማርኛ | GZ-SEY-001:ሰይፈ መለኮት በግእዝ,"None-None, None-None"
7-30,210,ቅድስት ሶፍያ ሰማዕት,ሶፍያ,monthly,NO_BOOK,,,
8-1,211,ቅዱስ አሮን ካህን (የሊቀ ነቢያት ሙሴ ወንድም),አሮን ካህን,annual,WRONG_DATE,,GZ-MEL-128:መልክዐ አᎄነ አሮን መንክራዌ በግእዝ | GZ-GDL-024:ገድለ አቡነ አሮን መንክራዊ ግእዝ | AM-GDL-028:ገድለ አቡነ አሮን መንክራዊ በአማርኛ,"1-5, 1-5, 1-5, 2-5, 2-5, 2-5, 3-5, 3-5, 3-5, 4-5"
8-1,211,አባ ስልዋኖስ ጻድቅ,ስልዋኖስ,annual,NO_BOOK,,,
8-1,211,ቅዱሳን መነኮሳት,መነኮሳት,annual,NO_BOOK,,,
8-1,211,ቅድስት መጥሮንያ,መጥሮንያ,annual,NO_BOOK,,,
8-1,211,ልደታ ለማርያም ድንግል እግዝእትነ,ልደታ ለማርያም ድንግል እግዝእትነ,monthly,CORRECT,GZ-MEL-020:መልክዐ ልደታ በግእዝ | GZ-MTS-001:መጽሐፈ ልደታ ለማርያም በግእዝ,GZ-MEL-020:መልክዐ ልደታ በግእዝ | GZ-MTS-001:መጽሐፈ ልደታ ለማርያም በግእዝ,"1-1, 1-1, 2-1, 2-1, 3-1, 3-1, 4-1, 4-1, 5-1, 5-1"
8-1,211,ቅዱሳን ኢያቄም ወሐና,ኢያቄም ወሐና,monthly,CORRECT,GZ-MEL-133:መልክዐ ኢያቄም በግእዝ | AM-DRS-001:የቅዱስ ኢያቄምና- የቅድስት ሐና ድርሳን በአማርኛ | GZ-DRS-007:ድርሳን ዘቅዱስ ኢያቄም ወቅድስት ሐና በግእዝ,GZ-MEL-133:መልክዐ ኢያቄም በግእዝ | AM-DRS-001:የቅዱስ ኢያቄምና- የቅድስት ሐና ድርሳን በአማርኛ | GZ-DRS-007:ድርሳን ዘቅዱስ ኢያቄም ወቅድስት ሐና በግእዝ,"1-1, 1-1, 1-1, 1-3, 1-3, 1-3, 1-7, 1-7, 1-7, 1-11"
8-1,211,ቅዱስ ራጉኤል ሊቀ መላዕክት,ራጉኤል ሊቀ መላዕክት,monthly,CORRECT,AM-MEL-014:መልክዐ ቅዱስ ራጉኤል በአማርኛ | GZ-MEL-007:መልክዐ ሊቀ መላእክት ቅዱስ ራጉኤል በግእዝ | GZ-DRS-003:ድርሳነ ቅዱስ ራጉኤል በግእዝ | AM-DRS-010:ድርሳነ ቅዱስ ራጉኤል በአማርኛ,AM-MEL-014:መልክዐ ቅዱስ ራጉኤል በአማርኛ | GZ-MEL-007:መልክዐ ሊቀ መላእክት ቅዱስ ራጉኤል በግእዝ | GZ-DRS-003:ድርሳነ ቅዱስ ራጉኤል በግእዝ | AM-DRS-010:ድርሳነ ቅዱስ ራጉኤል በአማርኛ,"1-1, 1-1, 1-1, 1-1, 2-1, 2-1, 2-1, 2-1, 3-1, 3-1"
8-1,211,ቅዱስ በርተሎሜዎስ ሐዋርያ,በርተሎሜዎስ,monthly,NO_BOOK,,,
8-1,211,ቅዱስ ሚልኪ ትሩፈ ምግባር,ሚልኪ ትሩፈ ምግባር,monthly,NO_BOOK,,,
8-2,212,ቅዱስ ክርስቶፎሮስ (ሐዋርያና ሰማዕት),ክርስቶፎሮስ,annual,NO_BOOK,,,
8-2,212,አባ ስምዖን ዘሃገረ ሐሊባ,ስምዖን ዘሃገረ ሐሊባ,annual,NO_BOOK,,,
8-2,212,ቅዱስ መላልኤል (የያሬድ አባት - ከአዳም ፭ኛ ትውልድ),መላልኤል,annual,NO_BOOK,,,
8-2,212,እግዚአብሔር ፀሐይን ጨረቃን ከዋክብትን ፈጠረ,እግዚአብሔር ፀሐይን ጨረቃን ከዋክብትን ፈጠረ,annual,WRONG_DATE,,GZ-MEL-139:መልክዐ እግዚአብሔር አብ በግእዝ | GZ-MEL-140:መልክዐ እግዚአብሔር አብ ካልዕ በግእዝ,"1-13, 1-13, 2-13, 2-13, 3-13, 3-13, 4-13, 4-13, 5-13, 5-13"
8-2,212,ቅዱስ ዮሐንስ መጥምቀ መለኮት,ዮሐንስ መጥምቀ መለኮት,monthly,CORRECT,AM-MEL-048:የቅዱስ ዮሐንስ መጥምቅ መልክዕ በአማርኛ | GZ-MEL-060:መልክዐ ቅዱስ ዮሐንስ መጥምቅ በግእዝ,AM-MEL-016:መልክዐ ቅዱስ ዮሐንስ ወንጌላዊ በአማርኛ | AM-MEL-020:መልክዐ አቡነ ዕጨጌ ዮሐንስ በአማርኛ | AM-MEL-021:መልክዐ አቡነ ዮሐንስ ጻድቅ በአማርኛ | AM-MEL-047:የቅዱስ ዮሐንስ 2ኛ መልክዕ በአማርኛ | AM-MEL-048:የቅዱስ ዮሐንስ መጥምቅ መልክዕ በአማርኛ | AM-SEY-001:ሰይፈ መለኮት በአማርኛ | GZ-MEL-060:መልክዐ ቅዱስ ዮሐንስ መጥምቅ በግእዝ | GZ-MEL-061:መልክዐ ቅዱስ ዮሐንስ ካልእ በግእዝ | GZ-MEL-062:መልክዐ ቅዱስ ዮሐንስ ወንጌላዊ በግእዝ | GZ-MEL-104:መልክዐ አቡነ ዕጨጌ ዮሐንስ በግእዝ | GZ-MEL-109:መልክዐ አቡነ ዮሐንስ ከማ በግእዝ | GZ-MEL-110:መልክዐ አቡነ ዮሐንስ ዘድብረ ዳጋ በግእዝ | GZ-MEL-149:መልክዐ ዮሐንስ ወልደ ነጎድጓድ በግእዝ | GZ-MEL-150:መልክዐ ዮሐንስ ፍቁረ እግዚእ በግእዝ | GZ-SEY-001:ሰይፈ መለኮት በግእዝ | AM-GDL-013:የቅዱስ ዮሐንስ ገድል በአማርኛ | GZ-GDL-018:ገድለ አቡነ ዮሐንስ በግእዝ | AM-GDL-027:ገድለ አቡነ እጨጌ ዮሐንስ ዘጸገሮ በአማርኛ,"None-None, None-None, 1-1, 1-1, 1-2, 1-2, 1-4, 1-4, 1-4, 1-4"
8-2,212,ቅዱስ ታዴዎስ ሐዋርያ,ታዴዎስ,monthly,CORRECT,AM-MEL-033:የሐዋርያው የቅዱስ ታዴዎስ መልክዕ በአማርኛ | GZ-MEL-055:መልክዐ ቅዱስ ታዴዎስ በግእዝ,AM-MEL-033:የሐዋርያው የቅዱስ ታዴዎስ መልክዕ በአማርኛ | GZ-MEL-055:መልክዐ ቅዱስ ታዴዎስ በግእዝ,"1-2, 1-2, 2-2, 2-2, 3-2, 3-2, 4-2, 4-2, 5-2, 5-2"
8-2,212,ቅዱስ ኢዮብ ጻድቅ ተአጋሲ,ኢዮብ ጻድቅ ተአጋሲ,monthly,NO_BOOK,,,
8-2,212,ቅዱስ አቤል ጻድቅ,አቤል,monthly,NO_BOOK,,,
8-2,212,ቅዱስ አባ ዻውሊ ገዳማዊ (ታላቁ),ዻውሊ ገዳማዊ,monthly,NO_BOOK,,,
8-2,212,ቅዱስ ሳዊሮስ ዘአንጾኪያ,ሳዊሮስ ዘአንጾኪያ,monthly,NO_BOOK,,,
8-2,212,አባ ሕርያቆስ ዘሃገረ ብሕንሳ,ሕርያቆስ ዘሃገረ ብሕንሳ,monthly,NO_BOOK,,,
8-3,213,ቅዱስ መርቄ ጻድቅ (ክርስቲያናዊ ነጋዴ),መርቄ ጻድቅ,annual,WRONG_DATE,,AM-MEL-003:መልክዐ ለአቡነ አቢብ ጻድቅ በአማርኛ | AM-MEL-021:መልክዐ አቡነ ዮሐንስ ጻድቅ በአማርኛ | AM-MEL-060:የአቡነ አባለ ክርስቶስ ጻድቅ መልክዕ በአማርኛ,"1-16, 1-25, 2-16, 2-25, 3-16, 3-25, 4-16, 4-19, 4-25, 5-16"
8-3,213,ቅዱስ ዮሐንስ ዘኢየሩሳሌም,ዮሐንስ ዘኢየሩሳሌም,annual,WRONG_DATE,,AM-MEL-016:መልክዐ ቅዱስ ዮሐንስ ወንጌላዊ በአማርኛ | AM-MEL-020:መልክዐ አቡነ ዕጨጌ ዮሐንስ በአማርኛ | AM-MEL-021:መልክዐ አቡነ ዮሐንስ ጻድቅ በአማርኛ | AM-MEL-047:የቅዱስ ዮሐንስ 2ኛ መልክዕ በአማርኛ | AM-MEL-048:የቅዱስ ዮሐንስ መጥምቅ መልክዕ በአማርኛ | GZ-MEL-060:መልክዐ ቅዱስ ዮሐንስ መጥምቅ በግእዝ | GZ-MEL-061:መልክዐ ቅዱስ ዮሐንስ ካልእ በግእዝ | GZ-MEL-062:መልክዐ ቅዱስ ዮሐንስ ወንጌላዊ በግእዝ | GZ-MEL-104:መልክዐ አቡነ ዕጨጌ ዮሐንስ በግእዝ | GZ-MEL-109:መልክዐ አቡነ ዮሐንስ ከማ በግእዝ | GZ-MEL-110:መልክዐ አቡነ ዮሐንስ ዘድብረ ዳጋ በግእዝ | GZ-MEL-149:መልክዐ ዮሐንስ ወልደ ነጎድጓድ በግእዝ | GZ-MEL-150:መልክዐ ዮሐንስ ፍቁረ እግዚእ በግእዝ | AM-GDL-013:የቅዱስ ዮሐንስ ገድል በአማርኛ | GZ-GDL-018:ገድለ አቡነ ዮሐንስ በግእዝ | AM-GDL-027:ገድለ አቡነ እጨጌ ዮሐንስ ዘጸገሮ በአማርኛ,"1-1, 1-1, 1-2, 1-2, 1-4, 1-4, 1-4, 1-4, 1-4, 1-4"
8-3,213,አባ ሚካኤል ዘእስክንድርያ,ሚካኤል ዘእስክንድርያ,annual,WRONG_DATE,,AM-MEL-006:መልክዐ ሚካኤል በአማርኛ | AM-MEL-041:የቅዱስ ሚካኤል 3ኛ መልክዕ በአማርኛ | GZ-MEL-004:መልክዐ ሊቀ መላእክት ቅዱስ ሚካኤል ሣልስ በግእዝ | GZ-MEL-005:መልክዐ ሊቀ መላእክት ቅዱስ ሚካኤል ካልዕ በግእዝ | GZ-MEL-083:መልክዐ አቡነ ሰይፈ ሚካኤል በግእዝ | GZ-MEL-121:መልክዐ አባ በጸሎተ ሚካኤል በግእዝ | GZ-MEL-165:መልክዐ ሊቀ መላእክት ቅዱስ ሚካኤል ካልዕ በግእ | AM-GDL-011:ገድለ አቡነ በጸሎተ ሚካኤል በአማርኛ | GZ-GDL-015:ገድለ አቡነ በጸሎተ ሚካኤል በግእዝ | GZ-DRS-008:ድርሳነ ሚካኤል በግእዝ | AM-DRS-009:ድርሳነ ሚካኤል በአማርኛ | GZ-GDL-034:ገድለ አቡነ ፍሬ ሚካኤል በግእዝ,"1-9, 1-9, 1-9, 1-9, 1-9, 1-9, 1-9, 1-12, 1-12, 1-12"
8-3,213,እግዚአብሔር - በእግር የሚራመዱ በክንፍ የሚበሩና በልብ የሚሳቡ በየብስ የሚኖሩ ፍጥረታትን ፈጠረ,እግዚአብሔር - በእግር የሚራመዱ በክንፍ የሚበሩና በልብ የሚሳቡ በየብስ የሚኖሩ ፍጥረታትን ፈጠረ,annual,WRONG_DATE,,GZ-MEL-139:መልክዐ እግዚአብሔር አብ በግእዝ | GZ-MEL-140:መልክዐ እግዚአብሔር አብ ካልዕ በግእዝ,"1-13, 1-13, 2-13, 2-13, 3-13, 3-13, 4-13, 4-13, 5-13, 5-13"
8-3,213,በዓታ ለእግዝእትነ ማርያም ድንግል ወላዲተ አምላክ,በዓታ ለእግዝእትነ ማርያም ድንግል ወላዲተ አምላክ,monthly,WRONG_DATE,,AM-WUD-003:ውዳሴ አምላክ በአማርኛ | GZ-MEL-088:መልክዐ አቡነ ቡሩከ አምላክ ዘደብረ ኮል በግእዝ | GZ-MEL-089:መልክዐ አቡነ ብፁዓ አምላክ ዘደብረ ምዕዋን ወዘደብረ ኰዳዱ በግእዝ | TI-WUD-002:ውዳሴ አምላክ ብትግርኛ,"None-None, None-None, 4-1, 9-9, 12-14"
8-3,213,ቅዱሳን ኢያቄም ወሐና,ኢያቄም ወሐና,monthly,CORRECT,GZ-MEL-133:መልክዐ ኢያቄም በግእዝ | AM-DRS-001:የቅዱስ ኢያቄምና- የቅድስት ሐና ድርሳን በአማርኛ | GZ-DRS-007:ድርሳን ዘቅዱስ ኢያቄም ወቅድስት ሐና በግእዝ,GZ-MEL-133:መልክዐ ኢያቄም በግእዝ | AM-DRS-001:የቅዱስ ኢያቄምና- የቅድስት ሐና ድርሳን በአማርኛ | GZ-DRS-007:ድርሳን ዘቅዱስ ኢያቄም ወቅድስት ሐና በግእዝ,"1-1, 1-1, 1-1, 1-3, 1-3, 1-3, 1-7, 1-7, 1-7, 1-11"
8-3,213,ቅዱሳን ሊቃነ ካህናት አበው (ዘካርያስና ስምዖን),ሊቃነ ካህናት አበው,monthly,WRONG_DATE,,AM-DIR-001:የሰባቱ ሊቃነ መላእክት ድርሳን በአማርኛ | AM-ZNA-002:ዜና አበው በአማርኛ,"1-13, 2-13, 3-4, 3-13, 4-13, 5-13, 5-26, 6-13, 7-13, 8-13"
8-3,213,አባ ሊባኖስ ዘመጣዕ,ሊባኖስ ዘመጣዕ,monthly,CORRECT,AM-MEL-053:የአቡነ ሊባኖስ 2ኛ መልክዕ በአማርኛ | GZ-MEL-018:መልክዐ ሊባኖስ በግእዝ | GZ-MEL-074:መልክዐ አቡነ ሊባኖስ ካልእ በግእዝ,AM-MEL-053:የአቡነ ሊባኖስ 2ኛ መልክዕ በአማርኛ | GZ-MEL-018:መልክዐ ሊባኖስ በግእዝ | GZ-MEL-074:መልክዐ አቡነ ሊባኖስ ካልእ በግእዝ | GZ-GDL-001:ገድለ አቡነ ፊልጶስ ዘደብረ ሊባኖስ በግእዝ,"1-3, 1-3, 1-3, 2-3, 2-3, 2-3, 3-3, 3-3, 3-3, 4-3"
8-3,213,አቡነ ዜና ማርቆስ,ዜና ማርቆስ,monthly,CORRECT,AM-MEL-062:የአቡነ ዜና ማርቆስ መልክዕ በአማርኛ | GZ-MEL-106:መልክዐ አቡነ ዜና ማርቆስ በግእዝ,AM-MEL-062:የአቡነ ዜና ማርቆስ መልክዕ በአማርኛ | GZ-MEL-106:መልክዐ አቡነ ዜና ማርቆስ በግእዝ,"1-3, 1-3, 2-3, 2-3, 3-3, 3-3, 4-3, 4-3, 5-3, 5-3"
8-3,213,አቡነ መድኃኒነ እግዚእ ዘደብረ በንኮል,መድኃኒነ እግዚእ ዘደብረ በንኮል,monthly,CORRECT,GZ-MEL-078:መልክዐ አቡነ መድኃኒነ እግዚእ በግእዝ,GZ-MEL-078:መልክዐ አቡነ መድኃኒነ እግዚእ በግእዝ,"1-3, 2-3, 3-3, 4-3, 5-3, 6-3, 7-3, 8-3, 9-3, 10-3"
8-4,214,እግዚአብሔር የሰው ልጅን ፈጠረ,እግዚአብሔር የሰው ልጅን ፈጠረ,annual,WRONG_DATE,,GZ-MEL-139:መልክዐ እግዚአብሔር አብ በግእዝ | GZ-MEL-140:መልክዐ እግዚአብሔር አብ ካልዕ በግእዝ,"1-13, 1-13, 2-13, 2-13, 3-13, 3-13, 4-13, 4-13, 5-13, 5-13"
8-4,214,ቅዱሳን አብርሃ ወአጽብሐ (ጻድቃን ነገሥት),አብርሃ ወአጽብሐ,annual,WRONG_DATE,,AM-MEL-022:መልክዐ አብርሃም ይሥሐቅ ያዕቆብ በአማርኛ | AM-MEL-063:የአባታችን አብርሃም መልክዕ በአማርኛ | GZ-MEL-098:መልክዐ አቡነ አብርሃም በግእዝ | GZ-MEL-124:መልክዐ አብርሃም ይሥሐቅ ወያዕቆብ በግእዝ | GZ-GDL-013:ገድለ ዘርዐ አብርሃም በግእዝ,"1-28, 1-28, 2-28, 2-28, 3-28, 3-28, 4-24, 4-28, 4-28, 5-28"
8-4,214,ቅዱሳን ፊቅጦር ዳኬዎስና ኤርሞ (ሰማዕታት),ፊቅጦር ዳኬዎስና ኤርሞ,annual,WRONG_DATE,,GZ-MEL-162:መልክዐ ፊቅጦር በግእዝ | GZ-GDL-027:ገድለ ቅዱስ ፊቅጦር በግእዝ | AM-GDL-029:ገድለ ቅዱስ ፊቅጦር በአማርኛ,"1-27, 1-27, 1-27, 2-27, 2-27, 2-27, 3-27, 3-27, 3-27, 4-5"
8-4,214,ቅዱስ ዮሐንስ ወልደ ነጎድጉዋድ (ወንጌላዊው),ዮሐንስ ወልደ ነጎድጉዋድ,monthly,CORRECT,AM-MEL-016:መልክዐ ቅዱስ ዮሐንስ ወንጌላዊ በአማርኛ | AM-MEL-047:የቅዱስ ዮሐንስ 2ኛ መልክዕ በአማርኛ | GZ-MEL-061:መልክዐ ቅዱስ ዮሐንስ ካልእ በግእዝ | GZ-MEL-062:መልክዐ ቅዱስ ዮሐንስ ወንጌላዊ በግእዝ | GZ-MEL-149:መልክዐ ዮሐንስ ወልደ ነጎድጓድ በግእዝ | GZ-MEL-150:መልክዐ ዮሐንስ ፍቁረ እግዚእ በግእዝ | AM-GDL-013:የቅዱስ ዮሐንስ ገድል በአማርኛ,AM-MEL-016:መልክዐ ቅዱስ ዮሐንስ ወንጌላዊ በአማርኛ | AM-MEL-020:መልክዐ አቡነ ዕጨጌ ዮሐንስ በአማርኛ | AM-MEL-021:መልክዐ አቡነ ዮሐንስ ጻድቅ በአማርኛ | AM-MEL-047:የቅዱስ ዮሐንስ 2ኛ መልክዕ በአማርኛ | AM-MEL-048:የቅዱስ ዮሐንስ መጥምቅ መልክዕ በአማርኛ | GZ-MEL-060:መልክዐ ቅዱስ ዮሐንስ መጥምቅ በግእዝ | GZ-MEL-061:መልክዐ ቅዱስ ዮሐንስ ካልእ በግእዝ | GZ-MEL-062:መልክዐ ቅዱስ ዮሐንስ ወንጌላዊ በግእዝ | GZ-MEL-104:መልክዐ አቡነ ዕጨጌ ዮሐንስ በግእዝ | GZ-MEL-109:መልክዐ አቡነ ዮሐንስ ከማ በግእዝ | GZ-MEL-110:መልክዐ አቡነ ዮሐንስ ዘድብረ ዳጋ በግእዝ | GZ-MEL-149:መልክዐ ዮሐንስ ወልደ ነጎድጓድ በግእዝ | GZ-MEL-150:መልክዐ ዮሐንስ ፍቁረ እግዚእ በግእዝ | AM-GDL-013:የቅዱስ ዮሐንስ ገድል በአማርኛ | GZ-GDL-018:ገድለ አቡነ ዮሐንስ በግእዝ | AM-GDL-027:ገድለ አቡነ እጨጌ ዮሐንስ ዘጸገሮ በአማርኛ,"1-1, 1-1, 1-2, 1-2, 1-4, 1-4, 1-4, 1-4, 1-4, 1-4"
8-4,214,ቅዱስ እንድርያስ ሐዋርያ,እንድርያስ,monthly,CORRECT,AM-MEL-046:የቅዱስ እንድርያስ ሐዋርያ መልክዕ በአማርኛ | GZ-MEL-137:መልክዐ እንድርያስ ሐዋርያ በግእዝ,AM-MEL-046:የቅዱስ እንድርያስ ሐዋርያ መልክዕ በአማርኛ | GZ-MEL-102:መልክዐ አቡነ እንድርያስ ዘደብረ ስኂን (ፅፉን) በግእዝ | GZ-MEL-103:መልክዐ አቡነ እንድርያስ ዘደብረ ጽጌ በግእዝ | GZ-MEL-137:መልክዐ እንድርያስ ሐዋርያ በግእዝ,"1-4, 1-4, 2-4, 2-4, 3-4, 3-4, 4-4, 4-4, 5-4, 5-4"
8-4,214,ቅድስት ሶፍያ ሰማዕት,ሶፍያ,monthly,NO_BOOK,,,
8-4,214,ቅዱስ ዮሐንስ ዘሐራቅሊ (ሰማዕት),ዮሐንስ ዘሐራቅሊ,monthly,CORRECT,AM-MEL-016:መልክዐ ቅዱስ ዮሐንስ ወንጌላዊ በአማርኛ | AM-MEL-047:የቅዱስ ዮሐንስ 2ኛ መልክዕ በአማርኛ | GZ-MEL-061:መልክዐ ቅዱስ ዮሐንስ ካልእ በግእዝ | GZ-MEL-062:መልክዐ ቅዱስ ዮሐንስ ወንጌላዊ በግእዝ | GZ-MEL-149:መልክዐ ዮሐንስ ወልደ ነጎድጓድ በግእዝ | GZ-MEL-150:መልክዐ ዮሐንስ ፍቁረ እግዚእ በግእዝ | AM-GDL-013:የቅዱስ ዮሐንስ ገድል በአማርኛ,AM-MEL-016:መልክዐ ቅዱስ ዮሐንስ ወንጌላዊ በአማርኛ | AM-MEL-020:መልክዐ አቡነ ዕጨጌ ዮሐንስ በአማርኛ | AM-MEL-021:መልክዐ አቡነ ዮሐንስ ጻድቅ በአማርኛ | AM-MEL-047:የቅዱስ ዮሐንስ 2ኛ መልክዕ በአማርኛ | AM-MEL-048:የቅዱስ ዮሐንስ መጥምቅ መልክዕ በአማርኛ | GZ-MEL-060:መልክዐ ቅዱስ ዮሐንስ መጥምቅ በግእዝ | GZ-MEL-061:መልክዐ ቅዱስ ዮሐንስ ካልእ በግእዝ | GZ-MEL-062:መልክዐ ቅዱስ ዮሐንስ ወንጌላዊ በግእዝ | GZ-MEL-104:መልክዐ አቡነ ዕጨጌ ዮሐንስ በግእዝ | GZ-MEL-109:መልክዐ አቡነ ዮሐንስ ከማ በግእዝ | GZ-MEL-110:መልክዐ አቡነ ዮሐንስ ዘድብረ ዳጋ በግእዝ | GZ-MEL-149:መልክዐ ዮሐንስ ወልደ ነጎድጓድ በግእዝ | GZ-MEL-150:መልክዐ ዮሐንስ ፍቁረ እግዚእ በግእዝ | AM-GDL-013:የቅዱስ ዮሐንስ ገድል በአማርኛ | GZ-GDL-018:ገድለ አቡነ ዮሐንስ በግእዝ | AM-GDL-027:ገድለ አቡነ እጨጌ ዮሐንስ ዘጸገሮ በአማርኛ,"1-1, 1-1, 1-2, 1-2, 1-4, 1-4, 1-4, 1-4, 1-4, 1-4"
8-5,215,እግዚአብሔር ሰንበትን ቀደሰ,እግዚአብሔር ሰንበትን ቀደሰ,annual,WRONG_DATE,,GZ-MEL-139:መልክዐ እግዚአብሔር አብ በግእዝ | GZ-MEL-140:መልክዐ እግዚአብሔር አብ ካልዕ በግእዝ,"1-13, 1-13, 2-13, 2-13, 3-13, 3-13, 4-13, 4-13, 5-13, 5-13"
8-5,215,ቅዱስ ሕዝቅኤል ነቢይ,ሕዝቅኤል,annual,NO_BOOK,,,
8-5,215,ቅዱስ ዲዮስቆሮስ (ክፉ ላለመናገር ዲንጋይ ጐርሶ የኖረ አባት),ዲዮስቆሮስ,annual,NO_BOOK,,,
8-5,215,ቅድስት ታኦድራ,ታኦድራ,annual,NO_BOOK,,,
8-5,215,ቅዱስ አርሳኒ,አርሳኒ,annual,NO_BOOK,,,
8-5,215,ቅዱስ ያሬድ ካህን (ልደቱ),ያሬድ ካህን,annual,WRONG_DATE,,GZ-MEL-146:መልክዐ ያሬድ በግእዝ | GZ-MEL-147:መልክዐ ያሬድ ካልዕ በግእዝ | GZ-GDL-021:ድርሳን ወገድል ዘቅዱስ ያሬድ በግእዝ,"1-11, 1-11, 1-11, 2-11, 2-11, 2-11, 3-11, 3-11, 3-11, 4-11"
8-5,215,ቅዱስ ዼጥሮስ ሊቀ ሐዋርያት,ዼጥሮስ ሊቀ ሐዋርያት,monthly,WRONG_DATE,,GZ-MEL-023:መልክዐ ሐዋርያት በግእዝ | GZ-GDL-017:ገድለ አቡነ ተክለ ሐዋርያት በግእዝ | GZ-GDL-032:መጽሐፈ ገድለ ቅዱሳን ሐዋርያት በግእዝ | AM-ZNA-003:ዜና ሐዋርያት በአማርኛ,"3-27, 11-5, 11-5, 11-5, 12-15, 12-15, 12-15"
8-5,215,ቅዱስ ዻውሎስ ሐዋርያ,ዻውሎስ,monthly,NO_BOOK,,,
8-5,215,አቡነ ገብረ መንፈስ ቅዱስ ጻድቅ (አባ ገብረ ሕይወት),ገብረ መንፈስ ቅዱስ ጻድቅ,monthly,CORRECT,GZ-MEL-151:መልክዐ ገብረ መንፈስ ቅዱስ በግእዝ | GZ-MEL-152:መልክዐ ገብረ መንፈስ ቅዱስ ካልዕ በግእዝ | AM-GDL-007:ገድለ አቡነ ገብረ መንፈስ ቅዱስ በአማርኛ,AM-MEL-003:መልክዐ ለአቡነ አቢብ ጻድቅ በአማርኛ | AM-MEL-021:መልክዐ አቡነ ዮሐንስ ጻድቅ በአማርኛ | AM-MEL-060:የአቡነ አባለ ክርስቶስ ጻድቅ መልክዕ በአማርኛ | GZ-MEL-151:መልክዐ ገብረ መንፈስ ቅዱስ በግእዝ | GZ-MEL-152:መልክዐ ገብረ መንፈስ ቅዱስ ካልዕ በግእዝ | GZ-MEL-153:መልክዐ ገብረ ክርስቶስ በግእዝ | AM-GDL-007:ገድለ አቡነ ገብረ መንፈስ ቅዱስ በአማርኛ,"1-5, 1-5, 1-5, 1-16, 1-25, 2-5, 2-5, 2-5, 2-14, 2-16"
8-5,215,ቅዱስ ዮሐኒ ኢትዮዽያዊ,ዮሐኒ ኢትዮዽያዊ,monthly,NO_BOOK,,,
8-5,215,ቅዱስ አሞኒ ዘናሒሶ,አሞኒ ዘናሒሶ,monthly,NO_BOOK,,,
8-6,216,ቅዱሳን አዳምና ሔዋን (የዕረፍታቸው መታሠቢያ),አዳምና ሔዋን,annual,CORRECT,AM-MEL-023:መልክዐ አዳም ወሔዋን በአማርኛ | GZ-MEL-127:መልክዐ አዳም ወሔዋን በግእዝ,AM-MEL-023:መልክዐ አዳም ወሔዋን በአማርኛ | GZ-MEL-127:መልክዐ አዳም ወሔዋን በግእዝ,"1-6, 1-6, 2-6, 2-6, 3-6, 3-6, 4-6, 4-6, 5-6, 5-6"
8-6,216,ልበ አምላክ ቅዱስ ዳዊት (ልደቱ),ልበ አምላክ ቅዱስ ዳዊት,annual,CORRECT,AM-MEL-049:የቅዱስ ዳዊት መልክዕ በአማርኛ | GZ-MEL-064:መልክዐ ቅዱስ ዳዊት በግእዝ,AM-MEL-049:የቅዱስ ዳዊት መልክዕ በአማርኛ | AM-MZM-001:መዝሙረ ዳዊት በአማርኛ | AM-WUD-003:ውዳሴ አምላክ በአማርኛ | GZ-MEL-064:መልክዐ ቅዱስ ዳዊት በግእዝ | GZ-MEL-088:መልክዐ አቡነ ቡሩከ አምላክ ዘደብረ ኮል በግእዝ | GZ-MEL-089:መልክዐ አቡነ ብፁዓ አምላክ ዘደብረ ምዕዋን ወዘደብረ ኰዳዱ በግእዝ | GZ-MZM-004:መዝሙረ ዳዊት በግእዝ | TI-MZM-001:መዝሙረ ዳዊት ብትግርኛ | TI-WUD-002:ውዳሴ አምላክ ብትግርኛ,"None-None, None-None, None-None, None-None, None-None, 1-23, 1-23, 2-23, 2-23, 3-23"
8-6,216,አባታችን ቅዱስ ኖኅ (ልደቱ),አባታችን ቅዱስ ኖኅ,annual,CORRECT,AM-MEL-049:የቅዱስ ዳዊት መልክዕ በአማርኛ | AM-MEL-052:የነቢዩ የቅዱስ ኤልያስ 3ኛ መልክዕ በአማርኛ | GZ-MEL-059:መልክዐ ቅዱስ ኤልያስ ነቢይ ሣልስ በግእዝ | GZ-MEL-064:መልክዐ ቅዱስ ዳዊት በግእዝ,AM-MEL-012:መልክዐ ቅዱስ መስቀል በአማርኛ | AM-MEL-013:መልክዐ ቅዱስ ሚናስ በአማርኛ | AM-MEL-014:መልክዐ ቅዱስ ራጉኤል በአማርኛ | AM-MEL-015:መልክዐ ቅዱስ ቂርቆስ በአማርኛ | AM-MEL-016:መልክዐ ቅዱስ ዮሐንስ ወንጌላዊ በአማርኛ | AM-TEA-003:ተአምኆ ዘሥሉስ ቅዱስ መልክዕ በአማርኛ | AM-MEL-033:የሐዋርያው የቅዱስ ታዴዎስ መልክዕ በአማርኛ | AM-MEL-036:የሰማዕቱ ቅዱስ ጊጋር መልክዕ በአማርኛ | AM-MEL-039:የቅዱስ መርምሕናም መልክዕ በአማርኛ | AM-MEL-040:የቅዱስ መስቀል 3ኛ መልክዕ በአማርኛ | AM-MEL-041:የቅዱስ ሚካኤል 3ኛ መልክዕ በአማርኛ | AM-MEL-042:የቅዱስ ማርቆስ 2ኛ መልክዕ በአማርኛ | AM-MEL-043:የቅዱስ ሩፋኤል መልክዕ በአማርኛ | AM-MEL-044:የቅዱስ አቦሊ መልክዕ በአማርኛ | AM-MEL-045:የቅዱስ እስጢፋኖስ 2ኛ መልክዕ በአማርኛ | AM-MEL-046:የቅዱስ እንድርያስ ሐዋርያ መልክዕ በአማርኛ | AM-MEL-047:የቅዱስ ዮሐንስ 2ኛ መልክዕ በአማርኛ | AM-MEL-048:የቅዱስ ዮሐንስ መጥምቅ መልክዕ በአማርኛ | AM-MEL-049:የቅዱስ ዳዊት መልክዕ በአማርኛ | AM-MEL-050:የቅዱስ ገብርኤል መልክዕ በአማርኛ | AM-MEL-051:የቅዱስ ጊዮርጊስ መልክዕ በአማርኛ | AM-MEL-052:የነቢዩ የቅዱስ ኤልያስ 3ኛ መልክዕ በአማርኛ | AM-MEL-063:የአባታችን አብርሃም መልክዕ በአማርኛ | AM-MEL-065:ጸሎተ መልክዐ ሥቃዩ ለቅዱስ ጊዮርጊስ ሊቀ ሰማዕታት በአማርኛ | AM-MEL-066:ጸሎተ መልክዕ ዘቅዱስ ጊዮርጊስ ሊቀ ሰማዕታት በአማርኛ | AM-MEL-067:ጸሎተ መልክዕ ዘቅዱስ ጊዮርጊስ ሊቀ ሰማዕታት ካልዕ በአማርኛ | AM-SIB-001:ስብሐተ ፍቁር ዘቅዱስ ጊዮርጊስ ሊቀ ሰማዕታት በአማርኛ | AM-TEA-002:ተአምኆ ዘሥሉስ ቅዱስ በአማርኛ | GZ-MEL-004:መልክዐ ሊቀ መላእክት ቅዱስ ሚካኤል ሣልስ በግእዝ | GZ-MEL-005:መልክዐ ሊቀ መላእክት ቅዱስ ሚካኤል ካልዕ በግእዝ | GZ-MEL-006:መልክዐ ሊቀ መላእክት ቅዱስ ሩፋኤል በግእዝ | GZ-MEL-007:መልክዐ ሊቀ መላእክት ቅዱስ ራጉኤል በግእዝ | GZ-MEL-008:መልክዐ ሊቀ መላእክት ቅዱስ ሱርያል በግእዝ | GZ-MEL-009:መልክዐ ሊቀ መላእክት ቅዱስ በግእዝ | GZ-MEL-010:መልክዐ ሊቀ መላእክት ቅዱስ አፍኒን በግእዝ | GZ-MEL-011:መልክዐ ሊቀ መላእክት ቅዱስ ዑራኤል በግእዝ | GZ-MEL-012:መልክዐ ሊቀ መላእክት ቅዱስ ዑራኤል ካልእ በግእዝ | GZ-MEL-013:መልክዐ ሊቀ መላእክት ቅዱስ ገብርኤል በግእዝ | GZ-MEL-014:መልክዐ ሊቀ መላእክት ቅዱስ ገብርኤል ካልዕ (ደቅስዮስ) በግእዝ | GZ-MEL-015:መልክዐ ሊቀ መላእክት ቅዱስ ፋኑኤል በግእዝ | GZ-MEL-016:መልክዐ ሊቀ ሰማዕታት ቅዱስ እስጢፋኖስ በግእዝ | GZ-MEL-017:መልክዐ ሊቀ ሰማዕታት ቅዱስ እስጢፋኖስ ካልእ በግእዝ | GZ-MEL-034:መልክዐ ሥሉስ ቅዱስ በግእዝ | GZ-MEL-039:መልክዐ ሰማዕት ቅዱስ መርቆሬዎስ በግእዝ | GZ-MEL-040:መልክዐ ሰማዕት ቅዱስ ቴዎድሮስ በግእዝ | GZ-MEL-041:መልክዐ ሰማዕት ቅዱስ ፋሲለደስ በግእዝ | GZ-MEL-049:መልክዐ ቅዱስ መርምሕናም በግእዝ | GZ-MEL-050:መልክዐ ቅዱስ መስቀል ሣልስ በግእዝ | GZ-MEL-051:መልክዐ ቅዱስ መስቀል በግእዝ | GZ-MEL-052:መልክዐ ቅዱስ ሚናስ በግእዝ | GZ-MEL-053:መልክዐ ቅዱስ ማርቆስ ካልእ በግእዝ | GZ-MEL-054:መልክዐ ቅዱስ ቂርቆስ በግእዝ | GZ-MEL-055:መልክዐ ቅዱስ ታዴዎስ በግእዝ | GZ-MEL-056:መልክዐ ቅዱስ አባዲር በግእዝ | GZ-MEL-057:መልክዐ ቅዱስ አቦሊ በግእዝ | GZ-MEL-058:መልክዐ ቅዱስ አግናጥዮስ ምጥው ለአንበሳ በግእዝ | GZ-MEL-059:መልክዐ ቅዱስ ኤልያስ ነቢይ ሣልስ በግእዝ | GZ-MEL-060:መልክዐ ቅዱስ ዮሐንስ መጥምቅ በግእዝ | GZ-MEL-061:መልክዐ ቅዱስ ዮሐንስ ካልእ በግእዝ | GZ-MEL-062:መልክዐ ቅዱስ ዮሐንስ ወንጌላዊ በግእዝ | GZ-MEL-063:መልክዐ ቅዱስ ዮስጦስ በግእዝ | GZ-MEL-064:መልክዐ ቅዱስ ዳዊት በግእዝ | GZ-MEL-065:መልክዐ ቅዱስ ጊዮርጊስ በግእዝ | GZ-MEL-151:መልክዐ ገብረ መንፈስ ቅዱስ በግእዝ | GZ-MEL-152:መልክዐ ገብረ መንፈስ ቅዱስ ካልዕ በግእዝ | GZ-TEA-002:ተአምኆ ዘሥሉስ ቅዱስ በግእዝ | GZ-TEA-003:ተአምኆ ዘሥሉስ ቅዱስ በግእዝ ካልእ | GZ-MEL-165:መልክዐ ሊቀ መላእክት ቅዱስ ሚካኤል ካልዕ በግእ | AM-GDL-001:ገድለ ቅዱስ አባ ጊዮርጊስ ዘጋሥጫ በአማርኛ | GZ-GDL-002:ገድለ ሰማዕት ቅዱስ መርቆሬዎስ በግእዝ | GZ-DRS-003:ድርሳነ ቅዱስ ራጉኤል በግእዝ | AM-DRS-001:የቅዱስ ኢያቄምና- የቅድስት ሐና ድርሳን በአማርኛ | GZ-GDL-007:ገድለ ቅዱስ አባ ጊዮርጊስ ዘጋሥጫ በግእዝ | AM-GDL-007:ገድለ አቡነ ገብረ መንፈስ ቅዱስ በአማርኛ | GZ-GDL-008:ገድለ ቅዱስ ዞሲማስ በግእዝ | AM-GDL-009:ገድለ ቅዱስ እስጢፋኖስ አማርኛ | GZ-GDL-009:ገድለ ቅዱስ ሱስንዮስ በግእዝ | GZ-GDL-010:ገድለ ቅዱስ ዮስጦስ በግእዝ | GZ-GDL-012:ገድለ ቅዱስ ቈጵርያኖስ ወቅድስት ኢዩስጣ በግእዝ | AM-GDL-013:የቅዱስ ዮሐንስ ገድል በአማርኛ | GZ-GDL-014:ገድለ ቅዱስ ጊዮርጊስ ሰማዕት በግእዝ | AM-GDL-015:ገድለ ሰማዕት ቅዱስ መርቆሬዎስ በአማርኛ | AM-GDL-018:ገድለ ቅዱስ ጊዮርጊስ ሰማዕት በአማርኛ | GZ-DRS-007:ድርሳን ዘቅዱስ ኢያቄም ወቅድስት ሐና በግእዝ | GZ-GDL-021:ድርሳን ወገድል ዘቅዱስ ያሬድ በግእዝ | GZ-GDL-022:ገድለ ቅዱስ እስጢፋኖስ በግእዝ | GZ-GDL-027:ገድለ ቅዱስ ፊቅጦር በግእዝ | AM-GDL-023:የቅዱስ ቂርቆስና የቅድስት ኢየሉጣ ገድል በአማርኛ | GZ-GDL-030:ገድለ ቅዱስ ቴዎድሮስ በግእዝ | GZ-DRS-009:ድርሳን ቅዱስ ሩፋኤል በግእዝ | GZ-GDL-031:ገድለ ሰማዕት ቅዱስ ቴዎድሮስ በግእዝ | AM-GDL-024:ገድለ ቅዱስ አቡነ አቢብ በአማርኛ | AM-GDL-025:ገድለ ቅዱስ ዞሲማስ በአማርኛ | AM-DRS-010:ድርሳነ ቅዱስ ራጉኤል በአማርኛ | AM-GDL-029:ገድለ ቅዱስ ፊቅጦር በአማርኛ | AM-GDL-030:ገድለ ሰማዕት ቅዱስ ቴዎድሮስ በአማርኛ,"None-None, None-None, None-None, None-None, 1-1, 1-1, 1-1, 1-1, 1-1, 1-1"
8-6,216,ቅዱስ ቶማስ ሐዋርያ (የጌታችንን ጐኑን የዳሰሰበት),ቶማስ ሐዋርያ,annual,WRONG_DATE,,AM-MEL-033:የሐዋርያው የቅዱስ ታዴዎስ መልክዕ በአማርኛ | AM-MEL-046:የቅዱስ እንድርያስ ሐዋርያ መልክዕ በአማርኛ | GZ-MEL-023:መልክዐ ሐዋርያት በግእዝ | GZ-MEL-094:መልክዐ አቡነ ቶማስ ዘዘናቁዴ በግእዝ | GZ-MEL-137:መልክዐ እንድርያስ ሐዋርያ በግእዝ | GZ-GDL-017:ገድለ አቡነ ተክለ ሐዋርያት በግእዝ | GZ-GDL-032:መጽሐፈ ገድለ ቅዱሳን ሐዋርያት በግእዝ | AM-ZNA-003:ዜና ሐዋርያት በአማርኛ,"1-2, 1-4, 1-4, 2-2, 2-4, 2-4, 3-2, 3-3, 3-4, 3-4"
8-6,216,ቅድስት ማርያም ግብፃዊት (ከኃጢአት ሕይወት ተመልሳ በፍፁም ቅድስናዋ የተመሠከረላት እናት),ማርያም ግብፃዊት,annual,WRONG_DATE,,AM-LAH-001:ላሐ ማርያም በአማርኛ | AM-MEL-008:መልክዐ ማርያም ሣልሲት በአማርኛ | AM-MEL-009:መልክዐ ማርያም በአማርኛ | AM-MEL-017:መልክዐ ቅድስት ጸበለ ማርያም በአማርኛ | AM-MEL-064:የጽዮን ማርያም 3ኛ መልክዕ በአማርኛ | AM-RAY-001:ራዕየ ማርያም በአማርኛ | AM-WUD-002:ውዳሴ ማርያም በአማርኛ | GZ-ETA-001:እትአመነኪ ማርያም በሰማይ ወበምድር በግእዝ | GZ-LAH-001:ላሐ ማርያም በግእዝ | GZ-MEL-002:መልከዐ ማርያም ዳግሚት በግእዝ | GZ-MEL-031:መልክዐ ማርያም ሣልሲት በግእዝ | GZ-MEL-032:መልክዐ ማርያም በግእዝ | GZ-MEL-070:መልክዐ ተክለ ማርያም ዘይሰመይ መብዓ ጽዮን በግእዝ | GZ-MEL-099:መልክዐ አቡነ አብሳዲ ዘደብረ ማርያም በግእዝ | GZ-MEL-159:መልክዐ ጸበለ ማርያም ቅድስት በግእዝ | GZ-MEL-161:መልክዐ ጽዮን ማርያም ሣልስ በግእዝ | GZ-WUD-002:ውዳሴ ማርያም በግእዝ | TI-RAY-001:ራእየ ማርያም ብትግርኛ | TI-WUD-001:ውዳሴ ማርያም ብትግርኛ | AM-GDL-002:ገድለ ማርያም እንተ ዕፍረት በአማርኛ | GZ-TAM-001:ተአምረ ማርያም በግእዝ | AM-GDL-003:ገድለ ማርያም መግደላዊት በአማርኛ | GZ-MTS-001:መጽሐፈ ልደታ ለማርያም በግእዝ | AM-TAM-002:ተአምረ ማርያም በአማርኛ,"None-None, None-None, None-None, 1-1, 1-21, 1-21, 1-21, 1-21, 1-21, 1-21"
8-6,216,ቅድስት ደብረ ቁስቁዋም,ደብረ ቁስቁዋም,monthly,WRONG_DATE,,GZ-MEL-076:መልክዐ አቡነ መርቆሬዎስ ዘደብረ ድማኅ በግእዝ | GZ-MEL-080:መልክዐ አቡነ ማቴዎስ ዘደብረ በርበሬ በግእዝ | GZ-MEL-081:መልክዐ አቡነ ማቴዎስ ዘደብረ በርበሬ በግእዝ ካልእ | GZ-MEL-088:መልክዐ አቡነ ቡሩከ አምላክ ዘደብረ ኮል በግእዝ | GZ-MEL-089:መልክዐ አቡነ ብፁዓ አምላክ ዘደብረ ምዕዋን ወዘደብረ ኰዳዱ በግእዝ | GZ-MEL-099:መልክዐ አቡነ አብሳዲ ዘደብረ ማርያም በግእዝ | GZ-MEL-102:መልክዐ አቡነ እንድርያስ ዘደብረ ስኂን (ፅፉን) በግእዝ | GZ-MEL-103:መልክዐ አቡነ እንድርያስ ዘደብረ ጽጌ በግእዝ | GZ-MEL-107:መልክዐ አቡነ የሐንስ ዘደብረ ቢዘን በግእዝ | GZ-MEL-113:መልክዐ አቡነ ዮናስ ዘደብረ ድኁኃን ዘደብረ ጽጌ ወዘደብረ ጽዮን በግእዝ | GZ-MEL-120:መልክዐ አቡነ ፊልጶስ ዘደብረ ቢዘን በግእዝ | GZ-GDL-001:ገድለ አቡነ ፊልጶስ ዘደብረ ሊባኖስ በግእዝ,"1-13, 1-30, 2-13, 3-13, 3-13, 3-17, 4-1, 4-13, 4-16, 5-13"
8-6,216,እናታችን ሐይከል,እናታችን ሐይከል,monthly,NO_BOOK,,,
8-6,216,ቅዱስ ኤልያስ ነቢይ,ኤልያስ,monthly,CORRECT,AM-MEL-052:የነቢዩ የቅዱስ ኤልያስ 3ኛ መልክዕ በአማርኛ | GZ-MEL-059:መልክዐ ቅዱስ ኤልያስ ነቢይ ሣልስ በግእዝ | GZ-MEL-134:መልክዐ ኤልያስ በግእዝ | AM-DRS-005:ድርሳነ ኤልያስ ነቢይ በአማርኛ,AM-MEL-052:የነቢዩ የቅዱስ ኤልያስ 3ኛ መልክዕ በአማርኛ | GZ-MEL-059:መልክዐ ቅዱስ ኤልያስ ነቢይ ሣልስ በግእዝ | GZ-MEL-134:መልክዐ ኤልያስ በግእዝ | AM-DRS-005:ድርሳነ ኤልያስ ነቢይ በአማርኛ,"1-6, 1-6, 1-6, 1-6, 2-6, 2-6, 2-6, 2-6, 3-6, 3-6"
8-6,216,ቅዱስ ባስልዮስ ዘቂሣርያ,ባስልዮስ ዘቂሣርያ,monthly,NO_BOOK,,,
8-6,216,ቅዱስ ዮሴፍ አረጋዊ,ዮሴፍ አረጋዊ,monthly,WRONG_DATE,,GZ-MEL-073:መልክዐ አረጋዊ በግእዝ | GZ-MEL-111:መልክዐ አቡነ ዮሴፍ በግእዝ | AM-GDL-016:ገድለ አቡነ አረጋዊ በአማርኛ | GZ-GDL-029:ገድለ አቡነ ዮሴፍ በግእዝ,"1-14, 1-14, 1-19, 1-19, 2-14, 2-14, 2-19, 2-19, 3-14, 3-14"
8-6,216,ቅድስት ሰሎሜ,ሰሎሜ,monthly,NO_BOOK,,,
8-6,216,አባ አርከ ሥሉስ,አርከ ሥሉስ,monthly,WRONG_DATE,,AM-TEA-003:ተአምኆ ዘሥሉስ ቅዱስ መልክዕ በአማርኛ | AM-TEA-002:ተአምኆ ዘሥሉስ ቅዱስ በአማርኛ | GZ-MEL-034:መልክዐ ሥሉስ ቅዱስ በግእዝ | GZ-TEA-002:ተአምኆ ዘሥሉስ ቅዱስ በግእዝ | GZ-TEA-003:ተአምኆ ዘሥሉስ ቅዱስ በግእዝ ካልእ,"None-None, None-None, None-None, None-None, 5-7"
8-6,216,አባ ጽጌ ድንግል,ጽጌ ድንግል,monthly,WRONG_DATE,,AM-MEL-019:መልክዐ አቡነ ሐራ ድንግል በአማርኛ | GZ-MEL-021:መልክዐ ሐራ ድንግል በግእዝ,"1-11, 1-11, 2-11, 2-11, 3-11, 3-11, 4-11, 4-11, 5-11, 5-11"
8-6,216,ቅድስት አርሴማ ድንግል,አርሴማ ድንግል,monthly,CORRECT,GZ-MEL-042:መልክዐ ሰማዕት ቅድስት አርሴማ በግእዝ | AM-GDL-008:ገድለ ሰማዕት ቅድስት አርሴማ በአማርኛ | GZ-GDL-033:ገድለ ሰማዕት ቅድስት አርሴማ በግእዝ,AM-MEL-019:መልክዐ አቡነ ሐራ ድንግል በአማርኛ | GZ-MEL-021:መልክዐ ሐራ ድንግል በግእዝ | GZ-MEL-042:መልክዐ ሰማዕት ቅድስት አርሴማ በግእዝ | AM-GDL-008:ገድለ ሰማዕት ቅድስት አርሴማ በአማርኛ | GZ-GDL-033:ገድለ ሰማዕት ቅድስት አርሴማ በግእዝ,"1-6, 1-6, 1-6, 1-11, 1-11, 1-29, 1-29, 1-29, 2-6, 2-6"
8-7,217,ቅዱስ ኢያቄም (የ ድንግል ማርያም አባት),ኢያቄም,annual,CORRECT,GZ-MEL-133:መልክዐ ኢያቄም በግእዝ | AM-DRS-001:የቅዱስ ኢያቄምና- የቅድስት ሐና ድርሳን በአማርኛ | GZ-DRS-007:ድርሳን ዘቅዱስ ኢያቄም ወቅድስት ሐና በግእዝ,GZ-MEL-133:መልክዐ ኢያቄም በግእዝ | AM-DRS-001:የቅዱስ ኢያቄምና- የቅድስት ሐና ድርሳን በአማርኛ | GZ-DRS-007:ድርሳን ዘቅዱስ ኢያቄም ወቅድስት ሐና በግእዝ,"1-1, 1-1, 1-1, 1-3, 1-3, 1-3, 1-7, 1-7, 1-7, 1-11"
8-7,217,ቅዱስ አጋቦስ ሰማዕት,አጋቦስ,annual,NO_BOOK,,,
8-7,217,ቅድስት ቴዎድራ ሰማዕት,ቴዎድራ,annual,NO_BOOK,,,
8-7,217,ቅዱስ አባ መቅሩፋ ጻድቅ,መቅሩፋ,annual,NO_BOOK,,,
8-7,217,ሥሉስ ቅዱስ (አብ ወወልድ ወመንፈስ ቅዱስ),ሥሉስ ቅዱስ,monthly,WRONG_DATE,,AM-TEA-003:ተአምኆ ዘሥሉስ ቅዱስ መልክዕ በአማርኛ | AM-TEA-002:ተአምኆ ዘሥሉስ ቅዱስ በአማርኛ | GZ-MEL-034:መልክዐ ሥሉስ ቅዱስ በግእዝ | GZ-TEA-002:ተአምኆ ዘሥሉስ ቅዱስ በግእዝ | GZ-TEA-003:ተአምኆ ዘሥሉስ ቅዱስ በግእዝ ካልእ,"None-None, None-None, None-None, None-None, 5-7"
8-7,217,አባ ጊዮርጊስ ዘጋስጫ,ጊዮርጊስ ዘጋስጫ,monthly,CORRECT,GZ-MEL-123:መልክዐ አባ ጊዮርጊስ ዘጋሥጫ በግእዝ | AM-GDL-001:ገድለ ቅዱስ አባ ጊዮርጊስ ዘጋሥጫ በአማርኛ | GZ-GDL-007:ገድለ ቅዱስ አባ ጊዮርጊስ ዘጋሥጫ በግእዝ,AM-MEL-051:የቅዱስ ጊዮርጊስ መልክዕ በአማርኛ | AM-MEL-065:ጸሎተ መልክዐ ሥቃዩ ለቅዱስ ጊዮርጊስ ሊቀ ሰማዕታት በአማርኛ | AM-MEL-066:ጸሎተ መልክዕ ዘቅዱስ ጊዮርጊስ ሊቀ ሰማዕታት በአማርኛ | AM-MEL-067:ጸሎተ መልክዕ ዘቅዱስ ጊዮርጊስ ሊቀ ሰማዕታት ካልዕ በአማርኛ | AM-SIB-001:ስብሐተ ፍቁር ዘቅዱስ ጊዮርጊስ ሊቀ ሰማዕታት በአማርኛ | GZ-MEL-036:መልክዐ ሥቃዩ ለጊዮርጊስ በግእዝ | GZ-MEL-065:መልክዐ ቅዱስ ጊዮርጊስ በግእዝ | GZ-MEL-123:መልክዐ አባ ጊዮርጊስ ዘጋሥጫ በግእዝ | GZ-MEL-154:መልክዐ ጊዮርጊስ በግእዝ | GZ-MEL-155:መልክዐ ጊዮርጊስ ካልዕ ወሥቃዩ በግእዝ | AM-GDL-001:ገድለ ቅዱስ አባ ጊዮርጊስ ዘጋሥጫ በአማርኛ | GZ-GDL-007:ገድለ ቅዱስ አባ ጊዮርጊስ ዘጋሥጫ በግእዝ | GZ-GDL-014:ገድለ ቅዱስ ጊዮርጊስ ሰማዕት በግእዝ | AM-GDL-018:ገድለ ቅዱስ ጊዮርጊስ ሰማዕት በአማርኛ,"1-7, 1-7, 1-7, 1-23, 1-23, 1-23, 1-23, 1-23, 1-23, 1-23"
8-7,217,አባ ሲኖዳ (የባሕታውያን አለቃ),ሲኖዳ,monthly,NO_BOOK,,,
8-7,217,አባ ዳንኤል ዘገዳመ ሲሐት,ዳንኤል ዘገዳመ ሲሐት,monthly,WRONG_DATE,,GZ-MEL-114:መልክዐ አቡነ ዳንኤል በግእዝ | GZ-GDL-028:ገድለ አቡነ ዳንኤል በግእዝ,"3-6, 3-6"
8-7,217,አባ ባውላ ገዳማዊ,ባውላ ገዳማዊ,monthly,NO_BOOK,,,
8-7,217,ቅዱስ አትናቴዎስ ሐዋርያዊ,አትናቴዎስ ሐዋርያዊ,monthly,NO_BOOK,,,
8-7,217,ቅዱስ አግናጥዮስ (ለአንበሳ የተሰጠ),አግናጥዮስ,monthly,CORRECT,GZ-MEL-058:መልክዐ ቅዱስ አግናጥዮስ ምጥው ለአንበሳ በግእዝ,GZ-MEL-058:መልክዐ ቅዱስ አግናጥዮስ ምጥው ለአንበሳ በግእዝ,"1-7, 2-7, 2-26, 3-7, 4-7, 4-24, 5-7, 6-7, 7-7, 8-7"
8-8,218,ቅዱሳት ደናግል አጋሊዝ ኢራኒና ሱስንያ,ቅዱሳት ደናግል አጋሊዝ ኢራኒና ሱስንያ,annual,NO_BOOK,,,
8-8,218,"""፲፭0"" ቅዱሳን ሰማዕታት (ፋርስ (ኢራን) ውስጥ የተሰየፉ)","""፲፭0"" ቅዱሳን ሰማዕታት  ውስጥ የተሰየፉ)",annual,NO_BOOK,,,
8-8,218,አባ ጢሞቴዎስ ሊቀ ዻዻሳት,ጢሞቴዎስ ሊቀ ዻዻሳት,annual,NO_BOOK,,,
8-8,218,ቅዱስ ሙሴ ሊቀ ነቢያት,ሙሴ ሊቀ ነቢያት,monthly,WRONG_DATE,,AM-TSE-003:የነቢያት ጸሎት በአማርኛ | GZ-TSE-002:ጸሎተ ነቢያት በግእዝ | TI-MZM-002:መዝሙር መኃልይ ነቢያት ብትግርኛ,"None-None, None-None, None-None"
8-8,218,ኪሩቤል (አርባዕቱ እንስሳ),ኪሩቤል,monthly,NO_BOOK,,,
8-8,218,አባ ብሶይ (ቢሾይ),ብሶይ,monthly,NO_BOOK,,,
8-8,218,አቡነ ኪሮስ,ኪሮስ,monthly,CORRECT,GZ-GDL-016:ገድለ አቡነ ኪሮስ በግእዝ | AM-GDL-021:ገድለ አቡነ ኪሮስ በአማርኛ,GZ-GDL-016:ገድለ አቡነ ኪሮስ በግእዝ | AM-GDL-021:ገድለ አቡነ ኪሮስ በአማርኛ,"1-8, 1-8, 2-8, 2-8, 3-8, 3-8, 4-8, 4-8, 5-8, 5-8"
8-8,218,አባ ሳሙኤል ዘደብረ ቀልሞን,ሳሙኤል ዘደብረ ቀልሞን,monthly,WRONG_DATE,,AM-MEL-054:የአቡነ ሳሙኤል ዘዋልድባ መልክዕ በአማርኛ | AM-MEL-055:የአቡነ ሳሙኤል ዘዋልድባ ኹለተኛ መልክዕ በአማርኛ | GZ-MEL-084:መልክዐ አቡነ ሳሙኤል በግእዝ ሣልስ በግእዝ | GZ-MEL-085:መልክዐ አቡነ ሳሙኤል ዘዋልድባ በግእዝ | GZ-MEL-086:መልክዐ አቡነ ሳሙኤል ዘዋልድባ ካልዕ በግእዝ,"1-12, 1-12, 1-12, 1-12, 1-12, 2-12, 2-12, 2-12, 2-12, 2-12"
8-8,218,ቅዱስ ማትያስ ሐዋርያ (ከ፲፪ቱ ሐዋርያት),ማትያስ ሐዋርያ,monthly,WRONG_DATE,,AM-MEL-033:የሐዋርያው የቅዱስ ታዴዎስ መልክዕ በአማርኛ | AM-MEL-046:የቅዱስ እንድርያስ ሐዋርያ መልክዕ በአማርኛ | GZ-MEL-023:መልክዐ ሐዋርያት በግእዝ | GZ-MEL-137:መልክዐ እንድርያስ ሐዋርያ በግእዝ | GZ-GDL-017:ገድለ አቡነ ተክለ ሐዋርያት በግእዝ | GZ-GDL-032:መጽሐፈ ገድለ ቅዱሳን ሐዋርያት በግእዝ | AM-ZNA-003:ዜና ሐዋርያት በአማርኛ,"1-2, 1-4, 1-4, 2-2, 2-4, 2-4, 3-2, 3-4, 3-4, 3-27"
8-9,219,ቅዱሳን የብሔረ ብጹዐን ጻድቃን,የብሔረ ብጹዐን ጻድቃን,annual,WRONG_DATE,,GZ-MEL-160:መልክዐ ጻድቃን ዘባርክናሃ በግእዝ,4-29
8-9,219,አቡነ እስትንፋሰ ክርስቶስ ጻድቅ (ኢትዮዽያዊ),እስትንፋሰ ክርስቶስ ጻድቅ,annual,CORRECT,GZ-MEL-136:መልክዐ እስትንፋሰ ክርስቶስ በግእዝ | AM-GDL-014:የአቡነ እስትንፋሰ ክርስቶስ ገድል በአማርኛ,AM-MEL-003:መልክዐ ለአቡነ አቢብ ጻድቅ በአማርኛ | AM-MEL-021:መልክዐ አቡነ ዮሐንስ ጻድቅ በአማርኛ | AM-MEL-060:የአቡነ አባለ ክርስቶስ ጻድቅ መልክዕ በአማርኛ | GZ-MEL-136:መልክዐ እስትንፋሰ ክርስቶስ በግእዝ | AM-GDL-014:የአቡነ እስትንፋሰ ክርስቶስ ገድል በአማርኛ,"1-9, 1-9, 1-16, 1-25, 2-9, 2-9, 2-16, 2-25, 3-9, 3-9"
8-9,219,ቅዱስ ዞሲማስ ገዳማዊ (ብሔረ ብጹዐንን ያየ እና ዜናቸውን የጻፈ አባት),ዞሲማስ ገዳማዊ,annual,CORRECT,GZ-GDL-008:ገድለ ቅዱስ ዞሲማስ በግእዝ | AM-GDL-025:ገድለ ቅዱስ ዞሲማስ በአማርኛ,GZ-GDL-008:ገድለ ቅዱስ ዞሲማስ በግእዝ | AM-GDL-025:ገድለ ቅዱስ ዞሲማስ በአማርኛ,"1-9, 1-9, 2-9, 2-9, 3-9, 3-9, 4-9, 4-9, 5-9, 5-9"
8-9,219,ቅዱስ ኤስድሮስ ሕጻን ሰማዕት (ገና በ፲ ወር ዕድሜው ሰማዕት የሆነ),ኤስድሮስ ሕጻን ሰማዕት,annual,WRONG_DATE,,GZ-MEL-039:መልክዐ ሰማዕት ቅዱስ መርቆሬዎስ በግእዝ | GZ-MEL-040:መልክዐ ሰማዕት ቅዱስ ቴዎድሮስ በግእዝ | GZ-MEL-041:መልክዐ ሰማዕት ቅዱስ ፋሲለደስ በግእዝ | GZ-MEL-042:መልክዐ ሰማዕት ቅድስት አርሴማ በግእዝ | GZ-MEL-043:መልክዐ ሰማዕት ቅድስት ኢየሉጣ በግእዝ | GZ-MEL-122:መልክዐ አባ ኖብ ሰማዕት በግእዝ | GZ-GDL-002:ገድለ ሰማዕት ቅዱስ መርቆሬዎስ በግእዝ | AM-GDL-008:ገድለ ሰማዕት ቅድስት አርሴማ በአማርኛ | GZ-GDL-014:ገድለ ቅዱስ ጊዮርጊስ ሰማዕት በግእዝ | AM-GDL-015:ገድለ ሰማዕት ቅዱስ መርቆሬዎስ በአማርኛ | AM-GDL-018:ገድለ ቅዱስ ጊዮርጊስ ሰማዕት በአማርኛ | GZ-GDL-031:ገድለ ሰማዕት ቅዱስ ቴዎድሮስ በግእዝ | GZ-GDL-033:ገድለ ሰማዕት ቅድስት አርሴማ በግእዝ | AM-GDL-030:ገድለ ሰማዕት ቅዱስ ቴዎድሮስ በአማርኛ,"1-6, 1-6, 1-6, 1-11, 1-12, 1-12, 1-12, 1-15, 1-18, 1-20"
8-9,219,አባ ሱንቱዩ ሊቀ ዻዻሳት,ሱንቱዩ ሊቀ ዻዻሳት,annual,NO_BOOK,,,
8-9,219,አባ በርሱማ ሶርያዊ (ለሶርያ መነኮሳት ኁሉ አባት),በርሱማ ሶርያዊ,monthly,NO_BOOK,,,
8-9,219,"""318ቱ"" ቅዱሳን ሊቃውንት (ርቱዐነ ሃይማኖት ዘኒቅያ)","""318ቱ"" ቅዱሳን ሊቃውንት",monthly,NO_BOOK,,,
8-9,219,አባ መልከ ጼዴቅ ዘሚዳ (ኢትዮዽያዊ),መልከ ጼዴቅ ዘሚዳ,monthly,CORRECT,AM-MEL-068:የአቡነ መልከ ጼዴቅ መልክእ በአማርኛ | GZ-MEL-075:መልክዐ አቡነ መልከ ጼዴቅ በግእዝ,AM-MEL-068:የአቡነ መልከ ጼዴቅ መልክእ በአማርኛ | GZ-MEL-002:መልከዐ ማርያም ዳግሚት በግእዝ | GZ-MEL-003:መልከዐ አቡነ ሊቃኖስ በግእዝ | GZ-MEL-075:መልክዐ አቡነ መልከ ጼዴቅ በግእዝ,"1-9, 1-9, 1-21, 2-9, 2-9, 2-21, 3-9, 3-9, 3-21, 3-28"
8-10,220,ቅዱስ አባ ይስሐቅ ገዳማዊ (የታላቁ ዕብሎይ ደቀ መዝሙር),ይስሐቅ ገዳማዊ,annual,NO_BOOK,,,
8-10,220,አባ ገብርኤል ሊቀ ዻዻሳት,ገብርኤል ሊቀ ዻዻሳት,annual,WRONG_DATE,,AM-MEL-050:የቅዱስ ገብርኤል መልክዕ በአማርኛ | GZ-MEL-013:መልክዐ ሊቀ መላእክት ቅዱስ ገብርኤል በግእዝ | GZ-MEL-014:መልክዐ ሊቀ መላእክት ቅዱስ ገብርኤል ካልዕ (ደቅስዮስ) በግእዝ | AM-DRS-003:ድርሳነ ገብርኤል በአማርኛ | GZ-DRS-010:ድርሳነ ገብርኤል በግእዝ,"1-19, 1-19, 1-19, 1-19, 1-19, 2-19, 2-19, 2-19, 2-19, 2-19"
8-10,220,ቅዱስ ናትናኤል ሐዋርያ,ናትናኤል,monthly,NO_BOOK,,,
8-10,220,ቅዱስ ኒቆላዎስ ዘሃገረ ሜራ,ኒቆላዎስ ዘሃገረ ሜራ,monthly,NO_BOOK,,,
8-10,220,ቅዱስ ቆስጠንጢኖስ ጻድቅ ንጉሥ,ቆስጠንጢኖስ ጻድቅ ንጉሥ,monthly,WRONG_DATE,,GZ-ZNA-002:ዜናሁ ለንጉሥ ገላውዴዎስ በግእዝ | GZ-ZNA-003:ዜና ሕይወቱ ለንጉሥ ላልይበላ በግእዝ,7-27
8-10,220,አቡነ መልክዐ ክርስቶስ,መልክዐ ክርስቶስ,monthly,WRONG_DATE,,GZ-MEL-143:መልክዐ ክርስቶስ ሠምራ በግእዝ,"1-24, 2-24, 3-24, 4-24, 5-24, 6-24, 7-24, 8-24, 9-12, 9-24"
8-10,220,ቅዱስ ያዕቆብ ሐዋርያ (ወልደ እልፍዮስ),ያዕቆብ ሐዋርያ,monthly,WRONG_DATE,,AM-MEL-022:መልክዐ አብርሃም ይሥሐቅ ያዕቆብ በአማርኛ | AM-MEL-033:የሐዋርያው የቅዱስ ታዴዎስ መልክዕ በአማርኛ | AM-MEL-046:የቅዱስ እንድርያስ ሐዋርያ መልክዕ በአማርኛ | GZ-MEL-023:መልክዐ ሐዋርያት በግእዝ | GZ-MEL-124:መልክዐ አብርሃም ይሥሐቅ ወያዕቆብ በግእዝ | GZ-MEL-137:መልክዐ እንድርያስ ሐዋርያ በግእዝ | GZ-GDL-017:ገድለ አቡነ ተክለ ሐዋርያት በግእዝ | GZ-GDL-032:መጽሐፈ ገድለ ቅዱሳን ሐዋርያት በግእዝ | AM-ZNA-003:ዜና ሐዋርያት በአማርኛ,"1-2, 1-4, 1-4, 1-28, 1-28, 2-2, 2-4, 2-4, 2-28, 2-28"
8-10,220,ቅድስት ዕሌኒ ንግስት,ዕሌኒ ንግስት,monthly,NO_BOOK,,,
8-10,220,ቅዱስ ዕፀ መስቀል,ዕፀ መስቀል,monthly,CORRECT,AM-MEL-012:መልክዐ ቅዱስ መስቀል በአማርኛ | AM-MEL-040:የቅዱስ መስቀል 3ኛ መልክዕ በአማርኛ | GZ-MEL-050:መልክዐ ቅዱስ መስቀል ሣልስ በግእዝ | GZ-MEL-051:መልክዐ ቅዱስ መስቀል በግእዝ | GZ-DRS-002:ድርሳነ መስቀል በግእዝ | AM-DRS-008:ድርሳነ መስቀል በአማርኛ,AM-MEL-004:መልክዐ ሕማማተ መስቀል በአማርኛ | AM-MEL-012:መልክዐ ቅዱስ መስቀል በአማርኛ | AM-MEL-040:የቅዱስ መስቀል 3ኛ መልክዕ በአማርኛ | AM-TSE-001:የመስቀል አጥር ጸሎት በአማርኛ | AM-WUD-001:ውዳሴ መስቀል በአማርኛ | GZ-HAT-001:ሐፁረ መስቀል በግእዝ | GZ-MEL-024:መልክዐ ሕማማተ መስቀል በግእዝ | GZ-MEL-050:መልክዐ ቅዱስ መስቀል ሣልስ በግእዝ | GZ-MEL-051:መልክዐ ቅዱስ መስቀል በግእዝ | GZ-WUD-001:ውዳሴ መስቀል በግእዝ | GZ-DRS-002:ድርሳነ መስቀል በግእዝ | AM-DRS-008:ድርሳነ መስቀል በአማርኛ,"None-None, None-None, None-None, None-None, None-None, None-None, 1-10, 1-10, 1-10, 1-10"
8-11,221,ቅድስት ታኦድራ ገዳማዊት,ታኦድራ ገዳማዊት,annual,NO_BOOK,,,
8-11,221,አባ በኪሞስ ጻድቅ,በኪሞስ,annual,NO_BOOK,,,
8-11,221,ስምኦን ዘለምጽ,ስምኦን ዘለምጽ,annual,NO_BOOK,,,
8-11,221,ቅዱስ ዮሐንስ ኤዺስ ቆዾስ,ዮሐንስ ኤዺስ ቆዾስ,annual,WRONG_DATE,,AM-MEL-016:መልክዐ ቅዱስ ዮሐንስ ወንጌላዊ በአማርኛ | AM-MEL-020:መልክዐ አቡነ ዕጨጌ ዮሐንስ በአማርኛ | AM-MEL-021:መልክዐ አቡነ ዮሐንስ ጻድቅ በአማርኛ | AM-MEL-047:የቅዱስ ዮሐንስ 2ኛ መልክዕ በአማርኛ | AM-MEL-048:የቅዱስ ዮሐንስ መጥምቅ መልክዕ በአማርኛ | GZ-MEL-060:መልክዐ ቅዱስ ዮሐንስ መጥምቅ በግእዝ | GZ-MEL-061:መልክዐ ቅዱስ ዮሐንስ ካልእ በግእዝ | GZ-MEL-062:መልክዐ ቅዱስ ዮሐንስ ወንጌላዊ በግእዝ | GZ-MEL-104:መልክዐ አቡነ ዕጨጌ ዮሐንስ በግእዝ | GZ-MEL-109:መልክዐ አቡነ ዮሐንስ ከማ በግእዝ | GZ-MEL-110:መልክዐ አቡነ ዮሐንስ ዘድብረ ዳጋ በግእዝ | GZ-MEL-149:መልክዐ ዮሐንስ ወልደ ነጎድጓድ በግእዝ | GZ-MEL-150:መልክዐ ዮሐንስ ፍቁረ እግዚእ በግእዝ | AM-GDL-013:የቅዱስ ዮሐንስ ገድል በአማርኛ | GZ-GDL-018:ገድለ አቡነ ዮሐንስ በግእዝ | AM-GDL-027:ገድለ አቡነ እጨጌ ዮሐንስ ዘጸገሮ በአማርኛ,"1-1, 1-1, 1-2, 1-2, 1-4, 1-4, 1-4, 1-4, 1-4, 1-4"
8-11,221,ቅዱስ ያሬድ ካህን,ያሬድ ካህን,monthly,CORRECT,GZ-MEL-146:መልክዐ ያሬድ በግእዝ | GZ-MEL-147:መልክዐ ያሬድ ካልዕ በግእዝ | GZ-GDL-021:ድርሳን ወገድል ዘቅዱስ ያሬድ በግእዝ,GZ-MEL-146:መልክዐ ያሬድ በግእዝ | GZ-MEL-147:መልክዐ ያሬድ ካልዕ በግእዝ | GZ-GDL-021:ድርሳን ወገድል ዘቅዱስ ያሬድ በግእዝ,"1-11, 1-11, 1-11, 2-11, 2-11, 2-11, 3-11, 3-11, 3-11, 4-11"
8-11,221,ቅዱስ ገላውዴዎስ ሰማዕት,ገላውዴዎስ,monthly,WRONG_DATE,,GZ-ZNA-002:ዜናሁ ለንጉሥ ገላውዴዎስ በግእዝ,7-27
8-11,221,ቅዱስ ፋሲለደስ ሰማዕት,ፋሲለደስ,monthly,CORRECT,GZ-MEL-041:መልክዐ ሰማዕት ቅዱስ ፋሲለደስ በግእዝ,GZ-MEL-041:መልክዐ ሰማዕት ቅዱስ ፋሲለደስ በግእዝ,"1-11, 2-11, 3-11, 4-11, 5-11, 6-11, 7-11, 8-11, 9-11, 10-11"
8-11,221,ብፁዐን ኢያቄም እና ሐና,ብፁዐን ኢያቄም እና ሐና,monthly,CORRECT,GZ-MEL-133:መልክዐ ኢያቄም በግእዝ | AM-DRS-001:የቅዱስ ኢያቄምና- የቅድስት ሐና ድርሳን በአማርኛ | GZ-DRS-007:ድርሳን ዘቅዱስ ኢያቄም ወቅድስት ሐና በግእዝ,GZ-MEL-133:መልክዐ ኢያቄም በግእዝ | AM-DRS-001:የቅዱስ ኢያቄምና- የቅድስት ሐና ድርሳን በአማርኛ | GZ-DRS-007:ድርሳን ዘቅዱስ ኢያቄም ወቅድስት ሐና በግእዝ,"1-1, 1-1, 1-1, 1-3, 1-3, 1-3, 1-7, 1-7, 1-7, 1-11"
8-11,221,አቡነ ሐራ ድንግል ጻድቅ,ሐራ ድንግል,monthly,CORRECT,AM-MEL-019:መልክዐ አቡነ ሐራ ድንግል በአማርኛ | GZ-MEL-021:መልክዐ ሐራ ድንግል በግእዝ,AM-MEL-019:መልክዐ አቡነ ሐራ ድንግል በአማርኛ | GZ-MEL-021:መልክዐ ሐራ ድንግል በግእዝ,"1-11, 1-11, 2-11, 2-11, 3-11, 3-11, 4-11, 4-11, 5-11, 5-11"
8-12,222,አቡነ ሳሙኤል ዘቆየጻ (ኢትዮዽያዊ),ሳሙኤል ዘቆየጻ,annual,CORRECT,AM-MEL-054:የአቡነ ሳሙኤል ዘዋልድባ መልክዕ በአማርኛ | AM-MEL-055:የአቡነ ሳሙኤል ዘዋልድባ ኹለተኛ መልክዕ በአማርኛ | GZ-MEL-084:መልክዐ አቡነ ሳሙኤል በግእዝ ሣልስ በግእዝ | GZ-MEL-085:መልክዐ አቡነ ሳሙኤል ዘዋልድባ በግእዝ | GZ-MEL-086:መልክዐ አቡነ ሳሙኤል ዘዋልድባ ካልዕ በግእዝ,AM-MEL-054:የአቡነ ሳሙኤል ዘዋልድባ መልክዕ በአማርኛ | AM-MEL-055:የአቡነ ሳሙኤል ዘዋልድባ ኹለተኛ መልክዕ በአማርኛ | GZ-MEL-084:መልክዐ አቡነ ሳሙኤል በግእዝ ሣልስ በግእዝ | GZ-MEL-085:መልክዐ አቡነ ሳሙኤል ዘዋልድባ በግእዝ | GZ-MEL-086:መልክዐ አቡነ ሳሙኤል ዘዋልድባ ካልዕ በግእዝ,"1-12, 1-12, 1-12, 1-12, 1-12, 2-12, 2-12, 2-12, 2-12, 2-12"
8-12,222,ቅዱስ ኤርምያስ ነቢይ,ኤርምያስ,annual,NO_BOOK,,,
8-12,222,ቅዱስ አቤሜሌክ ኢትዮዽያዊ,አቤሜሌክ ኢትዮዽያዊ,annual,NO_BOOK,,,
8-12,222,ቅዱስ ባሮክ,ባሮክ,annual,NO_BOOK,,,
8-12,222,ቅዱስ እለእስክንድሮስ ዘኢየሩሳሌም,እለእስክንድሮስ ዘኢየሩሳሌም,annual,NO_BOOK,,,
8-12,222,ቅዱስ ሚካኤል ሊቀ መላዕክት,ሚካኤል ሊቀ መላዕክት,monthly,CORRECT,AM-MEL-006:መልክዐ ሚካኤል በአማርኛ | AM-MEL-041:የቅዱስ ሚካኤል 3ኛ መልክዕ በአማርኛ | GZ-MEL-004:መልክዐ ሊቀ መላእክት ቅዱስ ሚካኤል ሣልስ በግእዝ | GZ-MEL-005:መልክዐ ሊቀ መላእክት ቅዱስ ሚካኤል ካልዕ በግእዝ | GZ-MEL-165:መልክዐ ሊቀ መላእክት ቅዱስ ሚካኤል ካልዕ በግእ | GZ-DRS-008:ድርሳነ ሚካኤል በግእዝ | AM-DRS-009:ድርሳነ ሚካኤል በአማርኛ,AM-MEL-006:መልክዐ ሚካኤል በአማርኛ | AM-MEL-041:የቅዱስ ሚካኤል 3ኛ መልክዕ በአማርኛ | GZ-MEL-004:መልክዐ ሊቀ መላእክት ቅዱስ ሚካኤል ሣልስ በግእዝ | GZ-MEL-005:መልክዐ ሊቀ መላእክት ቅዱስ ሚካኤል ካልዕ በግእዝ | GZ-MEL-083:መልክዐ አቡነ ሰይፈ ሚካኤል በግእዝ | GZ-MEL-121:መልክዐ አባ በጸሎተ ሚካኤል በግእዝ | GZ-MEL-165:መልክዐ ሊቀ መላእክት ቅዱስ ሚካኤል ካልዕ በግእ | AM-GDL-011:ገድለ አቡነ በጸሎተ ሚካኤል በአማርኛ | GZ-GDL-015:ገድለ አቡነ በጸሎተ ሚካኤል በግእዝ | GZ-DRS-008:ድርሳነ ሚካኤል በግእዝ | AM-DRS-009:ድርሳነ ሚካኤል በአማርኛ | GZ-GDL-034:ገድለ አቡነ ፍሬ ሚካኤል በግእዝ,"1-9, 1-9, 1-9, 1-9, 1-9, 1-9, 1-9, 1-12, 1-12, 1-12"
8-12,222,ቅዱስ ማቴዎስ ሐዋርያ,ማቴዎስ,monthly,WRONG_DATE,,GZ-MEL-080:መልክዐ አቡነ ማቴዎስ ዘደብረ በርበሬ በግእዝ | GZ-MEL-081:መልክዐ አቡነ ማቴዎስ ዘደብረ በርበሬ በግእዝ ካልእ,"3-13, 5-14"
8-12,222,ቅዱስ ዮሐንስ አፈ ወርቅ,ዮሐንስ አፈ ወርቅ,monthly,WRONG_DATE,,AM-MEL-016:መልክዐ ቅዱስ ዮሐንስ ወንጌላዊ በአማርኛ | AM-MEL-020:መልክዐ አቡነ ዕጨጌ ዮሐንስ በአማርኛ | AM-MEL-021:መልክዐ አቡነ ዮሐንስ ጻድቅ በአማርኛ | AM-MEL-047:የቅዱስ ዮሐንስ 2ኛ መልክዕ በአማርኛ | AM-MEL-048:የቅዱስ ዮሐንስ መጥምቅ መልክዕ በአማርኛ | GZ-MEL-060:መልክዐ ቅዱስ ዮሐንስ መጥምቅ በግእዝ | GZ-MEL-061:መልክዐ ቅዱስ ዮሐንስ ካልእ በግእዝ | GZ-MEL-062:መልክዐ ቅዱስ ዮሐንስ ወንጌላዊ በግእዝ | GZ-MEL-104:መልክዐ አቡነ ዕጨጌ ዮሐንስ በግእዝ | GZ-MEL-109:መልክዐ አቡነ ዮሐንስ ከማ በግእዝ | GZ-MEL-110:መልክዐ አቡነ ዮሐንስ ዘድብረ ዳጋ በግእዝ | GZ-MEL-149:መልክዐ ዮሐንስ ወልደ ነጎድጓድ በግእዝ | GZ-MEL-150:መልክዐ ዮሐንስ ፍቁረ እግዚእ በግእዝ | AM-GDL-013:የቅዱስ ዮሐንስ ገድል በአማርኛ | GZ-GDL-018:ገድለ አቡነ ዮሐንስ በግእዝ | AM-GDL-027:ገድለ አቡነ እጨጌ ዮሐንስ ዘጸገሮ በአማርኛ,"1-1, 1-1, 1-2, 1-2, 1-4, 1-4, 1-4, 1-4, 1-4, 1-4"
8-12,222,ቅዱስ ቴዎድሮስ ምሥራቃዊ (ሰማዕት),ቴዎድሮስ ምሥራቃዊ,monthly,CORRECT,GZ-MEL-040:መልክዐ ሰማዕት ቅዱስ ቴዎድሮስ በግእዝ | GZ-GDL-030:ገድለ ቅዱስ ቴዎድሮስ በግእዝ | GZ-GDL-031:ገድለ ሰማዕት ቅዱስ ቴዎድሮስ በግእዝ | AM-GDL-030:ገድለ ሰማዕት ቅዱስ ቴዎድሮስ በአማርኛ,GZ-MEL-040:መልክዐ ሰማዕት ቅዱስ ቴዎድሮስ በግእዝ | GZ-GDL-030:ገድለ ቅዱስ ቴዎድሮስ በግእዝ | GZ-GDL-031:ገድለ ሰማዕት ቅዱስ ቴዎድሮስ በግእዝ | AM-GDL-030:ገድለ ሰማዕት ቅዱስ ቴዎድሮስ በአማርኛ,"1-12, 1-12, 1-12, 1-12, 1-20, 1-20, 1-20, 1-20, 2-12, 2-12"
8-12,222,ቅድስት ክርስቶስ ሠምራ,ክርስቶስ ሠምራ,monthly,WRONG_DATE,,GZ-MEL-143:መልክዐ ክርስቶስ ሠምራ በግእዝ | AM-GDL-005:ገድለ ቅድስት ክርስቶስ ሠምራ በአማርኛ | GZ-GDL-019:ገድለ ቅድስት ክርስቶስ ሠምራ በግእዝ,"1-24, 1-24, 1-24, 2-24, 2-24, 2-24, 3-24, 3-24, 3-24, 4-24"
8-12,222,አቡነ ሳሙኤል ዘዋልድባ,ሳሙኤል ዘዋልድባ,monthly,CORRECT,AM-MEL-054:የአቡነ ሳሙኤል ዘዋልድባ መልክዕ በአማርኛ | AM-MEL-055:የአቡነ ሳሙኤል ዘዋልድባ ኹለተኛ መልክዕ በአማርኛ | GZ-MEL-085:መልክዐ አቡነ ሳሙኤል ዘዋልድባ በግእዝ | GZ-MEL-086:መልክዐ አቡነ ሳሙኤል ዘዋልድባ ካልዕ በግእዝ,AM-MEL-054:የአቡነ ሳሙኤል ዘዋልድባ መልክዕ በአማርኛ | AM-MEL-055:የአቡነ ሳሙኤል ዘዋልድባ ኹለተኛ መልክዕ በአማርኛ | GZ-MEL-085:መልክዐ አቡነ ሳሙኤል ዘዋልድባ በግእዝ | GZ-MEL-086:መልክዐ አቡነ ሳሙኤል ዘዋልድባ ካልዕ በግእዝ,"1-12, 1-12, 1-12, 1-12, 2-12, 2-12, 2-12, 2-12, 3-12, 3-12"
8-12,222,ቅዱስ ድሜጥሮስ,ድሜጥሮስ,monthly,NO_BOOK,,,
8-13,223,ቅድስት ዲዮኒስ ዲያቆናዊት (የሐዋርያት ተከታይ የነበረች),ዲዮኒስ ዲያቆናዊት,annual,NO_BOOK,,,
8-13,223,አባ ኢያሱና አባ ዮሴፍ (ሰማዕታት),ኢያሱና አባ ዮሴፍ,annual,WRONG_DATE,,GZ-MEL-111:መልክዐ አቡነ ዮሴፍ በግእዝ | GZ-GDL-029:ገድለ አቡነ ዮሴፍ በግእዝ,"1-19, 1-19, 2-19, 2-19, 3-19, 3-19, 4-19, 4-19, 5-19, 5-19"
8-13,223,ቅዱስ መናድሌዎስ,መናድሌዎስ,annual,NO_BOOK,,,
8-13,223,አባ አኮላቲሞስ,አኮላቲሞስ,annual,NO_BOOK,,,
8-13,223,እግዚአብሔር አብ,እግዚአብሔር አብ,monthly,CORRECT,GZ-MEL-139:መልክዐ እግዚአብሔር አብ በግእዝ | GZ-MEL-140:መልክዐ እግዚአብሔር አብ ካልዕ በግእዝ,GZ-MEL-139:መልክዐ እግዚአብሔር አብ በግእዝ | GZ-MEL-140:መልክዐ እግዚአብሔር አብ ካልዕ በግእዝ,"1-13, 1-13, 2-13, 2-13, 3-13, 3-13, 4-13, 4-13, 5-13, 5-13"
8-13,223,ቅዱስ ሩፋኤል ሊቀ መላዕክት,ሩፋኤል ሊቀ መላዕክት,monthly,CORRECT,AM-MEL-043:የቅዱስ ሩፋኤል መልክዕ በአማርኛ | GZ-MEL-006:መልክዐ ሊቀ መላእክት ቅዱስ ሩፋኤል በግእዝ | GZ-DRS-009:ድርሳን ቅዱስ ሩፋኤል በግእዝ,AM-MEL-043:የቅዱስ ሩፋኤል መልክዕ በአማርኛ | GZ-MEL-006:መልክዐ ሊቀ መላእክት ቅዱስ ሩፋኤል በግእዝ | GZ-DRS-009:ድርሳን ቅዱስ ሩፋኤል በግእዝ,"1-13, 1-13, 1-13, 2-13, 2-13, 2-13, 3-13, 3-13, 3-13, 4-13"
8-13,223,"""99ኙ"" ነገደ መላዕክት","""99ኙ"" ነገደ መላዕክት",monthly,NO_BOOK,,,
8-13,223,ቅዱስ አስከናፍር,አስከናፍር,monthly,NO_BOOK,,,
8-13,223,"""፲፫ቱ"" ግኁሳን አባቶች","""፲፫ቱ"" ግኁሳን አባቶች",monthly,NO_BOOK,,,
8-13,223,ቅዱስ አርሳንዮስ ጠቢብ ገዳማዊ,አርሳንዮስ ጠቢብ ገዳማዊ,monthly,NO_BOOK,,,
8-13,223,አቡነ ዘርዐ ቡሩክ,ዘርዐ ቡሩክ,monthly,CORRECT,AM-MEL-061:የአቡነ ዘርዐ ቡሩክ መልክዕ በአማርኛ | GZ-MEL-105:መልክዐ አቡነ ዘርዐ ቡሩክ በግእዝ,AM-MEL-061:የአቡነ ዘርዐ ቡሩክ መልክዕ በአማርኛ | GZ-MEL-105:መልክዐ አቡነ ዘርዐ ቡሩክ በግእዝ,"1-13, 1-13, 2-13, 2-13, 3-13, 3-13, 4-13, 4-13, 5-13, 5-13"
8-14,224,አባ መክሲሞስ ሊቀ ጳጳሳት,መክሲሞስ ሊቀ ጳጳሳት,annual,NO_BOOK,,,
8-14,224,አቡነ አረጋዊ (ዘ ሚካኤል ),አረጋዊ,monthly,CORRECT,GZ-MEL-073:መልክዐ አረጋዊ በግእዝ | AM-GDL-016:ገድለ አቡነ አረጋዊ በአማርኛ,GZ-MEL-073:መልክዐ አረጋዊ በግእዝ | AM-GDL-016:ገድለ አቡነ አረጋዊ በአማርኛ,"1-14, 1-14, 2-14, 2-14, 3-14, 3-14, 4-14, 4-14, 5-14, 5-14"
8-14,224,ቅዱስ ገብረ ክርስቶስ መርዓዊ,ገብረ ክርስቶስ መርዓዊ,monthly,WRONG_DATE,,GZ-MEL-151:መልክዐ ገብረ መንፈስ ቅዱስ በግእዝ | GZ-MEL-152:መልክዐ ገብረ መንፈስ ቅዱስ ካልዕ በግእዝ | GZ-MEL-153:መልክዐ ገብረ ክርስቶስ በግእዝ | AM-GDL-007:ገድለ አቡነ ገብረ መንፈስ ቅዱስ በአማርኛ,"1-5, 1-5, 1-5, 2-5, 2-5, 2-5, 2-14, 3-5, 3-5, 3-5"
8-14,224,ቅዱስ ፊልዾስ ሐዋርያ,ፊልዾስ,monthly,NO_BOOK,,,
8-14,224,ቅዱስ ሙሴ ( የእግዚአብሔር ሰው),ሙሴ,monthly,WRONG_DATE,,GZ-MEL-079:መልክዐ አቡነ ሙሴ በግእዝ,1-4
8-14,224,አባ ስምዖን ገዳማዊ,ስምዖን ገዳማዊ,monthly,NO_BOOK,,,
8-14,224,አባ ዮሐንስ ጻድቅ,ዮሐንስ,monthly,WRONG_DATE,,AM-MEL-016:መልክዐ ቅዱስ ዮሐንስ ወንጌላዊ በአማርኛ | AM-MEL-020:መልክዐ አቡነ ዕጨጌ ዮሐንስ በአማርኛ | AM-MEL-021:መልክዐ አቡነ ዮሐንስ ጻድቅ በአማርኛ | AM-MEL-047:የቅዱስ ዮሐንስ 2ኛ መልክዕ በአማርኛ | AM-MEL-048:የቅዱስ ዮሐንስ መጥምቅ መልክዕ በአማርኛ | GZ-MEL-060:መልክዐ ቅዱስ ዮሐንስ መጥምቅ በግእዝ | GZ-MEL-061:መልክዐ ቅዱስ ዮሐንስ ካልእ በግእዝ | GZ-MEL-062:መልክዐ ቅዱስ ዮሐንስ ወንጌላዊ በግእዝ | GZ-MEL-104:መልክዐ አቡነ ዕጨጌ ዮሐንስ በግእዝ | GZ-MEL-109:መልክዐ አቡነ ዮሐንስ ከማ በግእዝ | GZ-MEL-110:መልክዐ አቡነ ዮሐንስ ዘድብረ ዳጋ በግእዝ | GZ-MEL-149:መልክዐ ዮሐንስ ወልደ ነጎድጓድ በግእዝ | GZ-MEL-150:መልክዐ ዮሐንስ ፍቁረ እግዚእ በግእዝ | AM-GDL-013:የቅዱስ ዮሐንስ ገድል በአማርኛ | GZ-GDL-018:ገድለ አቡነ ዮሐንስ በግእዝ | AM-GDL-027:ገድለ አቡነ እጨጌ ዮሐንስ ዘጸገሮ በአማርኛ,"1-1, 1-1, 1-2, 1-2, 1-4, 1-4, 1-4, 1-4, 1-4, 1-4"
8-14,224,እናታችን ቅድስት ነሣሒት,እናታችን ቅድስት ነሣሒት,monthly,NO_BOOK,,,
8-15,225,ቅዱስ ዮሐንስ መጥምቀ መለኮት (ጸዐተ ነፍሱ),ዮሐንስ መጥምቀ መለኮት,annual,CORRECT,AM-MEL-048:የቅዱስ ዮሐንስ መጥምቅ መልክዕ በአማርኛ | GZ-MEL-060:መልክዐ ቅዱስ ዮሐንስ መጥምቅ በግእዝ,AM-MEL-016:መልክዐ ቅዱስ ዮሐንስ ወንጌላዊ በአማርኛ | AM-MEL-020:መልክዐ አቡነ ዕጨጌ ዮሐንስ በአማርኛ | AM-MEL-021:መልክዐ አቡነ ዮሐንስ ጻድቅ በአማርኛ | AM-MEL-047:የቅዱስ ዮሐንስ 2ኛ መልክዕ በአማርኛ | AM-MEL-048:የቅዱስ ዮሐንስ መጥምቅ መልክዕ በአማርኛ | AM-SEY-001:ሰይፈ መለኮት በአማርኛ | GZ-MEL-060:መልክዐ ቅዱስ ዮሐንስ መጥምቅ በግእዝ | GZ-MEL-061:መልክዐ ቅዱስ ዮሐንስ ካልእ በግእዝ | GZ-MEL-062:መልክዐ ቅዱስ ዮሐንስ ወንጌላዊ በግእዝ | GZ-MEL-104:መልክዐ አቡነ ዕጨጌ ዮሐንስ በግእዝ | GZ-MEL-109:መልክዐ አቡነ ዮሐንስ ከማ በግእዝ | GZ-MEL-110:መልክዐ አቡነ ዮሐንስ ዘድብረ ዳጋ በግእዝ | GZ-MEL-149:መልክዐ ዮሐንስ ወልደ ነጎድጓድ በግእዝ | GZ-MEL-150:መልክዐ ዮሐንስ ፍቁረ እግዚእ በግእዝ | GZ-SEY-001:ሰይፈ መለኮት በግእዝ | AM-GDL-013:የቅዱስ ዮሐንስ ገድል በአማርኛ | GZ-GDL-018:ገድለ አቡነ ዮሐንስ በግእዝ | AM-GDL-027:ገድለ አቡነ እጨጌ ዮሐንስ ዘጸገሮ በአማርኛ,"None-None, None-None, 1-1, 1-1, 1-2, 1-2, 1-4, 1-4, 1-4, 1-4"
8-15,225,ቅዱስ ኒቆላዎስ ዘሀገረ ሜራ (ከ፫፲፰ቱ ሊቃውንት),ኒቆላዎስ ዘሀገረ ሜራ,annual,NO_BOOK,,,
8-15,225,ቅዱስ አጋቦስ ሐዋርያ (ከ፯፪ቱ አርድእት),አጋቦስ ሐዋርያ,annual,WRONG_DATE,,AM-MEL-033:የሐዋርያው የቅዱስ ታዴዎስ መልክዕ በአማርኛ | AM-MEL-046:የቅዱስ እንድርያስ ሐዋርያ መልክዕ በአማርኛ | GZ-MEL-023:መልክዐ ሐዋርያት በግእዝ | GZ-MEL-137:መልክዐ እንድርያስ ሐዋርያ በግእዝ | GZ-GDL-017:ገድለ አቡነ ተክለ ሐዋርያት በግእዝ | GZ-GDL-032:መጽሐፈ ገድለ ቅዱሳን ሐዋርያት በግእዝ | AM-ZNA-003:ዜና ሐዋርያት በአማርኛ,"1-2, 1-4, 1-4, 2-2, 2-4, 2-4, 3-2, 3-4, 3-4, 3-27"
8-15,225,ቅድስት እለእስክንድርያ ሰማዕት,እለእስክንድርያ,annual,NO_BOOK,,,
8-15,225,አቡነ አቢብ ጻድቅ,አቢብ,annual,CORRECT,AM-MEL-003:መልክዐ ለአቡነ አቢብ ጻድቅ በአማርኛ | AM-MEL-059:የአቡነ አቢብ መልክዕ በአማርኛ | GZ-MEL-095:መልክዐ አቡነ አቢብ በግእዝ | AM-GDL-024:ገድለ ቅዱስ አቡነ አቢብ በአማርኛ,AM-MEL-003:መልክዐ ለአቡነ አቢብ ጻድቅ በአማርኛ | AM-MEL-059:የአቡነ አቢብ መልክዕ በአማርኛ | GZ-MEL-095:መልክዐ አቡነ አቢብ በግእዝ | AM-GDL-024:ገድለ ቅዱስ አቡነ አቢብ በአማርኛ,"1-25, 1-25, 1-25, 1-25, 2-25, 2-25, 2-25, 2-25, 3-25, 3-25"
8-15,225,ቅዱስ ቂርቆስና እናቱ ኢየሉጣ,ቂርቆስና እናቱ ኢየሉጣ,monthly,CORRECT,GZ-MEL-043:መልክዐ ሰማዕት ቅድስት ኢየሉጣ በግእዝ | AM-GDL-023:የቅዱስ ቂርቆስና የቅድስት ኢየሉጣ ገድል በአማርኛ,GZ-MEL-043:መልክዐ ሰማዕት ቅድስት ኢየሉጣ በግእዝ | AM-GDL-023:የቅዱስ ቂርቆስና የቅድስት ኢየሉጣ ገድል በአማርኛ,"1-15, 1-15, 2-15, 2-15, 3-15, 3-15, 4-15, 4-15, 5-15, 5-15"
8-15,225,ቅዱስ ኤፍሬም ሶርያዊ (አፈ በረከት),ኤፍሬም ሶርያዊ,monthly,NO_BOOK,,,
8-15,225,ቅዱስ ሚናስ ግብጻዊ,ሚናስ ግብጻዊ,monthly,CORRECT,AM-MEL-013:መልክዐ ቅዱስ ሚናስ በአማርኛ | GZ-MEL-052:መልክዐ ቅዱስ ሚናስ በግእዝ,AM-MEL-013:መልክዐ ቅዱስ ሚናስ በአማርኛ | GZ-MEL-052:መልክዐ ቅዱስ ሚናስ በግእዝ,"1-15, 1-15, 2-15, 2-15, 3-15, 3-15, 4-15, 4-15, 5-15, 5-15"
8-15,225,ቅድስት እንባ መሪና,እንባ መሪና,monthly,NO_BOOK,,,
8-15,225,ቅድስት ክርስጢና,ክርስጢና,monthly,NO_BOOK,,,
8-16,226,ቅዱስ አንቲቦስ ዘሀገረ በአርማ (ሐዋርያዊ ዻዻስና ሰማዕት),አንቲቦስ ዘሀገረ በአርማ,annual,NO_BOOK,,,
8-16,226,ቅዱስ ሳባ ሰማዕት,ሳባ,annual,NO_BOOK,,,
8-16,226,ኪዳነ ምሕረት (የሰባቱ ኪዳናት ማሕተም),ኪዳነ ምሕረት,monthly,CORRECT,AM-MEL-027:መልክዐ ኪዳነ ምሕረት በአማርኛ | GZ-MEL-141:መልክዐ ኪዳነ ምሕረት በግእዝ,AM-MEL-027:መልክዐ ኪዳነ ምሕረት በአማርኛ | GZ-MEL-141:መልክዐ ኪዳነ ምሕረት በግእዝ,"1-16, 1-16, 2-16, 2-16, 3-16, 3-16, 4-16, 4-16, 5-16, 5-16"
8-16,226,ቅድስት ኤልሳቤጥ (የመጥምቁ ዮሐንስ እናት),ኤልሳቤጥ,monthly,NO_BOOK,,,
8-16,226,ቅዱስ ገብረ ማርያም ጻድቅ ንጉሠ ኢትዮዽያ (የቅዱስ ላሊበላ ወንድም),ገብረ ማርያም ጻድቅ ንጉሠ ኢትዮዽያ,monthly,WRONG_DATE,,GZ-MEL-151:መልክዐ ገብረ መንፈስ ቅዱስ በግእዝ | GZ-MEL-152:መልክዐ ገብረ መንፈስ ቅዱስ ካልዕ በግእዝ | GZ-MEL-153:መልክዐ ገብረ ክርስቶስ በግእዝ | AM-GDL-007:ገድለ አቡነ ገብረ መንፈስ ቅዱስ በአማርኛ,"1-5, 1-5, 1-5, 2-5, 2-5, 2-5, 2-14, 3-5, 3-5, 3-5"
8-16,226,ቅዱስ አኖሬዎስ ንጉሥ ጻድቅ,አኖሬዎስ ንጉሥ,monthly,WRONG_DATE,,GZ-ZNA-002:ዜናሁ ለንጉሥ ገላውዴዎስ በግእዝ | GZ-ZNA-003:ዜና ሕይወቱ ለንጉሥ ላልይበላ በግእዝ,7-27
8-16,226,አባ አቡናፍር ገዳማዊ,አቡናፍር ገዳማዊ,monthly,NO_BOOK,,,
8-16,226,አባ ዮሐንስ ወንጌሉ ዘወርቅ,ዮሐንስ ወንጌሉ ዘወርቅ,monthly,CORRECT,AM-MEL-021:መልክዐ አቡነ ዮሐንስ ጻድቅ በአማርኛ,AM-MEL-016:መልክዐ ቅዱስ ዮሐንስ ወንጌላዊ በአማርኛ | AM-MEL-020:መልክዐ አቡነ ዕጨጌ ዮሐንስ በአማርኛ | AM-MEL-021:መልክዐ አቡነ ዮሐንስ ጻድቅ በአማርኛ | AM-MEL-047:የቅዱስ ዮሐንስ 2ኛ መልክዕ በአማርኛ | AM-MEL-048:የቅዱስ ዮሐንስ መጥምቅ መልክዕ በአማርኛ | GZ-MEL-060:መልክዐ ቅዱስ ዮሐንስ መጥምቅ በግእዝ | GZ-MEL-061:መልክዐ ቅዱስ ዮሐንስ ካልእ በግእዝ | GZ-MEL-062:መልክዐ ቅዱስ ዮሐንስ ወንጌላዊ በግእዝ | GZ-MEL-104:መልክዐ አቡነ ዕጨጌ ዮሐንስ በግእዝ | GZ-MEL-109:መልክዐ አቡነ ዮሐንስ ከማ በግእዝ | GZ-MEL-110:መልክዐ አቡነ ዮሐንስ ዘድብረ ዳጋ በግእዝ | GZ-MEL-149:መልክዐ ዮሐንስ ወልደ ነጎድጓድ በግእዝ | GZ-MEL-150:መልክዐ ዮሐንስ ፍቁረ እግዚእ በግእዝ | AM-GDL-013:የቅዱስ ዮሐንስ ገድል በአማርኛ | GZ-GDL-018:ገድለ አቡነ ዮሐንስ በግእዝ | AM-GDL-027:ገድለ አቡነ እጨጌ ዮሐንስ ዘጸገሮ በአማርኛ,"1-1, 1-1, 1-2, 1-2, 1-4, 1-4, 1-4, 1-4, 1-4, 1-4"
8-16,226,አባ ዳንኤል ጻድቅ,ዳንኤል,monthly,WRONG_DATE,,GZ-MEL-114:መልክዐ አቡነ ዳንኤል በግእዝ | GZ-GDL-028:ገድለ አቡነ ዳንኤል በግእዝ,"3-6, 3-6"
8-17,227,ቅዱስ ያዕቆብ ሐዋርያ ወልደ ዘብዴዎስ (ከ፲፪ቱ ሐዋርያት),ያዕቆብ ሐዋርያ ወልደ ዘብዴዎስ,annual,WRONG_DATE,,AM-MEL-022:መልክዐ አብርሃም ይሥሐቅ ያዕቆብ በአማርኛ | GZ-MEL-124:መልክዐ አብርሃም ይሥሐቅ ወያዕቆብ በግእዝ,"1-28, 1-28, 2-28, 2-28, 3-28, 3-28, 4-28, 4-28, 5-28, 5-28"
8-17,227,ቅዱስ እስጢፋኖስ ሊቀ ዲያቆናት (ቀዳሜ ሰማዕት),እስጢፋኖስ ሊቀ ዲያቆናት,monthly,CORRECT,AM-MEL-045:የቅዱስ እስጢፋኖስ 2ኛ መልክዕ በአማርኛ | GZ-MEL-016:መልክዐ ሊቀ ሰማዕታት ቅዱስ እስጢፋኖስ በግእዝ | GZ-MEL-017:መልክዐ ሊቀ ሰማዕታት ቅዱስ እስጢፋኖስ ካልእ በግእዝ | AM-GDL-009:ገድለ ቅዱስ እስጢፋኖስ አማርኛ | GZ-GDL-022:ገድለ ቅዱስ እስጢፋኖስ በግእዝ,AM-MEL-045:የቅዱስ እስጢፋኖስ 2ኛ መልክዕ በአማርኛ | GZ-MEL-016:መልክዐ ሊቀ ሰማዕታት ቅዱስ እስጢፋኖስ በግእዝ | GZ-MEL-017:መልክዐ ሊቀ ሰማዕታት ቅዱስ እስጢፋኖስ ካልእ በግእዝ | AM-GDL-009:ገድለ ቅዱስ እስጢፋኖስ አማርኛ | GZ-GDL-022:ገድለ ቅዱስ እስጢፋኖስ በግእዝ,"1-15, 1-15, 1-15, 1-15, 1-15, 1-17, 1-17, 1-17, 1-17, 1-17"
8-17,227,ቅዱስ ኤዺፋንዮስ ዘቆዽሮስ,ኤዺፋንዮስ ዘቆዽሮስ,monthly,NO_BOOK,,,
8-17,227,ቅዱሳን አበው መክሲሞስና ዱማቴዎስ,አበው መክሲሞስና ዱማቴዎስ,monthly,WRONG_DATE,,AM-ZNA-002:ዜና አበው በአማርኛ,"3-4, 5-26"
8-17,227,አባ ገሪማ ዘመደራ,ገሪማ ዘመደራ,monthly,CORRECT,AM-GDL-017:ገድለ አቡነ ገሪማ በአማርኛ,AM-GDL-017:ገድለ አቡነ ገሪማ በአማርኛ,"1-17, 2-17, 3-17, 4-17, 5-17, 6-17, 7-17, 8-17, 9-17, 10-17"
8-17,227,አባ ዸላሞን ፈላሢ,ዸላሞን ፈላሢ,monthly,NO_BOOK,,,
8-17,227,አባ ለትጹን የዋህ,ለትጹን የዋህ,monthly,NO_BOOK,,,
8-18,228,ቅዱስ አውሳብዮስ ሰማዕት,አውሳብዮስ,annual,NO_BOOK,,,
8-18,228,አባ ዼጥሮስ ሰማዕት,ዼጥሮስ,annual,NO_BOOK,,,
8-18,228,ሰማዕታተ ጠርሴስ,ሰማዕታተ ጠርሴስ,annual,NO_BOOK,,,
8-18,228,ቅዱስ ፊልዾስ ሐዋርያ,ፊልዾስ,monthly,NO_BOOK,,,
8-18,228,አቡነ ኤዎስጣቴዎስ ሰባኬ ሃይማኖት (ረባን),ኤዎስጣቴዎስ ሰባኬ ሃይማኖት,monthly,CORRECT,GZ-MEL-135:መልክዐ ኤዎስጣቴዎስ በግእዝ,AM-MEL-057:የአቡነ ተክለ ሃይማኖት 2ኛ መልክዕ በአማርኛ | AM-MEL-058:የአቡነ ተክለ ሃይማኖት መልክዕ በአማርኛ | GZ-MEL-068:መልክዐ ተክለ ሃይማኖት በግእዝ | GZ-MEL-069:መልክዐ ተክለ ሃይማኖት ካልእ በግእዝ | GZ-MEL-092:መልክዐ አቡነ ተክለ ሃይማኖት በግእዝ | GZ-MEL-135:መልክዐ ኤዎስጣቴዎስ በግእዝ | AM-GDL-004:ገድለ ተክለ ሃይማኖት በአማርኛ,"1-18, 1-24, 1-24, 1-24, 1-24, 1-24, 1-24, 2-18, 2-24, 2-24"
8-18,228,አቡነ አኖሬዎስ ዘደብረ ጽጋጋ,አኖሬዎስ ዘደብረ ጽጋጋ,monthly,NO_BOOK,,,
8-18,228,ማር ያዕቆብ ግብፃዊ,ማር ያዕቆብ ግብፃዊ,monthly,WRONG_DATE,,AM-MEL-022:መልክዐ አብርሃም ይሥሐቅ ያዕቆብ በአማርኛ | GZ-MEL-124:መልክዐ አብርሃም ይሥሐቅ ወያዕቆብ በግእዝ,"1-28, 1-28, 2-28, 2-28, 3-28, 3-28, 4-28, 4-28, 5-28, 5-28"
8-19,229,ቅዱስ ስምዖን ሰማዕት (አርማንያዊ),ስምዖን ሰማዕት,annual,WRONG_DATE,,GZ-MEL-039:መልክዐ ሰማዕት ቅዱስ መርቆሬዎስ በግእዝ | GZ-MEL-040:መልክዐ ሰማዕት ቅዱስ ቴዎድሮስ በግእዝ | GZ-MEL-041:መልክዐ ሰማዕት ቅዱስ ፋሲለደስ በግእዝ | GZ-MEL-042:መልክዐ ሰማዕት ቅድስት አርሴማ በግእዝ | GZ-MEL-043:መልክዐ ሰማዕት ቅድስት ኢየሉጣ በግእዝ | GZ-MEL-122:መልክዐ አባ ኖብ ሰማዕት በግእዝ | GZ-GDL-002:ገድለ ሰማዕት ቅዱስ መርቆሬዎስ በግእዝ | AM-GDL-008:ገድለ ሰማዕት ቅድስት አርሴማ በአማርኛ | GZ-GDL-014:ገድለ ቅዱስ ጊዮርጊስ ሰማዕት በግእዝ | AM-GDL-015:ገድለ ሰማዕት ቅዱስ መርቆሬዎስ በአማርኛ | AM-GDL-018:ገድለ ቅዱስ ጊዮርጊስ ሰማዕት በአማርኛ | GZ-GDL-031:ገድለ ሰማዕት ቅዱስ ቴዎድሮስ በግእዝ | GZ-GDL-033:ገድለ ሰማዕት ቅድስት አርሴማ በግእዝ | AM-GDL-030:ገድለ ሰማዕት ቅዱስ ቴዎድሮስ በአማርኛ,"1-6, 1-6, 1-6, 1-11, 1-12, 1-12, 1-12, 1-15, 1-18, 1-20"
8-19,229,"""፲፭0"" ቅዱሳን ሰማዕታት (የስምዖን ማሕበር)","""፲፭0"" ቅዱሳን ሰማዕታት",annual,WRONG_DATE,,AM-MEL-065:ጸሎተ መልክዐ ሥቃዩ ለቅዱስ ጊዮርጊስ ሊቀ ሰማዕታት በአማርኛ | AM-MEL-066:ጸሎተ መልክዕ ዘቅዱስ ጊዮርጊስ ሊቀ ሰማዕታት በአማርኛ | AM-MEL-067:ጸሎተ መልክዕ ዘቅዱስ ጊዮርጊስ ሊቀ ሰማዕታት ካልዕ በአማርኛ | AM-SIB-001:ስብሐተ ፍቁር ዘቅዱስ ጊዮርጊስ ሊቀ ሰማዕታት በአማርኛ | GZ-MEL-016:መልክዐ ሊቀ ሰማዕታት ቅዱስ እስጢፋኖስ በግእዝ | GZ-MEL-017:መልክዐ ሊቀ ሰማዕታት ቅዱስ እስጢፋኖስ ካልእ በግእዝ | AM-GDL-010:ገድለ ሰማዕታት በአማርኛ,"1-15, 1-15, 1-17, 1-17, 1-23, 1-23, 1-23, 1-23, 2-17, 2-17"
8-19,229,ቅዱስ ገብርኤል ሊቀ መላእክት,ገብርኤል ሊቀ መላእክት,monthly,CORRECT,AM-MEL-050:የቅዱስ ገብርኤል መልክዕ በአማርኛ | GZ-MEL-013:መልክዐ ሊቀ መላእክት ቅዱስ ገብርኤል በግእዝ | GZ-MEL-014:መልክዐ ሊቀ መላእክት ቅዱስ ገብርኤል ካልዕ (ደቅስዮስ) በግእዝ | AM-DRS-003:ድርሳነ ገብርኤል በአማርኛ | GZ-DRS-010:ድርሳነ ገብርኤል በግእዝ,AM-DIR-001:የሰባቱ ሊቃነ መላእክት ድርሳን በአማርኛ | AM-MEL-038:የቅዱሳን አእላፍ መላእክት 2ኛ መልክዕ በአማርኛ | AM-MEL-050:የቅዱስ ገብርኤል መልክዕ በአማርኛ | GZ-MEL-004:መልክዐ ሊቀ መላእክት ቅዱስ ሚካኤል ሣልስ በግእዝ | GZ-MEL-005:መልክዐ ሊቀ መላእክት ቅዱስ ሚካኤል ካልዕ በግእዝ | GZ-MEL-006:መልክዐ ሊቀ መላእክት ቅዱስ ሩፋኤል በግእዝ | GZ-MEL-007:መልክዐ ሊቀ መላእክት ቅዱስ ራጉኤል በግእዝ | GZ-MEL-008:መልክዐ ሊቀ መላእክት ቅዱስ ሱርያል በግእዝ | GZ-MEL-009:መልክዐ ሊቀ መላእክት ቅዱስ በግእዝ | GZ-MEL-010:መልክዐ ሊቀ መላእክት ቅዱስ አፍኒን በግእዝ | GZ-MEL-011:መልክዐ ሊቀ መላእክት ቅዱስ ዑራኤል በግእዝ | GZ-MEL-012:መልክዐ ሊቀ መላእክት ቅዱስ ዑራኤል ካልእ በግእዝ | GZ-MEL-013:መልክዐ ሊቀ መላእክት ቅዱስ ገብርኤል በግእዝ | GZ-MEL-014:መልክዐ ሊቀ መላእክት ቅዱስ ገብርኤል ካልዕ (ደቅስዮስ) በግእዝ | GZ-MEL-015:መልክዐ ሊቀ መላእክት ቅዱስ ፋኑኤል በግእዝ | GZ-MEL-125:መልክዐ አእላፍ መላእክት በግእዝ | GZ-MEL-126:መልክዐ አእላፍ መላእክት ካልእ በግእዝ | GZ-MEL-165:መልክዐ ሊቀ መላእክት ቅዱስ ሚካኤል ካልዕ በግእ | AM-DRS-003:ድርሳነ ገብርኤል በአማርኛ | GZ-DRS-010:ድርሳነ ገብርኤል በግእዝ,"1-1, 1-3, 1-9, 1-9, 1-9, 1-12, 1-12, 1-12, 1-12, 1-13"
8-19,229,ቅዱስ ኤስድሮስ ሰማዕት,ኤስድሮስ,monthly,NO_BOOK,,,
8-19,229,አቡነ ዓቢየ እግዚእ ጻድቅ,ዓቢየ እግዚእ,monthly,CORRECT,GZ-MEL-145:መልክዐ ዓቢየ እግዚእ በግእዝ,GZ-MEL-145:መልክዐ ዓቢየ እግዚእ በግእዝ,"1-19, 2-19, 3-19, 4-19, 5-19, 6-19, 7-19, 8-19, 9-19, 10-19"
8-19,229,አቡነ ስነ ኢየሱስ,ስነ ኢየሱስ,monthly,WRONG_DATE,,AM-MEL-002:መልክአ ኢየሱስ በአማርኛ | GZ-MEL-130:መልክዐ ኢየሱስ ሞዐ በግእዝ | GZ-MEL-131:መልክዐ ኢየሱስ በግእዝ | GZ-MEL-132:መልክዐ ኢየሱስ ካልዕ በግእዝ | AM-TAM-001:ተአምረ ኢየሱስ በአማርኛ | TI-TAM-001:ተአምረ ኢየሱስ ብትግርኛ | GZ-TAM-002:ተአምረ ኢየሱስ በግእዝ | AM-GDL-026:ገድለ አቡነ ኢየሱስ ሞዐ በአማርኛ,"1-26, 1-26, 1-29, 1-29, 1-29, 1-29, 1-29, 1-29, 2-26, 2-26"
8-19,229,አቡነ ዮሴፍ ብርሃነ ዓለም,ዮሴፍ ብርሃነ ዓለም,monthly,CORRECT,GZ-MEL-111:መልክዐ አቡነ ዮሴፍ በግእዝ | GZ-GDL-029:ገድለ አቡነ ዮሴፍ በግእዝ,AM-MEL-034:የመድኀኔ ዓለም 3ኛ መልክዕ በአማርኛ | AM-MEL-035:የመድኀኔ ዓለም መልክዕ በአማርኛ | GZ-MEL-001:ሐዲስ መልክዐ መድኃኔዓለም በግእዝ | GZ-MEL-027:መልክዐ መድኀኔ ዓለም ሣልስ በግዕዝ | GZ-MEL-028:መልክዐ መድኃኔ ዓለም በግእዝ | GZ-MEL-111:መልክዐ አቡነ ዮሴፍ በግእዝ | GZ-DRS-005:ድርሳነ መድኃኔ ዓለም በግእዝ | AM-DRS-004:ድርሳነ መድኃኔ ዓለም በአማርኛ | GZ-GDL-029:ገድለ አቡነ ዮሴፍ በግእዝ,"1-19, 1-19, 1-27, 1-27, 1-27, 1-27, 1-27, 1-27, 1-27, 2-19"
8-20,230,ቅዱስ በብኑዳ (ሰማዕት ወጻድቅ),በብኑዳ,annual,NO_BOOK,,,
8-20,230,ቅዱስ ቄርሎስ ሚስቱና ፲፪ ልጆቹ ሰማዕታት (ከቅዱስ በብኑዳ ጋር የተገደሉ),ቄርሎስ ሚስቱና ፲፪ ልጆቹ ሰማዕታት,annual,WRONG_DATE,,AM-MEL-065:ጸሎተ መልክዐ ሥቃዩ ለቅዱስ ጊዮርጊስ ሊቀ ሰማዕታት በአማርኛ | AM-MEL-066:ጸሎተ መልክዕ ዘቅዱስ ጊዮርጊስ ሊቀ ሰማዕታት በአማርኛ | AM-MEL-067:ጸሎተ መልክዕ ዘቅዱስ ጊዮርጊስ ሊቀ ሰማዕታት ካልዕ በአማርኛ | AM-SIB-001:ስብሐተ ፍቁር ዘቅዱስ ጊዮርጊስ ሊቀ ሰማዕታት በአማርኛ | GZ-MEL-016:መልክዐ ሊቀ ሰማዕታት ቅዱስ እስጢፋኖስ በግእዝ | GZ-MEL-017:መልክዐ ሊቀ ሰማዕታት ቅዱስ እስጢፋኖስ ካልእ በግእዝ | AM-GDL-010:ገድለ ሰማዕታት በአማርኛ,"1-15, 1-15, 1-17, 1-17, 1-23, 1-23, 1-23, 1-23, 2-17, 2-17"
8-20,230,ቅዱስ ቴዎድሮስ ሊቀ ሠራዊት (ሰማዕት),ቴዎድሮስ ሊቀ ሠራዊት,monthly,CORRECT,GZ-MEL-040:መልክዐ ሰማዕት ቅዱስ ቴዎድሮስ በግእዝ | GZ-GDL-030:ገድለ ቅዱስ ቴዎድሮስ በግእዝ | GZ-GDL-031:ገድለ ሰማዕት ቅዱስ ቴዎድሮስ በግእዝ | AM-GDL-030:ገድለ ሰማዕት ቅዱስ ቴዎድሮስ በአማርኛ,GZ-MEL-040:መልክዐ ሰማዕት ቅዱስ ቴዎድሮስ በግእዝ | GZ-GDL-030:ገድለ ቅዱስ ቴዎድሮስ በግእዝ | GZ-GDL-031:ገድለ ሰማዕት ቅዱስ ቴዎድሮስ በግእዝ | AM-GDL-030:ገድለ ሰማዕት ቅዱስ ቴዎድሮስ በአማርኛ,"1-12, 1-12, 1-12, 1-12, 1-20, 1-20, 1-20, 1-20, 2-12, 2-12"
8-20,230,ቅዱስ ዮሐንስ ሐፂር,ዮሐንስ ሐፂር,monthly,WRONG_DATE,,AM-MEL-016:መልክዐ ቅዱስ ዮሐንስ ወንጌላዊ በአማርኛ | AM-MEL-020:መልክዐ አቡነ ዕጨጌ ዮሐንስ በአማርኛ | AM-MEL-021:መልክዐ አቡነ ዮሐንስ ጻድቅ በአማርኛ | AM-MEL-047:የቅዱስ ዮሐንስ 2ኛ መልክዕ በአማርኛ | AM-MEL-048:የቅዱስ ዮሐንስ መጥምቅ መልክዕ በአማርኛ | GZ-MEL-060:መልክዐ ቅዱስ ዮሐንስ መጥምቅ በግእዝ | GZ-MEL-061:መልክዐ ቅዱስ ዮሐንስ ካልእ በግእዝ | GZ-MEL-062:መልክዐ ቅዱስ ዮሐንስ ወንጌላዊ በግእዝ | GZ-MEL-104:መልክዐ አቡነ ዕጨጌ ዮሐንስ በግእዝ | GZ-MEL-109:መልክዐ አቡነ ዮሐንስ ከማ በግእዝ | GZ-MEL-110:መልክዐ አቡነ ዮሐንስ ዘድብረ ዳጋ በግእዝ | GZ-MEL-149:መልክዐ ዮሐንስ ወልደ ነጎድጓድ በግእዝ | GZ-MEL-150:መልክዐ ዮሐንስ ፍቁረ እግዚእ በግእዝ | AM-GDL-013:የቅዱስ ዮሐንስ ገድል በአማርኛ | GZ-GDL-018:ገድለ አቡነ ዮሐንስ በግእዝ | AM-GDL-027:ገድለ አቡነ እጨጌ ዮሐንስ ዘጸገሮ በአማርኛ,"1-1, 1-1, 1-2, 1-2, 1-4, 1-4, 1-4, 1-4, 1-4, 1-4"
8-20,230,ቅዱስ አክሎግ ቀሲስ,አክሎግ ቀሲስ,monthly,NO_BOOK,,,
8-20,230,ቅዱስ አፄ ካሌብ ጻድቅ (ንጉሠ ኢትዮዽያ),አፄ ካሌብ ጻድቅ,monthly,WRONG_DATE,,AM-MEL-003:መልክዐ ለአቡነ አቢብ ጻድቅ በአማርኛ | AM-MEL-021:መልክዐ አቡነ ዮሐንስ ጻድቅ በአማርኛ | AM-MEL-060:የአቡነ አባለ ክርስቶስ ጻድቅ መልክዕ በአማርኛ,"1-16, 1-25, 2-16, 2-25, 3-16, 3-25, 4-16, 4-19, 4-25, 5-16"
8-20,230,አባ አሞንዮስ ዘሃገረ ቶና,አሞንዮስ ዘሃገረ ቶና,monthly,NO_BOOK,,,
8-20,230,ቅድስት ሳድዥ የዋሒት,ሳድዥ የዋሒት,monthly,NO_BOOK,,,
8-21,231,ቅዱስ ዮሐንስ (ፍቁረ እግዚእ),ዮሐንስ,annual,WRONG_DATE,,AM-MEL-016:መልክዐ ቅዱስ ዮሐንስ ወንጌላዊ በአማርኛ | AM-MEL-020:መልክዐ አቡነ ዕጨጌ ዮሐንስ በአማርኛ | AM-MEL-021:መልክዐ አቡነ ዮሐንስ ጻድቅ በአማርኛ | AM-MEL-047:የቅዱስ ዮሐንስ 2ኛ መልክዕ በአማርኛ | AM-MEL-048:የቅዱስ ዮሐንስ መጥምቅ መልክዕ በአማርኛ | GZ-MEL-060:መልክዐ ቅዱስ ዮሐንስ መጥምቅ በግእዝ | GZ-MEL-061:መልክዐ ቅዱስ ዮሐንስ ካልእ በግእዝ | GZ-MEL-062:መልክዐ ቅዱስ ዮሐንስ ወንጌላዊ በግእዝ | GZ-MEL-104:መልክዐ አቡነ ዕጨጌ ዮሐንስ በግእዝ | GZ-MEL-109:መልክዐ አቡነ ዮሐንስ ከማ በግእዝ | GZ-MEL-110:መልክዐ አቡነ ዮሐንስ ዘድብረ ዳጋ በግእዝ | GZ-MEL-149:መልክዐ ዮሐንስ ወልደ ነጎድጓድ በግእዝ | GZ-MEL-150:መልክዐ ዮሐንስ ፍቁረ እግዚእ በግእዝ | AM-GDL-013:የቅዱስ ዮሐንስ ገድል በአማርኛ | GZ-GDL-018:ገድለ አቡነ ዮሐንስ በግእዝ | AM-GDL-027:ገድለ አቡነ እጨጌ ዮሐንስ ዘጸገሮ በአማርኛ,"1-1, 1-1, 1-2, 1-2, 1-4, 1-4, 1-4, 1-4, 1-4, 1-4"
8-21,231,ቅዱሳት አንስት (ከእግረ መስቀሉ ያልተለዩ),ቅዱሳት አንስት,annual,NO_BOOK,,,
8-21,231,500' ቅዱሳን ባልንጀሮች (በጌታ ስቅለት ጊዜ ከሞት የተነሱ),500' ቅዱሳን ባልንጀሮች,annual,NO_BOOK,,,
8-21,231,ቅዱሳን ዮሴፍና ኒቆዲሞስ,ዮሴፍና ኒቆዲሞስ,annual,NO_BOOK,,,
8-21,231,ቅዱስ ዕፀ መስቀል,ዕፀ መስቀል,annual,CORRECT,AM-MEL-012:መልክዐ ቅዱስ መስቀል በአማርኛ | AM-MEL-040:የቅዱስ መስቀል 3ኛ መልክዕ በአማርኛ | GZ-MEL-050:መልክዐ ቅዱስ መስቀል ሣልስ በግእዝ | GZ-MEL-051:መልክዐ ቅዱስ መስቀል በግእዝ | GZ-DRS-002:ድርሳነ መስቀል በግእዝ | AM-DRS-008:ድርሳነ መስቀል በአማርኛ,AM-MEL-004:መልክዐ ሕማማተ መስቀል በአማርኛ | AM-MEL-012:መልክዐ ቅዱስ መስቀል በአማርኛ | AM-MEL-040:የቅዱስ መስቀል 3ኛ መልክዕ በአማርኛ | AM-TSE-001:የመስቀል አጥር ጸሎት በአማርኛ | AM-WUD-001:ውዳሴ መስቀል በአማርኛ | GZ-HAT-001:ሐፁረ መስቀል በግእዝ | GZ-MEL-024:መልክዐ ሕማማተ መስቀል በግእዝ | GZ-MEL-050:መልክዐ ቅዱስ መስቀል ሣልስ በግእዝ | GZ-MEL-051:መልክዐ ቅዱስ መስቀል በግእዝ | GZ-WUD-001:ውዳሴ መስቀል በግእዝ | GZ-DRS-002:ድርሳነ መስቀል በግእዝ | AM-DRS-008:ድርሳነ መስቀል በአማርኛ,"None-None, None-None, None-None, None-None, None-None, None-None, 1-10, 1-10, 1-10, 1-10"
8-21,231,ቅዱስ ብሩታዎስ ሐዋርያዊ,ብሩታዎስ ሐዋርያዊ,annual,NO_BOOK,,,
8-21,231,አባ ዕንባቆም ጻድቅ ሰባኬ ሃይማኖት ዘደብረ ሊባኖስ (ኢትዮዽያዊ),ዕንባቆም ጻድቅ ሰባኬ ሃይማኖት ዘደብረ ሊባኖስ,annual,WRONG_DATE,,AM-MEL-053:የአቡነ ሊባኖስ 2ኛ መልክዕ በአማርኛ | GZ-MEL-018:መልክዐ ሊባኖስ በግእዝ | GZ-MEL-074:መልክዐ አቡነ ሊባኖስ ካልእ በግእዝ | GZ-GDL-001:ገድለ አቡነ ፊልጶስ ዘደብረ ሊባኖስ በግእዝ,"1-3, 1-3, 1-3, 2-3, 2-3, 2-3, 3-3, 3-3, 3-3, 4-3"
8-21,231,ቅዱስ አካክሪስ,አካክሪስ,annual,NO_BOOK,,,
8-21,231,ቅዱስ ይወራስ,ይወራስ,annual,NO_BOOK,,,
8-21,231,ቅድስት ድንግል እመቤታችን ማርያም,ድንግል እመቤታችን ማርያም,monthly,CORRECT,AM-LAH-001:ላሐ ማርያም በአማርኛ | AM-MEL-008:መልክዐ ማርያም ሣልሲት በአማርኛ | AM-MEL-009:መልክዐ ማርያም በአማርኛ | AM-MEL-064:የጽዮን ማርያም 3ኛ መልክዕ በአማርኛ | AM-RAY-001:ራዕየ ማርያም በአማርኛ | GZ-ETA-001:እትአመነኪ ማርያም በሰማይ ወበምድር በግእዝ | GZ-LAH-001:ላሐ ማርያም በግእዝ | GZ-MEL-002:መልከዐ ማርያም ዳግሚት በግእዝ | GZ-MEL-031:መልክዐ ማርያም ሣልሲት በግእዝ | GZ-MEL-032:መልክዐ ማርያም በግእዝ | GZ-MEL-161:መልክዐ ጽዮን ማርያም ሣልስ በግእዝ | TI-RAY-001:ራእየ ማርያም ብትግርኛ | GZ-TAM-001:ተአምረ ማርያም በግእዝ | AM-TAM-002:ተአምረ ማርያም በአማርኛ,AM-LAH-001:ላሐ ማርያም በአማርኛ | AM-MEL-008:መልክዐ ማርያም ሣልሲት በአማርኛ | AM-MEL-009:መልክዐ ማርያም በአማርኛ | AM-MEL-017:መልክዐ ቅድስት ጸበለ ማርያም በአማርኛ | AM-MEL-019:መልክዐ አቡነ ሐራ ድንግል በአማርኛ | AM-MEL-064:የጽዮን ማርያም 3ኛ መልክዕ በአማርኛ | AM-RAY-001:ራዕየ ማርያም በአማርኛ | AM-WUD-002:ውዳሴ ማርያም በአማርኛ | GZ-ETA-001:እትአመነኪ ማርያም በሰማይ ወበምድር በግእዝ | GZ-LAH-001:ላሐ ማርያም በግእዝ | GZ-MEL-002:መልከዐ ማርያም ዳግሚት በግእዝ | GZ-MEL-021:መልክዐ ሐራ ድንግል በግእዝ | GZ-MEL-031:መልክዐ ማርያም ሣልሲት በግእዝ | GZ-MEL-032:መልክዐ ማርያም በግእዝ | GZ-MEL-070:መልክዐ ተክለ ማርያም ዘይሰመይ መብዓ ጽዮን በግእዝ | GZ-MEL-099:መልክዐ አቡነ አብሳዲ ዘደብረ ማርያም በግእዝ | GZ-MEL-159:መልክዐ ጸበለ ማርያም ቅድስት በግእዝ | GZ-MEL-161:መልክዐ ጽዮን ማርያም ሣልስ በግእዝ | GZ-WUD-002:ውዳሴ ማርያም በግእዝ | TI-RAY-001:ራእየ ማርያም ብትግርኛ | TI-WUD-001:ውዳሴ ማርያም ብትግርኛ | AM-GDL-002:ገድለ ማርያም እንተ ዕፍረት በአማርኛ | GZ-TAM-001:ተአምረ ማርያም በግእዝ | AM-GDL-003:ገድለ ማርያም መግደላዊት በአማርኛ | GZ-MTS-001:መጽሐፈ ልደታ ለማርያም በግእዝ | AM-TAM-002:ተአምረ ማርያም በአማርኛ,"None-None, None-None, None-None, 1-1, 1-11, 1-11, 1-21, 1-21, 1-21, 1-21"
8-21,231,አበው ጎርጎርዮሳት,አበው ጎርጎርዮሳት,monthly,WRONG_DATE,,AM-ZNA-002:ዜና አበው በአማርኛ,"3-4, 5-26"
8-21,231,አቡነ ምዕመነ ድንግል,ምዕመነ ድንግል,monthly,WRONG_DATE,,AM-MEL-019:መልክዐ አቡነ ሐራ ድንግል በአማርኛ | GZ-MEL-021:መልክዐ ሐራ ድንግል በግእዝ,"1-11, 1-11, 2-11, 2-11, 3-11, 3-11, 4-11, 4-11, 5-11, 5-11"
8-21,231,አቡነ አምደ ሥላሴ,አምደ ሥላሴ,monthly,WRONG_DATE,,AM-MEL-010:መልክዐ ሥላሴ በአማርኛ | AM-SEY-002:ሰይፈ ሥላሴ በአማርኛ | GZ-HIB-001:ኅብረ ሥላሴ በግእዝ | GZ-MEL-035:መልክዐ ሥላሴ በግእዝ | GZ-MEL-077:መልክዐ አቡነ መዝገበ ሥላሴ በግእዝ | GZ-SEY-002:ሰይፈ ሥላሴ በግእዝ | AM-ZNA-001:ዜና ሥላሴ በአማርኛ | GZ-ZNA-004:ዜና ሥላሴ በግእዝ | GZ-TAM-003:ተአምራቲሆሙ ለሥላሴ,"None-None, None-None, None-None, None-None, None-None, None-None, None-None, 1-7, 2-7, 2-9"
8-21,231,አባ አሮን ሶርያዊ,አሮን ሶርያዊ,monthly,WRONG_DATE,,GZ-MEL-128:መልክዐ አᎄነ አሮን መንክራዌ በግእዝ | GZ-GDL-024:ገድለ አቡነ አሮን መንክራዊ ግእዝ | AM-GDL-028:ገድለ አቡነ አሮን መንክራዊ በአማርኛ,"1-5, 1-5, 1-5, 2-5, 2-5, 2-5, 3-5, 3-5, 3-5, 4-5"
8-21,231,አባ መርትያኖስ ጻድቅ,መርትያኖስ,monthly,NO_BOOK,,,
8-22,232,ጻድቁ አቡነ ተክለ ሃይማኖት,ጻድቁ አቡነ ተክለ ሃይማኖት,annual,CORRECT,AM-MEL-057:የአቡነ ተክለ ሃይማኖት 2ኛ መልክዕ በአማርኛ | AM-MEL-058:የአቡነ ተክለ ሃይማኖት መልክዕ በአማርኛ | GZ-MEL-068:መልክዐ ተክለ ሃይማኖት በግእዝ | GZ-MEL-069:መልክዐ ተክለ ሃይማኖት ካልእ በግእዝ | GZ-MEL-092:መልክዐ አቡነ ተክለ ሃይማኖት በግእዝ | AM-GDL-004:ገድለ ተክለ ሃይማኖት በአማርኛ,AM-MEL-057:የአቡነ ተክለ ሃይማኖት 2ኛ መልክዕ በአማርኛ | AM-MEL-058:የአቡነ ተክለ ሃይማኖት መልክዕ በአማርኛ | GZ-MEL-068:መልክዐ ተክለ ሃይማኖት በግእዝ | GZ-MEL-069:መልክዐ ተክለ ሃይማኖት ካልእ በግእዝ | GZ-MEL-092:መልክዐ አቡነ ተክለ ሃይማኖት በግእዝ | AM-GDL-004:ገድለ ተክለ ሃይማኖት በአማርኛ,"1-24, 1-24, 1-24, 1-24, 1-24, 1-24, 2-24, 2-24, 2-24, 2-24"
8-22,232,ቅዱስ እለእስክንድሮስ ሊቅ (አርዮስን ያወገዘ),እለእስክንድሮስ ሊቅ,annual,NO_BOOK,,,
8-22,232,አባ ይስሐቅ ጻድቅ,ይስሐቅ,annual,NO_BOOK,,,
8-22,232,አባ ማርቆስ ሐዲስ,ማርቆስ ሐዲስ,annual,WRONG_DATE,,AM-MEL-042:የቅዱስ ማርቆስ 2ኛ መልክዕ በአማርኛ | AM-MEL-062:የአቡነ ዜና ማርቆስ መልክዕ በአማርኛ | GZ-MEL-001:ሐዲስ መልክዐ መድኃኔዓለም በግእዝ | GZ-MEL-030:መልክዐ ማርቆስ በግእዝ | GZ-MEL-053:መልክዐ ቅዱስ ማርቆስ ካልእ በግእዝ | GZ-MEL-106:መልክዐ አቡነ ዜና ማርቆስ በግእዝ,"1-3, 1-3, 1-27, 1-30, 1-30, 1-30, 2-3, 2-3, 2-27, 2-30"
8-22,232,አባ ሚካኤል ዘኢየሩሳሌም,ሚካኤል ዘኢየሩሳሌም,annual,WRONG_DATE,,AM-MEL-006:መልክዐ ሚካኤል በአማርኛ | AM-MEL-041:የቅዱስ ሚካኤል 3ኛ መልክዕ በአማርኛ | GZ-MEL-004:መልክዐ ሊቀ መላእክት ቅዱስ ሚካኤል ሣልስ በግእዝ | GZ-MEL-005:መልክዐ ሊቀ መላእክት ቅዱስ ሚካኤል ካልዕ በግእዝ | GZ-MEL-083:መልክዐ አቡነ ሰይፈ ሚካኤል በግእዝ | GZ-MEL-121:መልክዐ አባ በጸሎተ ሚካኤል በግእዝ | GZ-MEL-165:መልክዐ ሊቀ መላእክት ቅዱስ ሚካኤል ካልዕ በግእ | AM-GDL-011:ገድለ አቡነ በጸሎተ ሚካኤል በአማርኛ | GZ-GDL-015:ገድለ አቡነ በጸሎተ ሚካኤል በግእዝ | GZ-DRS-008:ድርሳነ ሚካኤል በግእዝ | AM-DRS-009:ድርሳነ ሚካኤል በአማርኛ | GZ-GDL-034:ገድለ አቡነ ፍሬ ሚካኤል በግእዝ,"1-9, 1-9, 1-9, 1-9, 1-9, 1-9, 1-9, 1-12, 1-12, 1-12"
8-22,232,አባ ሚካኤል ዘእስክንድርያ,ሚካኤል ዘእስክንድርያ,annual,WRONG_DATE,,AM-MEL-006:መልክዐ ሚካኤል በአማርኛ | AM-MEL-041:የቅዱስ ሚካኤል 3ኛ መልክዕ በአማርኛ | GZ-MEL-004:መልክዐ ሊቀ መላእክት ቅዱስ ሚካኤል ሣልስ በግእዝ | GZ-MEL-005:መልክዐ ሊቀ መላእክት ቅዱስ ሚካኤል ካልዕ በግእዝ | GZ-MEL-083:መልክዐ አቡነ ሰይፈ ሚካኤል በግእዝ | GZ-MEL-121:መልክዐ አባ በጸሎተ ሚካኤል በግእዝ | GZ-MEL-165:መልክዐ ሊቀ መላእክት ቅዱስ ሚካኤል ካልዕ በግእ | AM-GDL-011:ገድለ አቡነ በጸሎተ ሚካኤል በአማርኛ | GZ-GDL-015:ገድለ አቡነ በጸሎተ ሚካኤል በግእዝ | GZ-DRS-008:ድርሳነ ሚካኤል በግእዝ | AM-DRS-009:ድርሳነ ሚካኤል በአማርኛ | GZ-GDL-034:ገድለ አቡነ ፍሬ ሚካኤል በግእዝ,"1-9, 1-9, 1-9, 1-9, 1-9, 1-9, 1-9, 1-12, 1-12, 1-12"
8-22,232,ቅዱስ ዑራኤል ሊቀ መላእክት,ዑራኤል ሊቀ መላእክት,monthly,CORRECT,GZ-MEL-011:መልክዐ ሊቀ መላእክት ቅዱስ ዑራኤል በግእዝ | GZ-MEL-012:መልክዐ ሊቀ መላእክት ቅዱስ ዑራኤል ካልእ በግእዝ | GZ-DRS-001:ድርሳነ ዑራኤል በግእዝ | AM-DRS-006:ድርሳነ ዑራኤል በአማርኛ,AM-DIR-001:የሰባቱ ሊቃነ መላእክት ድርሳን በአማርኛ | AM-MEL-038:የቅዱሳን አእላፍ መላእክት 2ኛ መልክዕ በአማርኛ | GZ-MEL-004:መልክዐ ሊቀ መላእክት ቅዱስ ሚካኤል ሣልስ በግእዝ | GZ-MEL-005:መልክዐ ሊቀ መላእክት ቅዱስ ሚካኤል ካልዕ በግእዝ | GZ-MEL-006:መልክዐ ሊቀ መላእክት ቅዱስ ሩፋኤል በግእዝ | GZ-MEL-007:መልክዐ ሊቀ መላእክት ቅዱስ ራጉኤል በግእዝ | GZ-MEL-008:መልክዐ ሊቀ መላእክት ቅዱስ ሱርያል በግእዝ | GZ-MEL-009:መልክዐ ሊቀ መላእክት ቅዱስ በግእዝ | GZ-MEL-010:መልክዐ ሊቀ መላእክት ቅዱስ አፍኒን በግእዝ | GZ-MEL-011:መልክዐ ሊቀ መላእክት ቅዱስ ዑራኤል በግእዝ | GZ-MEL-012:መልክዐ ሊቀ መላእክት ቅዱስ ዑራኤል ካልእ በግእዝ | GZ-MEL-013:መልክዐ ሊቀ መላእክት ቅዱስ ገብርኤል በግእዝ | GZ-MEL-014:መልክዐ ሊቀ መላእክት ቅዱስ ገብርኤል ካልዕ (ደቅስዮስ) በግእዝ | GZ-MEL-015:መልክዐ ሊቀ መላእክት ቅዱስ ፋኑኤል በግእዝ | GZ-MEL-125:መልክዐ አእላፍ መላእክት በግእዝ | GZ-MEL-126:መልክዐ አእላፍ መላእክት ካልእ በግእዝ | GZ-MEL-165:መልክዐ ሊቀ መላእክት ቅዱስ ሚካኤል ካልዕ በግእ | GZ-DRS-001:ድርሳነ ዑራኤል በግእዝ | AM-DRS-006:ድርሳነ ዑራኤል በአማርኛ,"1-1, 1-3, 1-9, 1-9, 1-9, 1-12, 1-12, 1-12, 1-12, 1-13"
8-22,232,ቅዱስ ሉቃስ ወንጌላዊ,ሉቃስ ወንጌላዊ,monthly,WRONG_DATE,,AM-MEL-016:መልክዐ ቅዱስ ዮሐንስ ወንጌላዊ በአማርኛ | GZ-MEL-062:መልክዐ ቅዱስ ዮሐንስ ወንጌላዊ በግእዝ,"1-4, 1-4, 1-29, 1-29, 2-4, 2-4, 3-4, 3-4, 4-4, 4-4"
8-22,232,ቅዱስ ደቅስዮስ (የእመቤታችን ወዳጅ),ደቅስዮስ,monthly,WRONG_DATE,,GZ-MEL-014:መልክዐ ሊቀ መላእክት ቅዱስ ገብርኤል ካልዕ (ደቅስዮስ) በግእዝ,"1-19, 2-19, 3-19, 4-19, 4-22, 5-19, 6-19, 7-19, 7-30, 8-19"
8-22,232,አባ እንጦንዮስ (አበ መነኮሳት),እንጦንዮስ,monthly,WRONG_DATE,,GZ-MEL-138:መልክዐ እንጦንዮስ በግእዝ,"5-22, 7-6, 11-22"
8-22,232,አባ ዻውሊ የዋህ,ዻውሊ የዋህ,monthly,NO_BOOK,,,
8-23,233,ቅዱስ ጊዮርጊስ ሊቀ ሰማዕታት,ጊዮርጊስ ሊቀ ሰማዕታት,annual,CORRECT,AM-MEL-065:ጸሎተ መልክዐ ሥቃዩ ለቅዱስ ጊዮርጊስ ሊቀ ሰማዕታት በአማርኛ | AM-MEL-066:ጸሎተ መልክዕ ዘቅዱስ ጊዮርጊስ ሊቀ ሰማዕታት በአማርኛ | AM-MEL-067:ጸሎተ መልክዕ ዘቅዱስ ጊዮርጊስ ሊቀ ሰማዕታት ካልዕ በአማርኛ | AM-SIB-001:ስብሐተ ፍቁር ዘቅዱስ ጊዮርጊስ ሊቀ ሰማዕታት በአማርኛ,AM-MEL-065:ጸሎተ መልክዐ ሥቃዩ ለቅዱስ ጊዮርጊስ ሊቀ ሰማዕታት በአማርኛ | AM-MEL-066:ጸሎተ መልክዕ ዘቅዱስ ጊዮርጊስ ሊቀ ሰማዕታት በአማርኛ | AM-MEL-067:ጸሎተ መልክዕ ዘቅዱስ ጊዮርጊስ ሊቀ ሰማዕታት ካልዕ በአማርኛ | AM-SIB-001:ስብሐተ ፍቁር ዘቅዱስ ጊዮርጊስ ሊቀ ሰማዕታት በአማርኛ,"1-23, 1-23, 1-23, 1-23, 2-23, 2-23, 2-23, 2-23, 3-7, 3-7"
8-23,233,ቅዱስ ሮቆ ጻድቅ (በስሙ ለተማጸነ ከወባ በሽታ እንዲጠብቀው ጌታ ቃል ኪዳን ገብቶለታል),ሮቆ ጻድቅ,annual,WRONG_DATE,,AM-MEL-003:መልክዐ ለአቡነ አቢብ ጻድቅ በአማርኛ | AM-MEL-021:መልክዐ አቡነ ዮሐንስ ጻድቅ በአማርኛ | AM-MEL-060:የአቡነ አባለ ክርስቶስ ጻድቅ መልክዕ በአማርኛ,"1-16, 1-25, 2-16, 2-25, 3-16, 3-25, 4-16, 4-19, 4-25, 5-16"
8-23,233,ልበ አምላክ ቅዱስ ዳዊት,ልበ አምላክ ቅዱስ ዳዊት,monthly,CORRECT,AM-MEL-049:የቅዱስ ዳዊት መልክዕ በአማርኛ | GZ-MEL-064:መልክዐ ቅዱስ ዳዊት በግእዝ,AM-MEL-049:የቅዱስ ዳዊት መልክዕ በአማርኛ | AM-MZM-001:መዝሙረ ዳዊት በአማርኛ | AM-WUD-003:ውዳሴ አምላክ በአማርኛ | GZ-MEL-064:መልክዐ ቅዱስ ዳዊት በግእዝ | GZ-MEL-088:መልክዐ አቡነ ቡሩከ አምላክ ዘደብረ ኮል በግእዝ | GZ-MEL-089:መልክዐ አቡነ ብፁዓ አምላክ ዘደብረ ምዕዋን ወዘደብረ ኰዳዱ በግእዝ | GZ-MZM-004:መዝሙረ ዳዊት በግእዝ | TI-MZM-001:መዝሙረ ዳዊት ብትግርኛ | TI-WUD-002:ውዳሴ አምላክ ብትግርኛ,"None-None, None-None, None-None, None-None, None-None, 1-23, 1-23, 2-23, 2-23, 3-23"
8-23,233,ቅዱስ ሰሎሞን ንጉሠ እስራኤል,ሰሎሞን ንጉሠ እስራኤል,monthly,WRONG_DATE,,GZ-TBB-001:ጥበበ ሰሎሞን በግእዝ,
8-23,233,አባ ጢሞቴዎስ ገዳማዊ,ጢሞቴዎስ ገዳማዊ,monthly,NO_BOOK,,,
8-23,233,አባ ሳሙኤል,ሳሙኤል,monthly,WRONG_DATE,,AM-MEL-054:የአቡነ ሳሙኤል ዘዋልድባ መልክዕ በአማርኛ | AM-MEL-055:የአቡነ ሳሙኤል ዘዋልድባ ኹለተኛ መልክዕ በአማርኛ | GZ-MEL-084:መልክዐ አቡነ ሳሙኤል በግእዝ ሣልስ በግእዝ | GZ-MEL-085:መልክዐ አቡነ ሳሙኤል ዘዋልድባ በግእዝ | GZ-MEL-086:መልክዐ አቡነ ሳሙኤል ዘዋልድባ ካልዕ በግእዝ,"1-12, 1-12, 1-12, 1-12, 1-12, 2-12, 2-12, 2-12, 2-12, 2-12"
8-23,233,አባ ስምዖን,ስምዖን,monthly,NO_BOOK,,,
8-23,233,አባ ገብርኤል,ገብርኤል,monthly,WRONG_DATE,,AM-MEL-050:የቅዱስ ገብርኤል መልክዕ በአማርኛ | GZ-MEL-013:መልክዐ ሊቀ መላእክት ቅዱስ ገብርኤል በግእዝ | GZ-MEL-014:መልክዐ ሊቀ መላእክት ቅዱስ ገብርኤል ካልዕ (ደቅስዮስ) በግእዝ | AM-DRS-003:ድርሳነ ገብርኤል በአማርኛ | GZ-DRS-010:ድርሳነ ገብርኤል በግእዝ,"1-19, 1-19, 1-19, 1-19, 1-19, 2-19, 2-19, 2-19, 2-19, 2-19"
8-24,234,ቅዱስ ፃና ሰማዕት,ፃና,annual,NO_BOOK,,,
8-24,234,አባ ስንትዩ ሊቀ ዻዻሳት,ስንትዩ ሊቀ ዻዻሳት,annual,NO_BOOK,,,
8-24,234,አባ ይድራ,ይድራ,annual,NO_BOOK,,,
8-24,234,የደብረ ሲና ቅዳሴ ቤት,የደብረ ሲና ቅዳሴ ቤት,annual,WRONG_DATE,,AM-KID-001:መዓዛ ቅዳሴ በአማርኛ,
8-24,234,ቅዱስ አቡነ ተክለ ሃይማኖት,ተክለ ሃይማኖት,monthly,CORRECT,AM-MEL-057:የአቡነ ተክለ ሃይማኖት 2ኛ መልክዕ በአማርኛ | AM-MEL-058:የአቡነ ተክለ ሃይማኖት መልክዕ በአማርኛ | GZ-MEL-068:መልክዐ ተክለ ሃይማኖት በግእዝ | GZ-MEL-069:መልክዐ ተክለ ሃይማኖት ካልእ በግእዝ | GZ-MEL-092:መልክዐ አቡነ ተክለ ሃይማኖት በግእዝ | AM-GDL-004:ገድለ ተክለ ሃይማኖት በአማርኛ,AM-MEL-057:የአቡነ ተክለ ሃይማኖት 2ኛ መልክዕ በአማርኛ | AM-MEL-058:የአቡነ ተክለ ሃይማኖት መልክዕ በአማርኛ | GZ-MEL-068:መልክዐ ተክለ ሃይማኖት በግእዝ | GZ-MEL-069:መልክዐ ተክለ ሃይማኖት ካልእ በግእዝ | GZ-MEL-092:መልክዐ አቡነ ተክለ ሃይማኖት በግእዝ | AM-GDL-004:ገድለ ተክለ ሃይማኖት በአማርኛ,"1-24, 1-24, 1-24, 1-24, 1-24, 1-24, 2-24, 2-24, 2-24, 2-24"
8-24,234,ቅዱስ አጋቢጦስ (ጻድቅ ኤዺስቆዾስ),አጋቢጦስ,monthly,NO_BOOK,,,
8-24,234,ቅድስት ክርስቶስ ሠምራ,ክርስቶስ ሠምራ,monthly,CORRECT,GZ-MEL-143:መልክዐ ክርስቶስ ሠምራ በግእዝ | AM-GDL-005:ገድለ ቅድስት ክርስቶስ ሠምራ በአማርኛ | GZ-GDL-019:ገድለ ቅድስት ክርስቶስ ሠምራ በግእዝ,GZ-MEL-143:መልክዐ ክርስቶስ ሠምራ በግእዝ | AM-GDL-005:ገድለ ቅድስት ክርስቶስ ሠምራ በአማርኛ | GZ-GDL-019:ገድለ ቅድስት ክርስቶስ ሠምራ በግእዝ,"1-24, 1-24, 1-24, 2-24, 2-24, 2-24, 3-24, 3-24, 3-24, 4-24"
8-24,234,ቅዱስ ሙሴ ፀሊም,ሙሴ ፀሊም,monthly,NO_BOOK,,,
8-24,234,ቅዱስ ቶማስ ዘመርዐስ,ቶማስ ዘመርዐስ,monthly,WRONG_DATE,,GZ-MEL-094:መልክዐ አቡነ ቶማስ ዘዘናቁዴ በግእዝ,3-3
8-24,234,ቅዱስ አብላርዮስ ታላቁ,አብላርዮስ ታላቁ,monthly,NO_BOOK,,,
8-24,234,"""፳፬ቱ"" ካኅናተ ሰማይ (ሱራፌል)","""፳፬ቱ"" ካኅናተ ሰማይ",monthly,CORRECT,GZ-MEL-142:መልክዐ ካህናተ ሰማይ በግእዝ,AM-MEN-001:መንገደ ሰማይ በአማርኛ | AM-ETA-001:በሰማይ ወበምድር በአማርኛ | GZ-ETA-001:እትአመነኪ ማርያም በሰማይ ወበምድር በግእዝ | GZ-MEL-142:መልክዐ ካህናተ ሰማይ በግእዝ,"None-None, 1-21, 1-24, 2-21, 2-24, 3-21, 3-24, 4-21, 4-24, 5-21"
8-24,234,አቡነ ዘዮሐንስ ጻድቅ (ኢትዮዽያዊ),ዘዮሐንስ ጻድቅ,monthly,WRONG_DATE,,AM-MEL-003:መልክዐ ለአቡነ አቢብ ጻድቅ በአማርኛ | AM-MEL-021:መልክዐ አቡነ ዮሐንስ ጻድቅ በአማርኛ | AM-MEL-060:የአቡነ አባለ ክርስቶስ ጻድቅ መልክዕ በአማርኛ,"1-16, 1-25, 2-16, 2-25, 3-16, 3-25, 4-16, 4-19, 4-25, 5-16"
8-25,235,ቅድስት ሣራና ፪ ልጆቿ (ሰማዕታት),ሣራና ፪ ልጆቿ,annual,NO_BOOK,,,
8-25,235,አቡነ ገብረ ማርያም ጻድቅ-ዘልሆኝ (ኢትዮዽያዊ),ገብረ ማርያም ጻድቅ-ዘልሆኝ,annual,WRONG_DATE,,GZ-MEL-151:መልክዐ ገብረ መንፈስ ቅዱስ በግእዝ | GZ-MEL-152:መልክዐ ገብረ መንፈስ ቅዱስ ካልዕ በግእዝ | GZ-MEL-153:መልክዐ ገብረ ክርስቶስ በግእዝ | AM-GDL-007:ገድለ አቡነ ገብረ መንፈስ ቅዱስ በአማርኛ,"1-5, 1-5, 1-5, 2-5, 2-5, 2-5, 2-14, 3-5, 3-5, 3-5"
8-25,235,አባ በብኑዳ ባሕታዊ,በብኑዳ ባሕታዊ,annual,NO_BOOK,,,
8-25,235,ቅዱስ ቴዎድሮስ መስተጋድል,ቴዎድሮስ መስተጋድል,annual,WRONG_DATE,,GZ-MEL-040:መልክዐ ሰማዕት ቅዱስ ቴዎድሮስ በግእዝ | GZ-GDL-030:ገድለ ቅዱስ ቴዎድሮስ በግእዝ | GZ-GDL-031:ገድለ ሰማዕት ቅዱስ ቴዎድሮስ በግእዝ | AM-GDL-030:ገድለ ሰማዕት ቅዱስ ቴዎድሮስ በአማርኛ,"1-12, 1-12, 1-12, 1-12, 1-20, 1-20, 1-20, 1-20, 2-12, 2-12"
8-25,235,ቅድስት ዶራ,ዶራ,annual,NO_BOOK,,,
8-25,235,ቅዱስ መርቆሬዎስ ሰማዕት,መርቆሬዎስ,monthly,CORRECT,GZ-MEL-039:መልክዐ ሰማዕት ቅዱስ መርቆሬዎስ በግእዝ | GZ-GDL-002:ገድለ ሰማዕት ቅዱስ መርቆሬዎስ በግእዝ | AM-GDL-015:ገድለ ሰማዕት ቅዱስ መርቆሬዎስ በአማርኛ,GZ-MEL-039:መልክዐ ሰማዕት ቅዱስ መርቆሬዎስ በግእዝ | GZ-MEL-076:መልክዐ አቡነ መርቆሬዎስ ዘደብረ ድማኅ በግእዝ | GZ-GDL-002:ገድለ ሰማዕት ቅዱስ መርቆሬዎስ በግእዝ | AM-GDL-015:ገድለ ሰማዕት ቅዱስ መርቆሬዎስ በአማርኛ,"1-25, 1-25, 1-25, 2-25, 2-25, 2-25, 3-25, 3-25, 3-25, 4-16"
8-25,235,ቅድስት ቴክላ ሐዋርያዊት,ቴክላ ሐዋርያዊት,monthly,NO_BOOK,,,
8-25,235,ቅዱስ አበከረዙን ሰማዕት,አበከረዙን,monthly,NO_BOOK,,,
8-25,235,ቅዱስ ዱማድዮስ ሶርያዊ,ዱማድዮስ ሶርያዊ,monthly,NO_BOOK,,,
8-25,235,አቡነ አቢብ /አባ ቡላ/,አቢብ /አባ ቡላ/,monthly,CORRECT,AM-MEL-003:መልክዐ ለአቡነ አቢብ ጻድቅ በአማርኛ | AM-MEL-059:የአቡነ አቢብ መልክዕ በአማርኛ | GZ-MEL-095:መልክዐ አቡነ አቢብ በግእዝ | AM-GDL-024:ገድለ ቅዱስ አቡነ አቢብ በአማርኛ,AM-MEL-003:መልክዐ ለአቡነ አቢብ ጻድቅ በአማርኛ | AM-MEL-059:የአቡነ አቢብ መልክዕ በአማርኛ | GZ-MEL-095:መልክዐ አቡነ አቢብ በግእዝ | AM-GDL-024:ገድለ ቅዱስ አቡነ አቢብ በአማርኛ,"1-25, 1-25, 1-25, 1-25, 2-25, 2-25, 2-25, 2-25, 3-25, 3-25"
8-25,235,ቅዱስ አባ አቡፋና ጻድቅ,አቡፋና,monthly,NO_BOOK,,,
8-26,236,ቅዱስ ዮሐንስ ሰማዕት (ወልደ ፀራቢ),ዮሐንስ ሰማዕት,annual,WRONG_DATE,,AM-MEL-016:መልክዐ ቅዱስ ዮሐንስ ወንጌላዊ በአማርኛ | AM-MEL-020:መልክዐ አቡነ ዕጨጌ ዮሐንስ በአማርኛ | AM-MEL-021:መልክዐ አቡነ ዮሐንስ ጻድቅ በአማርኛ | AM-MEL-047:የቅዱስ ዮሐንስ 2ኛ መልክዕ በአማርኛ | AM-MEL-048:የቅዱስ ዮሐንስ መጥምቅ መልክዕ በአማርኛ | GZ-MEL-039:መልክዐ ሰማዕት ቅዱስ መርቆሬዎስ በግእዝ | GZ-MEL-040:መልክዐ ሰማዕት ቅዱስ ቴዎድሮስ በግእዝ | GZ-MEL-041:መልክዐ ሰማዕት ቅዱስ ፋሲለደስ በግእዝ | GZ-MEL-042:መልክዐ ሰማዕት ቅድስት አርሴማ በግእዝ | GZ-MEL-043:መልክዐ ሰማዕት ቅድስት ኢየሉጣ በግእዝ | GZ-MEL-060:መልክዐ ቅዱስ ዮሐንስ መጥምቅ በግእዝ | GZ-MEL-061:መልክዐ ቅዱስ ዮሐንስ ካልእ በግእዝ | GZ-MEL-062:መልክዐ ቅዱስ ዮሐንስ ወንጌላዊ በግእዝ | GZ-MEL-104:መልክዐ አቡነ ዕጨጌ ዮሐንስ በግእዝ | GZ-MEL-109:መልክዐ አቡነ ዮሐንስ ከማ በግእዝ | GZ-MEL-110:መልክዐ አቡነ ዮሐንስ ዘድብረ ዳጋ በግእዝ | GZ-MEL-122:መልክዐ አባ ኖብ ሰማዕት በግእዝ | GZ-MEL-149:መልክዐ ዮሐንስ ወልደ ነጎድጓድ በግእዝ | GZ-MEL-150:መልክዐ ዮሐንስ ፍቁረ እግዚእ በግእዝ | GZ-GDL-002:ገድለ ሰማዕት ቅዱስ መርቆሬዎስ በግእዝ | AM-GDL-008:ገድለ ሰማዕት ቅድስት አርሴማ በአማርኛ | AM-GDL-013:የቅዱስ ዮሐንስ ገድል በአማርኛ | GZ-GDL-014:ገድለ ቅዱስ ጊዮርጊስ ሰማዕት በግእዝ | AM-GDL-015:ገድለ ሰማዕት ቅዱስ መርቆሬዎስ በአማርኛ | GZ-GDL-018:ገድለ አቡነ ዮሐንስ በግእዝ | AM-GDL-018:ገድለ ቅዱስ ጊዮርጊስ ሰማዕት በአማርኛ | GZ-GDL-031:ገድለ ሰማዕት ቅዱስ ቴዎድሮስ በግእዝ | GZ-GDL-033:ገድለ ሰማዕት ቅድስት አርሴማ በግእዝ | AM-GDL-027:ገድለ አቡነ እጨጌ ዮሐንስ ዘጸገሮ በአማርኛ | AM-GDL-030:ገድለ ሰማዕት ቅዱስ ቴዎድሮስ በአማርኛ,"1-1, 1-1, 1-2, 1-2, 1-4, 1-4, 1-4, 1-4, 1-4, 1-4"
8-26,236,ቅዱስ ሱስንዮስ ሰማዕት (ሶርያዊ),ሱስንዮስ ሰማዕት,annual,CORRECT,GZ-GDL-009:ገድለ ቅዱስ ሱስንዮስ በግእዝ,GZ-MEL-039:መልክዐ ሰማዕት ቅዱስ መርቆሬዎስ በግእዝ | GZ-MEL-040:መልክዐ ሰማዕት ቅዱስ ቴዎድሮስ በግእዝ | GZ-MEL-041:መልክዐ ሰማዕት ቅዱስ ፋሲለደስ በግእዝ | GZ-MEL-042:መልክዐ ሰማዕት ቅድስት አርሴማ በግእዝ | GZ-MEL-043:መልክዐ ሰማዕት ቅድስት ኢየሉጣ በግእዝ | GZ-MEL-122:መልክዐ አባ ኖብ ሰማዕት በግእዝ | GZ-GDL-002:ገድለ ሰማዕት ቅዱስ መርቆሬዎስ በግእዝ | AM-GDL-008:ገድለ ሰማዕት ቅድስት አርሴማ በአማርኛ | GZ-GDL-009:ገድለ ቅዱስ ሱስንዮስ በግእዝ | GZ-GDL-014:ገድለ ቅዱስ ጊዮርጊስ ሰማዕት በግእዝ | AM-GDL-015:ገድለ ሰማዕት ቅዱስ መርቆሬዎስ በአማርኛ | AM-GDL-018:ገድለ ቅዱስ ጊዮርጊስ ሰማዕት በአማርኛ | GZ-GDL-031:ገድለ ሰማዕት ቅዱስ ቴዎድሮስ በግእዝ | GZ-GDL-033:ገድለ ሰማዕት ቅድስት አርሴማ በግእዝ | AM-GDL-030:ገድለ ሰማዕት ቅዱስ ቴዎድሮስ በአማርኛ,"1-6, 1-6, 1-6, 1-11, 1-12, 1-12, 1-12, 1-15, 1-18, 1-20"
8-26,236,ሰማዕታት (የቅዱስ ሱስንዮስ ማኅበር),ሰማዕታት,annual,WRONG_DATE,,AM-MEL-065:ጸሎተ መልክዐ ሥቃዩ ለቅዱስ ጊዮርጊስ ሊቀ ሰማዕታት በአማርኛ | AM-MEL-066:ጸሎተ መልክዕ ዘቅዱስ ጊዮርጊስ ሊቀ ሰማዕታት በአማርኛ | AM-MEL-067:ጸሎተ መልክዕ ዘቅዱስ ጊዮርጊስ ሊቀ ሰማዕታት ካልዕ በአማርኛ | AM-SIB-001:ስብሐተ ፍቁር ዘቅዱስ ጊዮርጊስ ሊቀ ሰማዕታት በአማርኛ | GZ-MEL-016:መልክዐ ሊቀ ሰማዕታት ቅዱስ እስጢፋኖስ በግእዝ | GZ-MEL-017:መልክዐ ሊቀ ሰማዕታት ቅዱስ እስጢፋኖስ ካልእ በግእዝ | AM-GDL-010:ገድለ ሰማዕታት በአማርኛ,"1-15, 1-15, 1-17, 1-17, 1-23, 1-23, 1-23, 1-23, 2-17, 2-17"
8-26,236,አባ ሠርጋ,ሠርጋ,annual,NO_BOOK,,,
8-26,236,ቅዱስ ይድራስ,ይድራስ,annual,NO_BOOK,,,
8-26,236,ቅዱስ ቶማስ ሐዋርያ,ቶማስ,monthly,WRONG_DATE,,GZ-MEL-094:መልክዐ አቡነ ቶማስ ዘዘናቁዴ በግእዝ,3-3
8-26,236,አቡነ ሐብተ ማርያም ጻድቅ,ሐብተ ማርያም,monthly,WRONG_DATE,,AM-LAH-001:ላሐ ማርያም በአማርኛ | AM-MEL-008:መልክዐ ማርያም ሣልሲት በአማርኛ | AM-MEL-009:መልክዐ ማርያም በአማርኛ | AM-MEL-017:መልክዐ ቅድስት ጸበለ ማርያም በአማርኛ | AM-MEL-064:የጽዮን ማርያም 3ኛ መልክዕ በአማርኛ | AM-RAY-001:ራዕየ ማርያም በአማርኛ | AM-WUD-002:ውዳሴ ማርያም በአማርኛ | GZ-ETA-001:እትአመነኪ ማርያም በሰማይ ወበምድር በግእዝ | GZ-LAH-001:ላሐ ማርያም በግእዝ | GZ-MEL-002:መልከዐ ማርያም ዳግሚት በግእዝ | GZ-MEL-031:መልክዐ ማርያም ሣልሲት በግእዝ | GZ-MEL-032:መልክዐ ማርያም በግእዝ | GZ-MEL-070:መልክዐ ተክለ ማርያም ዘይሰመይ መብዓ ጽዮን በግእዝ | GZ-MEL-099:መልክዐ አቡነ አብሳዲ ዘደብረ ማርያም በግእዝ | GZ-MEL-159:መልክዐ ጸበለ ማርያም ቅድስት በግእዝ | GZ-MEL-161:መልክዐ ጽዮን ማርያም ሣልስ በግእዝ | GZ-WUD-002:ውዳሴ ማርያም በግእዝ | TI-RAY-001:ራእየ ማርያም ብትግርኛ | TI-WUD-001:ውዳሴ ማርያም ብትግርኛ | AM-GDL-002:ገድለ ማርያም እንተ ዕፍረት በአማርኛ | GZ-TAM-001:ተአምረ ማርያም በግእዝ | AM-GDL-003:ገድለ ማርያም መግደላዊት በአማርኛ | GZ-MTS-001:መጽሐፈ ልደታ ለማርያም በግእዝ | AM-TAM-002:ተአምረ ማርያም በአማርኛ,"None-None, None-None, None-None, 1-1, 1-21, 1-21, 1-21, 1-21, 1-21, 1-21"
8-26,236,አቡነ ኢየሱስ ሞዐ ዘሐይቅ,ኢየሱስ ሞዐ ዘሐይቅ,monthly,CORRECT,GZ-MEL-130:መልክዐ ኢየሱስ ሞዐ በግእዝ | AM-GDL-026:ገድለ አቡነ ኢየሱስ ሞዐ በአማርኛ,AM-MEL-002:መልክአ ኢየሱስ በአማርኛ | GZ-MEL-130:መልክዐ ኢየሱስ ሞዐ በግእዝ | GZ-MEL-131:መልክዐ ኢየሱስ በግእዝ | GZ-MEL-132:መልክዐ ኢየሱስ ካልዕ በግእዝ | AM-TAM-001:ተአምረ ኢየሱስ በአማርኛ | TI-TAM-001:ተአምረ ኢየሱስ ብትግርኛ | GZ-TAM-002:ተአምረ ኢየሱስ በግእዝ | AM-GDL-026:ገድለ አቡነ ኢየሱስ ሞዐ በአማርኛ,"1-26, 1-26, 1-29, 1-29, 1-29, 1-29, 1-29, 1-29, 2-26, 2-26"
8-26,236,ቅዱሳን ሰማዕታተ ናግራን,ሰማዕታተ ናግራን,monthly,NO_BOOK,,,
8-26,236,አቡነ ሰላማ ከሣቴ ብርሃን,ሰላማ ከሣቴ ብርሃን,monthly,WRONG_DATE,,AM-KOH-001:ኆኅተ ብርሃን በአማርኛ | AM-MEL-056:የአቡነ ተከስተ ብርሃን መልክዕ በአማርኛ | GZ-KOH-001:ኆኅተ ብርሃን በግእዝ | GZ-MEL-038:መልክዐ ሰላማ በግእዝ | GZ-MEL-091:መልክዐ አቡነ ተከስተ ብርሃን በግእዝ,"None-None, None-None, 4-18, 7-10, 7-10, 11-26"
8-27,237,ጽኑዕና ኃያል ማር ቅዱስ ፊቅጦር ሰማዕት,ጽኑዕና ኃያል ማር ቅዱስ ፊቅጦር,annual,CORRECT,GZ-MEL-162:መልክዐ ፊቅጦር በግእዝ | GZ-GDL-027:ገድለ ቅዱስ ፊቅጦር በግእዝ | AM-GDL-029:ገድለ ቅዱስ ፊቅጦር በአማርኛ,GZ-MEL-162:መልክዐ ፊቅጦር በግእዝ | GZ-GDL-027:ገድለ ቅዱስ ፊቅጦር በግእዝ | AM-GDL-029:ገድለ ቅዱስ ፊቅጦር በአማርኛ,"1-27, 1-27, 1-27, 2-27, 2-27, 2-27, 3-27, 3-27, 3-27, 4-5"
8-27,237,ቅድስት ማርታ (የፊቅጦር እናት),ማርታ,annual,NO_BOOK,,,
8-27,237,ብጽዕት እስጢፋና ( በክርስቶስ ስላመነች ከ፪ ሰንጥቀው የገደሏት የ፲፭ ዓመት ብላቴና),ብጽዕት እስጢፋና,annual,NO_BOOK,,,
8-27,237,ቅዱሳን ሳሲማና አባ ኖባ (ሰማዕታት),ሳሲማና አባ ኖባ,annual,NO_BOOK,,,
8-27,237,የጌታችንና አምላካችን መድኃኔ ዓለም ክርስቶስ በዓለ ስቅለት,የጌታችንና አምላካችን መድኃኔ ዓለም ክርስቶስ በዓለ ስቅለት,monthly,NO_BOOK,,,
8-27,237,አቡነ መብዐ ጽዮን ጻድቅ,መብዐ ጽዮን,monthly,CORRECT,AM-GDL-022:የመባዓ ጽዮን ገድል በአማርኛ,AM-MEL-064:የጽዮን ማርያም 3ኛ መልክዕ በአማርኛ | GZ-MEL-070:መልክዐ ተክለ ማርያም ዘይሰመይ መብዓ ጽዮን በግእዝ | GZ-MEL-113:መልክዐ አቡነ ዮናስ ዘደብረ ድኁኃን ዘደብረ ጽጌ ወዘደብረ ጽዮን በግእዝ | GZ-MEL-161:መልክዐ ጽዮን ማርያም ሣልስ በግእዝ | AM-GDL-022:የመባዓ ጽዮን ገድል በአማርኛ,"1-21, 1-21, 1-27, 2-21, 2-21, 2-27, 3-17, 3-21, 3-21, 3-27"
8-27,237,ቅዱስ መቃርስ (የመነኮሳት ሁሉ አለቃ),መቃርስ,monthly,NO_BOOK,,,
8-27,237,ቅዱስ ያዕቆብ ዘግሙድ,ያዕቆብ ዘግሙድ,monthly,WRONG_DATE,,AM-MEL-022:መልክዐ አብርሃም ይሥሐቅ ያዕቆብ በአማርኛ | GZ-MEL-124:መልክዐ አብርሃም ይሥሐቅ ወያዕቆብ በግእዝ,"1-28, 1-28, 2-28, 2-28, 3-28, 3-28, 4-28, 4-28, 5-28, 5-28"
8-27,237,ቅዱስ ገላውዴዎስ ሰማዕት (ንጉሠ ኢትዮዽያ),ገላውዴዎስ ሰማዕት,monthly,WRONG_DATE,,GZ-MEL-039:መልክዐ ሰማዕት ቅዱስ መርቆሬዎስ በግእዝ | GZ-MEL-040:መልክዐ ሰማዕት ቅዱስ ቴዎድሮስ በግእዝ | GZ-MEL-041:መልክዐ ሰማዕት ቅዱስ ፋሲለደስ በግእዝ | GZ-MEL-042:መልክዐ ሰማዕት ቅድስት አርሴማ በግእዝ | GZ-MEL-043:መልክዐ ሰማዕት ቅድስት ኢየሉጣ በግእዝ | GZ-MEL-122:መልክዐ አባ ኖብ ሰማዕት በግእዝ | GZ-GDL-002:ገድለ ሰማዕት ቅዱስ መርቆሬዎስ በግእዝ | GZ-ZNA-002:ዜናሁ ለንጉሥ ገላውዴዎስ በግእዝ | AM-GDL-008:ገድለ ሰማዕት ቅድስት አርሴማ በአማርኛ | GZ-GDL-014:ገድለ ቅዱስ ጊዮርጊስ ሰማዕት በግእዝ | AM-GDL-015:ገድለ ሰማዕት ቅዱስ መርቆሬዎስ በአማርኛ | AM-GDL-018:ገድለ ቅዱስ ጊዮርጊስ ሰማዕት በአማርኛ | GZ-GDL-031:ገድለ ሰማዕት ቅዱስ ቴዎድሮስ በግእዝ | GZ-GDL-033:ገድለ ሰማዕት ቅድስት አርሴማ በግእዝ | AM-GDL-030:ገድለ ሰማዕት ቅዱስ ቴዎድሮስ በአማርኛ,"1-6, 1-6, 1-6, 1-11, 1-12, 1-12, 1-12, 1-15, 1-18, 1-20"
8-27,237,ቅዱስ ቢፋሞን ጻድቅና ሰማዕት,ቢፋሞን ጻድቅና,monthly,NO_BOOK,,,
8-28,238,ቅዱስ ሜልዮስ ዘደብረ ኮራሳን (ጻድቅና ሰማዕት),ሜልዮስ ዘደብረ ኮራሳን,annual,NO_BOOK,,,
8-28,238,አባ ኢያሱና አባ ዮሴፍ (ደቀ መዛሙርቱ),ኢያሱና አባ ዮሴፍ,annual,WRONG_DATE,,GZ-MEL-111:መልክዐ አቡነ ዮሴፍ በግእዝ | GZ-GDL-029:ገድለ አቡነ ዮሴፍ በግእዝ,"1-19, 1-19, 2-19, 2-19, 3-19, 3-19, 4-19, 4-19, 5-19, 5-19"
8-28,238,ቅዱስ ብስጣውሮስ ሰማዕት (ተንባላት የገደሉት),ብስጣውሮስ ሰማዕት,annual,WRONG_DATE,,GZ-MEL-039:መልክዐ ሰማዕት ቅዱስ መርቆሬዎስ በግእዝ | GZ-MEL-040:መልክዐ ሰማዕት ቅዱስ ቴዎድሮስ በግእዝ | GZ-MEL-041:መልክዐ ሰማዕት ቅዱስ ፋሲለደስ በግእዝ | GZ-MEL-042:መልክዐ ሰማዕት ቅድስት አርሴማ በግእዝ | GZ-MEL-043:መልክዐ ሰማዕት ቅድስት ኢየሉጣ በግእዝ | GZ-MEL-122:መልክዐ አባ ኖብ ሰማዕት በግእዝ | GZ-GDL-002:ገድለ ሰማዕት ቅዱስ መርቆሬዎስ በግእዝ | AM-GDL-008:ገድለ ሰማዕት ቅድስት አርሴማ በአማርኛ | GZ-GDL-014:ገድለ ቅዱስ ጊዮርጊስ ሰማዕት በግእዝ | AM-GDL-015:ገድለ ሰማዕት ቅዱስ መርቆሬዎስ በአማርኛ | AM-GDL-018:ገድለ ቅዱስ ጊዮርጊስ ሰማዕት በአማርኛ | GZ-GDL-031:ገድለ ሰማዕት ቅዱስ ቴዎድሮስ በግእዝ | GZ-GDL-033:ገድለ ሰማዕት ቅድስት አርሴማ በግእዝ | AM-GDL-030:ገድለ ሰማዕት ቅዱስ ቴዎድሮስ በአማርኛ,"1-6, 1-6, 1-6, 1-11, 1-12, 1-12, 1-12, 1-15, 1-18, 1-20"
8-28,238,አማኑኤል ቸር አምላካችን,አማኑኤል ቸር አምላካችን,monthly,CORRECT,GZ-MEL-072:መልክዐ አማኑኤል በግእዝ,GZ-MEL-072:መልክዐ አማኑኤል በግእዝ,"1-28, 2-28, 3-28, 4-28, 5-28, 6-28, 7-28, 8-28, 9-28, 10-28"
8-28,238,ቅዱሳን አበው (አብርሃም ይስሐቅና ያዕቆብ),አበው,monthly,WRONG_DATE,,AM-ZNA-002:ዜና አበው በአማርኛ,"3-4, 5-26"
8-28,238,ቅዱስ እንድራኒቆስና ሚስቱ ቅድስት አትናስያ,እንድራኒቆስና ሚስቱ ቅድስት አትናስያ,monthly,NO_BOOK,,,
8-28,238,ቅድስት ዓመተ ክ ክርስቶስ,ዓመተ ክ ክርስቶስ,monthly,WRONG_DATE,,AM-MEL-018:መልክዐ ቅድስት ፍቅርተ ክርስቶስ በአማርኛ | AM-MEL-060:የአቡነ አባለ ክርስቶስ ጻድቅ መልክዕ በአማርኛ | AM-MIK-001:ምክሓ ምእመናን ክርስቶስ በአማርኛ | GZ-MEL-066:መልክዐ ቅድስት ፍቅርተ ክርስቶስ በግእዝ | GZ-MEL-082:መልክዐ አቡነ ሠምረ ክርስቶስ በግእዝ | GZ-MEL-096:መልክዐ አቡነ አባለ ክርስቶስ በግእዝ | GZ-MEL-136:መልክዐ እስትንፋሰ ክርስቶስ በግእዝ | GZ-MEL-143:መልክዐ ክርስቶስ ሠምራ በግእዝ | GZ-MEL-148:መልክዐ ይምርሃነ ክርስቶስ በግእዝ | GZ-MEL-153:መልክዐ ገብረ ክርስቶስ በግእዝ | GZ-MZM-001:መዝሙረ ክርስቶስ በግእዝ | GZ-MZM-002:መዝሙረ ክርስቶስ ካልዕ በግእዝ | GZ-MZM-003:መዝሙረ ክርስቶስ ዘመኃልየ መኃልይ። በግእዝ | GZ-GDL-006:ገድለ አቡነ እስትንፋስ ክርስቶስ በግእዝ | AM-GDL-005:ገድለ ቅድስት ክርስቶስ ሠምራ በአማርኛ | AM-GDL-014:የአቡነ እስትንፋሰ ክርስቶስ ገድል በአማርኛ | GZ-GDL-019:ገድለ ቅድስት ክርስቶስ ሠምራ በግእዝ | GZ-GDL-023:ገድለ አቡነ መዝራዕተ ክርስቶስ በግእዝ | TI-GDL-002:ገድሊ አቡነ እስትንፋስ ክርስቶስ ትግርኛ,"1-9, 1-9, 1-9, 1-9, 1-24, 1-24, 1-24, 1-27, 1-29, 1-29"
8-28,238,ቅዱስ ቴዎድሮስ ሮማዊ (ሰማዕት),ቴዎድሮስ ሮማዊ,monthly,WRONG_DATE,,GZ-MEL-040:መልክዐ ሰማዕት ቅዱስ ቴዎድሮስ በግእዝ | GZ-GDL-030:ገድለ ቅዱስ ቴዎድሮስ በግእዝ | GZ-GDL-031:ገድለ ሰማዕት ቅዱስ ቴዎድሮስ በግእዝ | AM-GDL-030:ገድለ ሰማዕት ቅዱስ ቴዎድሮስ በአማርኛ,"1-12, 1-12, 1-12, 1-12, 1-20, 1-20, 1-20, 1-20, 2-12, 2-12"
8-29,239,ቅዱስ አርስጦስ ሐዋርያ (ከ፯፪ቱ አርድእት),አርስጦስ ሐዋርያ,annual,WRONG_DATE,,AM-MEL-033:የሐዋርያው የቅዱስ ታዴዎስ መልክዕ በአማርኛ | AM-MEL-046:የቅዱስ እንድርያስ ሐዋርያ መልክዕ በአማርኛ | GZ-MEL-023:መልክዐ ሐዋርያት በግእዝ | GZ-MEL-137:መልክዐ እንድርያስ ሐዋርያ በግእዝ | GZ-GDL-017:ገድለ አቡነ ተክለ ሐዋርያት በግእዝ | GZ-GDL-032:መጽሐፈ ገድለ ቅዱሳን ሐዋርያት በግእዝ | AM-ZNA-003:ዜና ሐዋርያት በአማርኛ,"1-2, 1-4, 1-4, 2-2, 2-4, 2-4, 3-2, 3-4, 3-4, 3-27"
8-29,239,አባ አካክዮስ ዘኢየሩሳሌም (ጻድቅና ንጹሕ),አካክዮስ ዘኢየሩሳሌም,annual,NO_BOOK,,,
8-29,239,አባ ገምሶ ሰማዕት,ገምሶ,annual,NO_BOOK,,,
8-29,239,የፈጣሪያችንና ጌታችን ኢየሱስ ክርስቶስ በዓለ ልደት,የፈጣሪያችንና ጌታችን ኢየሱስ ክርስቶስ በዓለ ልደት,monthly,NO_BOOK,,,
8-29,239,ቅድስት አርሴማ ድንግል,አርሴማ ድንግል,monthly,WRONG_DATE,,AM-MEL-019:መልክዐ አቡነ ሐራ ድንግል በአማርኛ | GZ-MEL-021:መልክዐ ሐራ ድንግል በግእዝ | GZ-MEL-042:መልክዐ ሰማዕት ቅድስት አርሴማ በግእዝ | AM-GDL-008:ገድለ ሰማዕት ቅድስት አርሴማ በአማርኛ | GZ-GDL-033:ገድለ ሰማዕት ቅድስት አርሴማ በግእዝ,"1-6, 1-6, 1-6, 1-11, 1-11, 1-29, 1-29, 1-29, 2-6, 2-6"
8-29,239,ቅዱስ ዼጥሮስ ተፍጻሜተ ሰማዕት,ዼጥሮስ ተፍጻሜተ,monthly,NO_BOOK,,,
8-29,239,ቅዱስ ማርቆስ ዘቶርማቅ,ማርቆስ ዘቶርማቅ,monthly,WRONG_DATE,,AM-MEL-042:የቅዱስ ማርቆስ 2ኛ መልክዕ በአማርኛ | AM-MEL-062:የአቡነ ዜና ማርቆስ መልክዕ በአማርኛ | GZ-MEL-030:መልክዐ ማርቆስ በግእዝ | GZ-MEL-053:መልክዐ ቅዱስ ማርቆስ ካልእ በግእዝ | GZ-MEL-106:መልክዐ አቡነ ዜና ማርቆስ በግእዝ,"1-3, 1-3, 1-30, 1-30, 1-30, 2-3, 2-3, 2-30, 2-30, 2-30"
8-29,239,ቅድስት ፍቅርተ ክርስቶስ ኢትዮዽያዊት,ፍቅርተ ክርስቶስ ኢትዮዽያዊት,monthly,CORRECT,AM-MEL-018:መልክዐ ቅድስት ፍቅርተ ክርስቶስ በአማርኛ | GZ-MEL-066:መልክዐ ቅድስት ፍቅርተ ክርስቶስ በግእዝ,AM-MEL-018:መልክዐ ቅድስት ፍቅርተ ክርስቶስ በአማርኛ | GZ-MEL-066:መልክዐ ቅድስት ፍቅርተ ክርስቶስ በግእዝ,"1-29, 1-29, 2-29, 2-29, 3-29, 3-29, 4-29, 4-29, 5-29, 5-29"
8-29,239,ቅዱስ ዘርዐ ክርስቶስ (ጻድቅና ሰማዕት),ዘርዐ ክርስቶስ,monthly,CORRECT,AM-MEL-018:መልክዐ ቅድስት ፍቅርተ ክርስቶስ በአማርኛ | GZ-MEL-066:መልክዐ ቅድስት ፍቅርተ ክርስቶስ በግእዝ | GZ-MZM-001:መዝሙረ ክርስቶስ በግእዝ | GZ-MZM-002:መዝሙረ ክርስቶስ ካልዕ በግእዝ | GZ-MZM-003:መዝሙረ ክርስቶስ ዘመኃልየ መኃልይ። በግእዝ,AM-MEL-018:መልክዐ ቅድስት ፍቅርተ ክርስቶስ በአማርኛ | AM-MEL-060:የአቡነ አባለ ክርስቶስ ጻድቅ መልክዕ በአማርኛ | AM-MEL-061:የአቡነ ዘርዐ ቡሩክ መልክዕ በአማርኛ | AM-MIK-001:ምክሓ ምእመናን ክርስቶስ በአማርኛ | GZ-MEL-066:መልክዐ ቅድስት ፍቅርተ ክርስቶስ በግእዝ | GZ-MEL-082:መልክዐ አቡነ ሠምረ ክርስቶስ በግእዝ | GZ-MEL-096:መልክዐ አቡነ አባለ ክርስቶስ በግእዝ | GZ-MEL-105:መልክዐ አቡነ ዘርዐ ቡሩክ በግእዝ | GZ-MEL-136:መልክዐ እስትንፋሰ ክርስቶስ በግእዝ | GZ-MEL-143:መልክዐ ክርስቶስ ሠምራ በግእዝ | GZ-MEL-148:መልክዐ ይምርሃነ ክርስቶስ በግእዝ | GZ-MEL-153:መልክዐ ገብረ ክርስቶስ በግእዝ | GZ-MZM-001:መዝሙረ ክርስቶስ በግእዝ | GZ-MZM-002:መዝሙረ ክርስቶስ ካልዕ በግእዝ | GZ-MZM-003:መዝሙረ ክርስቶስ ዘመኃልየ መኃልይ። በግእዝ | GZ-GDL-004:ገድለ አቡነ ዘርዐ ቡሩከ በግእዝ | GZ-GDL-006:ገድለ አቡነ እስትንፋስ ክርስቶስ በግእዝ | AM-GDL-005:ገድለ ቅድስት ክርስቶስ ሠምራ በአማርኛ | AM-GDL-012:ገድለ አቡነ ዘርዐ ቡሩከ በአማርኛ | AM-GDL-014:የአቡነ እስትንፋሰ ክርስቶስ ገድል በአማርኛ | GZ-GDL-013:ገድለ ዘርዐ አብርሃም በግእዝ | GZ-GDL-019:ገድለ ቅድስት ክርስቶስ ሠምራ በግእዝ | GZ-GDL-023:ገድለ አቡነ መዝራዕተ ክርስቶስ በግእዝ | TI-GDL-002:ገድሊ አቡነ እስትንፋስ ክርስቶስ ትግርኛ,"1-9, 1-9, 1-9, 1-9, 1-13, 1-13, 1-13, 1-13, 1-24, 1-24"
8-30,240,ቅዱስ ማርቆስ ሐዋርያ,ማርቆስ,annual,CORRECT,AM-MEL-042:የቅዱስ ማርቆስ 2ኛ መልክዕ በአማርኛ | GZ-MEL-030:መልክዐ ማርቆስ በግእዝ | GZ-MEL-053:መልክዐ ቅዱስ ማርቆስ ካልእ በግእዝ,AM-MEL-042:የቅዱስ ማርቆስ 2ኛ መልክዕ በአማርኛ | AM-MEL-062:የአቡነ ዜና ማርቆስ መልክዕ በአማርኛ | GZ-MEL-030:መልክዐ ማርቆስ በግእዝ | GZ-MEL-053:መልክዐ ቅዱስ ማርቆስ ካልእ በግእዝ | GZ-MEL-106:መልክዐ አቡነ ዜና ማርቆስ በግእዝ,"1-3, 1-3, 1-30, 1-30, 1-30, 2-3, 2-3, 2-30, 2-30, 2-30"
8-30,240,ቅዱስ አርስጥቦሎስ (አባቱ),አርስጥቦሎስ,annual,NO_BOOK,,,
8-30,240,ቅድስት ማርያም (እናቱ),ማርያም,annual,WRONG_DATE,,AM-LAH-001:ላሐ ማርያም በአማርኛ | AM-MEL-008:መልክዐ ማርያም ሣልሲት በአማርኛ | AM-MEL-009:መልክዐ ማርያም በአማርኛ | AM-MEL-017:መልክዐ ቅድስት ጸበለ ማርያም በአማርኛ | AM-MEL-064:የጽዮን ማርያም 3ኛ መልክዕ በአማርኛ | AM-RAY-001:ራዕየ ማርያም በአማርኛ | AM-WUD-002:ውዳሴ ማርያም በአማርኛ | GZ-ETA-001:እትአመነኪ ማርያም በሰማይ ወበምድር በግእዝ | GZ-LAH-001:ላሐ ማርያም በግእዝ | GZ-MEL-002:መልከዐ ማርያም ዳግሚት በግእዝ | GZ-MEL-031:መልክዐ ማርያም ሣልሲት በግእዝ | GZ-MEL-032:መልክዐ ማርያም በግእዝ | GZ-MEL-070:መልክዐ ተክለ ማርያም ዘይሰመይ መብዓ ጽዮን በግእዝ | GZ-MEL-099:መልክዐ አቡነ አብሳዲ ዘደብረ ማርያም በግእዝ | GZ-MEL-159:መልክዐ ጸበለ ማርያም ቅድስት በግእዝ | GZ-MEL-161:መልክዐ ጽዮን ማርያም ሣልስ በግእዝ | GZ-WUD-002:ውዳሴ ማርያም በግእዝ | TI-RAY-001:ራእየ ማርያም ብትግርኛ | TI-WUD-001:ውዳሴ ማርያም ብትግርኛ | AM-GDL-002:ገድለ ማርያም እንተ ዕፍረት በአማርኛ | GZ-TAM-001:ተአምረ ማርያም በግእዝ | AM-GDL-003:ገድለ ማርያም መግደላዊት በአማርኛ | GZ-MTS-001:መጽሐፈ ልደታ ለማርያም በግእዝ | AM-TAM-002:ተአምረ ማርያም በአማርኛ,"None-None, None-None, None-None, 1-1, 1-21, 1-21, 1-21, 1-21, 1-21, 1-21"
8-30,240,ቅዱስ ዮሐንስ መጥምቀ መለኮት,ዮሐንስ መጥምቀ መለኮት,monthly,CORRECT,AM-MEL-048:የቅዱስ ዮሐንስ መጥምቅ መልክዕ በአማርኛ | GZ-MEL-060:መልክዐ ቅዱስ ዮሐንስ መጥምቅ በግእዝ,AM-MEL-016:መልክዐ ቅዱስ ዮሐንስ ወንጌላዊ በአማርኛ | AM-MEL-020:መልክዐ አቡነ ዕጨጌ ዮሐንስ በአማርኛ | AM-MEL-021:መልክዐ አቡነ ዮሐንስ ጻድቅ በአማርኛ | AM-MEL-047:የቅዱስ ዮሐንስ 2ኛ መልክዕ በአማርኛ | AM-MEL-048:የቅዱስ ዮሐንስ መጥምቅ መልክዕ በአማርኛ | AM-SEY-001:ሰይፈ መለኮት በአማርኛ | GZ-MEL-060:መልክዐ ቅዱስ ዮሐንስ መጥምቅ በግእዝ | GZ-MEL-061:መልክዐ ቅዱስ ዮሐንስ ካልእ በግእዝ | GZ-MEL-062:መልክዐ ቅዱስ ዮሐንስ ወንጌላዊ በግእዝ | GZ-MEL-104:መልክዐ አቡነ ዕጨጌ ዮሐንስ በግእዝ | GZ-MEL-109:መልክዐ አቡነ ዮሐንስ ከማ በግእዝ | GZ-MEL-110:መልክዐ አቡነ ዮሐንስ ዘድብረ ዳጋ በግእዝ | GZ-MEL-149:መልክዐ ዮሐንስ ወልደ ነጎድጓድ በግእዝ | GZ-MEL-150:መልክዐ ዮሐንስ ፍቁረ እግዚእ በግእዝ | GZ-SEY-001:ሰይፈ መለኮት በግእዝ | AM-GDL-013:የቅዱስ ዮሐንስ ገድል በአማርኛ | GZ-GDL-018:ገድለ አቡነ ዮሐንስ በግእዝ | AM-GDL-027:ገድለ አቡነ እጨጌ ዮሐንስ ዘጸገሮ በአማርኛ,"None-None, None-None, 1-1, 1-1, 1-2, 1-2, 1-4, 1-4, 1-4, 1-4"
8-30,240,አባ ሣሉሲ ክቡር,ሣሉሲ ክቡር,monthly,NO_BOOK,,,
8-30,240,ቅዱስ ጐርጐርዮስ ነባቤ መለኮት,ጐርጐርዮስ ነባቤ መለኮት,monthly,WRONG_DATE,,AM-SEY-001:ሰይፈ መለኮት በአማርኛ | GZ-SEY-001:ሰይፈ መለኮት በግእዝ,"None-None, None-None"
8-30,240,ቅድስት ሶፍያ ሰማዕት,ሶፍያ,monthly,NO_BOOK,,,
9-1,241,እመቤታችን ቅድስት ድንግል ማርያም (ልደታ),ድንግል ማርያም,annual,CORRECT,AM-LAH-001:ላሐ ማርያም በአማርኛ | AM-MEL-008:መልክዐ ማርያም ሣልሲት በአማርኛ | AM-MEL-009:መልክዐ ማርያም በአማርኛ | AM-MEL-064:የጽዮን ማርያም 3ኛ መልክዕ በአማርኛ | AM-RAY-001:ራዕየ ማርያም በአማርኛ | GZ-ETA-001:እትአመነኪ ማርያም በሰማይ ወበምድር በግእዝ | GZ-LAH-001:ላሐ ማርያም በግእዝ | GZ-MEL-002:መልከዐ ማርያም ዳግሚት በግእዝ | GZ-MEL-031:መልክዐ ማርያም ሣልሲት በግእዝ | GZ-MEL-032:መልክዐ ማርያም በግእዝ | GZ-MEL-161:መልክዐ ጽዮን ማርያም ሣልስ በግእዝ | TI-RAY-001:ራእየ ማርያም ብትግርኛ | GZ-TAM-001:ተአምረ ማርያም በግእዝ | GZ-MTS-001:መጽሐፈ ልደታ ለማርያም በግእዝ | AM-TAM-002:ተአምረ ማርያም በአማርኛ,AM-LAH-001:ላሐ ማርያም በአማርኛ | AM-MEL-008:መልክዐ ማርያም ሣልሲት በአማርኛ | AM-MEL-009:መልክዐ ማርያም በአማርኛ | AM-MEL-017:መልክዐ ቅድስት ጸበለ ማርያም በአማርኛ | AM-MEL-019:መልክዐ አቡነ ሐራ ድንግል በአማርኛ | AM-MEL-064:የጽዮን ማርያም 3ኛ መልክዕ በአማርኛ | AM-RAY-001:ራዕየ ማርያም በአማርኛ | AM-WUD-002:ውዳሴ ማርያም በአማርኛ | GZ-ETA-001:እትአመነኪ ማርያም በሰማይ ወበምድር በግእዝ | GZ-LAH-001:ላሐ ማርያም በግእዝ | GZ-MEL-002:መልከዐ ማርያም ዳግሚት በግእዝ | GZ-MEL-021:መልክዐ ሐራ ድንግል በግእዝ | GZ-MEL-031:መልክዐ ማርያም ሣልሲት በግእዝ | GZ-MEL-032:መልክዐ ማርያም በግእዝ | GZ-MEL-070:መልክዐ ተክለ ማርያም ዘይሰመይ መብዓ ጽዮን በግእዝ | GZ-MEL-099:መልክዐ አቡነ አብሳዲ ዘደብረ ማርያም በግእዝ | GZ-MEL-159:መልክዐ ጸበለ ማርያም ቅድስት በግእዝ | GZ-MEL-161:መልክዐ ጽዮን ማርያም ሣልስ በግእዝ | GZ-WUD-002:ውዳሴ ማርያም በግእዝ | TI-RAY-001:ራእየ ማርያም ብትግርኛ | TI-WUD-001:ውዳሴ ማርያም ብትግርኛ | AM-GDL-002:ገድለ ማርያም እንተ ዕፍረት በአማርኛ | GZ-TAM-001:ተአምረ ማርያም በግእዝ | AM-GDL-003:ገድለ ማርያም መግደላዊት በአማርኛ | GZ-MTS-001:መጽሐፈ ልደታ ለማርያም በግእዝ | AM-TAM-002:ተአምረ ማርያም በአማርኛ,"None-None, None-None, None-None, 1-1, 1-11, 1-11, 1-21, 1-21, 1-21, 1-21"
9-1,241,ቅዱሳን ኢያቄም ወሐና,ኢያቄም ወሐና,annual,CORRECT,GZ-MEL-133:መልክዐ ኢያቄም በግእዝ | AM-DRS-001:የቅዱስ ኢያቄምና- የቅድስት ሐና ድርሳን በአማርኛ | GZ-DRS-007:ድርሳን ዘቅዱስ ኢያቄም ወቅድስት ሐና በግእዝ,GZ-MEL-133:መልክዐ ኢያቄም በግእዝ | AM-DRS-001:የቅዱስ ኢያቄምና- የቅድስት ሐና ድርሳን በአማርኛ | GZ-DRS-007:ድርሳን ዘቅዱስ ኢያቄም ወቅድስት ሐና በግእዝ,"1-1, 1-1, 1-1, 1-3, 1-3, 1-3, 1-7, 1-7, 1-7, 1-11"
9-1,241,ቴክታና በጥሪቃ,ቴክታና በጥሪቃ,annual,NO_BOOK,,,
9-1,241,አባ ሕርያቆስ ዘሃገረ ብሕንሳ (የእመቤታችንን ቅዳሴ የደረሰበት),ሕርያቆስ ዘሃገረ ብሕንሳ,annual,NO_BOOK,,,
9-1,241,ቅዱስ ራጉኤል ሊቀ መላዕክት,ራጉኤል ሊቀ መላዕክት,monthly,CORRECT,AM-MEL-014:መልክዐ ቅዱስ ራጉኤል በአማርኛ | GZ-MEL-007:መልክዐ ሊቀ መላእክት ቅዱስ ራጉኤል በግእዝ | GZ-DRS-003:ድርሳነ ቅዱስ ራጉኤል በግእዝ | AM-DRS-010:ድርሳነ ቅዱስ ራጉኤል በአማርኛ,AM-MEL-014:መልክዐ ቅዱስ ራጉኤል በአማርኛ | GZ-MEL-007:መልክዐ ሊቀ መላእክት ቅዱስ ራጉኤል በግእዝ | GZ-DRS-003:ድርሳነ ቅዱስ ራጉኤል በግእዝ | AM-DRS-010:ድርሳነ ቅዱስ ራጉኤል በአማርኛ,"1-1, 1-1, 1-1, 1-1, 2-1, 2-1, 2-1, 2-1, 3-1, 3-1"
9-1,241,ቅዱስ በርተሎሜዎስ ሐዋርያ,በርተሎሜዎስ,monthly,NO_BOOK,,,
9-1,241,ቅዱስ ሚልኪ ትሩፈ ምግባር,ሚልኪ ትሩፈ ምግባር,monthly,NO_BOOK,,,
9-2,242,ቅዱስ ኢዮብ ጻድቅ (የትእግስት አባት),ኢዮብ ጻድቅ,annual,WRONG_DATE,,AM-MEL-003:መልክዐ ለአቡነ አቢብ ጻድቅ በአማርኛ | AM-MEL-021:መልክዐ አቡነ ዮሐንስ ጻድቅ በአማርኛ | AM-MEL-060:የአቡነ አባለ ክርስቶስ ጻድቅ መልክዕ በአማርኛ,"1-16, 1-25, 2-16, 2-25, 3-16, 3-25, 4-16, 4-19, 4-25, 5-16"
9-2,242,አባ ቴዎድሮስ ሊቀ ምኔት (የታላቁ ቅዱስ ዻኩሚስ ደቀ መዝሙርና የአቡነ አረጋዊ ጉዋደኛ),ቴዎድሮስ ሊቀ ምኔት,annual,WRONG_DATE,,GZ-MEL-040:መልክዐ ሰማዕት ቅዱስ ቴዎድሮስ በግእዝ | GZ-GDL-030:ገድለ ቅዱስ ቴዎድሮስ በግእዝ | GZ-GDL-031:ገድለ ሰማዕት ቅዱስ ቴዎድሮስ በግእዝ | AM-GDL-030:ገድለ ሰማዕት ቅዱስ ቴዎድሮስ በአማርኛ,"1-12, 1-12, 1-12, 1-12, 1-20, 1-20, 1-20, 1-20, 2-12, 2-12"
9-2,242,"""፳፪"" ሰማዕታት (የአባ ኤሲ ማሕበር)","""፳፪"" ሰማዕታት",annual,WRONG_DATE,,AM-MEL-065:ጸሎተ መልክዐ ሥቃዩ ለቅዱስ ጊዮርጊስ ሊቀ ሰማዕታት በአማርኛ | AM-MEL-066:ጸሎተ መልክዕ ዘቅዱስ ጊዮርጊስ ሊቀ ሰማዕታት በአማርኛ | AM-MEL-067:ጸሎተ መልክዕ ዘቅዱስ ጊዮርጊስ ሊቀ ሰማዕታት ካልዕ በአማርኛ | AM-SIB-001:ስብሐተ ፍቁር ዘቅዱስ ጊዮርጊስ ሊቀ ሰማዕታት በአማርኛ | GZ-MEL-016:መልክዐ ሊቀ ሰማዕታት ቅዱስ እስጢፋኖስ በግእዝ | GZ-MEL-017:መልክዐ ሊቀ ሰማዕታት ቅዱስ እስጢፋኖስ ካልእ በግእዝ | AM-GDL-010:ገድለ ሰማዕታት በአማርኛ,"1-15, 1-15, 1-17, 1-17, 1-23, 1-23, 1-23, 1-23, 2-17, 2-17"
9-2,242,ቅዱስ ዮሐንስ መጥምቀ መለኮት,ዮሐንስ መጥምቀ መለኮት,monthly,CORRECT,AM-MEL-048:የቅዱስ ዮሐንስ መጥምቅ መልክዕ በአማርኛ | GZ-MEL-060:መልክዐ ቅዱስ ዮሐንስ መጥምቅ በግእዝ,AM-MEL-016:መልክዐ ቅዱስ ዮሐንስ ወንጌላዊ በአማርኛ | AM-MEL-020:መልክዐ አቡነ ዕጨጌ ዮሐንስ በአማርኛ | AM-MEL-021:መልክዐ አቡነ ዮሐንስ ጻድቅ በአማርኛ | AM-MEL-047:የቅዱስ ዮሐንስ 2ኛ መልክዕ በአማርኛ | AM-MEL-048:የቅዱስ ዮሐንስ መጥምቅ መልክዕ በአማርኛ | AM-SEY-001:ሰይፈ መለኮት በአማርኛ | GZ-MEL-060:መልክዐ ቅዱስ ዮሐንስ መጥምቅ በግእዝ | GZ-MEL-061:መልክዐ ቅዱስ ዮሐንስ ካልእ በግእዝ | GZ-MEL-062:መልክዐ ቅዱስ ዮሐንስ ወንጌላዊ በግእዝ | GZ-MEL-104:መልክዐ አቡነ ዕጨጌ ዮሐንስ በግእዝ | GZ-MEL-109:መልክዐ አቡነ ዮሐንስ ከማ በግእዝ | GZ-MEL-110:መልክዐ አቡነ ዮሐንስ ዘድብረ ዳጋ በግእዝ | GZ-MEL-149:መልክዐ ዮሐንስ ወልደ ነጎድጓድ በግእዝ | GZ-MEL-150:መልክዐ ዮሐንስ ፍቁረ እግዚእ በግእዝ | GZ-SEY-001:ሰይፈ መለኮት በግእዝ | AM-GDL-013:የቅዱስ ዮሐንስ ገድል በአማርኛ | GZ-GDL-018:ገድለ አቡነ ዮሐንስ በግእዝ | AM-GDL-027:ገድለ አቡነ እጨጌ ዮሐንስ ዘጸገሮ በአማርኛ,"None-None, None-None, 1-1, 1-1, 1-2, 1-2, 1-4, 1-4, 1-4, 1-4"
9-2,242,ቅዱስ ታዴዎስ ሐዋርያ,ታዴዎስ,monthly,CORRECT,AM-MEL-033:የሐዋርያው የቅዱስ ታዴዎስ መልክዕ በአማርኛ | GZ-MEL-055:መልክዐ ቅዱስ ታዴዎስ በግእዝ,AM-MEL-033:የሐዋርያው የቅዱስ ታዴዎስ መልክዕ በአማርኛ | GZ-MEL-055:መልክዐ ቅዱስ ታዴዎስ በግእዝ,"1-2, 1-2, 2-2, 2-2, 3-2, 3-2, 4-2, 4-2, 5-2, 5-2"
9-2,242,ቅዱስ አቤል ጻድቅ,አቤል,monthly,NO_BOOK,,,
9-2,242,ቅዱስ አባ ዻውሊ ገዳማዊ (ታላቁ),ዻውሊ ገዳማዊ,monthly,NO_BOOK,,,
9-2,242,ቅዱስ ሳዊሮስ ዘአንጾኪያ,ሳዊሮስ ዘአንጾኪያ,monthly,NO_BOOK,,,
9-2,242,አባ ሕርያቆስ ዘሃገረ ብሕንሳ,ሕርያቆስ ዘሃገረ ብሕንሳ,monthly,NO_BOOK,,,
9-3,243,ቅዱስ ያሶን ሐዋርያ (ከ፯፪ቱ አርድእት አንዱ),ያሶን ሐዋርያ,annual,WRONG_DATE,,AM-MEL-033:የሐዋርያው የቅዱስ ታዴዎስ መልክዕ በአማርኛ | AM-MEL-046:የቅዱስ እንድርያስ ሐዋርያ መልክዕ በአማርኛ | GZ-MEL-023:መልክዐ ሐዋርያት በግእዝ | GZ-MEL-137:መልክዐ እንድርያስ ሐዋርያ በግእዝ | GZ-GDL-017:ገድለ አቡነ ተክለ ሐዋርያት በግእዝ | GZ-GDL-032:መጽሐፈ ገድለ ቅዱሳን ሐዋርያት በግእዝ | AM-ZNA-003:ዜና ሐዋርያት በአማርኛ,"1-2, 1-4, 1-4, 2-2, 2-4, 2-4, 3-2, 3-4, 3-4, 3-27"
9-3,243,አባ ብሶይ ሰማዕት,ብሶይ,annual,NO_BOOK,,,
9-3,243,ቅዱስ አውሳብዮስ ቀሲስ,አውሳብዮስ ቀሲስ,annual,NO_BOOK,,,
9-3,243,ቡርክት ወለተ ማርያም ንግሥት (የዐፄ ልብነ ድንግል እናት),ቡርክት ወለተ ማርያም ንግሥት,annual,NO_BOOK,,,
9-3,243,በዓታ ለእግዝእትነ ማርያም ድንግል ወላዲተ አምላክ,በዓታ ለእግዝእትነ ማርያም ድንግል ወላዲተ አምላክ,monthly,WRONG_DATE,,AM-WUD-003:ውዳሴ አምላክ በአማርኛ | GZ-MEL-088:መልክዐ አቡነ ቡሩከ አምላክ ዘደብረ ኮል በግእዝ | GZ-MEL-089:መልክዐ አቡነ ብፁዓ አምላክ ዘደብረ ምዕዋን ወዘደብረ ኰዳዱ በግእዝ | TI-WUD-002:ውዳሴ አምላክ ብትግርኛ,"None-None, None-None, 4-1, 9-9, 12-14"
9-3,243,ቅዱሳን ኢያቄም ወሐና,ኢያቄም ወሐና,monthly,CORRECT,GZ-MEL-133:መልክዐ ኢያቄም በግእዝ | AM-DRS-001:የቅዱስ ኢያቄምና- የቅድስት ሐና ድርሳን በአማርኛ | GZ-DRS-007:ድርሳን ዘቅዱስ ኢያቄም ወቅድስት ሐና በግእዝ,GZ-MEL-133:መልክዐ ኢያቄም በግእዝ | AM-DRS-001:የቅዱስ ኢያቄምና- የቅድስት ሐና ድርሳን በአማርኛ | GZ-DRS-007:ድርሳን ዘቅዱስ ኢያቄም ወቅድስት ሐና በግእዝ,"1-1, 1-1, 1-1, 1-3, 1-3, 1-3, 1-7, 1-7, 1-7, 1-11"
9-3,243,ቅዱሳን ሊቃነ ካህናት አበው (ዘካርያስና ስምዖን),ሊቃነ ካህናት አበው,monthly,WRONG_DATE,,AM-DIR-001:የሰባቱ ሊቃነ መላእክት ድርሳን በአማርኛ | AM-ZNA-002:ዜና አበው በአማርኛ,"1-13, 2-13, 3-4, 3-13, 4-13, 5-13, 5-26, 6-13, 7-13, 8-13"
9-3,243,አባ ሊባኖስ ዘመጣዕ,ሊባኖስ ዘመጣዕ,monthly,CORRECT,AM-MEL-053:የአቡነ ሊባኖስ 2ኛ መልክዕ በአማርኛ | GZ-MEL-018:መልክዐ ሊባኖስ በግእዝ | GZ-MEL-074:መልክዐ አቡነ ሊባኖስ ካልእ በግእዝ,AM-MEL-053:የአቡነ ሊባኖስ 2ኛ መልክዕ በአማርኛ | GZ-MEL-018:መልክዐ ሊባኖስ በግእዝ | GZ-MEL-074:መልክዐ አቡነ ሊባኖስ ካልእ በግእዝ | GZ-GDL-001:ገድለ አቡነ ፊልጶስ ዘደብረ ሊባኖስ በግእዝ,"1-3, 1-3, 1-3, 2-3, 2-3, 2-3, 3-3, 3-3, 3-3, 4-3"
9-3,243,አቡነ ዜና ማርቆስ,ዜና ማርቆስ,monthly,CORRECT,AM-MEL-062:የአቡነ ዜና ማርቆስ መልክዕ በአማርኛ | GZ-MEL-106:መልክዐ አቡነ ዜና ማርቆስ በግእዝ,AM-MEL-062:የአቡነ ዜና ማርቆስ መልክዕ በአማርኛ | GZ-MEL-106:መልክዐ አቡነ ዜና ማርቆስ በግእዝ,"1-3, 1-3, 2-3, 2-3, 3-3, 3-3, 4-3, 4-3, 5-3, 5-3"
9-3,243,አቡነ መድኃኒነ እግዚእ ዘደብረ በንኮል,መድኃኒነ እግዚእ ዘደብረ በንኮል,monthly,CORRECT,GZ-MEL-078:መልክዐ አቡነ መድኃኒነ እግዚእ በግእዝ,GZ-MEL-078:መልክዐ አቡነ መድኃኒነ እግዚእ በግእዝ,"1-3, 2-3, 3-3, 4-3, 5-3, 6-3, 7-3, 8-3, 9-3, 10-3"
9-4,244,አቡነ መልከ ጼዴቅ ካህን (ኢትዮዽያዊ ጻድቅ),መልከ ጼዴቅ ካህን,annual,CORRECT,AM-MEL-068:የአቡነ መልከ ጼዴቅ መልክእ በአማርኛ | GZ-MEL-075:መልክዐ አቡነ መልከ ጼዴቅ በግእዝ,AM-MEL-068:የአቡነ መልከ ጼዴቅ መልክእ በአማርኛ | GZ-MEL-002:መልከዐ ማርያም ዳግሚት በግእዝ | GZ-MEL-003:መልከዐ አቡነ ሊቃኖስ በግእዝ | GZ-MEL-075:መልክዐ አቡነ መልከ ጼዴቅ በግእዝ,"1-9, 1-9, 1-21, 2-9, 2-9, 2-21, 3-9, 3-9, 3-21, 3-28"
9-4,244,አባ ዮሐንስ ሊቀ ዻዻሳት,ዮሐንስ ሊቀ ዻዻሳት,annual,CORRECT,AM-MEL-016:መልክዐ ቅዱስ ዮሐንስ ወንጌላዊ በአማርኛ | AM-MEL-047:የቅዱስ ዮሐንስ 2ኛ መልክዕ በአማርኛ | GZ-MEL-061:መልክዐ ቅዱስ ዮሐንስ ካልእ በግእዝ | GZ-MEL-062:መልክዐ ቅዱስ ዮሐንስ ወንጌላዊ በግእዝ | GZ-MEL-149:መልክዐ ዮሐንስ ወልደ ነጎድጓድ በግእዝ | GZ-MEL-150:መልክዐ ዮሐንስ ፍቁረ እግዚእ በግእዝ | AM-GDL-013:የቅዱስ ዮሐንስ ገድል በአማርኛ,AM-MEL-016:መልክዐ ቅዱስ ዮሐንስ ወንጌላዊ በአማርኛ | AM-MEL-020:መልክዐ አቡነ ዕጨጌ ዮሐንስ በአማርኛ | AM-MEL-021:መልክዐ አቡነ ዮሐንስ ጻድቅ በአማርኛ | AM-MEL-047:የቅዱስ ዮሐንስ 2ኛ መልክዕ በአማርኛ | AM-MEL-048:የቅዱስ ዮሐንስ መጥምቅ መልክዕ በአማርኛ | GZ-MEL-060:መልክዐ ቅዱስ ዮሐንስ መጥምቅ በግእዝ | GZ-MEL-061:መልክዐ ቅዱስ ዮሐንስ ካልእ በግእዝ | GZ-MEL-062:መልክዐ ቅዱስ ዮሐንስ ወንጌላዊ በግእዝ | GZ-MEL-104:መልክዐ አቡነ ዕጨጌ ዮሐንስ በግእዝ | GZ-MEL-109:መልክዐ አቡነ ዮሐንስ ከማ በግእዝ | GZ-MEL-110:መልክዐ አቡነ ዮሐንስ ዘድብረ ዳጋ በግእዝ | GZ-MEL-149:መልክዐ ዮሐንስ ወልደ ነጎድጓድ በግእዝ | GZ-MEL-150:መልክዐ ዮሐንስ ፍቁረ እግዚእ በግእዝ | AM-GDL-013:የቅዱስ ዮሐንስ ገድል በአማርኛ | GZ-GDL-018:ገድለ አቡነ ዮሐንስ በግእዝ | AM-GDL-027:ገድለ አቡነ እጨጌ ዮሐንስ ዘጸገሮ በአማርኛ,"1-1, 1-1, 1-2, 1-2, 1-4, 1-4, 1-4, 1-4, 1-4, 1-4"
9-4,244,ቅዱሳን ሶሲማና ኖዳ ሰማዕታት (የታላቁ ፊቅጦር ተከታዮች የነበሩ),ሶሲማና ኖዳ ሰማዕታት,annual,WRONG_DATE,,AM-MEL-065:ጸሎተ መልክዐ ሥቃዩ ለቅዱስ ጊዮርጊስ ሊቀ ሰማዕታት በአማርኛ | AM-MEL-066:ጸሎተ መልክዕ ዘቅዱስ ጊዮርጊስ ሊቀ ሰማዕታት በአማርኛ | AM-MEL-067:ጸሎተ መልክዕ ዘቅዱስ ጊዮርጊስ ሊቀ ሰማዕታት ካልዕ በአማርኛ | AM-SIB-001:ስብሐተ ፍቁር ዘቅዱስ ጊዮርጊስ ሊቀ ሰማዕታት በአማርኛ | GZ-MEL-016:መልክዐ ሊቀ ሰማዕታት ቅዱስ እስጢፋኖስ በግእዝ | GZ-MEL-017:መልክዐ ሊቀ ሰማዕታት ቅዱስ እስጢፋኖስ ካልእ በግእዝ | AM-GDL-010:ገድለ ሰማዕታት በአማርኛ,"1-15, 1-15, 1-17, 1-17, 1-23, 1-23, 1-23, 1-23, 2-17, 2-17"
9-4,244,ቅዱስ ዮሐንስ ወልደ ነጎድጉዋድ (ወንጌላዊው),ዮሐንስ ወልደ ነጎድጉዋድ,monthly,CORRECT,AM-MEL-016:መልክዐ ቅዱስ ዮሐንስ ወንጌላዊ በአማርኛ | AM-MEL-047:የቅዱስ ዮሐንስ 2ኛ መልክዕ በአማርኛ | GZ-MEL-061:መልክዐ ቅዱስ ዮሐንስ ካልእ በግእዝ | GZ-MEL-062:መልክዐ ቅዱስ ዮሐንስ ወንጌላዊ በግእዝ | GZ-MEL-149:መልክዐ ዮሐንስ ወልደ ነጎድጓድ በግእዝ | GZ-MEL-150:መልክዐ ዮሐንስ ፍቁረ እግዚእ በግእዝ | AM-GDL-013:የቅዱስ ዮሐንስ ገድል በአማርኛ,AM-MEL-016:መልክዐ ቅዱስ ዮሐንስ ወንጌላዊ በአማርኛ | AM-MEL-020:መልክዐ አቡነ ዕጨጌ ዮሐንስ በአማርኛ | AM-MEL-021:መልክዐ አቡነ ዮሐንስ ጻድቅ በአማርኛ | AM-MEL-047:የቅዱስ ዮሐንስ 2ኛ መልክዕ በአማርኛ | AM-MEL-048:የቅዱስ ዮሐንስ መጥምቅ መልክዕ በአማርኛ | GZ-MEL-060:መልክዐ ቅዱስ ዮሐንስ መጥምቅ በግእዝ | GZ-MEL-061:መልክዐ ቅዱስ ዮሐንስ ካልእ በግእዝ | GZ-MEL-062:መልክዐ ቅዱስ ዮሐንስ ወንጌላዊ በግእዝ | GZ-MEL-104:መልክዐ አቡነ ዕጨጌ ዮሐንስ በግእዝ | GZ-MEL-109:መልክዐ አቡነ ዮሐንስ ከማ በግእዝ | GZ-MEL-110:መልክዐ አቡነ ዮሐንስ ዘድብረ ዳጋ በግእዝ | GZ-MEL-149:መልክዐ ዮሐንስ ወልደ ነጎድጓድ በግእዝ | GZ-MEL-150:መልክዐ ዮሐንስ ፍቁረ እግዚእ በግእዝ | AM-GDL-013:የቅዱስ ዮሐንስ ገድል በአማርኛ | GZ-GDL-018:ገድለ አቡነ ዮሐንስ በግእዝ | AM-GDL-027:ገድለ አቡነ እጨጌ ዮሐንስ ዘጸገሮ በአማርኛ,"1-1, 1-1, 1-2, 1-2, 1-4, 1-4, 1-4, 1-4, 1-4, 1-4"
9-4,244,ቅዱስ እንድርያስ ሐዋርያ,እንድርያስ,monthly,CORRECT,AM-MEL-046:የቅዱስ እንድርያስ ሐዋርያ መልክዕ በአማርኛ | GZ-MEL-137:መልክዐ እንድርያስ ሐዋርያ በግእዝ,AM-MEL-046:የቅዱስ እንድርያስ ሐዋርያ መልክዕ በአማርኛ | GZ-MEL-102:መልክዐ አቡነ እንድርያስ ዘደብረ ስኂን (ፅፉን) በግእዝ | GZ-MEL-103:መልክዐ አቡነ እንድርያስ ዘደብረ ጽጌ በግእዝ | GZ-MEL-137:መልክዐ እንድርያስ ሐዋርያ በግእዝ,"1-4, 1-4, 2-4, 2-4, 3-4, 3-4, 4-4, 4-4, 5-4, 5-4"
9-4,244,ቅድስት ሶፍያ ሰማዕት,ሶፍያ,monthly,NO_BOOK,,,
9-4,244,ቅዱስ ዮሐንስ ዘሐራቅሊ (ሰማዕት),ዮሐንስ ዘሐራቅሊ,monthly,CORRECT,AM-MEL-016:መልክዐ ቅዱስ ዮሐንስ ወንጌላዊ በአማርኛ | AM-MEL-047:የቅዱስ ዮሐንስ 2ኛ መልክዕ በአማርኛ | GZ-MEL-061:መልክዐ ቅዱስ ዮሐንስ ካልእ በግእዝ | GZ-MEL-062:መልክዐ ቅዱስ ዮሐንስ ወንጌላዊ በግእዝ | GZ-MEL-149:መልክዐ ዮሐንስ ወልደ ነጎድጓድ በግእዝ | GZ-MEL-150:መልክዐ ዮሐንስ ፍቁረ እግዚእ በግእዝ | AM-GDL-013:የቅዱስ ዮሐንስ ገድል በአማርኛ,AM-MEL-016:መልክዐ ቅዱስ ዮሐንስ ወንጌላዊ በአማርኛ | AM-MEL-020:መልክዐ አቡነ ዕጨጌ ዮሐንስ በአማርኛ | AM-MEL-021:መልክዐ አቡነ ዮሐንስ ጻድቅ በአማርኛ | AM-MEL-047:የቅዱስ ዮሐንስ 2ኛ መልክዕ በአማርኛ | AM-MEL-048:የቅዱስ ዮሐንስ መጥምቅ መልክዕ በአማርኛ | GZ-MEL-060:መልክዐ ቅዱስ ዮሐንስ መጥምቅ በግእዝ | GZ-MEL-061:መልክዐ ቅዱስ ዮሐንስ ካልእ በግእዝ | GZ-MEL-062:መልክዐ ቅዱስ ዮሐንስ ወንጌላዊ በግእዝ | GZ-MEL-104:መልክዐ አቡነ ዕጨጌ ዮሐንስ በግእዝ | GZ-MEL-109:መልክዐ አቡነ ዮሐንስ ከማ በግእዝ | GZ-MEL-110:መልክዐ አቡነ ዮሐንስ ዘድብረ ዳጋ በግእዝ | GZ-MEL-149:መልክዐ ዮሐንስ ወልደ ነጎድጓድ በግእዝ | GZ-MEL-150:መልክዐ ዮሐንስ ፍቁረ እግዚእ በግእዝ | AM-GDL-013:የቅዱስ ዮሐንስ ገድል በአማርኛ | GZ-GDL-018:ገድለ አቡነ ዮሐንስ በግእዝ | AM-GDL-027:ገድለ አቡነ እጨጌ ዮሐንስ ዘጸገሮ በአማርኛ,"1-1, 1-1, 1-2, 1-2, 1-4, 1-4, 1-4, 1-4, 1-4, 1-4"
9-5,245,ቅዱስ ኤርምያስ ነቢይ (ከታላላቆቹ ነቢያት አንዱ),ኤርምያስ ነቢይ,annual,WRONG_DATE,,GZ-MEL-059:መልክዐ ቅዱስ ኤልያስ ነቢይ ሣልስ በግእዝ | AM-DRS-005:ድርሳነ ኤልያስ ነቢይ በአማርኛ,"1-6, 1-6, 2-6, 2-6, 3-6, 3-6, 4-1, 4-1, 4-6, 4-6"
9-5,245,ቅዱስ ዼጥሮስ ሊቀ ሐዋርያት,ዼጥሮስ ሊቀ ሐዋርያት,monthly,WRONG_DATE,,GZ-MEL-023:መልክዐ ሐዋርያት በግእዝ | GZ-GDL-017:ገድለ አቡነ ተክለ ሐዋርያት በግእዝ | GZ-GDL-032:መጽሐፈ ገድለ ቅዱሳን ሐዋርያት በግእዝ | AM-ZNA-003:ዜና ሐዋርያት በአማርኛ,"3-27, 11-5, 11-5, 11-5, 12-15, 12-15, 12-15"
9-5,245,ቅዱስ ዻውሎስ ሐዋርያ,ዻውሎስ,monthly,NO_BOOK,,,
9-5,245,አቡነ ገብረ መንፈስ ቅዱስ,ገብረ መንፈስ ቅዱስ,monthly,CORRECT,GZ-MEL-151:መልክዐ ገብረ መንፈስ ቅዱስ በግእዝ | GZ-MEL-152:መልክዐ ገብረ መንፈስ ቅዱስ ካልዕ በግእዝ | AM-GDL-007:ገድለ አቡነ ገብረ መንፈስ ቅዱስ በአማርኛ,GZ-MEL-151:መልክዐ ገብረ መንፈስ ቅዱስ በግእዝ | GZ-MEL-152:መልክዐ ገብረ መንፈስ ቅዱስ ካልዕ በግእዝ | AM-GDL-007:ገድለ አቡነ ገብረ መንፈስ ቅዱስ በአማርኛ,"1-5, 1-5, 1-5, 2-5, 2-5, 2-5, 3-5, 3-5, 3-5, 4-5"
9-5,245,ቅዱስ ዮሐኒ ኢትዮዽያዊ,ዮሐኒ ኢትዮዽያዊ,monthly,NO_BOOK,,,
9-5,245,ቅዱስ አሞኒ ዘናሒሶ,አሞኒ ዘናሒሶ,monthly,NO_BOOK,,,
9-6,246,ቅዱስ አባ መቃርስ ገዳማዊ,መቃርስ ገዳማዊ,annual,NO_BOOK,,,
9-6,246,እናታችን ቅድስት ሰሎሜ ኢትዮዽያዊት,እናታችን ቅድስት ሰሎሜ ኢትዮዽያዊት,annual,NO_BOOK,,,
9-6,246,አባ ይስሐቅ ጻድቅ,ይስሐቅ,annual,NO_BOOK,,,
9-6,246,ቅድስት ዲላጊና ፬ ሴት ልጆቿ (ሰማዕታት),ዲላጊና ፬ ሴት ልጆቿ,annual,NO_BOOK,,,
9-6,246,ቅዱስ ዳናስዮስ ሰማዕት,ዳናስዮስ,annual,NO_BOOK,,,
9-6,246,ቅዱስ በንደላዖስ ሰማዕት (የታላቁ ኤስድሮስ አባት),በንደላዖስ ሰማዕት,annual,CORRECT,GZ-MEL-042:መልክዐ ሰማዕት ቅድስት አርሴማ በግእዝ | AM-GDL-008:ገድለ ሰማዕት ቅድስት አርሴማ በአማርኛ | GZ-GDL-033:ገድለ ሰማዕት ቅድስት አርሴማ በግእዝ,GZ-MEL-039:መልክዐ ሰማዕት ቅዱስ መርቆሬዎስ በግእዝ | GZ-MEL-040:መልክዐ ሰማዕት ቅዱስ ቴዎድሮስ በግእዝ | GZ-MEL-041:መልክዐ ሰማዕት ቅዱስ ፋሲለደስ በግእዝ | GZ-MEL-042:መልክዐ ሰማዕት ቅድስት አርሴማ በግእዝ | GZ-MEL-043:መልክዐ ሰማዕት ቅድስት ኢየሉጣ በግእዝ | GZ-MEL-122:መልክዐ አባ ኖብ ሰማዕት በግእዝ | GZ-GDL-002:ገድለ ሰማዕት ቅዱስ መርቆሬዎስ በግእዝ | AM-GDL-008:ገድለ ሰማዕት ቅድስት አርሴማ በአማርኛ | GZ-GDL-014:ገድለ ቅዱስ ጊዮርጊስ ሰማዕት በግእዝ | AM-GDL-015:ገድለ ሰማዕት ቅዱስ መርቆሬዎስ በአማርኛ | AM-GDL-018:ገድለ ቅዱስ ጊዮርጊስ ሰማዕት በአማርኛ | GZ-GDL-031:ገድለ ሰማዕት ቅዱስ ቴዎድሮስ በግእዝ | GZ-GDL-033:ገድለ ሰማዕት ቅድስት አርሴማ በግእዝ | AM-GDL-030:ገድለ ሰማዕት ቅዱስ ቴዎድሮስ በአማርኛ,"1-6, 1-6, 1-6, 1-11, 1-12, 1-12, 1-12, 1-15, 1-18, 1-20"
9-6,246,አባ አሞን ጻድቅ (ዽዽስናን አልፈልግም ብሎ የሸሸ አባት),አሞን ጻድቅ,annual,WRONG_DATE,,AM-MEL-003:መልክዐ ለአቡነ አቢብ ጻድቅ በአማርኛ | AM-MEL-021:መልክዐ አቡነ ዮሐንስ ጻድቅ በአማርኛ | AM-MEL-060:የአቡነ አባለ ክርስቶስ ጻድቅ መልክዕ በአማርኛ,"1-16, 1-25, 2-16, 2-25, 3-16, 3-25, 4-16, 4-19, 4-25, 5-16"
9-6,246,ቅድስት ደብረ ቁስቁዋም,ደብረ ቁስቁዋም,monthly,WRONG_DATE,,GZ-MEL-076:መልክዐ አቡነ መርቆሬዎስ ዘደብረ ድማኅ በግእዝ | GZ-MEL-080:መልክዐ አቡነ ማቴዎስ ዘደብረ በርበሬ በግእዝ | GZ-MEL-081:መልክዐ አቡነ ማቴዎስ ዘደብረ በርበሬ በግእዝ ካልእ | GZ-MEL-088:መልክዐ አቡነ ቡሩከ አምላክ ዘደብረ ኮል በግእዝ | GZ-MEL-089:መልክዐ አቡነ ብፁዓ አምላክ ዘደብረ ምዕዋን ወዘደብረ ኰዳዱ በግእዝ | GZ-MEL-099:መልክዐ አቡነ አብሳዲ ዘደብረ ማርያም በግእዝ | GZ-MEL-102:መልክዐ አቡነ እንድርያስ ዘደብረ ስኂን (ፅፉን) በግእዝ | GZ-MEL-103:መልክዐ አቡነ እንድርያስ ዘደብረ ጽጌ በግእዝ | GZ-MEL-107:መልክዐ አቡነ የሐንስ ዘደብረ ቢዘን በግእዝ | GZ-MEL-113:መልክዐ አቡነ ዮናስ ዘደብረ ድኁኃን ዘደብረ ጽጌ ወዘደብረ ጽዮን በግእዝ | GZ-MEL-120:መልክዐ አቡነ ፊልጶስ ዘደብረ ቢዘን በግእዝ | GZ-GDL-001:ገድለ አቡነ ፊልጶስ ዘደብረ ሊባኖስ በግእዝ,"1-13, 1-30, 2-13, 3-13, 3-13, 3-17, 4-1, 4-13, 4-16, 5-13"
9-6,246,አባታችን አዳምና እናታችን ሔዋን,አባታችን አዳምና እናታችን ሔዋን,monthly,CORRECT,AM-MEL-023:መልክዐ አዳም ወሔዋን በአማርኛ | GZ-MEL-127:መልክዐ አዳም ወሔዋን በግእዝ,AM-MEL-023:መልክዐ አዳም ወሔዋን በአማርኛ | AM-MEL-063:የአባታችን አብርሃም መልክዕ በአማርኛ | GZ-MEL-127:መልክዐ አዳም ወሔዋን በግእዝ,"1-6, 1-6, 2-6, 2-6, 3-6, 3-6, 4-6, 4-6, 5-6, 5-6"
9-6,246,አባታችን ኖኅና እናታችን ሐይከል,አባታችን ኖኅና እናታችን ሐይከል,monthly,WRONG_DATE,,AM-MEL-063:የአባታችን አብርሃም መልክዕ በአማርኛ,"11-7, 12-28"
9-6,246,ቅዱስ ኤልያስ ነቢይ,ኤልያስ,monthly,CORRECT,AM-MEL-052:የነቢዩ የቅዱስ ኤልያስ 3ኛ መልክዕ በአማርኛ | GZ-MEL-059:መልክዐ ቅዱስ ኤልያስ ነቢይ ሣልስ በግእዝ | GZ-MEL-134:መልክዐ ኤልያስ በግእዝ | AM-DRS-005:ድርሳነ ኤልያስ ነቢይ በአማርኛ,AM-MEL-052:የነቢዩ የቅዱስ ኤልያስ 3ኛ መልክዕ በአማርኛ | GZ-MEL-059:መልክዐ ቅዱስ ኤልያስ ነቢይ ሣልስ በግእዝ | GZ-MEL-134:መልክዐ ኤልያስ በግእዝ | AM-DRS-005:ድርሳነ ኤልያስ ነቢይ በአማርኛ,"1-6, 1-6, 1-6, 1-6, 2-6, 2-6, 2-6, 2-6, 3-6, 3-6"
9-6,246,ቅዱስ ባስልዮስ ዘቂሣርያ,ባስልዮስ ዘቂሣርያ,monthly,NO_BOOK,,,
9-6,246,ቅዱስ ዮሴፍ አረጋዊ,ዮሴፍ አረጋዊ,monthly,WRONG_DATE,,GZ-MEL-073:መልክዐ አረጋዊ በግእዝ | GZ-MEL-111:መልክዐ አቡነ ዮሴፍ በግእዝ | AM-GDL-016:ገድለ አቡነ አረጋዊ በአማርኛ | GZ-GDL-029:ገድለ አቡነ ዮሴፍ በግእዝ,"1-14, 1-14, 1-19, 1-19, 2-14, 2-14, 2-19, 2-19, 3-14, 3-14"
9-6,246,ቅድስት ሰሎሜ,ሰሎሜ,monthly,NO_BOOK,,,
9-6,246,አባ አርከ ሥሉስ,አርከ ሥሉስ,monthly,WRONG_DATE,,AM-TEA-003:ተአምኆ ዘሥሉስ ቅዱስ መልክዕ በአማርኛ | AM-TEA-002:ተአምኆ ዘሥሉስ ቅዱስ በአማርኛ | GZ-MEL-034:መልክዐ ሥሉስ ቅዱስ በግእዝ | GZ-TEA-002:ተአምኆ ዘሥሉስ ቅዱስ በግእዝ | GZ-TEA-003:ተአምኆ ዘሥሉስ ቅዱስ በግእዝ ካልእ,"None-None, None-None, None-None, None-None, 5-7"
9-6,246,አባ ጽጌ ድንግል,ጽጌ ድንግል,monthly,WRONG_DATE,,AM-MEL-019:መልክዐ አቡነ ሐራ ድንግል በአማርኛ | GZ-MEL-021:መልክዐ ሐራ ድንግል በግእዝ,"1-11, 1-11, 2-11, 2-11, 3-11, 3-11, 4-11, 4-11, 5-11, 5-11"
9-6,246,ቅድስት አርሴማ ድንግል,አርሴማ ድንግል,monthly,CORRECT,GZ-MEL-042:መልክዐ ሰማዕት ቅድስት አርሴማ በግእዝ | AM-GDL-008:ገድለ ሰማዕት ቅድስት አርሴማ በአማርኛ | GZ-GDL-033:ገድለ ሰማዕት ቅድስት አርሴማ በግእዝ,AM-MEL-019:መልክዐ አቡነ ሐራ ድንግል በአማርኛ | GZ-MEL-021:መልክዐ ሐራ ድንግል በግእዝ | GZ-MEL-042:መልክዐ ሰማዕት ቅድስት አርሴማ በግእዝ | AM-GDL-008:ገድለ ሰማዕት ቅድስት አርሴማ በአማርኛ | GZ-GDL-033:ገድለ ሰማዕት ቅድስት አርሴማ በግእዝ,"1-6, 1-6, 1-6, 1-11, 1-11, 1-29, 1-29, 1-29, 2-6, 2-6"
9-7,247,ቅዱስ አትናቴዎስ ሐዋርያዊ,አትናቴዎስ ሐዋርያዊ,annual,NO_BOOK,,,
9-7,247,የባሕታውያን አለቃ ታላቁ አባ ሲኖዳ (ጽንሰቱ),የባሕታውያን አለቃ ታላቁ አባ ሲኖዳ,annual,NO_BOOK,,,
9-7,247,ቅዱስ ዮሐንስ ጻድቅ (ሃብቱን ንብረቱን ልብሱን ሳይቀር መጽውቶ ራቁቱን የተገኘ ደግ ሰው ነው),ዮሐንስ ጻድቅ,annual,CORRECT,AM-MEL-021:መልክዐ አቡነ ዮሐንስ ጻድቅ በአማርኛ,AM-MEL-021:መልክዐ አቡነ ዮሐንስ ጻድቅ በአማርኛ,"1-16, 2-16, 3-16, 4-16, 5-16, 5-20, 6-16, 7-16, 8-16, 9-7"
9-7,247,አባ ሐርስዮስ ገዳማዊ,ሐርስዮስ ገዳማዊ,annual,NO_BOOK,,,
9-8,248,ቅዱሳን የጌታ ቤተሰብ (መቶ ሃያው),የጌታ ቤተሰብ,annual,NO_BOOK,,,
9-8,248,ቅዱስ ሙሴ ሊቀ ነቢያት,ሙሴ ሊቀ ነቢያት,monthly,WRONG_DATE,,AM-TSE-003:የነቢያት ጸሎት በአማርኛ | GZ-TSE-002:ጸሎተ ነቢያት በግእዝ | TI-MZM-002:መዝሙር መኃልይ ነቢያት ብትግርኛ,"None-None, None-None, None-None"
9-8,248,ኪሩቤል (አርባዕቱ እንስሳ),ኪሩቤል,monthly,NO_BOOK,,,
9-8,248,አባ ብሶይ (ቢሾይ),ብሶይ,monthly,NO_BOOK,,,
9-8,248,አቡነ ኪሮስ,ኪሮስ,monthly,CORRECT,GZ-GDL-016:ገድለ አቡነ ኪሮስ በግእዝ | AM-GDL-021:ገድለ አቡነ ኪሮስ በአማርኛ,GZ-GDL-016:ገድለ አቡነ ኪሮስ በግእዝ | AM-GDL-021:ገድለ አቡነ ኪሮስ በአማርኛ,"1-8, 1-8, 2-8, 2-8, 3-8, 3-8, 4-8, 4-8, 5-8, 5-8"
9-8,248,አባ ሳሙኤል ዘደብረ ቀልሞን,ሳሙኤል ዘደብረ ቀልሞን,monthly,WRONG_DATE,,AM-MEL-054:የአቡነ ሳሙኤል ዘዋልድባ መልክዕ በአማርኛ | AM-MEL-055:የአቡነ ሳሙኤል ዘዋልድባ ኹለተኛ መልክዕ በአማርኛ | GZ-MEL-084:መልክዐ አቡነ ሳሙኤል በግእዝ ሣልስ በግእዝ | GZ-MEL-085:መልክዐ አቡነ ሳሙኤል ዘዋልድባ በግእዝ | GZ-MEL-086:መልክዐ አቡነ ሳሙኤል ዘዋልድባ ካልዕ በግእዝ,"1-12, 1-12, 1-12, 1-12, 1-12, 2-12, 2-12, 2-12, 2-12, 2-12"
9-8,248,ቅዱስ ማትያስ ሐዋርያ (ከ፲፪ቱ ሐዋርያት),ማትያስ ሐዋርያ,monthly,WRONG_DATE,,AM-MEL-033:የሐዋርያው የቅዱስ ታዴዎስ መልክዕ በአማርኛ | AM-MEL-046:የቅዱስ እንድርያስ ሐዋርያ መልክዕ በአማርኛ | GZ-MEL-023:መልክዐ ሐዋርያት በግእዝ | GZ-MEL-137:መልክዐ እንድርያስ ሐዋርያ በግእዝ | GZ-GDL-017:ገድለ አቡነ ተክለ ሐዋርያት በግእዝ | GZ-GDL-032:መጽሐፈ ገድለ ቅዱሳን ሐዋርያት በግእዝ | AM-ZNA-003:ዜና ሐዋርያት በአማርኛ,"1-2, 1-4, 1-4, 2-2, 2-4, 2-4, 3-2, 3-4, 3-4, 3-27"
9-9,249,ቅድስት እሌኒ ንግሥት,እሌኒ ንግሥት,annual,NO_BOOK,,,
9-9,249,ቅዱስ ስልዋኖስ,ስልዋኖስ,annual,NO_BOOK,,,
9-9,249,አባ በርሱማ ሶርያዊ (ለሶርያ መነኮሳት ኁሉ አባት),በርሱማ ሶርያዊ,monthly,NO_BOOK,,,
9-9,249,አቡነ እስትንፋሰ ክርስቶስ (ኢትዮዽያዊ),እስትንፋሰ ክርስቶስ,monthly,CORRECT,GZ-MEL-136:መልክዐ እስትንፋሰ ክርስቶስ በግእዝ | AM-GDL-014:የአቡነ እስትንፋሰ ክርስቶስ ገድል በአማርኛ,GZ-MEL-136:መልክዐ እስትንፋሰ ክርስቶስ በግእዝ | AM-GDL-014:የአቡነ እስትንፋሰ ክርስቶስ ገድል በአማርኛ,"1-9, 1-9, 2-9, 2-9, 3-9, 3-9, 4-9, 4-9, 5-9, 5-9"
9-9,249,"""፫፲፰ቱ"" ቅዱሳን ሊቃውንት (ርቱዐነ ሃይማኖት ዘኒቅያ)","""፫፲፰ቱ"" ቅዱሳን ሊቃውንት",monthly,NO_BOOK,,,
9-9,249,የብሔረ ብፁዐን ጻድቃን,የብሔረ ብፁዐን ጻድቃን,monthly,WRONG_DATE,,GZ-MEL-160:መልክዐ ጻድቃን ዘባርክናሃ በግእዝ,4-29
9-9,249,አባ መልከ ጼዴቅ ዘሚዳ (ኢትዮዽያዊ),መልከ ጼዴቅ ዘሚዳ,monthly,CORRECT,AM-MEL-068:የአቡነ መልከ ጼዴቅ መልክእ በአማርኛ | GZ-MEL-075:መልክዐ አቡነ መልከ ጼዴቅ በግእዝ,AM-MEL-068:የአቡነ መልከ ጼዴቅ መልክእ በአማርኛ | GZ-MEL-002:መልከዐ ማርያም ዳግሚት በግእዝ | GZ-MEL-003:መልከዐ አቡነ ሊቃኖስ በግእዝ | GZ-MEL-075:መልክዐ አቡነ መልከ ጼዴቅ በግእዝ,"1-9, 1-9, 1-21, 2-9, 2-9, 2-21, 3-9, 3-9, 3-21, 3-28"
9-9,249,ቅዱስ ዞሲማስ ጻድቅ (ዓለመ ብፁዐንን ያየ አባት),ዞሲማስ ጻድቅ,monthly,CORRECT,GZ-GDL-008:ገድለ ቅዱስ ዞሲማስ በግእዝ | AM-GDL-025:ገድለ ቅዱስ ዞሲማስ በአማርኛ,AM-MEL-003:መልክዐ ለአቡነ አቢብ ጻድቅ በአማርኛ | AM-MEL-021:መልክዐ አቡነ ዮሐንስ ጻድቅ በአማርኛ | AM-MEL-060:የአቡነ አባለ ክርስቶስ ጻድቅ መልክዕ በአማርኛ | GZ-GDL-008:ገድለ ቅዱስ ዞሲማስ በግእዝ | AM-GDL-025:ገድለ ቅዱስ ዞሲማስ በአማርኛ,"1-9, 1-9, 1-16, 1-25, 2-9, 2-9, 2-16, 2-25, 3-9, 3-9"
9-10,250,ሠለስቱ ደቂቅ ቅዱሳን (አናንያ አዛርያና ሚሳኤል),ሠለስቱ ደቂቅ ቅዱሳን,annual,CORRECT,AM-MEL-037:የቅዱሳን ሠለስቱ ደቂቅ መልክዕ በአማርኛ | GZ-MEL-047:መልክዐ ቅዱሳን ሠለስቱ ደቂቅ በግእዝ,AM-MEL-037:የቅዱሳን ሠለስቱ ደቂቅ መልክዕ በአማርኛ | AM-MEL-038:የቅዱሳን አእላፍ መላእክት 2ኛ መልክዕ በአማርኛ | AM-TEA-001:ተአምኆ ቅዱሳን በአማርኛ | GZ-MEL-033:መልክዐ ሠለስቱ ምዕት በግእዝ | GZ-MEL-047:መልክዐ ቅዱሳን ሠለስቱ ደቂቅ በግእዝ | GZ-MEL-048:መልክዐ ቅዱሳን ዘመጠራ በግእዝ | GZ-TEA-001:ተአምኆ ቅዱሳን በግእዝ | GZ-GDL-026:ገድለ ቅዱሳን አባዲር ወኢራኢ በግእዝ | GZ-GDL-032:መጽሐፈ ገድለ ቅዱሳን ሐዋርያት በግእዝ,"None-None, None-None, 1-13, 1-28, 2-13, 2-19, 3-9, 3-13, 4-2, 4-2"
9-10,250,ቅዱስ አብርሃም ጸራቢ (ሰማዕት),አብርሃም ጸራቢ,annual,WRONG_DATE,,AM-MEL-022:መልክዐ አብርሃም ይሥሐቅ ያዕቆብ በአማርኛ | AM-MEL-063:የአባታችን አብርሃም መልክዕ በአማርኛ | GZ-MEL-098:መልክዐ አቡነ አብርሃም በግእዝ | GZ-MEL-124:መልክዐ አብርሃም ይሥሐቅ ወያዕቆብ በግእዝ | GZ-GDL-013:ገድለ ዘርዐ አብርሃም በግእዝ,"1-28, 1-28, 2-28, 2-28, 3-28, 3-28, 4-24, 4-28, 4-28, 5-28"
9-10,250,አባ ሚካኤል ገዳማዊ,ሚካኤል ገዳማዊ,annual,WRONG_DATE,,AM-MEL-006:መልክዐ ሚካኤል በአማርኛ | AM-MEL-041:የቅዱስ ሚካኤል 3ኛ መልክዕ በአማርኛ | GZ-MEL-004:መልክዐ ሊቀ መላእክት ቅዱስ ሚካኤል ሣልስ በግእዝ | GZ-MEL-005:መልክዐ ሊቀ መላእክት ቅዱስ ሚካኤል ካልዕ በግእዝ | GZ-MEL-083:መልክዐ አቡነ ሰይፈ ሚካኤል በግእዝ | GZ-MEL-121:መልክዐ አባ በጸሎተ ሚካኤል በግእዝ | GZ-MEL-165:መልክዐ ሊቀ መላእክት ቅዱስ ሚካኤል ካልዕ በግእ | AM-GDL-011:ገድለ አቡነ በጸሎተ ሚካኤል በአማርኛ | GZ-GDL-015:ገድለ አቡነ በጸሎተ ሚካኤል በግእዝ | GZ-DRS-008:ድርሳነ ሚካኤል በግእዝ | AM-DRS-009:ድርሳነ ሚካኤል በአማርኛ | GZ-GDL-034:ገድለ አቡነ ፍሬ ሚካኤል በግእዝ,"1-9, 1-9, 1-9, 1-9, 1-9, 1-9, 1-9, 1-12, 1-12, 1-12"
9-10,250,አባ ይስሐቅ ግብጻዊ,ይስሐቅ ግብጻዊ,annual,NO_BOOK,,,
9-10,250,ቅዱስ ናትናኤል ሐዋርያ,ናትናኤል,monthly,NO_BOOK,,,
9-10,250,ቅዱስ ኒቆላዎስ ዘሃገረ ሜራ,ኒቆላዎስ ዘሃገረ ሜራ,monthly,NO_BOOK,,,
9-10,250,ቅዱስ ቆስጠንጢኖስ ጻድቅ ንጉሥ,ቆስጠንጢኖስ ጻድቅ ንጉሥ,monthly,WRONG_DATE,,GZ-ZNA-002:ዜናሁ ለንጉሥ ገላውዴዎስ በግእዝ | GZ-ZNA-003:ዜና ሕይወቱ ለንጉሥ ላልይበላ በግእዝ,7-27
9-10,250,አቡነ መልክዐ ክርስቶስ,መልክዐ ክርስቶስ,monthly,WRONG_DATE,,GZ-MEL-143:መልክዐ ክርስቶስ ሠምራ በግእዝ,"1-24, 2-24, 3-24, 4-24, 5-24, 6-24, 7-24, 8-24, 9-12, 9-24"
9-10,250,ቅዱስ ያዕቆብ ሐዋርያ (ወልደ እልፍዮስ),ያዕቆብ ሐዋርያ,monthly,WRONG_DATE,,AM-MEL-022:መልክዐ አብርሃም ይሥሐቅ ያዕቆብ በአማርኛ | AM-MEL-033:የሐዋርያው የቅዱስ ታዴዎስ መልክዕ በአማርኛ | AM-MEL-046:የቅዱስ እንድርያስ ሐዋርያ መልክዕ በአማርኛ | GZ-MEL-023:መልክዐ ሐዋርያት በግእዝ | GZ-MEL-124:መልክዐ አብርሃም ይሥሐቅ ወያዕቆብ በግእዝ | GZ-MEL-137:መልክዐ እንድርያስ ሐዋርያ በግእዝ | GZ-GDL-017:ገድለ አቡነ ተክለ ሐዋርያት በግእዝ | GZ-GDL-032:መጽሐፈ ገድለ ቅዱሳን ሐዋርያት በግእዝ | AM-ZNA-003:ዜና ሐዋርያት በአማርኛ,"1-2, 1-4, 1-4, 1-28, 1-28, 2-2, 2-4, 2-4, 2-28, 2-28"
9-10,250,ቅድስት ዕሌኒ ንግስት,ዕሌኒ ንግስት,monthly,NO_BOOK,,,
9-10,250,ቅዱስ ዕፀ መስቀል,ዕፀ መስቀል,monthly,CORRECT,AM-MEL-012:መልክዐ ቅዱስ መስቀል በአማርኛ | AM-MEL-040:የቅዱስ መስቀል 3ኛ መልክዕ በአማርኛ | GZ-MEL-050:መልክዐ ቅዱስ መስቀል ሣልስ በግእዝ | GZ-MEL-051:መልክዐ ቅዱስ መስቀል በግእዝ | GZ-DRS-002:ድርሳነ መስቀል በግእዝ | AM-DRS-008:ድርሳነ መስቀል በአማርኛ,AM-MEL-004:መልክዐ ሕማማተ መስቀል በአማርኛ | AM-MEL-012:መልክዐ ቅዱስ መስቀል በአማርኛ | AM-MEL-040:የቅዱስ መስቀል 3ኛ መልክዕ በአማርኛ | AM-TSE-001:የመስቀል አጥር ጸሎት በአማርኛ | AM-WUD-001:ውዳሴ መስቀል በአማርኛ | GZ-HAT-001:ሐፁረ መስቀል በግእዝ | GZ-MEL-024:መልክዐ ሕማማተ መስቀል በግእዝ | GZ-MEL-050:መልክዐ ቅዱስ መስቀል ሣልስ በግእዝ | GZ-MEL-051:መልክዐ ቅዱስ መስቀል በግእዝ | GZ-WUD-001:ውዳሴ መስቀል በግእዝ | GZ-DRS-002:ድርሳነ መስቀል በግእዝ | AM-DRS-008:ድርሳነ መስቀል በአማርኛ,"None-None, None-None, None-None, None-None, None-None, None-None, 1-10, 1-10, 1-10, 1-10"
9-11,251,ቅዱስ ያሬድ ካህን ወማኅሌታይ,ያሬድ ካህን ወማኅሌታይ,annual,CORRECT,GZ-MEL-146:መልክዐ ያሬድ በግእዝ | GZ-MEL-147:መልክዐ ያሬድ ካልዕ በግእዝ | GZ-GDL-021:ድርሳን ወገድል ዘቅዱስ ያሬድ በግእዝ,GZ-MEL-146:መልክዐ ያሬድ በግእዝ | GZ-MEL-147:መልክዐ ያሬድ ካልዕ በግእዝ | GZ-GDL-021:ድርሳን ወገድል ዘቅዱስ ያሬድ በግእዝ,"1-11, 1-11, 1-11, 2-11, 2-11, 2-11, 3-11, 3-11, 3-11, 4-11"
9-11,251,አቡነ ሐራ ድንግል ጻድቅ,ሐራ ድንግል,annual,CORRECT,AM-MEL-019:መልክዐ አቡነ ሐራ ድንግል በአማርኛ | GZ-MEL-021:መልክዐ ሐራ ድንግል በግእዝ,AM-MEL-019:መልክዐ አቡነ ሐራ ድንግል በአማርኛ | GZ-MEL-021:መልክዐ ሐራ ድንግል በግእዝ,"1-11, 1-11, 2-11, 2-11, 3-11, 3-11, 4-11, 4-11, 5-11, 5-11"
9-11,251,ክርስቲናና ይስሐቅ (የቅዱስ ያሬድ ወላጆች),ክርስቲናና ይስሐቅ,annual,NO_BOOK,,,
9-11,251,ቅድስት ታውክልያ እናታችን (ንግሥናን ንቃ ሰማዕት የሆነች),ታውክልያ እናታችን,annual,NO_BOOK,,,
9-11,251,ቅድስት ኤፎምያ ሰማዕት,ኤፎምያ,annual,NO_BOOK,,,
9-11,251,ቅድስት ሶፍያ ሰማዕት,ሶፍያ,annual,NO_BOOK,,,
9-11,251,ቅድስት አናሲማ ገዳማዊት,አናሲማ ገዳማዊት,annual,NO_BOOK,,,
9-11,251,አባ በፍኑትዮስ ገዳማዊ,በፍኑትዮስ ገዳማዊ,annual,NO_BOOK,,,
9-11,251,አባ አሴር ሰማዕት (ኢትዮዽያዊ),አሴር ሰማዕት,annual,CORRECT,GZ-MEL-041:መልክዐ ሰማዕት ቅዱስ ፋሲለደስ በግእዝ,GZ-MEL-039:መልክዐ ሰማዕት ቅዱስ መርቆሬዎስ በግእዝ | GZ-MEL-040:መልክዐ ሰማዕት ቅዱስ ቴዎድሮስ በግእዝ | GZ-MEL-041:መልክዐ ሰማዕት ቅዱስ ፋሲለደስ በግእዝ | GZ-MEL-042:መልክዐ ሰማዕት ቅድስት አርሴማ በግእዝ | GZ-MEL-043:መልክዐ ሰማዕት ቅድስት ኢየሉጣ በግእዝ | GZ-MEL-122:መልክዐ አባ ኖብ ሰማዕት በግእዝ | GZ-GDL-002:ገድለ ሰማዕት ቅዱስ መርቆሬዎስ በግእዝ | AM-GDL-008:ገድለ ሰማዕት ቅድስት አርሴማ በአማርኛ | GZ-GDL-014:ገድለ ቅዱስ ጊዮርጊስ ሰማዕት በግእዝ | AM-GDL-015:ገድለ ሰማዕት ቅዱስ መርቆሬዎስ በአማርኛ | AM-GDL-018:ገድለ ቅዱስ ጊዮርጊስ ሰማዕት በአማርኛ | GZ-GDL-031:ገድለ ሰማዕት ቅዱስ ቴዎድሮስ በግእዝ | GZ-GDL-033:ገድለ ሰማዕት ቅድስት አርሴማ በግእዝ | AM-GDL-030:ገድለ ሰማዕት ቅዱስ ቴዎድሮስ በአማርኛ,"1-6, 1-6, 1-6, 1-11, 1-12, 1-12, 1-12, 1-15, 1-18, 1-20"
9-11,251,አባ በኪሞስ ጻድቅ,በኪሞስ,annual,NO_BOOK,,,
9-11,251,ቅዱስ ገላውዴዎስ ሰማዕት,ገላውዴዎስ,monthly,WRONG_DATE,,GZ-ZNA-002:ዜናሁ ለንጉሥ ገላውዴዎስ በግእዝ,7-27
9-11,251,ቅዱስ ፋሲለደስ ሰማዕት,ፋሲለደስ,monthly,CORRECT,GZ-MEL-041:መልክዐ ሰማዕት ቅዱስ ፋሲለደስ በግእዝ,GZ-MEL-041:መልክዐ ሰማዕት ቅዱስ ፋሲለደስ በግእዝ,"1-11, 2-11, 3-11, 4-11, 5-11, 6-11, 7-11, 8-11, 9-11, 10-11"
9-11,251,ብፁዐን ኢያቄም እና ሐና,ብፁዐን ኢያቄም እና ሐና,monthly,CORRECT,GZ-MEL-133:መልክዐ ኢያቄም በግእዝ | AM-DRS-001:የቅዱስ ኢያቄምና- የቅድስት ሐና ድርሳን በአማርኛ | GZ-DRS-007:ድርሳን ዘቅዱስ ኢያቄም ወቅድስት ሐና በግእዝ,GZ-MEL-133:መልክዐ ኢያቄም በግእዝ | AM-DRS-001:የቅዱስ ኢያቄምና- የቅድስት ሐና ድርሳን በአማርኛ | GZ-DRS-007:ድርሳን ዘቅዱስ ኢያቄም ወቅድስት ሐና በግእዝ,"1-1, 1-1, 1-1, 1-3, 1-3, 1-3, 1-7, 1-7, 1-7, 1-11"
9-12,252,ቅዱስ ዮሐንስ አፈ ወርቅ (የዓለም ሁሉ መምሕር),ዮሐንስ አፈ ወርቅ,annual,WRONG_DATE,,AM-MEL-016:መልክዐ ቅዱስ ዮሐንስ ወንጌላዊ በአማርኛ | AM-MEL-020:መልክዐ አቡነ ዕጨጌ ዮሐንስ በአማርኛ | AM-MEL-021:መልክዐ አቡነ ዮሐንስ ጻድቅ በአማርኛ | AM-MEL-047:የቅዱስ ዮሐንስ 2ኛ መልክዕ በአማርኛ | AM-MEL-048:የቅዱስ ዮሐንስ መጥምቅ መልክዕ በአማርኛ | GZ-MEL-060:መልክዐ ቅዱስ ዮሐንስ መጥምቅ በግእዝ | GZ-MEL-061:መልክዐ ቅዱስ ዮሐንስ ካልእ በግእዝ | GZ-MEL-062:መልክዐ ቅዱስ ዮሐንስ ወንጌላዊ በግእዝ | GZ-MEL-104:መልክዐ አቡነ ዕጨጌ ዮሐንስ በግእዝ | GZ-MEL-109:መልክዐ አቡነ ዮሐንስ ከማ በግእዝ | GZ-MEL-110:መልክዐ አቡነ ዮሐንስ ዘድብረ ዳጋ በግእዝ | GZ-MEL-149:መልክዐ ዮሐንስ ወልደ ነጎድጓድ በግእዝ | GZ-MEL-150:መልክዐ ዮሐንስ ፍቁረ እግዚእ በግእዝ | AM-GDL-013:የቅዱስ ዮሐንስ ገድል በአማርኛ | GZ-GDL-018:ገድለ አቡነ ዮሐንስ በግእዝ | AM-GDL-027:ገድለ አቡነ እጨጌ ዮሐንስ ዘጸገሮ በአማርኛ,"1-1, 1-1, 1-2, 1-2, 1-4, 1-4, 1-4, 1-4, 1-4, 1-4"
9-12,252,ቅዱስ ሚካኤል ሊቀ መላዕክት,ሚካኤል ሊቀ መላዕክት,monthly,CORRECT,AM-MEL-006:መልክዐ ሚካኤል በአማርኛ | AM-MEL-041:የቅዱስ ሚካኤል 3ኛ መልክዕ በአማርኛ | GZ-MEL-004:መልክዐ ሊቀ መላእክት ቅዱስ ሚካኤል ሣልስ በግእዝ | GZ-MEL-005:መልክዐ ሊቀ መላእክት ቅዱስ ሚካኤል ካልዕ በግእዝ | GZ-MEL-165:መልክዐ ሊቀ መላእክት ቅዱስ ሚካኤል ካልዕ በግእ | GZ-DRS-008:ድርሳነ ሚካኤል በግእዝ | AM-DRS-009:ድርሳነ ሚካኤል በአማርኛ,AM-MEL-006:መልክዐ ሚካኤል በአማርኛ | AM-MEL-041:የቅዱስ ሚካኤል 3ኛ መልክዕ በአማርኛ | GZ-MEL-004:መልክዐ ሊቀ መላእክት ቅዱስ ሚካኤል ሣልስ በግእዝ | GZ-MEL-005:መልክዐ ሊቀ መላእክት ቅዱስ ሚካኤል ካልዕ በግእዝ | GZ-MEL-083:መልክዐ አቡነ ሰይፈ ሚካኤል በግእዝ | GZ-MEL-121:መልክዐ አባ በጸሎተ ሚካኤል በግእዝ | GZ-MEL-165:መልክዐ ሊቀ መላእክት ቅዱስ ሚካኤል ካልዕ በግእ | AM-GDL-011:ገድለ አቡነ በጸሎተ ሚካኤል በአማርኛ | GZ-GDL-015:ገድለ አቡነ በጸሎተ ሚካኤል በግእዝ | GZ-DRS-008:ድርሳነ ሚካኤል በግእዝ | AM-DRS-009:ድርሳነ ሚካኤል በአማርኛ | GZ-GDL-034:ገድለ አቡነ ፍሬ ሚካኤል በግእዝ,"1-9, 1-9, 1-9, 1-9, 1-9, 1-9, 1-9, 1-12, 1-12, 1-12"
9-12,252,ቅዱስ ማቴዎስ ሐዋርያ,ማቴዎስ,monthly,WRONG_DATE,,GZ-MEL-080:መልክዐ አቡነ ማቴዎስ ዘደብረ በርበሬ በግእዝ | GZ-MEL-081:መልክዐ አቡነ ማቴዎስ ዘደብረ በርበሬ በግእዝ ካልእ,"3-13, 5-14"
9-12,252,ቅዱስ ቴዎድሮስ ምሥራቃዊ (ሰማዕት),ቴዎድሮስ ምሥራቃዊ,monthly,CORRECT,GZ-MEL-040:መልክዐ ሰማዕት ቅዱስ ቴዎድሮስ በግእዝ | GZ-GDL-030:ገድለ ቅዱስ ቴዎድሮስ በግእዝ | GZ-GDL-031:ገድለ ሰማዕት ቅዱስ ቴዎድሮስ በግእዝ | AM-GDL-030:ገድለ ሰማዕት ቅዱስ ቴዎድሮስ በአማርኛ,GZ-MEL-040:መልክዐ ሰማዕት ቅዱስ ቴዎድሮስ በግእዝ | GZ-GDL-030:ገድለ ቅዱስ ቴዎድሮስ በግእዝ | GZ-GDL-031:ገድለ ሰማዕት ቅዱስ ቴዎድሮስ በግእዝ | AM-GDL-030:ገድለ ሰማዕት ቅዱስ ቴዎድሮስ በአማርኛ,"1-12, 1-12, 1-12, 1-12, 1-20, 1-20, 1-20, 1-20, 2-12, 2-12"
9-12,252,አቡነ ሳሙኤል ዘዋልድባ,ሳሙኤል ዘዋልድባ,monthly,CORRECT,AM-MEL-054:የአቡነ ሳሙኤል ዘዋልድባ መልክዕ በአማርኛ | AM-MEL-055:የአቡነ ሳሙኤል ዘዋልድባ ኹለተኛ መልክዕ በአማርኛ | GZ-MEL-085:መልክዐ አቡነ ሳሙኤል ዘዋልድባ በግእዝ | GZ-MEL-086:መልክዐ አቡነ ሳሙኤል ዘዋልድባ ካልዕ በግእዝ,AM-MEL-054:የአቡነ ሳሙኤል ዘዋልድባ መልክዕ በአማርኛ | AM-MEL-055:የአቡነ ሳሙኤል ዘዋልድባ ኹለተኛ መልክዕ በአማርኛ | GZ-MEL-085:መልክዐ አቡነ ሳሙኤል ዘዋልድባ በግእዝ | GZ-MEL-086:መልክዐ አቡነ ሳሙኤል ዘዋልድባ ካልዕ በግእዝ,"1-12, 1-12, 1-12, 1-12, 2-12, 2-12, 2-12, 2-12, 3-12, 3-12"
9-12,252,ቅዱስ ድሜጥሮስ,ድሜጥሮስ,monthly,NO_BOOK,,,
9-13,253,ቅዱስ አርሳንዮስ - አርሳኒ (ጠቢብ ገዳማዊ),አርሳንዮስ - አርሳኒ,annual,NO_BOOK,,,
9-13,253,እግዚአብሔር አብ,እግዚአብሔር አብ,monthly,CORRECT,GZ-MEL-139:መልክዐ እግዚአብሔር አብ በግእዝ | GZ-MEL-140:መልክዐ እግዚአብሔር አብ ካልዕ በግእዝ,GZ-MEL-139:መልክዐ እግዚአብሔር አብ በግእዝ | GZ-MEL-140:መልክዐ እግዚአብሔር አብ ካልዕ በግእዝ,"1-13, 1-13, 2-13, 2-13, 3-13, 3-13, 4-13, 4-13, 5-13, 5-13"
9-13,253,ቅዱስ ሩፋኤል ሊቀ መላዕክት,ሩፋኤል ሊቀ መላዕክት,monthly,CORRECT,AM-MEL-043:የቅዱስ ሩፋኤል መልክዕ በአማርኛ | GZ-MEL-006:መልክዐ ሊቀ መላእክት ቅዱስ ሩፋኤል በግእዝ | GZ-DRS-009:ድርሳን ቅዱስ ሩፋኤል በግእዝ,AM-MEL-043:የቅዱስ ሩፋኤል መልክዕ በአማርኛ | GZ-MEL-006:መልክዐ ሊቀ መላእክት ቅዱስ ሩፋኤል በግእዝ | GZ-DRS-009:ድርሳን ቅዱስ ሩፋኤል በግእዝ,"1-13, 1-13, 1-13, 2-13, 2-13, 2-13, 3-13, 3-13, 3-13, 4-13"
9-13,253,"""፱፱ኙ"" ነገደ መላዕክት","""፱፱ኙ"" ነገደ መላዕክት",monthly,NO_BOOK,,,
9-13,253,ቅዱስ አስከናፍር,አስከናፍር,monthly,NO_BOOK,,,
9-13,253,"""፲፫ቱ"" ግኁሳን አባቶች","""፲፫ቱ"" ግኁሳን አባቶች",monthly,NO_BOOK,,,
9-13,253,አቡነ ዘርዐ ቡሩክ,ዘርዐ ቡሩክ,monthly,CORRECT,AM-MEL-061:የአቡነ ዘርዐ ቡሩክ መልክዕ በአማርኛ | GZ-MEL-105:መልክዐ አቡነ ዘርዐ ቡሩክ በግእዝ,AM-MEL-061:የአቡነ ዘርዐ ቡሩክ መልክዕ በአማርኛ | GZ-MEL-105:መልክዐ አቡነ ዘርዐ ቡሩክ በግእዝ,"1-13, 1-13, 2-13, 2-13, 3-13, 3-13, 4-13, 4-13, 5-13, 5-13"
9-14,254,ቅዱስ አባ ዻኩሚስ (አበ መነኮሳት ሣልሳዊ),ዻኩሚስ,annual,NO_BOOK,,,
9-14,254,አባ ሲማኮስ ሰማዕት,ሲማኮስ,annual,NO_BOOK,,,
9-14,254,አቡነ አረጋዊ (ዘ ሚካኤል ),አረጋዊ,monthly,CORRECT,GZ-MEL-073:መልክዐ አረጋዊ በግእዝ | AM-GDL-016:ገድለ አቡነ አረጋዊ በአማርኛ,GZ-MEL-073:መልክዐ አረጋዊ በግእዝ | AM-GDL-016:ገድለ አቡነ አረጋዊ በአማርኛ,"1-14, 1-14, 2-14, 2-14, 3-14, 3-14, 4-14, 4-14, 5-14, 5-14"
9-14,254,ቅዱስ ገብረ ክርስቶስ መርዓዊ,ገብረ ክርስቶስ መርዓዊ,monthly,WRONG_DATE,,GZ-MEL-151:መልክዐ ገብረ መንፈስ ቅዱስ በግእዝ | GZ-MEL-152:መልክዐ ገብረ መንፈስ ቅዱስ ካልዕ በግእዝ | GZ-MEL-153:መልክዐ ገብረ ክርስቶስ በግእዝ | AM-GDL-007:ገድለ አቡነ ገብረ መንፈስ ቅዱስ በአማርኛ,"1-5, 1-5, 1-5, 2-5, 2-5, 2-5, 2-14, 3-5, 3-5, 3-5"
9-14,254,ቅዱስ ፊልዾስ ሐዋርያ,ፊልዾስ,monthly,NO_BOOK,,,
9-14,254,ቅዱስ ሙሴ ( የእግዚአብሔር ሰው),ሙሴ,monthly,WRONG_DATE,,GZ-MEL-079:መልክዐ አቡነ ሙሴ በግእዝ,1-4
9-14,254,አባ ስምዖን ገዳማዊ,ስምዖን ገዳማዊ,monthly,NO_BOOK,,,
9-14,254,አባ ዮሐንስ ጻድቅ,ዮሐንስ,monthly,WRONG_DATE,,AM-MEL-016:መልክዐ ቅዱስ ዮሐንስ ወንጌላዊ በአማርኛ | AM-MEL-020:መልክዐ አቡነ ዕጨጌ ዮሐንስ በአማርኛ | AM-MEL-021:መልክዐ አቡነ ዮሐንስ ጻድቅ በአማርኛ | AM-MEL-047:የቅዱስ ዮሐንስ 2ኛ መልክዕ በአማርኛ | AM-MEL-048:የቅዱስ ዮሐንስ መጥምቅ መልክዕ በአማርኛ | GZ-MEL-060:መልክዐ ቅዱስ ዮሐንስ መጥምቅ በግእዝ | GZ-MEL-061:መልክዐ ቅዱስ ዮሐንስ ካልእ በግእዝ | GZ-MEL-062:መልክዐ ቅዱስ ዮሐንስ ወንጌላዊ በግእዝ | GZ-MEL-104:መልክዐ አቡነ ዕጨጌ ዮሐንስ በግእዝ | GZ-MEL-109:መልክዐ አቡነ ዮሐንስ ከማ በግእዝ | GZ-MEL-110:መልክዐ አቡነ ዮሐንስ ዘድብረ ዳጋ በግእዝ | GZ-MEL-149:መልክዐ ዮሐንስ ወልደ ነጎድጓድ በግእዝ | GZ-MEL-150:መልክዐ ዮሐንስ ፍቁረ እግዚእ በግእዝ | AM-GDL-013:የቅዱስ ዮሐንስ ገድል በአማርኛ | GZ-GDL-018:ገድለ አቡነ ዮሐንስ በግእዝ | AM-GDL-027:ገድለ አቡነ እጨጌ ዮሐንስ ዘጸገሮ በአማርኛ,"1-1, 1-1, 1-2, 1-2, 1-4, 1-4, 1-4, 1-4, 1-4, 1-4"
9-14,254,እናታችን ቅድስት ነሣሒት,እናታችን ቅድስት ነሣሒት,monthly,NO_BOOK,,,
9-15,255,ቅዱስ ናትናኤል ሐዋርያ (ቀናተኛው ስምዖን),ናትናኤል ሐዋርያ,annual,WRONG_DATE,,AM-MEL-033:የሐዋርያው የቅዱስ ታዴዎስ መልክዕ በአማርኛ | AM-MEL-046:የቅዱስ እንድርያስ ሐዋርያ መልክዕ በአማርኛ | GZ-MEL-023:መልክዐ ሐዋርያት በግእዝ | GZ-MEL-137:መልክዐ እንድርያስ ሐዋርያ በግእዝ | GZ-GDL-017:ገድለ አቡነ ተክለ ሐዋርያት በግእዝ | GZ-GDL-032:መጽሐፈ ገድለ ቅዱሳን ሐዋርያት በግእዝ | AM-ZNA-003:ዜና ሐዋርያት በአማርኛ,"1-2, 1-4, 1-4, 2-2, 2-4, 2-4, 3-2, 3-4, 3-4, 3-27"
9-15,255,ቅዱስ ሚናስ ባሕታዊ,ሚናስ ባሕታዊ,annual,CORRECT,AM-MEL-013:መልክዐ ቅዱስ ሚናስ በአማርኛ | GZ-MEL-052:መልክዐ ቅዱስ ሚናስ በግእዝ,AM-MEL-013:መልክዐ ቅዱስ ሚናስ በአማርኛ | GZ-MEL-052:መልክዐ ቅዱስ ሚናስ በግእዝ,"1-15, 1-15, 2-15, 2-15, 3-15, 3-15, 4-15, 4-15, 5-15, 5-15"
9-15,255,ቅዱስ ቀርጢኖስ ሰማዕት,ቀርጢኖስ,annual,NO_BOOK,,,
9-15,255,ቅዱስ ቂርቆስና እናቱ ኢየሉጣ,ቂርቆስና እናቱ ኢየሉጣ,monthly,CORRECT,GZ-MEL-043:መልክዐ ሰማዕት ቅድስት ኢየሉጣ በግእዝ | AM-GDL-023:የቅዱስ ቂርቆስና የቅድስት ኢየሉጣ ገድል በአማርኛ,GZ-MEL-043:መልክዐ ሰማዕት ቅድስት ኢየሉጣ በግእዝ | AM-GDL-023:የቅዱስ ቂርቆስና የቅድስት ኢየሉጣ ገድል በአማርኛ,"1-15, 1-15, 2-15, 2-15, 3-15, 3-15, 4-15, 4-15, 5-15, 5-15"
9-15,255,ቅዱስ ኤፍሬም ሶርያዊ (አፈ በረከት),ኤፍሬም ሶርያዊ,monthly,NO_BOOK,,,
9-15,255,ቅዱስ ሚናስ ግብፃዊ,ሚናስ ግብፃዊ,monthly,CORRECT,AM-MEL-013:መልክዐ ቅዱስ ሚናስ በአማርኛ | GZ-MEL-052:መልክዐ ቅዱስ ሚናስ በግእዝ,AM-MEL-013:መልክዐ ቅዱስ ሚናስ በአማርኛ | GZ-MEL-052:መልክዐ ቅዱስ ሚናስ በግእዝ,"1-15, 1-15, 2-15, 2-15, 3-15, 3-15, 4-15, 4-15, 5-15, 5-15"
9-15,255,ቅድስት እንባ መሪና,እንባ መሪና,monthly,NO_BOOK,,,
9-15,255,ቅድስት ክርስጢና,ክርስጢና,monthly,NO_BOOK,,,
9-16,256,ቅዱስ ዮሐንስ ወንጌላዊ (ስብከቱና ቅዳሴ ቤቱ),ዮሐንስ ወንጌላዊ,annual,CORRECT,AM-MEL-016:መልክዐ ቅዱስ ዮሐንስ ወንጌላዊ በአማርኛ | GZ-MEL-062:መልክዐ ቅዱስ ዮሐንስ ወንጌላዊ በግእዝ,AM-MEL-016:መልክዐ ቅዱስ ዮሐንስ ወንጌላዊ በአማርኛ | GZ-MEL-062:መልክዐ ቅዱስ ዮሐንስ ወንጌላዊ በግእዝ,"1-4, 1-4, 1-29, 1-29, 2-4, 2-4, 3-4, 3-4, 4-4, 4-4"
9-16,256,ቅዱስ ኢያሱ ሲራክ ነቢይና ጠቢብ (መጽሐፈ ሲራክን የጻፈ),ኢያሱ ሲራክ ነቢይና ጠቢብ,annual,NO_BOOK,,,
9-16,256,ቅድስት እናታችን ዐስበ ሚካኤል (ኢትዮዽያዊት),እናታችን ዐስበ ሚካኤል,annual,WRONG_DATE,,AM-MEL-006:መልክዐ ሚካኤል በአማርኛ | AM-MEL-041:የቅዱስ ሚካኤል 3ኛ መልክዕ በአማርኛ | GZ-MEL-004:መልክዐ ሊቀ መላእክት ቅዱስ ሚካኤል ሣልስ በግእዝ | GZ-MEL-005:መልክዐ ሊቀ መላእክት ቅዱስ ሚካኤል ካልዕ በግእዝ | GZ-MEL-083:መልክዐ አቡነ ሰይፈ ሚካኤል በግእዝ | GZ-MEL-121:መልክዐ አባ በጸሎተ ሚካኤል በግእዝ | GZ-MEL-165:መልክዐ ሊቀ መላእክት ቅዱስ ሚካኤል ካልዕ በግእ | AM-GDL-011:ገድለ አቡነ በጸሎተ ሚካኤል በአማርኛ | GZ-GDL-015:ገድለ አቡነ በጸሎተ ሚካኤል በግእዝ | GZ-DRS-008:ድርሳነ ሚካኤል በግእዝ | AM-DRS-009:ድርሳነ ሚካኤል በአማርኛ | GZ-GDL-034:ገድለ አቡነ ፍሬ ሚካኤል በግእዝ,"1-9, 1-9, 1-9, 1-9, 1-9, 1-9, 1-9, 1-12, 1-12, 1-12"
9-16,256,ኪዳነ ምሕረት (የሰባቱ ኪዳናት ማሕተም),ኪዳነ ምሕረት,monthly,CORRECT,AM-MEL-027:መልክዐ ኪዳነ ምሕረት በአማርኛ | GZ-MEL-141:መልክዐ ኪዳነ ምሕረት በግእዝ,AM-MEL-027:መልክዐ ኪዳነ ምሕረት በአማርኛ | GZ-MEL-141:መልክዐ ኪዳነ ምሕረት በግእዝ,"1-16, 1-16, 2-16, 2-16, 3-16, 3-16, 4-16, 4-16, 5-16, 5-16"
9-16,256,ቅድስት ኤልሳቤጥ (የመጥምቁ ዮሐንስ እናት),ኤልሳቤጥ,monthly,NO_BOOK,,,
9-16,256,ቅዱስ ገብረ ማርያም ጻድቅ ንጉሠ ኢትዮዽያ (የቅ/ላሊበላ ወንድም),ገብረ ማርያም ጻድቅ ንጉሠ ኢትዮዽያ,monthly,WRONG_DATE,,GZ-MEL-151:መልክዐ ገብረ መንፈስ ቅዱስ በግእዝ | GZ-MEL-152:መልክዐ ገብረ መንፈስ ቅዱስ ካልዕ በግእዝ | GZ-MEL-153:መልክዐ ገብረ ክርስቶስ በግእዝ | AM-GDL-007:ገድለ አቡነ ገብረ መንፈስ ቅዱስ በአማርኛ,"1-5, 1-5, 1-5, 2-5, 2-5, 2-5, 2-14, 3-5, 3-5, 3-5"
9-16,256,ቅዱስ አኖሬዎስ ንጉሥ ጻድቅ,አኖሬዎስ ንጉሥ,monthly,WRONG_DATE,,GZ-ZNA-002:ዜናሁ ለንጉሥ ገላውዴዎስ በግእዝ | GZ-ZNA-003:ዜና ሕይወቱ ለንጉሥ ላልይበላ በግእዝ,7-27
9-16,256,አባ አቡናፍር ገዳማዊ,አቡናፍር ገዳማዊ,monthly,NO_BOOK,,,
9-16,256,አባ ዮሐንስ ወንጌሉ ዘወርቅ,ዮሐንስ ወንጌሉ ዘወርቅ,monthly,CORRECT,AM-MEL-016:መልክዐ ቅዱስ ዮሐንስ ወንጌላዊ በአማርኛ | AM-MEL-021:መልክዐ አቡነ ዮሐንስ ጻድቅ በአማርኛ | AM-MEL-047:የቅዱስ ዮሐንስ 2ኛ መልክዕ በአማርኛ | GZ-MEL-061:መልክዐ ቅዱስ ዮሐንስ ካልእ በግእዝ | GZ-MEL-062:መልክዐ ቅዱስ ዮሐንስ ወንጌላዊ በግእዝ | GZ-MEL-149:መልክዐ ዮሐንስ ወልደ ነጎድጓድ በግእዝ | GZ-MEL-150:መልክዐ ዮሐንስ ፍቁረ እግዚእ በግእዝ | AM-GDL-013:የቅዱስ ዮሐንስ ገድል በአማርኛ,AM-MEL-016:መልክዐ ቅዱስ ዮሐንስ ወንጌላዊ በአማርኛ | AM-MEL-020:መልክዐ አቡነ ዕጨጌ ዮሐንስ በአማርኛ | AM-MEL-021:መልክዐ አቡነ ዮሐንስ ጻድቅ በአማርኛ | AM-MEL-047:የቅዱስ ዮሐንስ 2ኛ መልክዕ በአማርኛ | AM-MEL-048:የቅዱስ ዮሐንስ መጥምቅ መልክዕ በአማርኛ | GZ-MEL-060:መልክዐ ቅዱስ ዮሐንስ መጥምቅ በግእዝ | GZ-MEL-061:መልክዐ ቅዱስ ዮሐንስ ካልእ በግእዝ | GZ-MEL-062:መልክዐ ቅዱስ ዮሐንስ ወንጌላዊ በግእዝ | GZ-MEL-104:መልክዐ አቡነ ዕጨጌ ዮሐንስ በግእዝ | GZ-MEL-109:መልክዐ አቡነ ዮሐንስ ከማ በግእዝ | GZ-MEL-110:መልክዐ አቡነ ዮሐንስ ዘድብረ ዳጋ በግእዝ | GZ-MEL-149:መልክዐ ዮሐንስ ወልደ ነጎድጓድ በግእዝ | GZ-MEL-150:መልክዐ ዮሐንስ ፍቁረ እግዚእ በግእዝ | AM-GDL-013:የቅዱስ ዮሐንስ ገድል በአማርኛ | GZ-GDL-018:ገድለ አቡነ ዮሐንስ በግእዝ | AM-GDL-027:ገድለ አቡነ እጨጌ ዮሐንስ ዘጸገሮ በአማርኛ,"1-1, 1-1, 1-2, 1-2, 1-4, 1-4, 1-4, 1-4, 1-4, 1-4"
9-16,256,አባ ዳንኤል ጻድቅ,ዳንኤል,monthly,WRONG_DATE,,GZ-MEL-114:መልክዐ አቡነ ዳንኤል በግእዝ | GZ-GDL-028:ገድለ አቡነ ዳንኤል በግእዝ,"3-6, 3-6"
9-17,257,ቅዱስ ኤዺፋንዮስ ሊቅ (ዘደሴተ ቆዽሮስ),ኤዺፋንዮስ ሊቅ,annual,NO_BOOK,,,
9-17,257,ቅዱስ ኢላርዮን ገዳማዊ,ኢላርዮን ገዳማዊ,annual,NO_BOOK,,,
9-17,257,አባ ሉክያኖስ ጻድቅ,ሉክያኖስ,annual,NO_BOOK,,,
9-17,257,ቅዱስ ፊላታዎስ ክርስቲያናዊ,ፊላታዎስ ክርስቲያናዊ,annual,NO_BOOK,,,
9-17,257,ቅዱስ እስጢፋኖስ ሊቀ ዲያቆናት (ቀዳሜ ሰማዕት),እስጢፋኖስ ሊቀ ዲያቆናት,monthly,CORRECT,AM-MEL-045:የቅዱስ እስጢፋኖስ 2ኛ መልክዕ በአማርኛ | GZ-MEL-016:መልክዐ ሊቀ ሰማዕታት ቅዱስ እስጢፋኖስ በግእዝ | GZ-MEL-017:መልክዐ ሊቀ ሰማዕታት ቅዱስ እስጢፋኖስ ካልእ በግእዝ | AM-GDL-009:ገድለ ቅዱስ እስጢፋኖስ አማርኛ | GZ-GDL-022:ገድለ ቅዱስ እስጢፋኖስ በግእዝ,AM-MEL-045:የቅዱስ እስጢፋኖስ 2ኛ መልክዕ በአማርኛ | GZ-MEL-016:መልክዐ ሊቀ ሰማዕታት ቅዱስ እስጢፋኖስ በግእዝ | GZ-MEL-017:መልክዐ ሊቀ ሰማዕታት ቅዱስ እስጢፋኖስ ካልእ በግእዝ | AM-GDL-009:ገድለ ቅዱስ እስጢፋኖስ አማርኛ | GZ-GDL-022:ገድለ ቅዱስ እስጢፋኖስ በግእዝ,"1-15, 1-15, 1-15, 1-15, 1-15, 1-17, 1-17, 1-17, 1-17, 1-17"
9-17,257,ቅዱስ ያዕቆብ ሐዋርያ (ወልደ ዘብዴዎስ),ያዕቆብ ሐዋርያ,monthly,WRONG_DATE,,AM-MEL-022:መልክዐ አብርሃም ይሥሐቅ ያዕቆብ በአማርኛ | AM-MEL-033:የሐዋርያው የቅዱስ ታዴዎስ መልክዕ በአማርኛ | AM-MEL-046:የቅዱስ እንድርያስ ሐዋርያ መልክዕ በአማርኛ | GZ-MEL-023:መልክዐ ሐዋርያት በግእዝ | GZ-MEL-124:መልክዐ አብርሃም ይሥሐቅ ወያዕቆብ በግእዝ | GZ-MEL-137:መልክዐ እንድርያስ ሐዋርያ በግእዝ | GZ-GDL-017:ገድለ አቡነ ተክለ ሐዋርያት በግእዝ | GZ-GDL-032:መጽሐፈ ገድለ ቅዱሳን ሐዋርያት በግእዝ | AM-ZNA-003:ዜና ሐዋርያት በአማርኛ,"1-2, 1-4, 1-4, 1-28, 1-28, 2-2, 2-4, 2-4, 2-28, 2-28"
9-17,257,ቅዱሳን አበው መክሲሞስና ዱማቴዎስ,አበው መክሲሞስና ዱማቴዎስ,monthly,WRONG_DATE,,AM-ZNA-002:ዜና አበው በአማርኛ,"3-4, 5-26"
9-17,257,አባ ገሪማ ዘመደራ,ገሪማ ዘመደራ,monthly,CORRECT,AM-GDL-017:ገድለ አቡነ ገሪማ በአማርኛ,AM-GDL-017:ገድለ አቡነ ገሪማ በአማርኛ,"1-17, 2-17, 3-17, 4-17, 5-17, 6-17, 7-17, 8-17, 9-17, 10-17"
9-17,257,አባ ዸላሞን ፈላሢ,ዸላሞን ፈላሢ,monthly,NO_BOOK,,,
9-17,257,አባ ለትጹን የዋህ,ለትጹን የዋህ,monthly,NO_BOOK,,,
9-18,258,ቅዱሳን ሐዋርያት ወአርድእት,ሐዋርያት ወአርድእት,annual,WRONG_DATE,,GZ-MEL-023:መልክዐ ሐዋርያት በግእዝ | GZ-GDL-017:ገድለ አቡነ ተክለ ሐዋርያት በግእዝ | GZ-GDL-032:መጽሐፈ ገድለ ቅዱሳን ሐዋርያት በግእዝ | AM-ZNA-003:ዜና ሐዋርያት በአማርኛ,"3-27, 11-5, 11-5, 11-5, 12-15, 12-15, 12-15"
9-18,258,አባ ገዐርጊ ገዳማዊ,ገዐርጊ ገዳማዊ,annual,NO_BOOK,,,
9-18,258,ቅዱስ ሲኖዳ ሰማዕት,ሲኖዳ,annual,NO_BOOK,,,
9-18,258,ቅዱስ ፊልዾስ ሐዋርያ,ፊልዾስ,monthly,NO_BOOK,,,
9-18,258,አቡነ ኤዎስጣቴዎስ ሰባኬ ሃይማኖት (ረባን),ኤዎስጣቴዎስ ሰባኬ ሃይማኖት,monthly,CORRECT,GZ-MEL-135:መልክዐ ኤዎስጣቴዎስ በግእዝ,AM-MEL-057:የአቡነ ተክለ ሃይማኖት 2ኛ መልክዕ በአማርኛ | AM-MEL-058:የአቡነ ተክለ ሃይማኖት መልክዕ በአማርኛ | GZ-MEL-068:መልክዐ ተክለ ሃይማኖት በግእዝ | GZ-MEL-069:መልክዐ ተክለ ሃይማኖት ካልእ በግእዝ | GZ-MEL-092:መልክዐ አቡነ ተክለ ሃይማኖት በግእዝ | GZ-MEL-135:መልክዐ ኤዎስጣቴዎስ በግእዝ | AM-GDL-004:ገድለ ተክለ ሃይማኖት በአማርኛ,"1-18, 1-24, 1-24, 1-24, 1-24, 1-24, 1-24, 2-18, 2-24, 2-24"
9-18,258,አቡነ አኖሬዎስ ዘደብረ ጽጋጋ,አኖሬዎስ ዘደብረ ጽጋጋ,monthly,NO_BOOK,,,
9-18,258,ማር ያዕቆብ ግብፃዊ,ማር ያዕቆብ ግብፃዊ,monthly,WRONG_DATE,,AM-MEL-022:መልክዐ አብርሃም ይሥሐቅ ያዕቆብ በአማርኛ | GZ-MEL-124:መልክዐ አብርሃም ይሥሐቅ ወያዕቆብ በግእዝ,"1-28, 1-28, 2-28, 2-28, 3-28, 3-28, 4-28, 4-28, 5-28, 5-28"
9-19,259,አባ ዓቢየ እግዚእ ጻድቅ (ኢትዮዽያዊ),ዓቢየ እግዚእ ጻድቅ,annual,CORRECT,GZ-MEL-145:መልክዐ ዓቢየ እግዚእ በግእዝ,AM-MEL-003:መልክዐ ለአቡነ አቢብ ጻድቅ በአማርኛ | AM-MEL-021:መልክዐ አቡነ ዮሐንስ ጻድቅ በአማርኛ | AM-MEL-060:የአቡነ አባለ ክርስቶስ ጻድቅ መልክዕ በአማርኛ | GZ-MEL-145:መልክዐ ዓቢየ እግዚእ በግእዝ,"1-16, 1-19, 1-25, 2-16, 2-19, 2-25, 3-16, 3-19, 3-25, 4-16"
9-19,259,አቡነ ዮሴፍ ብርሃነ ዓለም (የ፲፪ቱ ሐዋርያት መቃብር ከጌታ የተገለጠላቸው ኢትዮዽያዊ),ዮሴፍ ብርሃነ ዓለም,annual,CORRECT,GZ-MEL-111:መልክዐ አቡነ ዮሴፍ በግእዝ | GZ-GDL-029:ገድለ አቡነ ዮሴፍ በግእዝ,AM-MEL-034:የመድኀኔ ዓለም 3ኛ መልክዕ በአማርኛ | AM-MEL-035:የመድኀኔ ዓለም መልክዕ በአማርኛ | GZ-MEL-001:ሐዲስ መልክዐ መድኃኔዓለም በግእዝ | GZ-MEL-027:መልክዐ መድኀኔ ዓለም ሣልስ በግዕዝ | GZ-MEL-028:መልክዐ መድኃኔ ዓለም በግእዝ | GZ-MEL-111:መልክዐ አቡነ ዮሴፍ በግእዝ | GZ-DRS-005:ድርሳነ መድኃኔ ዓለም በግእዝ | AM-DRS-004:ድርሳነ መድኃኔ ዓለም በአማርኛ | GZ-GDL-029:ገድለ አቡነ ዮሴፍ በግእዝ,"1-19, 1-19, 1-27, 1-27, 1-27, 1-27, 1-27, 1-27, 1-27, 2-19"
9-19,259,አቡነ ብስጣውሮስ ዘሐይቅ እስጢፋኖስ (ኢትዮዽያዊ),ብስጣውሮስ ዘሐይቅ እስጢፋኖስ,annual,WRONG_DATE,,AM-MEL-045:የቅዱስ እስጢፋኖስ 2ኛ መልክዕ በአማርኛ | GZ-MEL-016:መልክዐ ሊቀ ሰማዕታት ቅዱስ እስጢፋኖስ በግእዝ | GZ-MEL-017:መልክዐ ሊቀ ሰማዕታት ቅዱስ እስጢፋኖስ ካልእ በግእዝ | AM-GDL-009:ገድለ ቅዱስ እስጢፋኖስ አማርኛ | GZ-GDL-022:ገድለ ቅዱስ እስጢፋኖስ በግእዝ,"1-15, 1-15, 1-15, 1-15, 1-15, 1-17, 1-17, 1-17, 1-17, 1-17"
9-19,259,ቅዱስ ኤስድሮስ ሰማዕት ታላቁ (፯ ጊዜ ሙቶ የተነሳ),ኤስድሮስ ሰማዕት ታላቁ,annual,NO_BOOK,,,
9-19,259,"""፰0፭,00፯"" ሰማዕታት (በአንድ ቀን ብቻ የተገደሉ)","""፰0፭,00፯"" ሰማዕታት",annual,WRONG_DATE,,AM-MEL-065:ጸሎተ መልክዐ ሥቃዩ ለቅዱስ ጊዮርጊስ ሊቀ ሰማዕታት በአማርኛ | AM-MEL-066:ጸሎተ መልክዕ ዘቅዱስ ጊዮርጊስ ሊቀ ሰማዕታት በአማርኛ | AM-MEL-067:ጸሎተ መልክዕ ዘቅዱስ ጊዮርጊስ ሊቀ ሰማዕታት ካልዕ በአማርኛ | AM-SIB-001:ስብሐተ ፍቁር ዘቅዱስ ጊዮርጊስ ሊቀ ሰማዕታት በአማርኛ | GZ-MEL-016:መልክዐ ሊቀ ሰማዕታት ቅዱስ እስጢፋኖስ በግእዝ | GZ-MEL-017:መልክዐ ሊቀ ሰማዕታት ቅዱስ እስጢፋኖስ ካልእ በግእዝ | AM-GDL-010:ገድለ ሰማዕታት በአማርኛ,"1-15, 1-15, 1-17, 1-17, 1-23, 1-23, 1-23, 1-23, 2-17, 2-17"
9-19,259,አባ ይህሳቅ ገዳማዊ,ይህሳቅ ገዳማዊ,annual,NO_BOOK,,,
9-19,259,ቅዱስ ገብርኤል ሊቀ መላእክት,ገብርኤል ሊቀ መላእክት,monthly,CORRECT,AM-MEL-050:የቅዱስ ገብርኤል መልክዕ በአማርኛ | GZ-MEL-013:መልክዐ ሊቀ መላእክት ቅዱስ ገብርኤል በግእዝ | GZ-MEL-014:መልክዐ ሊቀ መላእክት ቅዱስ ገብርኤል ካልዕ (ደቅስዮስ) በግእዝ | AM-DRS-003:ድርሳነ ገብርኤል በአማርኛ | GZ-DRS-010:ድርሳነ ገብርኤል በግእዝ,AM-DIR-001:የሰባቱ ሊቃነ መላእክት ድርሳን በአማርኛ | AM-MEL-038:የቅዱሳን አእላፍ መላእክት 2ኛ መልክዕ በአማርኛ | AM-MEL-050:የቅዱስ ገብርኤል መልክዕ በአማርኛ | GZ-MEL-004:መልክዐ ሊቀ መላእክት ቅዱስ ሚካኤል ሣልስ በግእዝ | GZ-MEL-005:መልክዐ ሊቀ መላእክት ቅዱስ ሚካኤል ካልዕ በግእዝ | GZ-MEL-006:መልክዐ ሊቀ መላእክት ቅዱስ ሩፋኤል በግእዝ | GZ-MEL-007:መልክዐ ሊቀ መላእክት ቅዱስ ራጉኤል በግእዝ | GZ-MEL-008:መልክዐ ሊቀ መላእክት ቅዱስ ሱርያል በግእዝ | GZ-MEL-009:መልክዐ ሊቀ መላእክት ቅዱስ በግእዝ | GZ-MEL-010:መልክዐ ሊቀ መላእክት ቅዱስ አፍኒን በግእዝ | GZ-MEL-011:መልክዐ ሊቀ መላእክት ቅዱስ ዑራኤል በግእዝ | GZ-MEL-012:መልክዐ ሊቀ መላእክት ቅዱስ ዑራኤል ካልእ በግእዝ | GZ-MEL-013:መልክዐ ሊቀ መላእክት ቅዱስ ገብርኤል በግእዝ | GZ-MEL-014:መልክዐ ሊቀ መላእክት ቅዱስ ገብርኤል ካልዕ (ደቅስዮስ) በግእዝ | GZ-MEL-015:መልክዐ ሊቀ መላእክት ቅዱስ ፋኑኤል በግእዝ | GZ-MEL-125:መልክዐ አእላፍ መላእክት በግእዝ | GZ-MEL-126:መልክዐ አእላፍ መላእክት ካልእ በግእዝ | GZ-MEL-165:መልክዐ ሊቀ መላእክት ቅዱስ ሚካኤል ካልዕ በግእ | AM-DRS-003:ድርሳነ ገብርኤል በአማርኛ | GZ-DRS-010:ድርሳነ ገብርኤል በግእዝ,"1-1, 1-3, 1-9, 1-9, 1-9, 1-12, 1-12, 1-12, 1-12, 1-13"
9-19,259,አቡነ ስነ ኢየሱስ,ስነ ኢየሱስ,monthly,WRONG_DATE,,AM-MEL-002:መልክአ ኢየሱስ በአማርኛ | GZ-MEL-130:መልክዐ ኢየሱስ ሞዐ በግእዝ | GZ-MEL-131:መልክዐ ኢየሱስ በግእዝ | GZ-MEL-132:መልክዐ ኢየሱስ ካልዕ በግእዝ | AM-TAM-001:ተአምረ ኢየሱስ በአማርኛ | TI-TAM-001:ተአምረ ኢየሱስ ብትግርኛ | GZ-TAM-002:ተአምረ ኢየሱስ በግእዝ | AM-GDL-026:ገድለ አቡነ ኢየሱስ ሞዐ በአማርኛ,"1-26, 1-26, 1-29, 1-29, 1-29, 1-29, 1-29, 1-29, 2-26, 2-26"
9-20,260,ቅዱስ አፄ ካሌብ (መናኙ ንጉሠ ኢትዮዽያ),አፄ ካሌብ,annual,NO_BOOK,,,
9-20,260,ቅዱስ አሞንዮስ ገዳማዊ (ታላቁ አሞኒ ዘቶና),አሞንዮስ ገዳማዊ,annual,NO_BOOK,,,
9-20,260,ቅድስት ሳድዥ የዋሂት,ሳድዥ የዋሂት,annual,NO_BOOK,,,
9-20,260,አባ ሖር ጻድቅ,ሖር,annual,NO_BOOK,,,
9-20,260,አባ ዳርማ ገዳማዊ,ዳርማ ገዳማዊ,annual,NO_BOOK,,,
9-20,260,ቅዱስ ዘካርያስ አንጾኪያዊ,ዘካርያስ አንጾኪያዊ,annual,NO_BOOK,,,
9-20,260,አባ ዘትረ ወንጌል ዘደብረ ሊባኖስ,ዘትረ ወንጌል ዘደብረ ሊባኖስ,annual,WRONG_DATE,,AM-MEL-053:የአቡነ ሊባኖስ 2ኛ መልክዕ በአማርኛ | GZ-MEL-018:መልክዐ ሊባኖስ በግእዝ | GZ-MEL-074:መልክዐ አቡነ ሊባኖስ ካልእ በግእዝ | GZ-GDL-001:ገድለ አቡነ ፊልጶስ ዘደብረ ሊባኖስ በግእዝ,"1-3, 1-3, 1-3, 2-3, 2-3, 2-3, 3-3, 3-3, 3-3, 4-3"
9-20,260,ቅዱስ ቴዎድሮስ ሊቀ ሠራዊት (ሰማዕት),ቴዎድሮስ ሊቀ ሠራዊት,monthly,CORRECT,GZ-MEL-040:መልክዐ ሰማዕት ቅዱስ ቴዎድሮስ በግእዝ | GZ-GDL-030:ገድለ ቅዱስ ቴዎድሮስ በግእዝ | GZ-GDL-031:ገድለ ሰማዕት ቅዱስ ቴዎድሮስ በግእዝ | AM-GDL-030:ገድለ ሰማዕት ቅዱስ ቴዎድሮስ በአማርኛ,GZ-MEL-040:መልክዐ ሰማዕት ቅዱስ ቴዎድሮስ በግእዝ | GZ-GDL-030:ገድለ ቅዱስ ቴዎድሮስ በግእዝ | GZ-GDL-031:ገድለ ሰማዕት ቅዱስ ቴዎድሮስ በግእዝ | AM-GDL-030:ገድለ ሰማዕት ቅዱስ ቴዎድሮስ በአማርኛ,"1-12, 1-12, 1-12, 1-12, 1-20, 1-20, 1-20, 1-20, 2-12, 2-12"
9-20,260,ቅዱስ ዮሐንስ ሐፂር,ዮሐንስ ሐፂር,monthly,WRONG_DATE,,AM-MEL-016:መልክዐ ቅዱስ ዮሐንስ ወንጌላዊ በአማርኛ | AM-MEL-020:መልክዐ አቡነ ዕጨጌ ዮሐንስ በአማርኛ | AM-MEL-021:መልክዐ አቡነ ዮሐንስ ጻድቅ በአማርኛ | AM-MEL-047:የቅዱስ ዮሐንስ 2ኛ መልክዕ በአማርኛ | AM-MEL-048:የቅዱስ ዮሐንስ መጥምቅ መልክዕ በአማርኛ | GZ-MEL-060:መልክዐ ቅዱስ ዮሐንስ መጥምቅ በግእዝ | GZ-MEL-061:መልክዐ ቅዱስ ዮሐንስ ካልእ በግእዝ | GZ-MEL-062:መልክዐ ቅዱስ ዮሐንስ ወንጌላዊ በግእዝ | GZ-MEL-104:መልክዐ አቡነ ዕጨጌ ዮሐንስ በግእዝ | GZ-MEL-109:መልክዐ አቡነ ዮሐንስ ከማ በግእዝ | GZ-MEL-110:መልክዐ አቡነ ዮሐንስ ዘድብረ ዳጋ በግእዝ | GZ-MEL-149:መልክዐ ዮሐንስ ወልደ ነጎድጓድ በግእዝ | GZ-MEL-150:መልክዐ ዮሐንስ ፍቁረ እግዚእ በግእዝ | AM-GDL-013:የቅዱስ ዮሐንስ ገድል በአማርኛ | GZ-GDL-018:ገድለ አቡነ ዮሐንስ በግእዝ | AM-GDL-027:ገድለ አቡነ እጨጌ ዮሐንስ ዘጸገሮ በአማርኛ,"1-1, 1-1, 1-2, 1-2, 1-4, 1-4, 1-4, 1-4, 1-4, 1-4"
9-20,260,ቅዱስ አክሎግ ቀሲስ,አክሎግ ቀሲስ,monthly,NO_BOOK,,,
9-21,261,ቅድስት ደብረ ምጥማቅ (የእመቤታችን መገለጥ),ደብረ ምጥማቅ,annual,WRONG_DATE,,GZ-MEL-076:መልክዐ አቡነ መርቆሬዎስ ዘደብረ ድማኅ በግእዝ | GZ-MEL-080:መልክዐ አቡነ ማቴዎስ ዘደብረ በርበሬ በግእዝ | GZ-MEL-081:መልክዐ አቡነ ማቴዎስ ዘደብረ በርበሬ በግእዝ ካልእ | GZ-MEL-088:መልክዐ አቡነ ቡሩከ አምላክ ዘደብረ ኮል በግእዝ | GZ-MEL-089:መልክዐ አቡነ ብፁዓ አምላክ ዘደብረ ምዕዋን ወዘደብረ ኰዳዱ በግእዝ | GZ-MEL-099:መልክዐ አቡነ አብሳዲ ዘደብረ ማርያም በግእዝ | GZ-MEL-102:መልክዐ አቡነ እንድርያስ ዘደብረ ስኂን (ፅፉን) በግእዝ | GZ-MEL-103:መልክዐ አቡነ እንድርያስ ዘደብረ ጽጌ በግእዝ | GZ-MEL-107:መልክዐ አቡነ የሐንስ ዘደብረ ቢዘን በግእዝ | GZ-MEL-113:መልክዐ አቡነ ዮናስ ዘደብረ ድኁኃን ዘደብረ ጽጌ ወዘደብረ ጽዮን በግእዝ | GZ-MEL-120:መልክዐ አቡነ ፊልጶስ ዘደብረ ቢዘን በግእዝ | GZ-GDL-001:ገድለ አቡነ ፊልጶስ ዘደብረ ሊባኖስ በግእዝ,"1-13, 1-30, 2-13, 3-13, 3-13, 3-17, 4-1, 4-13, 4-16, 5-13"
9-21,261,አባ መርትያኖስ ጻድቅ (በዝሙት ላለመሰናከል እግራቸውን በእሳት ያቃጠሉ አባት),መርትያኖስ ጻድቅ,annual,WRONG_DATE,,AM-MEL-003:መልክዐ ለአቡነ አቢብ ጻድቅ በአማርኛ | AM-MEL-021:መልክዐ አቡነ ዮሐንስ ጻድቅ በአማርኛ | AM-MEL-060:የአቡነ አባለ ክርስቶስ ጻድቅ መልክዕ በአማርኛ,"1-16, 1-25, 2-16, 2-25, 3-16, 3-25, 4-16, 4-19, 4-25, 5-16"
9-21,261,ቅዱስ አሮን ሶርያዊ,አሮን ሶርያዊ,annual,WRONG_DATE,,GZ-MEL-128:መልክዐ አᎄነ አሮን መንክራዌ በግእዝ | GZ-GDL-024:ገድለ አቡነ አሮን መንክራዊ ግእዝ | AM-GDL-028:ገድለ አቡነ አሮን መንክራዊ በአማርኛ,"1-5, 1-5, 1-5, 2-5, 2-5, 2-5, 3-5, 3-5, 3-5, 4-5"
9-21,261,ቅዱስ አሞጽ ነቢይ,አሞጽ,annual,NO_BOOK,,,
9-21,261,አበው ጎርጎርዮሳት,አበው ጎርጎርዮሳት,monthly,WRONG_DATE,,AM-ZNA-002:ዜና አበው በአማርኛ,"3-4, 5-26"
9-21,261,አቡነ ምዕመነ ድንግል,ምዕመነ ድንግል,monthly,WRONG_DATE,,AM-MEL-019:መልክዐ አቡነ ሐራ ድንግል በአማርኛ | GZ-MEL-021:መልክዐ ሐራ ድንግል በግእዝ,"1-11, 1-11, 2-11, 2-11, 3-11, 3-11, 4-11, 4-11, 5-11, 5-11"
9-21,261,አቡነ አምደ ሥላሴ,አምደ ሥላሴ,monthly,WRONG_DATE,,AM-MEL-010:መልክዐ ሥላሴ በአማርኛ | AM-SEY-002:ሰይፈ ሥላሴ በአማርኛ | GZ-HIB-001:ኅብረ ሥላሴ በግእዝ | GZ-MEL-035:መልክዐ ሥላሴ በግእዝ | GZ-MEL-077:መልክዐ አቡነ መዝገበ ሥላሴ በግእዝ | GZ-SEY-002:ሰይፈ ሥላሴ በግእዝ | AM-ZNA-001:ዜና ሥላሴ በአማርኛ | GZ-ZNA-004:ዜና ሥላሴ በግእዝ | GZ-TAM-003:ተአምራቲሆሙ ለሥላሴ,"None-None, None-None, None-None, None-None, None-None, None-None, None-None, 1-7, 2-7, 2-9"
9-22,262,ቅዱስ እንድራኒቆስ ሐዋርያ (ከ፯፪ቱ አርድእት),እንድራኒቆስ ሐዋርያ,annual,WRONG_DATE,,AM-MEL-033:የሐዋርያው የቅዱስ ታዴዎስ መልክዕ በአማርኛ | AM-MEL-046:የቅዱስ እንድርያስ ሐዋርያ መልክዕ በአማርኛ | GZ-MEL-023:መልክዐ ሐዋርያት በግእዝ | GZ-MEL-137:መልክዐ እንድርያስ ሐዋርያ በግእዝ | GZ-GDL-017:ገድለ አቡነ ተክለ ሐዋርያት በግእዝ | GZ-GDL-032:መጽሐፈ ገድለ ቅዱሳን ሐዋርያት በግእዝ | AM-ZNA-003:ዜና ሐዋርያት በአማርኛ,"1-2, 1-4, 1-4, 2-2, 2-4, 2-4, 3-2, 3-4, 3-4, 3-27"
9-22,262,ቅዱስ ያዕቆብ ምሥራቃዊ ( ለክርስቶስ የታመነ),ያዕቆብ ምሥራቃዊ,annual,WRONG_DATE,,AM-MEL-022:መልክዐ አብርሃም ይሥሐቅ ያዕቆብ በአማርኛ | GZ-MEL-124:መልክዐ አብርሃም ይሥሐቅ ወያዕቆብ በግእዝ,"1-28, 1-28, 2-28, 2-28, 3-28, 3-28, 4-28, 4-28, 5-28, 5-28"
9-22,262,ቅዱስ ዑራኤል ሊቀ መላእክት,ዑራኤል ሊቀ መላእክት,monthly,CORRECT,GZ-MEL-011:መልክዐ ሊቀ መላእክት ቅዱስ ዑራኤል በግእዝ | GZ-MEL-012:መልክዐ ሊቀ መላእክት ቅዱስ ዑራኤል ካልእ በግእዝ | GZ-DRS-001:ድርሳነ ዑራኤል በግእዝ | AM-DRS-006:ድርሳነ ዑራኤል በአማርኛ,AM-DIR-001:የሰባቱ ሊቃነ መላእክት ድርሳን በአማርኛ | AM-MEL-038:የቅዱሳን አእላፍ መላእክት 2ኛ መልክዕ በአማርኛ | GZ-MEL-004:መልክዐ ሊቀ መላእክት ቅዱስ ሚካኤል ሣልስ በግእዝ | GZ-MEL-005:መልክዐ ሊቀ መላእክት ቅዱስ ሚካኤል ካልዕ በግእዝ | GZ-MEL-006:መልክዐ ሊቀ መላእክት ቅዱስ ሩፋኤል በግእዝ | GZ-MEL-007:መልክዐ ሊቀ መላእክት ቅዱስ ራጉኤል በግእዝ | GZ-MEL-008:መልክዐ ሊቀ መላእክት ቅዱስ ሱርያል በግእዝ | GZ-MEL-009:መልክዐ ሊቀ መላእክት ቅዱስ በግእዝ | GZ-MEL-010:መልክዐ ሊቀ መላእክት ቅዱስ አፍኒን በግእዝ | GZ-MEL-011:መልክዐ ሊቀ መላእክት ቅዱስ ዑራኤል በግእዝ | GZ-MEL-012:መልክዐ ሊቀ መላእክት ቅዱስ ዑራኤል ካልእ በግእዝ | GZ-MEL-013:መልክዐ ሊቀ መላእክት ቅዱስ ገብርኤል በግእዝ | GZ-MEL-014:መልክዐ ሊቀ መላእክት ቅዱስ ገብርኤል ካልዕ (ደቅስዮስ) በግእዝ | GZ-MEL-015:መልክዐ ሊቀ መላእክት ቅዱስ ፋኑኤል በግእዝ | GZ-MEL-125:መልክዐ አእላፍ መላእክት በግእዝ | GZ-MEL-126:መልክዐ አእላፍ መላእክት ካልእ በግእዝ | GZ-MEL-165:መልክዐ ሊቀ መላእክት ቅዱስ ሚካኤል ካልዕ በግእ | GZ-DRS-001:ድርሳነ ዑራኤል በግእዝ | AM-DRS-006:ድርሳነ ዑራኤል በአማርኛ,"1-1, 1-3, 1-9, 1-9, 1-9, 1-12, 1-12, 1-12, 1-12, 1-13"
9-22,262,ቅዱስ ሉቃስ ወንጌላዊ,ሉቃስ ወንጌላዊ,monthly,WRONG_DATE,,AM-MEL-016:መልክዐ ቅዱስ ዮሐንስ ወንጌላዊ በአማርኛ | GZ-MEL-062:መልክዐ ቅዱስ ዮሐንስ ወንጌላዊ በግእዝ,"1-4, 1-4, 1-29, 1-29, 2-4, 2-4, 3-4, 3-4, 4-4, 4-4"
9-22,262,ቅዱስ ደቅስዮስ (የእመቤታችን ወዳጅ),ደቅስዮስ,monthly,WRONG_DATE,,GZ-MEL-014:መልክዐ ሊቀ መላእክት ቅዱስ ገብርኤል ካልዕ (ደቅስዮስ) በግእዝ,"1-19, 2-19, 3-19, 4-19, 4-22, 5-19, 6-19, 7-19, 7-30, 8-19"
9-22,262,አባ እንጦንዮስ (አበ መነኮሳት),እንጦንዮስ,monthly,WRONG_DATE,,GZ-MEL-138:መልክዐ እንጦንዮስ በግእዝ,"5-22, 7-6, 11-22"
9-22,262,አባ ዻውሊ የዋህ,ዻውሊ የዋህ,monthly,NO_BOOK,,,
9-23,263,ቅዱስ ዮልዮስ (ዮልያን) ሐዋርያ (ከ፯፪ቱ አርድእት),ዮልዮስ  ሐዋርያ,annual,WRONG_DATE,,AM-MEL-033:የሐዋርያው የቅዱስ ታዴዎስ መልክዕ በአማርኛ | AM-MEL-046:የቅዱስ እንድርያስ ሐዋርያ መልክዕ በአማርኛ | GZ-MEL-023:መልክዐ ሐዋርያት በግእዝ | GZ-MEL-137:መልክዐ እንድርያስ ሐዋርያ በግእዝ | GZ-GDL-017:ገድለ አቡነ ተክለ ሐዋርያት በግእዝ | GZ-GDL-032:መጽሐፈ ገድለ ቅዱሳን ሐዋርያት በግእዝ | AM-ZNA-003:ዜና ሐዋርያት በአማርኛ,"1-2, 1-4, 1-4, 2-2, 2-4, 2-4, 3-2, 3-4, 3-4, 3-27"
9-23,263,ቅዱስ አፍሮዲጡ ሐዋርያ (ከ፯፪ቱ አርድእት),አፍሮዲጡ ሐዋርያ,annual,WRONG_DATE,,AM-MEL-033:የሐዋርያው የቅዱስ ታዴዎስ መልክዕ በአማርኛ | AM-MEL-046:የቅዱስ እንድርያስ ሐዋርያ መልክዕ በአማርኛ | GZ-MEL-023:መልክዐ ሐዋርያት በግእዝ | GZ-MEL-137:መልክዐ እንድርያስ ሐዋርያ በግእዝ | GZ-GDL-017:ገድለ አቡነ ተክለ ሐዋርያት በግእዝ | GZ-GDL-032:መጽሐፈ ገድለ ቅዱሳን ሐዋርያት በግእዝ | AM-ZNA-003:ዜና ሐዋርያት በአማርኛ,"1-2, 1-4, 1-4, 2-2, 2-4, 2-4, 3-2, 3-4, 3-4, 3-27"
9-23,263,ቅዱሱ ሕጻን ሰማዕት,ቅዱሱ ሕጻን,annual,NO_BOOK,,,
9-23,263,አባ አንስያ ሰማዕት,አንስያ,annual,NO_BOOK,,,
9-23,263,ቅዱስ ታኦድራጦስ,ታኦድራጦስ,annual,NO_BOOK,,,
9-23,263,ልበ አምላክ ቅዱስ ዳዊት,ልበ አምላክ ቅዱስ ዳዊት,monthly,CORRECT,AM-MEL-049:የቅዱስ ዳዊት መልክዕ በአማርኛ | GZ-MEL-064:መልክዐ ቅዱስ ዳዊት በግእዝ,AM-MEL-049:የቅዱስ ዳዊት መልክዕ በአማርኛ | AM-MZM-001:መዝሙረ ዳዊት በአማርኛ | AM-WUD-003:ውዳሴ አምላክ በአማርኛ | GZ-MEL-064:መልክዐ ቅዱስ ዳዊት በግእዝ | GZ-MEL-088:መልክዐ አቡነ ቡሩከ አምላክ ዘደብረ ኮል በግእዝ | GZ-MEL-089:መልክዐ አቡነ ብፁዓ አምላክ ዘደብረ ምዕዋን ወዘደብረ ኰዳዱ በግእዝ | GZ-MZM-004:መዝሙረ ዳዊት በግእዝ | TI-MZM-001:መዝሙረ ዳዊት ብትግርኛ | TI-WUD-002:ውዳሴ አምላክ ብትግርኛ,"None-None, None-None, None-None, None-None, None-None, 1-23, 1-23, 2-23, 2-23, 3-23"
9-23,263,ቅዱስ ጊዮርጊስ ሊቀ ሰማዕታት,ጊዮርጊስ ሊቀ ሰማዕታት,monthly,CORRECT,AM-MEL-065:ጸሎተ መልክዐ ሥቃዩ ለቅዱስ ጊዮርጊስ ሊቀ ሰማዕታት በአማርኛ | AM-MEL-066:ጸሎተ መልክዕ ዘቅዱስ ጊዮርጊስ ሊቀ ሰማዕታት በአማርኛ | AM-MEL-067:ጸሎተ መልክዕ ዘቅዱስ ጊዮርጊስ ሊቀ ሰማዕታት ካልዕ በአማርኛ | AM-SIB-001:ስብሐተ ፍቁር ዘቅዱስ ጊዮርጊስ ሊቀ ሰማዕታት በአማርኛ,AM-MEL-065:ጸሎተ መልክዐ ሥቃዩ ለቅዱስ ጊዮርጊስ ሊቀ ሰማዕታት በአማርኛ | AM-MEL-066:ጸሎተ መልክዕ ዘቅዱስ ጊዮርጊስ ሊቀ ሰማዕታት በአማርኛ | AM-MEL-067:ጸሎተ መልክዕ ዘቅዱስ ጊዮርጊስ ሊቀ ሰማዕታት ካልዕ በአማርኛ | AM-SIB-001:ስብሐተ ፍቁር ዘቅዱስ ጊዮርጊስ ሊቀ ሰማዕታት በአማርኛ,"1-23, 1-23, 1-23, 1-23, 2-23, 2-23, 2-23, 2-23, 3-7, 3-7"
9-23,263,ቅዱስ ሰሎሞን ንጉሠ እስራኤል,ሰሎሞን ንጉሠ እስራኤል,monthly,WRONG_DATE,,GZ-TBB-001:ጥበበ ሰሎሞን በግእዝ,
9-23,263,አባ ጢሞቴዎስ ገዳማዊ,ጢሞቴዎስ ገዳማዊ,monthly,NO_BOOK,,,
9-23,263,አባ ሳሙኤል,ሳሙኤል,monthly,WRONG_DATE,,AM-MEL-054:የአቡነ ሳሙኤል ዘዋልድባ መልክዕ በአማርኛ | AM-MEL-055:የአቡነ ሳሙኤል ዘዋልድባ ኹለተኛ መልክዕ በአማርኛ | GZ-MEL-084:መልክዐ አቡነ ሳሙኤል በግእዝ ሣልስ በግእዝ | GZ-MEL-085:መልክዐ አቡነ ሳሙኤል ዘዋልድባ በግእዝ | GZ-MEL-086:መልክዐ አቡነ ሳሙኤል ዘዋልድባ ካልዕ በግእዝ,"1-12, 1-12, 1-12, 1-12, 1-12, 2-12, 2-12, 2-12, 2-12, 2-12"
9-23,263,አባ ስምዖን,ስምዖን,monthly,NO_BOOK,,,
9-23,263,አባ ገብርኤል,ገብርኤል,monthly,WRONG_DATE,,AM-MEL-050:የቅዱስ ገብርኤል መልክዕ በአማርኛ | GZ-MEL-013:መልክዐ ሊቀ መላእክት ቅዱስ ገብርኤል በግእዝ | GZ-MEL-014:መልክዐ ሊቀ መላእክት ቅዱስ ገብርኤል ካልዕ (ደቅስዮስ) በግእዝ | AM-DRS-003:ድርሳነ ገብርኤል በአማርኛ | GZ-DRS-010:ድርሳነ ገብርኤል በግእዝ,"1-19, 1-19, 1-19, 1-19, 1-19, 2-19, 2-19, 2-19, 2-19, 2-19"
9-24,264,ቅዱስ ዕንባቆም ነቢይ,ዕንባቆም,annual,NO_BOOK,,,
9-24,264,ቅዱስ ዮሴፍ አረጋዊና ቅድስት ሰሎሜ,ዮሴፍ አረጋዊና ቅድስት ሰሎሜ,annual,WRONG_DATE,,GZ-MEL-111:መልክዐ አቡነ ዮሴፍ በግእዝ | GZ-GDL-029:ገድለ አቡነ ዮሴፍ በግእዝ,"1-19, 1-19, 2-19, 2-19, 3-19, 3-19, 4-19, 4-19, 5-19, 5-19"
9-24,264,ቅዱስ አብቁልታ ሰማዕት,አብቁልታ,annual,NO_BOOK,,,
9-24,264,ቅዱስ አልዓዛር ካህን (የአሮን ልጅ),አልዓዛር ካህን,annual,NO_BOOK,,,
9-24,264,ቅዱስ አቡነ ተክለ ሃይማኖት,ተክለ ሃይማኖት,monthly,CORRECT,AM-MEL-057:የአቡነ ተክለ ሃይማኖት 2ኛ መልክዕ በአማርኛ | AM-MEL-058:የአቡነ ተክለ ሃይማኖት መልክዕ በአማርኛ | GZ-MEL-068:መልክዐ ተክለ ሃይማኖት በግእዝ | GZ-MEL-069:መልክዐ ተክለ ሃይማኖት ካልእ በግእዝ | GZ-MEL-092:መልክዐ አቡነ ተክለ ሃይማኖት በግእዝ | AM-GDL-004:ገድለ ተክለ ሃይማኖት በአማርኛ,AM-MEL-057:የአቡነ ተክለ ሃይማኖት 2ኛ መልክዕ በአማርኛ | AM-MEL-058:የአቡነ ተክለ ሃይማኖት መልክዕ በአማርኛ | GZ-MEL-068:መልክዐ ተክለ ሃይማኖት በግእዝ | GZ-MEL-069:መልክዐ ተክለ ሃይማኖት ካልእ በግእዝ | GZ-MEL-092:መልክዐ አቡነ ተክለ ሃይማኖት በግእዝ | AM-GDL-004:ገድለ ተክለ ሃይማኖት በአማርኛ,"1-24, 1-24, 1-24, 1-24, 1-24, 1-24, 2-24, 2-24, 2-24, 2-24"
9-24,264,ቅዱስ አጋቢጦስ (ጻድቅ ኤዺስቆዾስ),አጋቢጦስ,monthly,NO_BOOK,,,
9-24,264,ቅድስት ክርስቶስ ሠምራ,ክርስቶስ ሠምራ,monthly,CORRECT,GZ-MEL-143:መልክዐ ክርስቶስ ሠምራ በግእዝ | AM-GDL-005:ገድለ ቅድስት ክርስቶስ ሠምራ በአማርኛ | GZ-GDL-019:ገድለ ቅድስት ክርስቶስ ሠምራ በግእዝ,GZ-MEL-143:መልክዐ ክርስቶስ ሠምራ በግእዝ | AM-GDL-005:ገድለ ቅድስት ክርስቶስ ሠምራ በአማርኛ | GZ-GDL-019:ገድለ ቅድስት ክርስቶስ ሠምራ በግእዝ,"1-24, 1-24, 1-24, 2-24, 2-24, 2-24, 3-24, 3-24, 3-24, 4-24"
9-24,264,ቅዱስ ሙሴ ፀሊም,ሙሴ ፀሊም,monthly,NO_BOOK,,,
9-24,264,ቅዱስ ቶማስ ዘመርዐስ,ቶማስ ዘመርዐስ,monthly,WRONG_DATE,,GZ-MEL-094:መልክዐ አቡነ ቶማስ ዘዘናቁዴ በግእዝ,3-3
9-24,264,ቅዱስ አብላርዮስ ታላቁ,አብላርዮስ ታላቁ,monthly,NO_BOOK,,,
9-24,264,"""፳፬ቱ"" ካኅናተ ሰማይ (ሱራፌል)","""፳፬ቱ"" ካኅናተ ሰማይ",monthly,CORRECT,GZ-MEL-142:መልክዐ ካህናተ ሰማይ በግእዝ,AM-MEN-001:መንገደ ሰማይ በአማርኛ | AM-ETA-001:በሰማይ ወበምድር በአማርኛ | GZ-ETA-001:እትአመነኪ ማርያም በሰማይ ወበምድር በግእዝ | GZ-MEL-142:መልክዐ ካህናተ ሰማይ በግእዝ,"None-None, 1-21, 1-24, 2-21, 2-24, 3-21, 3-24, 4-21, 4-24, 5-21"
9-24,264,አቡነ ዘዮሐንስ ጻድቅ (ኢትዮዽያዊ),ዘዮሐንስ ጻድቅ,monthly,WRONG_DATE,,AM-MEL-003:መልክዐ ለአቡነ አቢብ ጻድቅ በአማርኛ | AM-MEL-021:መልክዐ አቡነ ዮሐንስ ጻድቅ በአማርኛ | AM-MEL-060:የአቡነ አባለ ክርስቶስ ጻድቅ መልክዕ በአማርኛ,"1-16, 1-25, 2-16, 2-25, 3-16, 3-25, 4-16, 4-19, 4-25, 5-16"
9-25,265,እናታችን ቅድስት ሰሎሜ (ከ፫፮ቱ ቅዱሳት አንስት),እናታችን ቅድስት ሰሎሜ,annual,NO_BOOK,,,
9-25,265,ታላቁ አባ ሔሮዳ ሰማዕት,ታላቁ አባ ሔሮዳ,annual,NO_BOOK,,,
9-25,265,"""፴,000"" ሰማዕታት (የአባ ሔሮዳ ማሕበር)","""፴,000"" ሰማዕታት",annual,WRONG_DATE,,AM-MEL-065:ጸሎተ መልክዐ ሥቃዩ ለቅዱስ ጊዮርጊስ ሊቀ ሰማዕታት በአማርኛ | AM-MEL-066:ጸሎተ መልክዕ ዘቅዱስ ጊዮርጊስ ሊቀ ሰማዕታት በአማርኛ | AM-MEL-067:ጸሎተ መልክዕ ዘቅዱስ ጊዮርጊስ ሊቀ ሰማዕታት ካልዕ በአማርኛ | AM-SIB-001:ስብሐተ ፍቁር ዘቅዱስ ጊዮርጊስ ሊቀ ሰማዕታት በአማርኛ | GZ-MEL-016:መልክዐ ሊቀ ሰማዕታት ቅዱስ እስጢፋኖስ በግእዝ | GZ-MEL-017:መልክዐ ሊቀ ሰማዕታት ቅዱስ እስጢፋኖስ ካልእ በግእዝ | AM-GDL-010:ገድለ ሰማዕታት በአማርኛ,"1-15, 1-15, 1-17, 1-17, 1-23, 1-23, 1-23, 1-23, 2-17, 2-17"
9-25,265,ቅዱስ አብቁልታ ሰማዕት,አብቁልታ,annual,NO_BOOK,,,
9-25,265,ቅዱስ ቅብዐ ሜሮን,ቅብዐ ሜሮን,annual,NO_BOOK,,,
9-25,265,ቅዱስ መርቆሬዎስ ሰማዕት,መርቆሬዎስ,monthly,CORRECT,GZ-MEL-039:መልክዐ ሰማዕት ቅዱስ መርቆሬዎስ በግእዝ | GZ-GDL-002:ገድለ ሰማዕት ቅዱስ መርቆሬዎስ በግእዝ | AM-GDL-015:ገድለ ሰማዕት ቅዱስ መርቆሬዎስ በአማርኛ,GZ-MEL-039:መልክዐ ሰማዕት ቅዱስ መርቆሬዎስ በግእዝ | GZ-MEL-076:መልክዐ አቡነ መርቆሬዎስ ዘደብረ ድማኅ በግእዝ | GZ-GDL-002:ገድለ ሰማዕት ቅዱስ መርቆሬዎስ በግእዝ | AM-GDL-015:ገድለ ሰማዕት ቅዱስ መርቆሬዎስ በአማርኛ,"1-25, 1-25, 1-25, 2-25, 2-25, 2-25, 3-25, 3-25, 3-25, 4-16"
9-25,265,ቅድስት ቴክላ ሐዋርያዊት,ቴክላ ሐዋርያዊት,monthly,NO_BOOK,,,
9-25,265,ቅዱስ አበከረዙን ሰማዕት,አበከረዙን,monthly,NO_BOOK,,,
9-25,265,ቅዱስ ዱማድዮስ ሶርያዊ,ዱማድዮስ ሶርያዊ,monthly,NO_BOOK,,,
9-25,265,አቡነ አቢብ (አባ ቡላ),አቢብ,monthly,CORRECT,AM-MEL-003:መልክዐ ለአቡነ አቢብ ጻድቅ በአማርኛ | AM-MEL-059:የአቡነ አቢብ መልክዕ በአማርኛ | GZ-MEL-095:መልክዐ አቡነ አቢብ በግእዝ | AM-GDL-024:ገድለ ቅዱስ አቡነ አቢብ በአማርኛ,AM-MEL-003:መልክዐ ለአቡነ አቢብ ጻድቅ በአማርኛ | AM-MEL-059:የአቡነ አቢብ መልክዕ በአማርኛ | GZ-MEL-095:መልክዐ አቡነ አቢብ በግእዝ | AM-GDL-024:ገድለ ቅዱስ አቡነ አቢብ በአማርኛ,"1-25, 1-25, 1-25, 1-25, 2-25, 2-25, 2-25, 2-25, 3-25, 3-25"
9-25,265,ቅዱስ አባ አቡፋና ጻድቅ,አቡፋና,monthly,NO_BOOK,,,
9-26,266,ቅዱስ ቶማስ ሐዋርያ (ከ፲፪ቱ ሐዋርያት),ቶማስ ሐዋርያ,annual,WRONG_DATE,,AM-MEL-033:የሐዋርያው የቅዱስ ታዴዎስ መልክዕ በአማርኛ | AM-MEL-046:የቅዱስ እንድርያስ ሐዋርያ መልክዕ በአማርኛ | GZ-MEL-023:መልክዐ ሐዋርያት በግእዝ | GZ-MEL-094:መልክዐ አቡነ ቶማስ ዘዘናቁዴ በግእዝ | GZ-MEL-137:መልክዐ እንድርያስ ሐዋርያ በግእዝ | GZ-GDL-017:ገድለ አቡነ ተክለ ሐዋርያት በግእዝ | GZ-GDL-032:መጽሐፈ ገድለ ቅዱሳን ሐዋርያት በግእዝ | AM-ZNA-003:ዜና ሐዋርያት በአማርኛ,"1-2, 1-4, 1-4, 2-2, 2-4, 2-4, 3-2, 3-3, 3-4, 3-4"
9-26,266,ቅድስት አርሶንያ (የቅዱስ ቶማስ ተከታይ),አርሶንያ,annual,NO_BOOK,,,
9-26,266,አቡነ ሐብተ ማርያም ጻድቅ,ሐብተ ማርያም,annual,WRONG_DATE,,AM-LAH-001:ላሐ ማርያም በአማርኛ | AM-MEL-008:መልክዐ ማርያም ሣልሲት በአማርኛ | AM-MEL-009:መልክዐ ማርያም በአማርኛ | AM-MEL-017:መልክዐ ቅድስት ጸበለ ማርያም በአማርኛ | AM-MEL-064:የጽዮን ማርያም 3ኛ መልክዕ በአማርኛ | AM-RAY-001:ራዕየ ማርያም በአማርኛ | AM-WUD-002:ውዳሴ ማርያም በአማርኛ | GZ-ETA-001:እትአመነኪ ማርያም በሰማይ ወበምድር በግእዝ | GZ-LAH-001:ላሐ ማርያም በግእዝ | GZ-MEL-002:መልከዐ ማርያም ዳግሚት በግእዝ | GZ-MEL-031:መልክዐ ማርያም ሣልሲት በግእዝ | GZ-MEL-032:መልክዐ ማርያም በግእዝ | GZ-MEL-070:መልክዐ ተክለ ማርያም ዘይሰመይ መብዓ ጽዮን በግእዝ | GZ-MEL-099:መልክዐ አቡነ አብሳዲ ዘደብረ ማርያም በግእዝ | GZ-MEL-159:መልክዐ ጸበለ ማርያም ቅድስት በግእዝ | GZ-MEL-161:መልክዐ ጽዮን ማርያም ሣልስ በግእዝ | GZ-WUD-002:ውዳሴ ማርያም በግእዝ | TI-RAY-001:ራእየ ማርያም ብትግርኛ | TI-WUD-001:ውዳሴ ማርያም ብትግርኛ | AM-GDL-002:ገድለ ማርያም እንተ ዕፍረት በአማርኛ | GZ-TAM-001:ተአምረ ማርያም በግእዝ | AM-GDL-003:ገድለ ማርያም መግደላዊት በአማርኛ | GZ-MTS-001:መጽሐፈ ልደታ ለማርያም በግእዝ | AM-TAM-002:ተአምረ ማርያም በአማርኛ,"None-None, None-None, None-None, 1-1, 1-21, 1-21, 1-21, 1-21, 1-21, 1-21"
9-26,266,አቡነ ኢየሱስ ሞዐ ዘሐይቅ,ኢየሱስ ሞዐ ዘሐይቅ,monthly,CORRECT,GZ-MEL-130:መልክዐ ኢየሱስ ሞዐ በግእዝ | AM-GDL-026:ገድለ አቡነ ኢየሱስ ሞዐ በአማርኛ,AM-MEL-002:መልክአ ኢየሱስ በአማርኛ | GZ-MEL-130:መልክዐ ኢየሱስ ሞዐ በግእዝ | GZ-MEL-131:መልክዐ ኢየሱስ በግእዝ | GZ-MEL-132:መልክዐ ኢየሱስ ካልዕ በግእዝ | AM-TAM-001:ተአምረ ኢየሱስ በአማርኛ | TI-TAM-001:ተአምረ ኢየሱስ ብትግርኛ | GZ-TAM-002:ተአምረ ኢየሱስ በግእዝ | AM-GDL-026:ገድለ አቡነ ኢየሱስ ሞዐ በአማርኛ,"1-26, 1-26, 1-29, 1-29, 1-29, 1-29, 1-29, 1-29, 2-26, 2-26"
9-26,266,ቅዱሳን ሰማዕታተ ናግራን,ሰማዕታተ ናግራን,monthly,NO_BOOK,,,
9-26,266,አቡነ ሰላማ ከሣቴ ብርሃን,ሰላማ ከሣቴ ብርሃን,monthly,WRONG_DATE,,AM-KOH-001:ኆኅተ ብርሃን በአማርኛ | AM-MEL-056:የአቡነ ተከስተ ብርሃን መልክዕ በአማርኛ | GZ-KOH-001:ኆኅተ ብርሃን በግእዝ | GZ-MEL-038:መልክዐ ሰላማ በግእዝ | GZ-MEL-091:መልክዐ አቡነ ተከስተ ብርሃን በግእዝ,"None-None, None-None, 4-18, 7-10, 7-10, 11-26"
9-27,267,ቅዱሳን ሐዋርያት ወአርድእት,ሐዋርያት ወአርድእት,annual,WRONG_DATE,,GZ-MEL-023:መልክዐ ሐዋርያት በግእዝ | GZ-GDL-017:ገድለ አቡነ ተክለ ሐዋርያት በግእዝ | GZ-GDL-032:መጽሐፈ ገድለ ቅዱሳን ሐዋርያት በግእዝ | AM-ZNA-003:ዜና ሐዋርያት በአማርኛ,"3-27, 11-5, 11-5, 11-5, 12-15, 12-15, 12-15"
9-27,267,ቅዱስ አልዓዛር ጻድቅ ሐዋርያ,አልዓዛር,annual,NO_BOOK,,,
9-27,267,ቅዱሳት ደናግል ማርያ ወማርታ,ቅዱሳት ደናግል ማርያ ወማርታ,annual,NO_BOOK,,,
9-27,267,አባ ዮሐንስ ሊቀ ዻዻሳት,ዮሐንስ ሊቀ ዻዻሳት,annual,WRONG_DATE,,AM-MEL-016:መልክዐ ቅዱስ ዮሐንስ ወንጌላዊ በአማርኛ | AM-MEL-020:መልክዐ አቡነ ዕጨጌ ዮሐንስ በአማርኛ | AM-MEL-021:መልክዐ አቡነ ዮሐንስ ጻድቅ በአማርኛ | AM-MEL-047:የቅዱስ ዮሐንስ 2ኛ መልክዕ በአማርኛ | AM-MEL-048:የቅዱስ ዮሐንስ መጥምቅ መልክዕ በአማርኛ | GZ-MEL-060:መልክዐ ቅዱስ ዮሐንስ መጥምቅ በግእዝ | GZ-MEL-061:መልክዐ ቅዱስ ዮሐንስ ካልእ በግእዝ | GZ-MEL-062:መልክዐ ቅዱስ ዮሐንስ ወንጌላዊ በግእዝ | GZ-MEL-104:መልክዐ አቡነ ዕጨጌ ዮሐንስ በግእዝ | GZ-MEL-109:መልክዐ አቡነ ዮሐንስ ከማ በግእዝ | GZ-MEL-110:መልክዐ አቡነ ዮሐንስ ዘድብረ ዳጋ በግእዝ | GZ-MEL-149:መልክዐ ዮሐንስ ወልደ ነጎድጓድ በግእዝ | GZ-MEL-150:መልክዐ ዮሐንስ ፍቁረ እግዚእ በግእዝ | AM-GDL-013:የቅዱስ ዮሐንስ ገድል በአማርኛ | GZ-GDL-018:ገድለ አቡነ ዮሐንስ በግእዝ | AM-GDL-027:ገድለ አቡነ እጨጌ ዮሐንስ ዘጸገሮ በአማርኛ,"1-1, 1-1, 1-2, 1-2, 1-4, 1-4, 1-4, 1-4, 1-4, 1-4"
9-27,267,የጌታችንና አምላካችን መድኃኔ ዓለም ክርስቶስ በዓለ ስቅለት,የጌታችንና አምላካችን መድኃኔ ዓለም ክርስቶስ በዓለ ስቅለት,monthly,NO_BOOK,,,
9-27,267,አቡነ መብዐ ፅዮን ጻድቅ,መብዐ ፅዮን,monthly,NO_BOOK,,,
9-27,267,ቅዱስ መቃርስ (የመነኮሳት ሁሉ አለቃ),መቃርስ,monthly,NO_BOOK,,,
9-27,267,ቅዱስ ያዕቆብ ዘግሙድ,ያዕቆብ ዘግሙድ,monthly,WRONG_DATE,,AM-MEL-022:መልክዐ አብርሃም ይሥሐቅ ያዕቆብ በአማርኛ | GZ-MEL-124:መልክዐ አብርሃም ይሥሐቅ ወያዕቆብ በግእዝ,"1-28, 1-28, 2-28, 2-28, 3-28, 3-28, 4-28, 4-28, 5-28, 5-28"
9-27,267,ቅዱስ ገላውዴዎስ ሰማዕት (ንጉሠ ኢትዮዽያ),ገላውዴዎስ ሰማዕት,monthly,WRONG_DATE,,GZ-MEL-039:መልክዐ ሰማዕት ቅዱስ መርቆሬዎስ በግእዝ | GZ-MEL-040:መልክዐ ሰማዕት ቅዱስ ቴዎድሮስ በግእዝ | GZ-MEL-041:መልክዐ ሰማዕት ቅዱስ ፋሲለደስ በግእዝ | GZ-MEL-042:መልክዐ ሰማዕት ቅድስት አርሴማ በግእዝ | GZ-MEL-043:መልክዐ ሰማዕት ቅድስት ኢየሉጣ በግእዝ | GZ-MEL-122:መልክዐ አባ ኖብ ሰማዕት በግእዝ | GZ-GDL-002:ገድለ ሰማዕት ቅዱስ መርቆሬዎስ በግእዝ | GZ-ZNA-002:ዜናሁ ለንጉሥ ገላውዴዎስ በግእዝ | AM-GDL-008:ገድለ ሰማዕት ቅድስት አርሴማ በአማርኛ | GZ-GDL-014:ገድለ ቅዱስ ጊዮርጊስ ሰማዕት በግእዝ | AM-GDL-015:ገድለ ሰማዕት ቅዱስ መርቆሬዎስ በአማርኛ | AM-GDL-018:ገድለ ቅዱስ ጊዮርጊስ ሰማዕት በአማርኛ | GZ-GDL-031:ገድለ ሰማዕት ቅዱስ ቴዎድሮስ በግእዝ | GZ-GDL-033:ገድለ ሰማዕት ቅድስት አርሴማ በግእዝ | AM-GDL-030:ገድለ ሰማዕት ቅዱስ ቴዎድሮስ በአማርኛ,"1-6, 1-6, 1-6, 1-11, 1-12, 1-12, 1-12, 1-15, 1-18, 1-20"
9-27,267,ቅዱስ ቢፋሞን ጻድቅና ሰማዕት,ቢፋሞን ጻድቅና,monthly,NO_BOOK,,,
9-27,267,ማር ቅዱስ ፊቅጦር ሰማዕት,ማር ቅዱስ ፊቅጦር,monthly,CORRECT,GZ-MEL-008:መልክዐ ሊቀ መላእክት ቅዱስ ሱርያል በግእዝ | GZ-MEL-162:መልክዐ ፊቅጦር በግእዝ | GZ-GDL-027:ገድለ ቅዱስ ፊቅጦር በግእዝ | AM-GDL-029:ገድለ ቅዱስ ፊቅጦር በአማርኛ,AM-MEL-012:መልክዐ ቅዱስ መስቀል በአማርኛ | AM-MEL-013:መልክዐ ቅዱስ ሚናስ በአማርኛ | AM-MEL-014:መልክዐ ቅዱስ ራጉኤል በአማርኛ | AM-MEL-015:መልክዐ ቅዱስ ቂርቆስ በአማርኛ | AM-MEL-016:መልክዐ ቅዱስ ዮሐንስ ወንጌላዊ በአማርኛ | AM-TEA-003:ተአምኆ ዘሥሉስ ቅዱስ መልክዕ በአማርኛ | AM-MEL-033:የሐዋርያው የቅዱስ ታዴዎስ መልክዕ በአማርኛ | AM-MEL-036:የሰማዕቱ ቅዱስ ጊጋር መልክዕ በአማርኛ | AM-MEL-039:የቅዱስ መርምሕናም መልክዕ በአማርኛ | AM-MEL-040:የቅዱስ መስቀል 3ኛ መልክዕ በአማርኛ | AM-MEL-041:የቅዱስ ሚካኤል 3ኛ መልክዕ በአማርኛ | AM-MEL-042:የቅዱስ ማርቆስ 2ኛ መልክዕ በአማርኛ | AM-MEL-043:የቅዱስ ሩፋኤል መልክዕ በአማርኛ | AM-MEL-044:የቅዱስ አቦሊ መልክዕ በአማርኛ | AM-MEL-045:የቅዱስ እስጢፋኖስ 2ኛ መልክዕ በአማርኛ | AM-MEL-046:የቅዱስ እንድርያስ ሐዋርያ መልክዕ በአማርኛ | AM-MEL-047:የቅዱስ ዮሐንስ 2ኛ መልክዕ በአማርኛ | AM-MEL-048:የቅዱስ ዮሐንስ መጥምቅ መልክዕ በአማርኛ | AM-MEL-049:የቅዱስ ዳዊት መልክዕ በአማርኛ | AM-MEL-050:የቅዱስ ገብርኤል መልክዕ በአማርኛ | AM-MEL-051:የቅዱስ ጊዮርጊስ መልክዕ በአማርኛ | AM-MEL-052:የነቢዩ የቅዱስ ኤልያስ 3ኛ መልክዕ በአማርኛ | AM-MEL-065:ጸሎተ መልክዐ ሥቃዩ ለቅዱስ ጊዮርጊስ ሊቀ ሰማዕታት በአማርኛ | AM-MEL-066:ጸሎተ መልክዕ ዘቅዱስ ጊዮርጊስ ሊቀ ሰማዕታት በአማርኛ | AM-MEL-067:ጸሎተ መልክዕ ዘቅዱስ ጊዮርጊስ ሊቀ ሰማዕታት ካልዕ በአማርኛ | AM-SIB-001:ስብሐተ ፍቁር ዘቅዱስ ጊዮርጊስ ሊቀ ሰማዕታት በአማርኛ | AM-TEA-002:ተአምኆ ዘሥሉስ ቅዱስ በአማርኛ | GZ-MEL-004:መልክዐ ሊቀ መላእክት ቅዱስ ሚካኤል ሣልስ በግእዝ | GZ-MEL-005:መልክዐ ሊቀ መላእክት ቅዱስ ሚካኤል ካልዕ በግእዝ | GZ-MEL-006:መልክዐ ሊቀ መላእክት ቅዱስ ሩፋኤል በግእዝ | GZ-MEL-007:መልክዐ ሊቀ መላእክት ቅዱስ ራጉኤል በግእዝ | GZ-MEL-008:መልክዐ ሊቀ መላእክት ቅዱስ ሱርያል በግእዝ | GZ-MEL-009:መልክዐ ሊቀ መላእክት ቅዱስ በግእዝ | GZ-MEL-010:መልክዐ ሊቀ መላእክት ቅዱስ አፍኒን በግእዝ | GZ-MEL-011:መልክዐ ሊቀ መላእክት ቅዱስ ዑራኤል በግእዝ | GZ-MEL-012:መልክዐ ሊቀ መላእክት ቅዱስ ዑራኤል ካልእ በግእዝ | GZ-MEL-013:መልክዐ ሊቀ መላእክት ቅዱስ ገብርኤል በግእዝ | GZ-MEL-014:መልክዐ ሊቀ መላእክት ቅዱስ ገብርኤል ካልዕ (ደቅስዮስ) በግእዝ | GZ-MEL-015:መልክዐ ሊቀ መላእክት ቅዱስ ፋኑኤል በግእዝ | GZ-MEL-016:መልክዐ ሊቀ ሰማዕታት ቅዱስ እስጢፋኖስ በግእዝ | GZ-MEL-017:መልክዐ ሊቀ ሰማዕታት ቅዱስ እስጢፋኖስ ካልእ በግእዝ | GZ-MEL-034:መልክዐ ሥሉስ ቅዱስ በግእዝ | GZ-MEL-039:መልክዐ ሰማዕት ቅዱስ መርቆሬዎስ በግእዝ | GZ-MEL-040:መልክዐ ሰማዕት ቅዱስ ቴዎድሮስ በግእዝ | GZ-MEL-041:መልክዐ ሰማዕት ቅዱስ ፋሲለደስ በግእዝ | GZ-MEL-049:መልክዐ ቅዱስ መርምሕናም በግእዝ | GZ-MEL-050:መልክዐ ቅዱስ መስቀል ሣልስ በግእዝ | GZ-MEL-051:መልክዐ ቅዱስ መስቀል በግእዝ | GZ-MEL-052:መልክዐ ቅዱስ ሚናስ በግእዝ | GZ-MEL-053:መልክዐ ቅዱስ ማርቆስ ካልእ በግእዝ | GZ-MEL-054:መልክዐ ቅዱስ ቂርቆስ በግእዝ | GZ-MEL-055:መልክዐ ቅዱስ ታዴዎስ በግእዝ | GZ-MEL-056:መልክዐ ቅዱስ አባዲር በግእዝ | GZ-MEL-057:መልክዐ ቅዱስ አቦሊ በግእዝ | GZ-MEL-058:መልክዐ ቅዱስ አግናጥዮስ ምጥው ለአንበሳ በግእዝ | GZ-MEL-059:መልክዐ ቅዱስ ኤልያስ ነቢይ ሣልስ በግእዝ | GZ-MEL-060:መልክዐ ቅዱስ ዮሐንስ መጥምቅ በግእዝ | GZ-MEL-061:መልክዐ ቅዱስ ዮሐንስ ካልእ በግእዝ | GZ-MEL-062:መልክዐ ቅዱስ ዮሐንስ ወንጌላዊ በግእዝ | GZ-MEL-063:መልክዐ ቅዱስ ዮስጦስ በግእዝ | GZ-MEL-064:መልክዐ ቅዱስ ዳዊት በግእዝ | GZ-MEL-065:መልክዐ ቅዱስ ጊዮርጊስ በግእዝ | GZ-MEL-151:መልክዐ ገብረ መንፈስ ቅዱስ በግእዝ | GZ-MEL-152:መልክዐ ገብረ መንፈስ ቅዱስ ካልዕ በግእዝ | GZ-MEL-162:መልክዐ ፊቅጦር በግእዝ | GZ-TEA-002:ተአምኆ ዘሥሉስ ቅዱስ በግእዝ | GZ-TEA-003:ተአምኆ ዘሥሉስ ቅዱስ በግእዝ ካልእ | GZ-MEL-165:መልክዐ ሊቀ መላእክት ቅዱስ ሚካኤል ካልዕ በግእ | AM-GDL-001:ገድለ ቅዱስ አባ ጊዮርጊስ ዘጋሥጫ በአማርኛ | GZ-GDL-002:ገድለ ሰማዕት ቅዱስ መርቆሬዎስ በግእዝ | GZ-DRS-003:ድርሳነ ቅዱስ ራጉኤል በግእዝ | AM-DRS-001:የቅዱስ ኢያቄምና- የቅድስት ሐና ድርሳን በአማርኛ | GZ-GDL-007:ገድለ ቅዱስ አባ ጊዮርጊስ ዘጋሥጫ በግእዝ | AM-GDL-007:ገድለ አቡነ ገብረ መንፈስ ቅዱስ በአማርኛ | GZ-GDL-008:ገድለ ቅዱስ ዞሲማስ በግእዝ | AM-GDL-009:ገድለ ቅዱስ እስጢፋኖስ አማርኛ | GZ-GDL-009:ገድለ ቅዱስ ሱስንዮስ በግእዝ | GZ-GDL-010:ገድለ ቅዱስ ዮስጦስ በግእዝ | GZ-GDL-012:ገድለ ቅዱስ ቈጵርያኖስ ወቅድስት ኢዩስጣ በግእዝ | AM-GDL-013:የቅዱስ ዮሐንስ ገድል በአማርኛ | GZ-GDL-014:ገድለ ቅዱስ ጊዮርጊስ ሰማዕት በግእዝ | AM-GDL-015:ገድለ ሰማዕት ቅዱስ መርቆሬዎስ በአማርኛ | AM-GDL-018:ገድለ ቅዱስ ጊዮርጊስ ሰማዕት በአማርኛ | GZ-DRS-007:ድርሳን ዘቅዱስ ኢያቄም ወቅድስት ሐና በግእዝ | GZ-GDL-021:ድርሳን ወገድል ዘቅዱስ ያሬድ በግእዝ | GZ-GDL-022:ገድለ ቅዱስ እስጢፋኖስ በግእዝ | GZ-GDL-027:ገድለ ቅዱስ ፊቅጦር በግእዝ | AM-GDL-023:የቅዱስ ቂርቆስና የቅድስት ኢየሉጣ ገድል በአማርኛ | GZ-GDL-030:ገድለ ቅዱስ ቴዎድሮስ በግእዝ | GZ-DRS-009:ድርሳን ቅዱስ ሩፋኤል በግእዝ | GZ-GDL-031:ገድለ ሰማዕት ቅዱስ ቴዎድሮስ በግእዝ | AM-GDL-024:ገድለ ቅዱስ አቡነ አቢብ በአማርኛ | AM-GDL-025:ገድለ ቅዱስ ዞሲማስ በአማርኛ | AM-DRS-010:ድርሳነ ቅዱስ ራጉኤል በአማርኛ | AM-GDL-029:ገድለ ቅዱስ ፊቅጦር በአማርኛ | AM-GDL-030:ገድለ ሰማዕት ቅዱስ ቴዎድሮስ በአማርኛ,"None-None, None-None, None-None, None-None, 1-1, 1-1, 1-1, 1-1, 1-1, 1-1"
9-28,268,ቅድስት ዓመተ ክርስቶስ ተጋዳሊት (ገዳማዊት),ዓመተ ክርስቶስ ተጋዳሊት,annual,NO_BOOK,,,
9-28,268,ቅዱስ ኤዺፋንዮስ ሊቅ (ሥጋው ቆዽሮስ የደረሰበት),ኤዺፋንዮስ ሊቅ,annual,NO_BOOK,,,
9-28,268,አባ መርቆሬዎስ ገዳማዊ,መርቆሬዎስ ገዳማዊ,annual,WRONG_DATE,,GZ-MEL-039:መልክዐ ሰማዕት ቅዱስ መርቆሬዎስ በግእዝ | GZ-MEL-076:መልክዐ አቡነ መርቆሬዎስ ዘደብረ ድማኅ በግእዝ | GZ-GDL-002:ገድለ ሰማዕት ቅዱስ መርቆሬዎስ በግእዝ | AM-GDL-015:ገድለ ሰማዕት ቅዱስ መርቆሬዎስ በአማርኛ,"1-25, 1-25, 1-25, 2-25, 2-25, 2-25, 3-25, 3-25, 3-25, 4-16"
9-28,268,አባ ጌርሎስ (ጻድቅና ሰማዕት),ጌርሎስ,annual,NO_BOOK,,,
9-28,268,"""፬፭"" ሰማዕታት (የአባ ጌርሎስ ደቀ መዛሙርት)","""፬፭"" ሰማዕታት",annual,WRONG_DATE,,AM-MEL-065:ጸሎተ መልክዐ ሥቃዩ ለቅዱስ ጊዮርጊስ ሊቀ ሰማዕታት በአማርኛ | AM-MEL-066:ጸሎተ መልክዕ ዘቅዱስ ጊዮርጊስ ሊቀ ሰማዕታት በአማርኛ | AM-MEL-067:ጸሎተ መልክዕ ዘቅዱስ ጊዮርጊስ ሊቀ ሰማዕታት ካልዕ በአማርኛ | AM-SIB-001:ስብሐተ ፍቁር ዘቅዱስ ጊዮርጊስ ሊቀ ሰማዕታት በአማርኛ | GZ-MEL-016:መልክዐ ሊቀ ሰማዕታት ቅዱስ እስጢፋኖስ በግእዝ | GZ-MEL-017:መልክዐ ሊቀ ሰማዕታት ቅዱስ እስጢፋኖስ ካልእ በግእዝ | AM-GDL-010:ገድለ ሰማዕታት በአማርኛ,"1-15, 1-15, 1-17, 1-17, 1-23, 1-23, 1-23, 1-23, 2-17, 2-17"
9-28,268,ቅዱስ አጋቦስ ሰማዕት,አጋቦስ,annual,NO_BOOK,,,
9-28,268,አማኑኤል ቸር አምላካችን,አማኑኤል ቸር አምላካችን,monthly,CORRECT,GZ-MEL-072:መልክዐ አማኑኤል በግእዝ,GZ-MEL-072:መልክዐ አማኑኤል በግእዝ,"1-28, 2-28, 3-28, 4-28, 5-28, 6-28, 7-28, 8-28, 9-28, 10-28"
9-28,268,ቅዱሳን አበው (አብርሃም ይስሐቅና ያዕቆብ),አበው,monthly,WRONG_DATE,,AM-ZNA-002:ዜና አበው በአማርኛ,"3-4, 5-26"
9-28,268,ቅዱስ እንድራኒቆስና ሚስቱ ቅድስት አትናስያ,እንድራኒቆስና ሚስቱ ቅድስት አትናስያ,monthly,NO_BOOK,,,
9-28,268,ቅዱስ ቴዎድሮስ ሮማዊ (ሰማዕት),ቴዎድሮስ ሮማዊ,monthly,WRONG_DATE,,GZ-MEL-040:መልክዐ ሰማዕት ቅዱስ ቴዎድሮስ በግእዝ | GZ-GDL-030:ገድለ ቅዱስ ቴዎድሮስ በግእዝ | GZ-GDL-031:ገድለ ሰማዕት ቅዱስ ቴዎድሮስ በግእዝ | AM-GDL-030:ገድለ ሰማዕት ቅዱስ ቴዎድሮስ በአማርኛ,"1-12, 1-12, 1-12, 1-12, 1-20, 1-20, 1-20, 1-20, 2-12, 2-12"
9-29,269,አባ አፍፄ (ከዘጠኙ ቅዱሳን),አፍፄ,annual,NO_BOOK,,,
9-29,269,አባ ጉባ (ከዘጠኙ ቅዱሳን),ጉባ,annual,NO_BOOK,,,
9-29,269,አባ ስምዖን ገዳማዊ (በ፯ ዓመታቸው መንነው ለ፰፩ ዓመታት በተጋድሎ የኖሩ ሶርያዊ),ስምዖን ገዳማዊ,annual,NO_BOOK,,,
9-29,269,አባ ይስሐቅ ጻድቅ,ይስሐቅ,annual,NO_BOOK,,,
9-29,269,የፈጣሪያችንና ጌታችን ኢየሱስ ክርስቶስ በዓለ ልደት,የፈጣሪያችንና ጌታችን ኢየሱስ ክርስቶስ በዓለ ልደት,monthly,NO_BOOK,,,
9-29,269,ቅድስት አርሴማ ድንግል,አርሴማ ድንግል,monthly,WRONG_DATE,,AM-MEL-019:መልክዐ አቡነ ሐራ ድንግል በአማርኛ | GZ-MEL-021:መልክዐ ሐራ ድንግል በግእዝ | GZ-MEL-042:መልክዐ ሰማዕት ቅድስት አርሴማ በግእዝ | AM-GDL-008:ገድለ ሰማዕት ቅድስት አርሴማ በአማርኛ | GZ-GDL-033:ገድለ ሰማዕት ቅድስት አርሴማ በግእዝ,"1-6, 1-6, 1-6, 1-11, 1-11, 1-29, 1-29, 1-29, 2-6, 2-6"
9-29,269,ቅዱስ ዼጥሮስ ተፍጻሜተ ሰማዕት,ዼጥሮስ ተፍጻሜተ,monthly,NO_BOOK,,,
9-29,269,ቅዱስ ማርቆስ ዘቶርማቅ,ማርቆስ ዘቶርማቅ,monthly,WRONG_DATE,,AM-MEL-042:የቅዱስ ማርቆስ 2ኛ መልክዕ በአማርኛ | AM-MEL-062:የአቡነ ዜና ማርቆስ መልክዕ በአማርኛ | GZ-MEL-030:መልክዐ ማርቆስ በግእዝ | GZ-MEL-053:መልክዐ ቅዱስ ማርቆስ ካልእ በግእዝ | GZ-MEL-106:መልክዐ አቡነ ዜና ማርቆስ በግእዝ,"1-3, 1-3, 1-30, 1-30, 1-30, 2-3, 2-3, 2-30, 2-30, 2-30"
9-29,269,ቅድስት ፍቅርተ ክርስቶስ ኢትዮዽያዊት,ፍቅርተ ክርስቶስ ኢትዮዽያዊት,monthly,CORRECT,AM-MEL-018:መልክዐ ቅድስት ፍቅርተ ክርስቶስ በአማርኛ | GZ-MEL-066:መልክዐ ቅድስት ፍቅርተ ክርስቶስ በግእዝ,AM-MEL-018:መልክዐ ቅድስት ፍቅርተ ክርስቶስ በአማርኛ | GZ-MEL-066:መልክዐ ቅድስት ፍቅርተ ክርስቶስ በግእዝ,"1-29, 1-29, 2-29, 2-29, 3-29, 3-29, 4-29, 4-29, 5-29, 5-29"
9-29,269,ቅዱስ ዘርዐ ክርስቶስ (ጻድቅና ሰማዕት),ዘርዐ ክርስቶስ,monthly,CORRECT,AM-MEL-018:መልክዐ ቅድስት ፍቅርተ ክርስቶስ በአማርኛ | GZ-MEL-066:መልክዐ ቅድስት ፍቅርተ ክርስቶስ በግእዝ | GZ-MZM-001:መዝሙረ ክርስቶስ በግእዝ | GZ-MZM-002:መዝሙረ ክርስቶስ ካልዕ በግእዝ | GZ-MZM-003:መዝሙረ ክርስቶስ ዘመኃልየ መኃልይ። በግእዝ | GZ-GDL-023:ገድለ አቡነ መዝራዕተ ክርስቶስ በግእዝ,AM-MEL-018:መልክዐ ቅድስት ፍቅርተ ክርስቶስ በአማርኛ | AM-MEL-060:የአቡነ አባለ ክርስቶስ ጻድቅ መልክዕ በአማርኛ | AM-MEL-061:የአቡነ ዘርዐ ቡሩክ መልክዕ በአማርኛ | AM-MIK-001:ምክሓ ምእመናን ክርስቶስ በአማርኛ | GZ-MEL-066:መልክዐ ቅድስት ፍቅርተ ክርስቶስ በግእዝ | GZ-MEL-082:መልክዐ አቡነ ሠምረ ክርስቶስ በግእዝ | GZ-MEL-096:መልክዐ አቡነ አባለ ክርስቶስ በግእዝ | GZ-MEL-105:መልክዐ አቡነ ዘርዐ ቡሩክ በግእዝ | GZ-MEL-136:መልክዐ እስትንፋሰ ክርስቶስ በግእዝ | GZ-MEL-143:መልክዐ ክርስቶስ ሠምራ በግእዝ | GZ-MEL-148:መልክዐ ይምርሃነ ክርስቶስ በግእዝ | GZ-MEL-153:መልክዐ ገብረ ክርስቶስ በግእዝ | GZ-MZM-001:መዝሙረ ክርስቶስ በግእዝ | GZ-MZM-002:መዝሙረ ክርስቶስ ካልዕ በግእዝ | GZ-MZM-003:መዝሙረ ክርስቶስ ዘመኃልየ መኃልይ። በግእዝ | GZ-GDL-004:ገድለ አቡነ ዘርዐ ቡሩከ በግእዝ | GZ-GDL-006:ገድለ አቡነ እስትንፋስ ክርስቶስ በግእዝ | AM-GDL-005:ገድለ ቅድስት ክርስቶስ ሠምራ በአማርኛ | AM-GDL-012:ገድለ አቡነ ዘርዐ ቡሩከ በአማርኛ | AM-GDL-014:የአቡነ እስትንፋሰ ክርስቶስ ገድል በአማርኛ | GZ-GDL-013:ገድለ ዘርዐ አብርሃም በግእዝ | GZ-GDL-019:ገድለ ቅድስት ክርስቶስ ሠምራ በግእዝ | GZ-GDL-023:ገድለ አቡነ መዝራዕተ ክርስቶስ በግእዝ | TI-GDL-002:ገድሊ አቡነ እስትንፋስ ክርስቶስ ትግርኛ,"1-9, 1-9, 1-9, 1-9, 1-13, 1-13, 1-13, 1-13, 1-24, 1-24"
9-30,270,ቅድስት አርዋ እናታችን,አርዋ እናታችን,annual,NO_BOOK,,,
9-30,270,ቅዱስ ቆሮስ ሐዋርያ,ቆሮስ,annual,NO_BOOK,,,
9-30,270,ቅዱስ ዲማዲስ ሰማዕት,ዲማዲስ,annual,NO_BOOK,,,
9-30,270,አባ ሚካኤል ሊቀ ዻዻሳት,ሚካኤል ሊቀ ዻዻሳት,annual,WRONG_DATE,,AM-MEL-006:መልክዐ ሚካኤል በአማርኛ | AM-MEL-041:የቅዱስ ሚካኤል 3ኛ መልክዕ በአማርኛ | GZ-MEL-004:መልክዐ ሊቀ መላእክት ቅዱስ ሚካኤል ሣልስ በግእዝ | GZ-MEL-005:መልክዐ ሊቀ መላእክት ቅዱስ ሚካኤል ካልዕ በግእዝ | GZ-MEL-083:መልክዐ አቡነ ሰይፈ ሚካኤል በግእዝ | GZ-MEL-121:መልክዐ አባ በጸሎተ ሚካኤል በግእዝ | GZ-MEL-165:መልክዐ ሊቀ መላእክት ቅዱስ ሚካኤል ካልዕ በግእ | AM-GDL-011:ገድለ አቡነ በጸሎተ ሚካኤል በአማርኛ | GZ-GDL-015:ገድለ አቡነ በጸሎተ ሚካኤል በግእዝ | GZ-DRS-008:ድርሳነ ሚካኤል በግእዝ | AM-DRS-009:ድርሳነ ሚካኤል በአማርኛ | GZ-GDL-034:ገድለ አቡነ ፍሬ ሚካኤል በግእዝ,"1-9, 1-9, 1-9, 1-9, 1-9, 1-9, 1-9, 1-12, 1-12, 1-12"
9-30,270,ቅዱስ ዮሐንስ መጥምቀ መለኮት,ዮሐንስ መጥምቀ መለኮት,monthly,CORRECT,AM-MEL-048:የቅዱስ ዮሐንስ መጥምቅ መልክዕ በአማርኛ | GZ-MEL-060:መልክዐ ቅዱስ ዮሐንስ መጥምቅ በግእዝ,AM-MEL-016:መልክዐ ቅዱስ ዮሐንስ ወንጌላዊ በአማርኛ | AM-MEL-020:መልክዐ አቡነ ዕጨጌ ዮሐንስ በአማርኛ | AM-MEL-021:መልክዐ አቡነ ዮሐንስ ጻድቅ በአማርኛ | AM-MEL-047:የቅዱስ ዮሐንስ 2ኛ መልክዕ በአማርኛ | AM-MEL-048:የቅዱስ ዮሐንስ መጥምቅ መልክዕ በአማርኛ | AM-SEY-001:ሰይፈ መለኮት በአማርኛ | GZ-MEL-060:መልክዐ ቅዱስ ዮሐንስ መጥምቅ በግእዝ | GZ-MEL-061:መልክዐ ቅዱስ ዮሐንስ ካልእ በግእዝ | GZ-MEL-062:መልክዐ ቅዱስ ዮሐንስ ወንጌላዊ በግእዝ | GZ-MEL-104:መልክዐ አቡነ ዕጨጌ ዮሐንስ በግእዝ | GZ-MEL-109:መልክዐ አቡነ ዮሐንስ ከማ በግእዝ | GZ-MEL-110:መልክዐ አቡነ ዮሐንስ ዘድብረ ዳጋ በግእዝ | GZ-MEL-149:መልክዐ ዮሐንስ ወልደ ነጎድጓድ በግእዝ | GZ-MEL-150:መልክዐ ዮሐንስ ፍቁረ እግዚእ በግእዝ | GZ-SEY-001:ሰይፈ መለኮት በግእዝ | AM-GDL-013:የቅዱስ ዮሐንስ ገድል በአማርኛ | GZ-GDL-018:ገድለ አቡነ ዮሐንስ በግእዝ | AM-GDL-027:ገድለ አቡነ እጨጌ ዮሐንስ ዘጸገሮ በአማርኛ,"None-None, None-None, 1-1, 1-1, 1-2, 1-2, 1-4, 1-4, 1-4, 1-4"
9-30,270,ቅዱስ ማርቆስ ዘአንበሳ,ማርቆስ ዘአንበሳ,monthly,CORRECT,AM-MEL-042:የቅዱስ ማርቆስ 2ኛ መልክዕ በአማርኛ | GZ-MEL-030:መልክዐ ማርቆስ በግእዝ | GZ-MEL-053:መልክዐ ቅዱስ ማርቆስ ካልእ በግእዝ,AM-MEL-042:የቅዱስ ማርቆስ 2ኛ መልክዕ በአማርኛ | AM-MEL-062:የአቡነ ዜና ማርቆስ መልክዕ በአማርኛ | GZ-MEL-030:መልክዐ ማርቆስ በግእዝ | GZ-MEL-053:መልክዐ ቅዱስ ማርቆስ ካልእ በግእዝ | GZ-MEL-106:መልክዐ አቡነ ዜና ማርቆስ በግእዝ,"1-3, 1-3, 1-30, 1-30, 1-30, 2-3, 2-3, 2-30, 2-30, 2-30"
9-30,270,አባ ሣሉሲ ክቡር,ሣሉሲ ክቡር,monthly,NO_BOOK,,,
9-30,270,ቅዱስ ጐርጐርዮስ ነባቤ መለኮት,ጐርጐርዮስ ነባቤ መለኮት,monthly,WRONG_DATE,,AM-SEY-001:ሰይፈ መለኮት በአማርኛ | GZ-SEY-001:ሰይፈ መለኮት በግእዝ,"None-None, None-None"
9-30,270,ቅድስት ሶፍያ ሰማዕት,ሶፍያ,monthly,NO_BOOK,,,
10-1,271,ቅዱስ ዮሴፍ ጻድቅ (የያዕቆብ ልጅ),ዮሴፍ ጻድቅ,annual,WRONG_DATE,,AM-MEL-003:መልክዐ ለአቡነ አቢብ ጻድቅ በአማርኛ | AM-MEL-021:መልክዐ አቡነ ዮሐንስ ጻድቅ በአማርኛ | AM-MEL-060:የአቡነ አባለ ክርስቶስ ጻድቅ መልክዕ በአማርኛ | GZ-MEL-111:መልክዐ አቡነ ዮሴፍ በግእዝ | GZ-GDL-029:ገድለ አቡነ ዮሴፍ በግእዝ,"1-16, 1-19, 1-19, 1-25, 2-16, 2-19, 2-19, 2-25, 3-16, 3-19"
10-1,271,እናታችን አስኔት (የቅ/ ዮሴፍ ሚስት),እናታችን አስኔት,annual,NO_BOOK,,,
10-1,271,ቅዱስ ለውንትዮስ ክቡር ሰማዕት,ለውንትዮስ ክቡር,annual,NO_BOOK,,,
10-1,271,ቅዱስ ቢፋሞን ሰማዕት,ቢፋሞን,annual,NO_BOOK,,,
10-1,271,ቅዱስ ቆዝሞስ ሰማዕት,ቆዝሞስ,annual,NO_BOOK,,,
10-1,271,ልደታ ለማርያም ድንግል እግዝእትነ,ልደታ ለማርያም ድንግል እግዝእትነ,monthly,CORRECT,GZ-MEL-020:መልክዐ ልደታ በግእዝ | GZ-MTS-001:መጽሐፈ ልደታ ለማርያም በግእዝ,GZ-MEL-020:መልክዐ ልደታ በግእዝ | GZ-MTS-001:መጽሐፈ ልደታ ለማርያም በግእዝ,"1-1, 1-1, 2-1, 2-1, 3-1, 3-1, 4-1, 4-1, 5-1, 5-1"
10-1,271,ቅዱሳን ኢያቄም ወሐና,ኢያቄም ወሐና,monthly,CORRECT,GZ-MEL-133:መልክዐ ኢያቄም በግእዝ | AM-DRS-001:የቅዱስ ኢያቄምና- የቅድስት ሐና ድርሳን በአማርኛ | GZ-DRS-007:ድርሳን ዘቅዱስ ኢያቄም ወቅድስት ሐና በግእዝ,GZ-MEL-133:መልክዐ ኢያቄም በግእዝ | AM-DRS-001:የቅዱስ ኢያቄምና- የቅድስት ሐና ድርሳን በአማርኛ | GZ-DRS-007:ድርሳን ዘቅዱስ ኢያቄም ወቅድስት ሐና በግእዝ,"1-1, 1-1, 1-1, 1-3, 1-3, 1-3, 1-7, 1-7, 1-7, 1-11"
10-1,271,ቅዱስ ራጉኤል ሊቀ መላዕክት,ራጉኤል ሊቀ መላዕክት,monthly,CORRECT,AM-MEL-014:መልክዐ ቅዱስ ራጉኤል በአማርኛ | GZ-MEL-007:መልክዐ ሊቀ መላእክት ቅዱስ ራጉኤል በግእዝ | GZ-DRS-003:ድርሳነ ቅዱስ ራጉኤል በግእዝ | AM-DRS-010:ድርሳነ ቅዱስ ራጉኤል በአማርኛ,AM-MEL-014:መልክዐ ቅዱስ ራጉኤል በአማርኛ | GZ-MEL-007:መልክዐ ሊቀ መላእክት ቅዱስ ራጉኤል በግእዝ | GZ-DRS-003:ድርሳነ ቅዱስ ራጉኤል በግእዝ | AM-DRS-010:ድርሳነ ቅዱስ ራጉኤል በአማርኛ,"1-1, 1-1, 1-1, 1-1, 2-1, 2-1, 2-1, 2-1, 3-1, 3-1"
10-1,271,ቅዱስ በርተሎሜዎስ ሐዋርያ,በርተሎሜዎስ,monthly,NO_BOOK,,,
10-1,271,ቅዱስ ሚልኪ ትሩፈ ምግባር,ሚልኪ ትሩፈ ምግባር,monthly,NO_BOOK,,,
10-2,272,ቅዱስ ዮሐንስ መጥምቀ መለኮት (ፍልሠቱ),ዮሐንስ መጥምቀ መለኮት,annual,CORRECT,AM-MEL-048:የቅዱስ ዮሐንስ መጥምቅ መልክዕ በአማርኛ | GZ-MEL-060:መልክዐ ቅዱስ ዮሐንስ መጥምቅ በግእዝ,AM-MEL-016:መልክዐ ቅዱስ ዮሐንስ ወንጌላዊ በአማርኛ | AM-MEL-020:መልክዐ አቡነ ዕጨጌ ዮሐንስ በአማርኛ | AM-MEL-021:መልክዐ አቡነ ዮሐንስ ጻድቅ በአማርኛ | AM-MEL-047:የቅዱስ ዮሐንስ 2ኛ መልክዕ በአማርኛ | AM-MEL-048:የቅዱስ ዮሐንስ መጥምቅ መልክዕ በአማርኛ | AM-SEY-001:ሰይፈ መለኮት በአማርኛ | GZ-MEL-060:መልክዐ ቅዱስ ዮሐንስ መጥምቅ በግእዝ | GZ-MEL-061:መልክዐ ቅዱስ ዮሐንስ ካልእ በግእዝ | GZ-MEL-062:መልክዐ ቅዱስ ዮሐንስ ወንጌላዊ በግእዝ | GZ-MEL-104:መልክዐ አቡነ ዕጨጌ ዮሐንስ በግእዝ | GZ-MEL-109:መልክዐ አቡነ ዮሐንስ ከማ በግእዝ | GZ-MEL-110:መልክዐ አቡነ ዮሐንስ ዘድብረ ዳጋ በግእዝ | GZ-MEL-149:መልክዐ ዮሐንስ ወልደ ነጎድጓድ በግእዝ | GZ-MEL-150:መልክዐ ዮሐንስ ፍቁረ እግዚእ በግእዝ | GZ-SEY-001:ሰይፈ መለኮት በግእዝ | AM-GDL-013:የቅዱስ ዮሐንስ ገድል በአማርኛ | GZ-GDL-018:ገድለ አቡነ ዮሐንስ በግእዝ | AM-GDL-027:ገድለ አቡነ እጨጌ ዮሐንስ ዘጸገሮ በአማርኛ,"None-None, None-None, 1-1, 1-1, 1-2, 1-2, 1-4, 1-4, 1-4, 1-4"
10-2,272,ቅዱስ ኤልሳዕ ነቢይ (ፍልሠቱ),ኤልሳዕ ነቢይ,annual,WRONG_DATE,,GZ-MEL-059:መልክዐ ቅዱስ ኤልያስ ነቢይ ሣልስ በግእዝ | AM-DRS-005:ድርሳነ ኤልያስ ነቢይ በአማርኛ,"1-6, 1-6, 2-6, 2-6, 3-6, 3-6, 4-1, 4-1, 4-6, 4-6"
10-2,272,አባ ቀውስጦስ ኢትዮዽያዊ,ቀውስጦስ ኢትዮዽያዊ,annual,NO_BOOK,,,
10-2,272,ቅዱስ ታዴዎስ ሐዋርያ,ታዴዎስ,monthly,CORRECT,AM-MEL-033:የሐዋርያው የቅዱስ ታዴዎስ መልክዕ በአማርኛ | GZ-MEL-055:መልክዐ ቅዱስ ታዴዎስ በግእዝ,AM-MEL-033:የሐዋርያው የቅዱስ ታዴዎስ መልክዕ በአማርኛ | GZ-MEL-055:መልክዐ ቅዱስ ታዴዎስ በግእዝ,"1-2, 1-2, 2-2, 2-2, 3-2, 3-2, 4-2, 4-2, 5-2, 5-2"
10-2,272,ቅዱስ ኢዮብ ጻድቅ ተአጋሲ,ኢዮብ ጻድቅ ተአጋሲ,monthly,NO_BOOK,,,
10-2,272,ቅዱስ አቤል ጻድቅ,አቤል,monthly,NO_BOOK,,,
10-2,272,ቅዱስ አባ ዻውሊ ገዳማዊ (ታላቁ),ዻውሊ ገዳማዊ,monthly,NO_BOOK,,,
10-2,272,ቅዱስ ሳዊሮስ ዘአንጾኪያ,ሳዊሮስ ዘአንጾኪያ,monthly,NO_BOOK,,,
10-2,272,አባ ሕርያቆስ ዘሃገረ ብሕንሳ,ሕርያቆስ ዘሃገረ ብሕንሳ,monthly,NO_BOOK,,,
10-3,273,ቅድስት ማርታ ተሐራሚት,ማርታ ተሐራሚት,annual,NO_BOOK,,,
10-3,273,አቡነ ተጠምቀ መድኅን ጻድቅ (ኢትዮዽያዊ),ተጠምቀ መድኅን ጻድቅ,annual,WRONG_DATE,,AM-MEL-003:መልክዐ ለአቡነ አቢብ ጻድቅ በአማርኛ | AM-MEL-021:መልክዐ አቡነ ዮሐንስ ጻድቅ በአማርኛ | AM-MEL-060:የአቡነ አባለ ክርስቶስ ጻድቅ መልክዕ በአማርኛ,"1-16, 1-25, 2-16, 2-25, 3-16, 3-25, 4-16, 4-19, 4-25, 5-16"
10-3,273,ቅዱስ ኢላርዮን ሰማዕት,ኢላርዮን,annual,NO_BOOK,,,
10-3,273,ቅዱስ ኮርዮን ሰማዕት,ኮርዮን,annual,NO_BOOK,,,
10-3,273,በዓታ ለእግዝእትነ ማርያም ድንግል ወላዲተ አምላክ,በዓታ ለእግዝእትነ ማርያም ድንግል ወላዲተ አምላክ,monthly,WRONG_DATE,,AM-WUD-003:ውዳሴ አምላክ በአማርኛ | GZ-MEL-088:መልክዐ አቡነ ቡሩከ አምላክ ዘደብረ ኮል በግእዝ | GZ-MEL-089:መልክዐ አቡነ ብፁዓ አምላክ ዘደብረ ምዕዋን ወዘደብረ ኰዳዱ በግእዝ | TI-WUD-002:ውዳሴ አምላክ ብትግርኛ,"None-None, None-None, 4-1, 9-9, 12-14"
10-3,273,ቅዱሳን ኢያቄም ወሐና,ኢያቄም ወሐና,monthly,CORRECT,GZ-MEL-133:መልክዐ ኢያቄም በግእዝ | AM-DRS-001:የቅዱስ ኢያቄምና- የቅድስት ሐና ድርሳን በአማርኛ | GZ-DRS-007:ድርሳን ዘቅዱስ ኢያቄም ወቅድስት ሐና በግእዝ,GZ-MEL-133:መልክዐ ኢያቄም በግእዝ | AM-DRS-001:የቅዱስ ኢያቄምና- የቅድስት ሐና ድርሳን በአማርኛ | GZ-DRS-007:ድርሳን ዘቅዱስ ኢያቄም ወቅድስት ሐና በግእዝ,"1-1, 1-1, 1-1, 1-3, 1-3, 1-3, 1-7, 1-7, 1-7, 1-11"
10-3,273,ቅዱሳን ሊቃነ ካህናት አበው (ዘካርያስና ስምዖን),ሊቃነ ካህናት አበው,monthly,WRONG_DATE,,AM-DIR-001:የሰባቱ ሊቃነ መላእክት ድርሳን በአማርኛ | AM-ZNA-002:ዜና አበው በአማርኛ,"1-13, 2-13, 3-4, 3-13, 4-13, 5-13, 5-26, 6-13, 7-13, 8-13"
10-3,273,አባ ሊባኖስ ዘመጣዕ,ሊባኖስ ዘመጣዕ,monthly,CORRECT,AM-MEL-053:የአቡነ ሊባኖስ 2ኛ መልክዕ በአማርኛ | GZ-MEL-018:መልክዐ ሊባኖስ በግእዝ | GZ-MEL-074:መልክዐ አቡነ ሊባኖስ ካልእ በግእዝ,AM-MEL-053:የአቡነ ሊባኖስ 2ኛ መልክዕ በአማርኛ | GZ-MEL-018:መልክዐ ሊባኖስ በግእዝ | GZ-MEL-074:መልክዐ አቡነ ሊባኖስ ካልእ በግእዝ | GZ-GDL-001:ገድለ አቡነ ፊልጶስ ዘደብረ ሊባኖስ በግእዝ,"1-3, 1-3, 1-3, 2-3, 2-3, 2-3, 3-3, 3-3, 3-3, 4-3"
10-3,273,አቡነ ዜና ማርቆስ,ዜና ማርቆስ,monthly,CORRECT,AM-MEL-062:የአቡነ ዜና ማርቆስ መልክዕ በአማርኛ | GZ-MEL-106:መልክዐ አቡነ ዜና ማርቆስ በግእዝ,AM-MEL-062:የአቡነ ዜና ማርቆስ መልክዕ በአማርኛ | GZ-MEL-106:መልክዐ አቡነ ዜና ማርቆስ በግእዝ,"1-3, 1-3, 2-3, 2-3, 3-3, 3-3, 4-3, 4-3, 5-3, 5-3"
10-3,273,አቡነ መድኃኒነ እግዚእ ዘደብረ በንኮል,መድኃኒነ እግዚእ ዘደብረ በንኮል,monthly,CORRECT,GZ-MEL-078:መልክዐ አቡነ መድኃኒነ እግዚእ በግእዝ,GZ-MEL-078:መልክዐ አቡነ መድኃኒነ እግዚእ በግእዝ,"1-3, 2-3, 3-3, 4-3, 5-3, 6-3, 7-3, 8-3, 9-3, 10-3"
10-4,274,ቅድስት ሶፍያ ተጋዳሊት ወሰማዕት,ሶፍያ ተጋዳሊት ወሰማዕት,annual,NO_BOOK,,,
10-4,274,ቅዱስ ዮሐንስ ዘሐራቅሊ (ሰማዕት),ዮሐንስ ዘሐራቅሊ,annual,CORRECT,AM-MEL-016:መልክዐ ቅዱስ ዮሐንስ ወንጌላዊ በአማርኛ | AM-MEL-047:የቅዱስ ዮሐንስ 2ኛ መልክዕ በአማርኛ | GZ-MEL-061:መልክዐ ቅዱስ ዮሐንስ ካልእ በግእዝ | GZ-MEL-062:መልክዐ ቅዱስ ዮሐንስ ወንጌላዊ በግእዝ | GZ-MEL-149:መልክዐ ዮሐንስ ወልደ ነጎድጓድ በግእዝ | GZ-MEL-150:መልክዐ ዮሐንስ ፍቁረ እግዚእ በግእዝ | AM-GDL-013:የቅዱስ ዮሐንስ ገድል በአማርኛ,AM-MEL-016:መልክዐ ቅዱስ ዮሐንስ ወንጌላዊ በአማርኛ | AM-MEL-020:መልክዐ አቡነ ዕጨጌ ዮሐንስ በአማርኛ | AM-MEL-021:መልክዐ አቡነ ዮሐንስ ጻድቅ በአማርኛ | AM-MEL-047:የቅዱስ ዮሐንስ 2ኛ መልክዕ በአማርኛ | AM-MEL-048:የቅዱስ ዮሐንስ መጥምቅ መልክዕ በአማርኛ | GZ-MEL-060:መልክዐ ቅዱስ ዮሐንስ መጥምቅ በግእዝ | GZ-MEL-061:መልክዐ ቅዱስ ዮሐንስ ካልእ በግእዝ | GZ-MEL-062:መልክዐ ቅዱስ ዮሐንስ ወንጌላዊ በግእዝ | GZ-MEL-104:መልክዐ አቡነ ዕጨጌ ዮሐንስ በግእዝ | GZ-MEL-109:መልክዐ አቡነ ዮሐንስ ከማ በግእዝ | GZ-MEL-110:መልክዐ አቡነ ዮሐንስ ዘድብረ ዳጋ በግእዝ | GZ-MEL-149:መልክዐ ዮሐንስ ወልደ ነጎድጓድ በግእዝ | GZ-MEL-150:መልክዐ ዮሐንስ ፍቁረ እግዚእ በግእዝ | AM-GDL-013:የቅዱስ ዮሐንስ ገድል በአማርኛ | GZ-GDL-018:ገድለ አቡነ ዮሐንስ በግእዝ | AM-GDL-027:ገድለ አቡነ እጨጌ ዮሐንስ ዘጸገሮ በአማርኛ,"1-1, 1-1, 1-2, 1-2, 1-4, 1-4, 1-4, 1-4, 1-4, 1-4"
10-4,274,ቅዱስ ሳኑሲ ሰማዕት,ሳኑሲ,annual,NO_BOOK,,,
10-4,274,ቅድስት ማርያ ሰማዕት,ማርያ,annual,WRONG_DATE,,AM-LAH-001:ላሐ ማርያም በአማርኛ | AM-MEL-008:መልክዐ ማርያም ሣልሲት በአማርኛ | AM-MEL-009:መልክዐ ማርያም በአማርኛ | AM-MEL-017:መልክዐ ቅድስት ጸበለ ማርያም በአማርኛ | AM-MEL-064:የጽዮን ማርያም 3ኛ መልክዕ በአማርኛ | AM-RAY-001:ራዕየ ማርያም በአማርኛ | AM-WUD-002:ውዳሴ ማርያም በአማርኛ | GZ-ETA-001:እትአመነኪ ማርያም በሰማይ ወበምድር በግእዝ | GZ-LAH-001:ላሐ ማርያም በግእዝ | GZ-MEL-002:መልከዐ ማርያም ዳግሚት በግእዝ | GZ-MEL-031:መልክዐ ማርያም ሣልሲት በግእዝ | GZ-MEL-032:መልክዐ ማርያም በግእዝ | GZ-MEL-070:መልክዐ ተክለ ማርያም ዘይሰመይ መብዓ ጽዮን በግእዝ | GZ-MEL-099:መልክዐ አቡነ አብሳዲ ዘደብረ ማርያም በግእዝ | GZ-MEL-159:መልክዐ ጸበለ ማርያም ቅድስት በግእዝ | GZ-MEL-161:መልክዐ ጽዮን ማርያም ሣልስ በግእዝ | GZ-WUD-002:ውዳሴ ማርያም በግእዝ | TI-RAY-001:ራእየ ማርያም ብትግርኛ | TI-WUD-001:ውዳሴ ማርያም ብትግርኛ | AM-GDL-002:ገድለ ማርያም እንተ ዕፍረት በአማርኛ | GZ-TAM-001:ተአምረ ማርያም በግእዝ | AM-GDL-003:ገድለ ማርያም መግደላዊት በአማርኛ | GZ-MTS-001:መጽሐፈ ልደታ ለማርያም በግእዝ | AM-TAM-002:ተአምረ ማርያም በአማርኛ,"None-None, None-None, None-None, 1-1, 1-21, 1-21, 1-21, 1-21, 1-21, 1-21"
10-4,274,ቅዱስ አርቃድዮስና ባልንጀሮቹ (ሰማዕታት),አርቃድዮስና ባልንጀሮቹ,annual,NO_BOOK,,,
10-4,274,ቅዱስ አሞን ሰማዕት,አሞን,annual,NO_BOOK,,,
10-4,274,ቅዱስ ዮሐንስ ወልደ ነጎድጉዋድ (ወንጌላዊ),ዮሐንስ ወልደ ነጎድጉዋድ,monthly,CORRECT,AM-MEL-016:መልክዐ ቅዱስ ዮሐንስ ወንጌላዊ በአማርኛ | AM-MEL-047:የቅዱስ ዮሐንስ 2ኛ መልክዕ በአማርኛ | GZ-MEL-061:መልክዐ ቅዱስ ዮሐንስ ካልእ በግእዝ | GZ-MEL-062:መልክዐ ቅዱስ ዮሐንስ ወንጌላዊ በግእዝ | GZ-MEL-149:መልክዐ ዮሐንስ ወልደ ነጎድጓድ በግእዝ | GZ-MEL-150:መልክዐ ዮሐንስ ፍቁረ እግዚእ በግእዝ | AM-GDL-013:የቅዱስ ዮሐንስ ገድል በአማርኛ,AM-MEL-016:መልክዐ ቅዱስ ዮሐንስ ወንጌላዊ በአማርኛ | AM-MEL-020:መልክዐ አቡነ ዕጨጌ ዮሐንስ በአማርኛ | AM-MEL-021:መልክዐ አቡነ ዮሐንስ ጻድቅ በአማርኛ | AM-MEL-047:የቅዱስ ዮሐንስ 2ኛ መልክዕ በአማርኛ | AM-MEL-048:የቅዱስ ዮሐንስ መጥምቅ መልክዕ በአማርኛ | GZ-MEL-060:መልክዐ ቅዱስ ዮሐንስ መጥምቅ በግእዝ | GZ-MEL-061:መልክዐ ቅዱስ ዮሐንስ ካልእ በግእዝ | GZ-MEL-062:መልክዐ ቅዱስ ዮሐንስ ወንጌላዊ በግእዝ | GZ-MEL-104:መልክዐ አቡነ ዕጨጌ ዮሐንስ በግእዝ | GZ-MEL-109:መልክዐ አቡነ ዮሐንስ ከማ በግእዝ | GZ-MEL-110:መልክዐ አቡነ ዮሐንስ ዘድብረ ዳጋ በግእዝ | GZ-MEL-149:መልክዐ ዮሐንስ ወልደ ነጎድጓድ በግእዝ | GZ-MEL-150:መልክዐ ዮሐንስ ፍቁረ እግዚእ በግእዝ | AM-GDL-013:የቅዱስ ዮሐንስ ገድል በአማርኛ | GZ-GDL-018:ገድለ አቡነ ዮሐንስ በግእዝ | AM-GDL-027:ገድለ አቡነ እጨጌ ዮሐንስ ዘጸገሮ በአማርኛ,"1-1, 1-1, 1-2, 1-2, 1-4, 1-4, 1-4, 1-4, 1-4, 1-4"
10-4,274,ቅዱስ እንድርያስ ሐዋርያ,እንድርያስ,monthly,CORRECT,AM-MEL-046:የቅዱስ እንድርያስ ሐዋርያ መልክዕ በአማርኛ | GZ-MEL-137:መልክዐ እንድርያስ ሐዋርያ በግእዝ,AM-MEL-046:የቅዱስ እንድርያስ ሐዋርያ መልክዕ በአማርኛ | GZ-MEL-102:መልክዐ አቡነ እንድርያስ ዘደብረ ስኂን (ፅፉን) በግእዝ | GZ-MEL-103:መልክዐ አቡነ እንድርያስ ዘደብረ ጽጌ በግእዝ | GZ-MEL-137:መልክዐ እንድርያስ ሐዋርያ በግእዝ,"1-4, 1-4, 2-4, 2-4, 3-4, 3-4, 4-4, 4-4, 5-4, 5-4"
10-5,275,ቅዱስ አባ ብሶይ (ኃያል ሰማዕት),ብሶይ,annual,NO_BOOK,,,
10-5,275,ቅድስት ማርታ ለባሲተ ክርስቶስ (በቅድስናዋ የተወደሰች በስደት ያረፈች እናት ናት),ማርታ ለባሲተ ክርስቶስ,annual,WRONG_DATE,,AM-MEL-018:መልክዐ ቅድስት ፍቅርተ ክርስቶስ በአማርኛ | AM-MEL-060:የአቡነ አባለ ክርስቶስ ጻድቅ መልክዕ በአማርኛ | AM-MIK-001:ምክሓ ምእመናን ክርስቶስ በአማርኛ | GZ-MEL-066:መልክዐ ቅድስት ፍቅርተ ክርስቶስ በግእዝ | GZ-MEL-082:መልክዐ አቡነ ሠምረ ክርስቶስ በግእዝ | GZ-MEL-096:መልክዐ አቡነ አባለ ክርስቶስ በግእዝ | GZ-MEL-136:መልክዐ እስትንፋሰ ክርስቶስ በግእዝ | GZ-MEL-143:መልክዐ ክርስቶስ ሠምራ በግእዝ | GZ-MEL-148:መልክዐ ይምርሃነ ክርስቶስ በግእዝ | GZ-MEL-153:መልክዐ ገብረ ክርስቶስ በግእዝ | GZ-MZM-001:መዝሙረ ክርስቶስ በግእዝ | GZ-MZM-002:መዝሙረ ክርስቶስ ካልዕ በግእዝ | GZ-MZM-003:መዝሙረ ክርስቶስ ዘመኃልየ መኃልይ። በግእዝ | GZ-GDL-006:ገድለ አቡነ እስትንፋስ ክርስቶስ በግእዝ | AM-GDL-005:ገድለ ቅድስት ክርስቶስ ሠምራ በአማርኛ | AM-GDL-014:የአቡነ እስትንፋሰ ክርስቶስ ገድል በአማርኛ | GZ-GDL-019:ገድለ ቅድስት ክርስቶስ ሠምራ በግእዝ | GZ-GDL-023:ገድለ አቡነ መዝራዕተ ክርስቶስ በግእዝ | TI-GDL-002:ገድሊ አቡነ እስትንፋስ ክርስቶስ ትግርኛ,"1-9, 1-9, 1-9, 1-9, 1-24, 1-24, 1-24, 1-27, 1-29, 1-29"
10-5,275,ቅዱስ ያዕቆብ ምሥራቃዊ,ያዕቆብ ምሥራቃዊ,annual,WRONG_DATE,,AM-MEL-022:መልክዐ አብርሃም ይሥሐቅ ያዕቆብ በአማርኛ | GZ-MEL-124:መልክዐ አብርሃም ይሥሐቅ ወያዕቆብ በግእዝ,"1-28, 1-28, 2-28, 2-28, 3-28, 3-28, 4-28, 4-28, 5-28, 5-28"
10-5,275,ቅዱስ ቢፋሞን ሰማዕት,ቢፋሞን,annual,NO_BOOK,,,
10-5,275,ቅዱስ መቃርስ ሰማዕት,መቃርስ,annual,NO_BOOK,,,
10-5,275,ቅዱስ መርቆሬዎስና ማሕበሩ (ሰማዕታት),መርቆሬዎስና ማሕበሩ,annual,NO_BOOK,,,
10-5,275,ጴጥሮስና ጳውሎስ,ጴጥሮስና ጳውሎስ,monthly,WRONG_DATE,,GZ-MEL-158:መልክዐ ጴጥሮስ ወጳውሎስ በግእዝ,11-5
10-5,275,አቡነ ገብረመንፈስ ቅዱስ,ገብረመንፈስ ቅዱስ,monthly,CORRECT,GZ-MEL-151:መልክዐ ገብረ መንፈስ ቅዱስ በግእዝ | GZ-MEL-152:መልክዐ ገብረ መንፈስ ቅዱስ ካልዕ በግእዝ | AM-GDL-007:ገድለ አቡነ ገብረ መንፈስ ቅዱስ በአማርኛ,AM-MEL-012:መልክዐ ቅዱስ መስቀል በአማርኛ | AM-MEL-013:መልክዐ ቅዱስ ሚናስ በአማርኛ | AM-MEL-014:መልክዐ ቅዱስ ራጉኤል በአማርኛ | AM-MEL-015:መልክዐ ቅዱስ ቂርቆስ በአማርኛ | AM-MEL-016:መልክዐ ቅዱስ ዮሐንስ ወንጌላዊ በአማርኛ | AM-TEA-003:ተአምኆ ዘሥሉስ ቅዱስ መልክዕ በአማርኛ | AM-MEL-033:የሐዋርያው የቅዱስ ታዴዎስ መልክዕ በአማርኛ | AM-MEL-036:የሰማዕቱ ቅዱስ ጊጋር መልክዕ በአማርኛ | AM-MEL-039:የቅዱስ መርምሕናም መልክዕ በአማርኛ | AM-MEL-040:የቅዱስ መስቀል 3ኛ መልክዕ በአማርኛ | AM-MEL-041:የቅዱስ ሚካኤል 3ኛ መልክዕ በአማርኛ | AM-MEL-042:የቅዱስ ማርቆስ 2ኛ መልክዕ በአማርኛ | AM-MEL-043:የቅዱስ ሩፋኤል መልክዕ በአማርኛ | AM-MEL-044:የቅዱስ አቦሊ መልክዕ በአማርኛ | AM-MEL-045:የቅዱስ እስጢፋኖስ 2ኛ መልክዕ በአማርኛ | AM-MEL-046:የቅዱስ እንድርያስ ሐዋርያ መልክዕ በአማርኛ | AM-MEL-047:የቅዱስ ዮሐንስ 2ኛ መልክዕ በአማርኛ | AM-MEL-048:የቅዱስ ዮሐንስ መጥምቅ መልክዕ በአማርኛ | AM-MEL-049:የቅዱስ ዳዊት መልክዕ በአማርኛ | AM-MEL-050:የቅዱስ ገብርኤል መልክዕ በአማርኛ | AM-MEL-051:የቅዱስ ጊዮርጊስ መልክዕ በአማርኛ | AM-MEL-052:የነቢዩ የቅዱስ ኤልያስ 3ኛ መልክዕ በአማርኛ | AM-MEL-065:ጸሎተ መልክዐ ሥቃዩ ለቅዱስ ጊዮርጊስ ሊቀ ሰማዕታት በአማርኛ | AM-MEL-066:ጸሎተ መልክዕ ዘቅዱስ ጊዮርጊስ ሊቀ ሰማዕታት በአማርኛ | AM-MEL-067:ጸሎተ መልክዕ ዘቅዱስ ጊዮርጊስ ሊቀ ሰማዕታት ካልዕ በአማርኛ | AM-SIB-001:ስብሐተ ፍቁር ዘቅዱስ ጊዮርጊስ ሊቀ ሰማዕታት በአማርኛ | AM-TEA-002:ተአምኆ ዘሥሉስ ቅዱስ በአማርኛ | GZ-MEL-004:መልክዐ ሊቀ መላእክት ቅዱስ ሚካኤል ሣልስ በግእዝ | GZ-MEL-005:መልክዐ ሊቀ መላእክት ቅዱስ ሚካኤል ካልዕ በግእዝ | GZ-MEL-006:መልክዐ ሊቀ መላእክት ቅዱስ ሩፋኤል በግእዝ | GZ-MEL-007:መልክዐ ሊቀ መላእክት ቅዱስ ራጉኤል በግእዝ | GZ-MEL-008:መልክዐ ሊቀ መላእክት ቅዱስ ሱርያል በግእዝ | GZ-MEL-009:መልክዐ ሊቀ መላእክት ቅዱስ በግእዝ | GZ-MEL-010:መልክዐ ሊቀ መላእክት ቅዱስ አፍኒን በግእዝ | GZ-MEL-011:መልክዐ ሊቀ መላእክት ቅዱስ ዑራኤል በግእዝ | GZ-MEL-012:መልክዐ ሊቀ መላእክት ቅዱስ ዑራኤል ካልእ በግእዝ | GZ-MEL-013:መልክዐ ሊቀ መላእክት ቅዱስ ገብርኤል በግእዝ | GZ-MEL-014:መልክዐ ሊቀ መላእክት ቅዱስ ገብርኤል ካልዕ (ደቅስዮስ) በግእዝ | GZ-MEL-015:መልክዐ ሊቀ መላእክት ቅዱስ ፋኑኤል በግእዝ | GZ-MEL-016:መልክዐ ሊቀ ሰማዕታት ቅዱስ እስጢፋኖስ በግእዝ | GZ-MEL-017:መልክዐ ሊቀ ሰማዕታት ቅዱስ እስጢፋኖስ ካልእ በግእዝ | GZ-MEL-034:መልክዐ ሥሉስ ቅዱስ በግእዝ | GZ-MEL-039:መልክዐ ሰማዕት ቅዱስ መርቆሬዎስ በግእዝ | GZ-MEL-040:መልክዐ ሰማዕት ቅዱስ ቴዎድሮስ በግእዝ | GZ-MEL-041:መልክዐ ሰማዕት ቅዱስ ፋሲለደስ በግእዝ | GZ-MEL-049:መልክዐ ቅዱስ መርምሕናም በግእዝ | GZ-MEL-050:መልክዐ ቅዱስ መስቀል ሣልስ በግእዝ | GZ-MEL-051:መልክዐ ቅዱስ መስቀል በግእዝ | GZ-MEL-052:መልክዐ ቅዱስ ሚናስ በግእዝ | GZ-MEL-053:መልክዐ ቅዱስ ማርቆስ ካልእ በግእዝ | GZ-MEL-054:መልክዐ ቅዱስ ቂርቆስ በግእዝ | GZ-MEL-055:መልክዐ ቅዱስ ታዴዎስ በግእዝ | GZ-MEL-056:መልክዐ ቅዱስ አባዲር በግእዝ | GZ-MEL-057:መልክዐ ቅዱስ አቦሊ በግእዝ | GZ-MEL-058:መልክዐ ቅዱስ አግናጥዮስ ምጥው ለአንበሳ በግእዝ | GZ-MEL-059:መልክዐ ቅዱስ ኤልያስ ነቢይ ሣልስ በግእዝ | GZ-MEL-060:መልክዐ ቅዱስ ዮሐንስ መጥምቅ በግእዝ | GZ-MEL-061:መልክዐ ቅዱስ ዮሐንስ ካልእ በግእዝ | GZ-MEL-062:መልክዐ ቅዱስ ዮሐንስ ወንጌላዊ በግእዝ | GZ-MEL-063:መልክዐ ቅዱስ ዮስጦስ በግእዝ | GZ-MEL-064:መልክዐ ቅዱስ ዳዊት በግእዝ | GZ-MEL-065:መልክዐ ቅዱስ ጊዮርጊስ በግእዝ | GZ-MEL-151:መልክዐ ገብረ መንፈስ ቅዱስ በግእዝ | GZ-MEL-152:መልክዐ ገብረ መንፈስ ቅዱስ ካልዕ በግእዝ | GZ-TEA-002:ተአምኆ ዘሥሉስ ቅዱስ በግእዝ | GZ-TEA-003:ተአምኆ ዘሥሉስ ቅዱስ በግእዝ ካልእ | GZ-MEL-165:መልክዐ ሊቀ መላእክት ቅዱስ ሚካኤል ካልዕ በግእ | AM-GDL-001:ገድለ ቅዱስ አባ ጊዮርጊስ ዘጋሥጫ በአማርኛ | GZ-GDL-002:ገድለ ሰማዕት ቅዱስ መርቆሬዎስ በግእዝ | GZ-DRS-003:ድርሳነ ቅዱስ ራጉኤል በግእዝ | AM-DRS-001:የቅዱስ ኢያቄምና- የቅድስት ሐና ድርሳን በአማርኛ | GZ-GDL-007:ገድለ ቅዱስ አባ ጊዮርጊስ ዘጋሥጫ በግእዝ | AM-GDL-007:ገድለ አቡነ ገብረ መንፈስ ቅዱስ በአማርኛ | GZ-GDL-008:ገድለ ቅዱስ ዞሲማስ በግእዝ | AM-GDL-009:ገድለ ቅዱስ እስጢፋኖስ አማርኛ | GZ-GDL-009:ገድለ ቅዱስ ሱስንዮስ በግእዝ | GZ-GDL-010:ገድለ ቅዱስ ዮስጦስ በግእዝ | GZ-GDL-012:ገድለ ቅዱስ ቈጵርያኖስ ወቅድስት ኢዩስጣ በግእዝ | AM-GDL-013:የቅዱስ ዮሐንስ ገድል በአማርኛ | GZ-GDL-014:ገድለ ቅዱስ ጊዮርጊስ ሰማዕት በግእዝ | AM-GDL-015:ገድለ ሰማዕት ቅዱስ መርቆሬዎስ በአማርኛ | AM-GDL-018:ገድለ ቅዱስ ጊዮርጊስ ሰማዕት በአማርኛ | GZ-DRS-007:ድርሳን ዘቅዱስ ኢያቄም ወቅድስት ሐና በግእዝ | GZ-GDL-021:ድርሳን ወገድል ዘቅዱስ ያሬድ በግእዝ | GZ-GDL-022:ገድለ ቅዱስ እስጢፋኖስ በግእዝ | GZ-GDL-027:ገድለ ቅዱስ ፊቅጦር በግእዝ | AM-GDL-023:የቅዱስ ቂርቆስና የቅድስት ኢየሉጣ ገድል በአማርኛ | GZ-GDL-030:ገድለ ቅዱስ ቴዎድሮስ በግእዝ | GZ-DRS-009:ድርሳን ቅዱስ ሩፋኤል በግእዝ | GZ-GDL-031:ገድለ ሰማዕት ቅዱስ ቴዎድሮስ በግእዝ | AM-GDL-024:ገድለ ቅዱስ አቡነ አቢብ በአማርኛ | AM-GDL-025:ገድለ ቅዱስ ዞሲማስ በአማርኛ | AM-DRS-010:ድርሳነ ቅዱስ ራጉኤል በአማርኛ | AM-GDL-029:ገድለ ቅዱስ ፊቅጦር በአማርኛ | AM-GDL-030:ገድለ ሰማዕት ቅዱስ ቴዎድሮስ በአማርኛ,"None-None, None-None, None-None, None-None, 1-1, 1-1, 1-1, 1-1, 1-1, 1-1"
10-6,276,ቅዱስ አባ ቴዎድሮስ ሰማዕት,ቴዎድሮስ,annual,WRONG_DATE,,GZ-MEL-040:መልክዐ ሰማዕት ቅዱስ ቴዎድሮስ በግእዝ | GZ-GDL-030:ገድለ ቅዱስ ቴዎድሮስ በግእዝ | GZ-GDL-031:ገድለ ሰማዕት ቅዱስ ቴዎድሮስ በግእዝ | AM-GDL-030:ገድለ ሰማዕት ቅዱስ ቴዎድሮስ በአማርኛ,"1-12, 1-12, 1-12, 1-12, 1-20, 1-20, 1-20, 1-20, 2-12, 2-12"
10-6,276,አባ ገብረ ክርስቶስ,ገብረ ክርስቶስ,annual,WRONG_DATE,,GZ-MEL-153:መልክዐ ገብረ ክርስቶስ በግእዝ,2-14
10-6,276,"""40"" ሰማዕታት","""40"" ሰማዕታት",annual,WRONG_DATE,,AM-MEL-065:ጸሎተ መልክዐ ሥቃዩ ለቅዱስ ጊዮርጊስ ሊቀ ሰማዕታት በአማርኛ | AM-MEL-066:ጸሎተ መልክዕ ዘቅዱስ ጊዮርጊስ ሊቀ ሰማዕታት በአማርኛ | AM-MEL-067:ጸሎተ መልክዕ ዘቅዱስ ጊዮርጊስ ሊቀ ሰማዕታት ካልዕ በአማርኛ | AM-SIB-001:ስብሐተ ፍቁር ዘቅዱስ ጊዮርጊስ ሊቀ ሰማዕታት በአማርኛ | GZ-MEL-016:መልክዐ ሊቀ ሰማዕታት ቅዱስ እስጢፋኖስ በግእዝ | GZ-MEL-017:መልክዐ ሊቀ ሰማዕታት ቅዱስ እስጢፋኖስ ካልእ በግእዝ | AM-GDL-010:ገድለ ሰማዕታት በአማርኛ,"1-15, 1-15, 1-17, 1-17, 1-23, 1-23, 1-23, 1-23, 2-17, 2-17"
10-6,276,ቅድስት ደብረ ቁስቁዋም,ደብረ ቁስቁዋም,monthly,WRONG_DATE,,GZ-MEL-076:መልክዐ አቡነ መርቆሬዎስ ዘደብረ ድማኅ በግእዝ | GZ-MEL-080:መልክዐ አቡነ ማቴዎስ ዘደብረ በርበሬ በግእዝ | GZ-MEL-081:መልክዐ አቡነ ማቴዎስ ዘደብረ በርበሬ በግእዝ ካልእ | GZ-MEL-088:መልክዐ አቡነ ቡሩከ አምላክ ዘደብረ ኮል በግእዝ | GZ-MEL-089:መልክዐ አቡነ ብፁዓ አምላክ ዘደብረ ምዕዋን ወዘደብረ ኰዳዱ በግእዝ | GZ-MEL-099:መልክዐ አቡነ አብሳዲ ዘደብረ ማርያም በግእዝ | GZ-MEL-102:መልክዐ አቡነ እንድርያስ ዘደብረ ስኂን (ፅፉን) በግእዝ | GZ-MEL-103:መልክዐ አቡነ እንድርያስ ዘደብረ ጽጌ በግእዝ | GZ-MEL-107:መልክዐ አቡነ የሐንስ ዘደብረ ቢዘን በግእዝ | GZ-MEL-113:መልክዐ አቡነ ዮናስ ዘደብረ ድኁኃን ዘደብረ ጽጌ ወዘደብረ ጽዮን በግእዝ | GZ-MEL-120:መልክዐ አቡነ ፊልጶስ ዘደብረ ቢዘን በግእዝ | GZ-GDL-001:ገድለ አቡነ ፊልጶስ ዘደብረ ሊባኖስ በግእዝ,"1-13, 1-30, 2-13, 3-13, 3-13, 3-17, 4-1, 4-13, 4-16, 5-13"
10-6,276,አባታችን አዳምና እናታችን ሔዋን,አባታችን አዳምና እናታችን ሔዋን,monthly,CORRECT,AM-MEL-023:መልክዐ አዳም ወሔዋን በአማርኛ | GZ-MEL-127:መልክዐ አዳም ወሔዋን በግእዝ,AM-MEL-023:መልክዐ አዳም ወሔዋን በአማርኛ | AM-MEL-063:የአባታችን አብርሃም መልክዕ በአማርኛ | GZ-MEL-127:መልክዐ አዳም ወሔዋን በግእዝ,"1-6, 1-6, 2-6, 2-6, 3-6, 3-6, 4-6, 4-6, 5-6, 5-6"
10-6,276,አባታችን ኖኅና እናታችን ሐይከል,አባታችን ኖኅና እናታችን ሐይከል,monthly,WRONG_DATE,,AM-MEL-063:የአባታችን አብርሃም መልክዕ በአማርኛ,"11-7, 12-28"
10-6,276,ቅዱስ ኤልያስ ነቢይ,ኤልያስ,monthly,CORRECT,AM-MEL-052:የነቢዩ የቅዱስ ኤልያስ 3ኛ መልክዕ በአማርኛ | GZ-MEL-059:መልክዐ ቅዱስ ኤልያስ ነቢይ ሣልስ በግእዝ | GZ-MEL-134:መልክዐ ኤልያስ በግእዝ | AM-DRS-005:ድርሳነ ኤልያስ ነቢይ በአማርኛ,AM-MEL-052:የነቢዩ የቅዱስ ኤልያስ 3ኛ መልክዕ በአማርኛ | GZ-MEL-059:መልክዐ ቅዱስ ኤልያስ ነቢይ ሣልስ በግእዝ | GZ-MEL-134:መልክዐ ኤልያስ በግእዝ | AM-DRS-005:ድርሳነ ኤልያስ ነቢይ በአማርኛ,"1-6, 1-6, 1-6, 1-6, 2-6, 2-6, 2-6, 2-6, 3-6, 3-6"
10-6,276,ቅዱስ ባስልዮስ ዘቂሣርያ,ባስልዮስ ዘቂሣርያ,monthly,NO_BOOK,,,
10-6,276,ቅዱስ ዮሴፍ አረጋዊ,ዮሴፍ አረጋዊ,monthly,WRONG_DATE,,GZ-MEL-073:መልክዐ አረጋዊ በግእዝ | GZ-MEL-111:መልክዐ አቡነ ዮሴፍ በግእዝ | AM-GDL-016:ገድለ አቡነ አረጋዊ በአማርኛ | GZ-GDL-029:ገድለ አቡነ ዮሴፍ በግእዝ,"1-14, 1-14, 1-19, 1-19, 2-14, 2-14, 2-19, 2-19, 3-14, 3-14"
10-6,276,ቅድስት ሰሎሜ,ሰሎሜ,monthly,NO_BOOK,,,
10-6,276,አባ አርከ ሥሉስ,አርከ ሥሉስ,monthly,WRONG_DATE,,AM-TEA-003:ተአምኆ ዘሥሉስ ቅዱስ መልክዕ በአማርኛ | AM-TEA-002:ተአምኆ ዘሥሉስ ቅዱስ በአማርኛ | GZ-MEL-034:መልክዐ ሥሉስ ቅዱስ በግእዝ | GZ-TEA-002:ተአምኆ ዘሥሉስ ቅዱስ በግእዝ | GZ-TEA-003:ተአምኆ ዘሥሉስ ቅዱስ በግእዝ ካልእ,"None-None, None-None, None-None, None-None, 5-7"
10-6,276,አባ ጽጌ ድንግል,ጽጌ ድንግል,monthly,WRONG_DATE,,AM-MEL-019:መልክዐ አቡነ ሐራ ድንግል በአማርኛ | GZ-MEL-021:መልክዐ ሐራ ድንግል በግእዝ,"1-11, 1-11, 2-11, 2-11, 3-11, 3-11, 4-11, 4-11, 5-11, 5-11"
10-6,276,ቅድስት አርሴማ ድንግል,አርሴማ ድንግል,monthly,CORRECT,GZ-MEL-042:መልክዐ ሰማዕት ቅድስት አርሴማ በግእዝ | AM-GDL-008:ገድለ ሰማዕት ቅድስት አርሴማ በአማርኛ | GZ-GDL-033:ገድለ ሰማዕት ቅድስት አርሴማ በግእዝ,AM-MEL-019:መልክዐ አቡነ ሐራ ድንግል በአማርኛ | GZ-MEL-021:መልክዐ ሐራ ድንግል በግእዝ | GZ-MEL-042:መልክዐ ሰማዕት ቅድስት አርሴማ በግእዝ | AM-GDL-008:ገድለ ሰማዕት ቅድስት አርሴማ በአማርኛ | GZ-GDL-033:ገድለ ሰማዕት ቅድስት አርሴማ በግእዝ,"1-6, 1-6, 1-6, 1-11, 1-11, 1-29, 1-29, 1-29, 2-6, 2-6"
10-7,277,ቅዱስ ያዕቆብ ዘሥሩግ,ያዕቆብ ዘሥሩግ,annual,WRONG_DATE,,AM-MEL-022:መልክዐ አብርሃም ይሥሐቅ ያዕቆብ በአማርኛ | GZ-MEL-124:መልክዐ አብርሃም ይሥሐቅ ወያዕቆብ በግእዝ,"1-28, 1-28, 2-28, 2-28, 3-28, 3-28, 4-28, 4-28, 5-28, 5-28"
10-7,277,ቅዱስ ቡሩክና አሸናፊ አባ አበስኪሮን (ታላቅ ሰማዕትና ባለ ብዙ ተአምራት),ቡሩክና አሸናፊ አባ አበስኪሮን,annual,NO_BOOK,,,
10-7,277,"""፲፮,000"" ሰማዕታት (በአንድ ቀን የተገደሉ)","""፲፮,000"" ሰማዕታት",annual,WRONG_DATE,,AM-MEL-065:ጸሎተ መልክዐ ሥቃዩ ለቅዱስ ጊዮርጊስ ሊቀ ሰማዕታት በአማርኛ | AM-MEL-066:ጸሎተ መልክዕ ዘቅዱስ ጊዮርጊስ ሊቀ ሰማዕታት በአማርኛ | AM-MEL-067:ጸሎተ መልክዕ ዘቅዱስ ጊዮርጊስ ሊቀ ሰማዕታት ካልዕ በአማርኛ | AM-SIB-001:ስብሐተ ፍቁር ዘቅዱስ ጊዮርጊስ ሊቀ ሰማዕታት በአማርኛ | GZ-MEL-016:መልክዐ ሊቀ ሰማዕታት ቅዱስ እስጢፋኖስ በግእዝ | GZ-MEL-017:መልክዐ ሊቀ ሰማዕታት ቅዱስ እስጢፋኖስ ካልእ በግእዝ | AM-GDL-010:ገድለ ሰማዕታት በአማርኛ,"1-15, 1-15, 1-17, 1-17, 1-23, 1-23, 1-23, 1-23, 2-17, 2-17"
10-7,277,የእመቤታችን ቤተ ክርስቲያን የተከፈተበት በዓል (ከ፯00 ዓመታት በፊት ምስር (CAIRO) ውስጥ),የእመቤታችን ቤተ ክርስቲያን የተከፈተበት በዓል  ውስጥ),annual,NO_BOOK,,,
10-7,277,ሥሉስ ቅዱስ (አብ ወወልድ ወመንፈስ ቅዱስ),ሥሉስ ቅዱስ,monthly,WRONG_DATE,,AM-TEA-003:ተአምኆ ዘሥሉስ ቅዱስ መልክዕ በአማርኛ | AM-TEA-002:ተአምኆ ዘሥሉስ ቅዱስ በአማርኛ | GZ-MEL-034:መልክዐ ሥሉስ ቅዱስ በግእዝ | GZ-TEA-002:ተአምኆ ዘሥሉስ ቅዱስ በግእዝ | GZ-TEA-003:ተአምኆ ዘሥሉስ ቅዱስ በግእዝ ካልእ,"None-None, None-None, None-None, None-None, 5-7"
10-7,277,አባ ጊዮርጊስ ዘጋስጫ,ጊዮርጊስ ዘጋስጫ,monthly,CORRECT,GZ-MEL-123:መልክዐ አባ ጊዮርጊስ ዘጋሥጫ በግእዝ | AM-GDL-001:ገድለ ቅዱስ አባ ጊዮርጊስ ዘጋሥጫ በአማርኛ | GZ-GDL-007:ገድለ ቅዱስ አባ ጊዮርጊስ ዘጋሥጫ በግእዝ,AM-MEL-051:የቅዱስ ጊዮርጊስ መልክዕ በአማርኛ | AM-MEL-065:ጸሎተ መልክዐ ሥቃዩ ለቅዱስ ጊዮርጊስ ሊቀ ሰማዕታት በአማርኛ | AM-MEL-066:ጸሎተ መልክዕ ዘቅዱስ ጊዮርጊስ ሊቀ ሰማዕታት በአማርኛ | AM-MEL-067:ጸሎተ መልክዕ ዘቅዱስ ጊዮርጊስ ሊቀ ሰማዕታት ካልዕ በአማርኛ | AM-SIB-001:ስብሐተ ፍቁር ዘቅዱስ ጊዮርጊስ ሊቀ ሰማዕታት በአማርኛ | GZ-MEL-036:መልክዐ ሥቃዩ ለጊዮርጊስ በግእዝ | GZ-MEL-065:መልክዐ ቅዱስ ጊዮርጊስ በግእዝ | GZ-MEL-123:መልክዐ አባ ጊዮርጊስ ዘጋሥጫ በግእዝ | GZ-MEL-154:መልክዐ ጊዮርጊስ በግእዝ | GZ-MEL-155:መልክዐ ጊዮርጊስ ካልዕ ወሥቃዩ በግእዝ | AM-GDL-001:ገድለ ቅዱስ አባ ጊዮርጊስ ዘጋሥጫ በአማርኛ | GZ-GDL-007:ገድለ ቅዱስ አባ ጊዮርጊስ ዘጋሥጫ በግእዝ | GZ-GDL-014:ገድለ ቅዱስ ጊዮርጊስ ሰማዕት በግእዝ | AM-GDL-018:ገድለ ቅዱስ ጊዮርጊስ ሰማዕት በአማርኛ,"1-7, 1-7, 1-7, 1-23, 1-23, 1-23, 1-23, 1-23, 1-23, 1-23"
10-7,277,አባ ሲኖዳ (የባሕታውያን አለቃ),ሲኖዳ,monthly,NO_BOOK,,,
10-7,277,አባ ዳንኤል ዘገዳመ ሲሐት,ዳንኤል ዘገዳመ ሲሐት,monthly,WRONG_DATE,,GZ-MEL-114:መልክዐ አቡነ ዳንኤል በግእዝ | GZ-GDL-028:ገድለ አቡነ ዳንኤል በግእዝ,"3-6, 3-6"
10-7,277,አባ ባውላ ገዳማዊ,ባውላ ገዳማዊ,monthly,NO_BOOK,,,
10-7,277,ቅዱስ አትናቴዎስ ሐዋርያዊ,አትናቴዎስ ሐዋርያዊ,monthly,NO_BOOK,,,
10-7,277,ቅዱስ አግናጥዮስ (ለአንበሳ የተሰጠ),አግናጥዮስ,monthly,CORRECT,GZ-MEL-058:መልክዐ ቅዱስ አግናጥዮስ ምጥው ለአንበሳ በግእዝ,GZ-MEL-058:መልክዐ ቅዱስ አግናጥዮስ ምጥው ለአንበሳ በግእዝ,"1-7, 2-7, 2-26, 3-7, 4-7, 4-24, 5-7, 6-7, 7-7, 8-7"
10-8,278,የእመቤታችን ድንግል ማርያም ቅዳሴ ቤት,የእመቤታችን ድንግል ማርያም ቅዳሴ ቤት,annual,WRONG_DATE,,AM-KID-001:መዓዛ ቅዳሴ በአማርኛ,
10-8,278,የቅዱስ ውሃ (ጸበል) መታሠቢያ,የቅዱስ ውሃ  መታሠቢያ,annual,WRONG_DATE,,AM-MEL-033:የሐዋርያው የቅዱስ ታዴዎስ መልክዕ በአማርኛ | AM-MEL-039:የቅዱስ መርምሕናም መልክዕ በአማርኛ | AM-MEL-040:የቅዱስ መስቀል 3ኛ መልክዕ በአማርኛ | AM-MEL-041:የቅዱስ ሚካኤል 3ኛ መልክዕ በአማርኛ | AM-MEL-042:የቅዱስ ማርቆስ 2ኛ መልክዕ በአማርኛ | AM-MEL-043:የቅዱስ ሩፋኤል መልክዕ በአማርኛ | AM-MEL-044:የቅዱስ አቦሊ መልክዕ በአማርኛ | AM-MEL-045:የቅዱስ እስጢፋኖስ 2ኛ መልክዕ በአማርኛ | AM-MEL-046:የቅዱስ እንድርያስ ሐዋርያ መልክዕ በአማርኛ | AM-MEL-047:የቅዱስ ዮሐንስ 2ኛ መልክዕ በአማርኛ | AM-MEL-048:የቅዱስ ዮሐንስ መጥምቅ መልክዕ በአማርኛ | AM-MEL-049:የቅዱስ ዳዊት መልክዕ በአማርኛ | AM-MEL-050:የቅዱስ ገብርኤል መልክዕ በአማርኛ | AM-MEL-051:የቅዱስ ጊዮርጊስ መልክዕ በአማርኛ | AM-MEL-052:የነቢዩ የቅዱስ ኤልያስ 3ኛ መልክዕ በአማርኛ | AM-DRS-001:የቅዱስ ኢያቄምና- የቅድስት ሐና ድርሳን በአማርኛ | AM-GDL-013:የቅዱስ ዮሐንስ ገድል በአማርኛ | AM-GDL-023:የቅዱስ ቂርቆስና የቅድስት ኢየሉጣ ገድል በአማርኛ,"1-1, 1-1, 1-1, 1-2, 1-2, 1-3, 1-4, 1-4, 1-4, 1-6"
10-8,278,ቅድስት ትምዳ እናታችን,ትምዳ እናታችን,annual,NO_BOOK,,,
10-8,278,ቅዱስ አውሎጊስ,አውሎጊስ,annual,NO_BOOK,,,
10-8,278,አባ አትካሮን,አትካሮን,annual,NO_BOOK,,,
10-8,278,ቅዱስ ሙሴ ሊቀ ነቢያት,ሙሴ ሊቀ ነቢያት,monthly,WRONG_DATE,,AM-TSE-003:የነቢያት ጸሎት በአማርኛ | GZ-TSE-002:ጸሎተ ነቢያት በግእዝ | TI-MZM-002:መዝሙር መኃልይ ነቢያት ብትግርኛ,"None-None, None-None, None-None"
10-8,278,ኪሩቤል (አርባዕቱ እንስሳ),ኪሩቤል,monthly,NO_BOOK,,,
10-8,278,አባ ብሶይ (ብሾይ),ብሶይ,monthly,NO_BOOK,,,
10-8,278,አቡነ ኪሮስ,ኪሮስ,monthly,CORRECT,GZ-GDL-016:ገድለ አቡነ ኪሮስ በግእዝ | AM-GDL-021:ገድለ አቡነ ኪሮስ በአማርኛ,GZ-GDL-016:ገድለ አቡነ ኪሮስ በግእዝ | AM-GDL-021:ገድለ አቡነ ኪሮስ በአማርኛ,"1-8, 1-8, 2-8, 2-8, 3-8, 3-8, 4-8, 4-8, 5-8, 5-8"
10-8,278,አባ ሳሙኤል ዘደብረ ቀልሞን,ሳሙኤል ዘደብረ ቀልሞን,monthly,WRONG_DATE,,AM-MEL-054:የአቡነ ሳሙኤል ዘዋልድባ መልክዕ በአማርኛ | AM-MEL-055:የአቡነ ሳሙኤል ዘዋልድባ ኹለተኛ መልክዕ በአማርኛ | GZ-MEL-084:መልክዐ አቡነ ሳሙኤል በግእዝ ሣልስ በግእዝ | GZ-MEL-085:መልክዐ አቡነ ሳሙኤል ዘዋልድባ በግእዝ | GZ-MEL-086:መልክዐ አቡነ ሳሙኤል ዘዋልድባ ካልዕ በግእዝ,"1-12, 1-12, 1-12, 1-12, 1-12, 2-12, 2-12, 2-12, 2-12, 2-12"
10-8,278,ቅዱስ ማትያስ ሐዋርያ (ከ፲፪ቱ ሐዋርያት),ማትያስ ሐዋርያ,monthly,WRONG_DATE,,AM-MEL-033:የሐዋርያው የቅዱስ ታዴዎስ መልክዕ በአማርኛ | AM-MEL-046:የቅዱስ እንድርያስ ሐዋርያ መልክዕ በአማርኛ | GZ-MEL-023:መልክዐ ሐዋርያት በግእዝ | GZ-MEL-137:መልክዐ እንድርያስ ሐዋርያ በግእዝ | GZ-GDL-017:ገድለ አቡነ ተክለ ሐዋርያት በግእዝ | GZ-GDL-032:መጽሐፈ ገድለ ቅዱሳን ሐዋርያት በግእዝ | AM-ZNA-003:ዜና ሐዋርያት በአማርኛ,"1-2, 1-4, 1-4, 2-2, 2-4, 2-4, 3-2, 3-4, 3-4, 3-27"
10-9,279,ቅዱስ ሳሙኤል ነቢይ,ሳሙኤል,annual,WRONG_DATE,,AM-MEL-054:የአቡነ ሳሙኤል ዘዋልድባ መልክዕ በአማርኛ | AM-MEL-055:የአቡነ ሳሙኤል ዘዋልድባ ኹለተኛ መልክዕ በአማርኛ | GZ-MEL-084:መልክዐ አቡነ ሳሙኤል በግእዝ ሣልስ በግእዝ | GZ-MEL-085:መልክዐ አቡነ ሳሙኤል ዘዋልድባ በግእዝ | GZ-MEL-086:መልክዐ አቡነ ሳሙኤል ዘዋልድባ ካልዕ በግእዝ,"1-12, 1-12, 1-12, 1-12, 1-12, 2-12, 2-12, 2-12, 2-12, 2-12"
10-9,279,ቅዱስ ሉክያኖስ ሰማዕት,ሉክያኖስ,annual,NO_BOOK,,,
10-9,279,ቅዱስ ዮሐንስ,ዮሐንስ,annual,WRONG_DATE,,AM-MEL-016:መልክዐ ቅዱስ ዮሐንስ ወንጌላዊ በአማርኛ | AM-MEL-020:መልክዐ አቡነ ዕጨጌ ዮሐንስ በአማርኛ | AM-MEL-021:መልክዐ አቡነ ዮሐንስ ጻድቅ በአማርኛ | AM-MEL-047:የቅዱስ ዮሐንስ 2ኛ መልክዕ በአማርኛ | AM-MEL-048:የቅዱስ ዮሐንስ መጥምቅ መልክዕ በአማርኛ | GZ-MEL-060:መልክዐ ቅዱስ ዮሐንስ መጥምቅ በግእዝ | GZ-MEL-061:መልክዐ ቅዱስ ዮሐንስ ካልእ በግእዝ | GZ-MEL-062:መልክዐ ቅዱስ ዮሐንስ ወንጌላዊ በግእዝ | GZ-MEL-104:መልክዐ አቡነ ዕጨጌ ዮሐንስ በግእዝ | GZ-MEL-109:መልክዐ አቡነ ዮሐንስ ከማ በግእዝ | GZ-MEL-110:መልክዐ አቡነ ዮሐንስ ዘድብረ ዳጋ በግእዝ | GZ-MEL-149:መልክዐ ዮሐንስ ወልደ ነጎድጓድ በግእዝ | GZ-MEL-150:መልክዐ ዮሐንስ ፍቁረ እግዚእ በግእዝ | AM-GDL-013:የቅዱስ ዮሐንስ ገድል በአማርኛ | GZ-GDL-018:ገድለ አቡነ ዮሐንስ በግእዝ | AM-GDL-027:ገድለ አቡነ እጨጌ ዮሐንስ ዘጸገሮ በአማርኛ,"1-1, 1-1, 1-2, 1-2, 1-4, 1-4, 1-4, 1-4, 1-4, 1-4"
10-9,279,አባ በርሱማ ሶርያዊ (ለሶርያ መነኮሳት ኁሉ አባት),በርሱማ ሶርያዊ,monthly,NO_BOOK,,,
10-9,279,አቡነ እስትንፋሰ ክርስቶስ (ኢትዮዽያዊ),እስትንፋሰ ክርስቶስ,monthly,CORRECT,GZ-MEL-136:መልክዐ እስትንፋሰ ክርስቶስ በግእዝ | AM-GDL-014:የአቡነ እስትንፋሰ ክርስቶስ ገድል በአማርኛ,GZ-MEL-136:መልክዐ እስትንፋሰ ክርስቶስ በግእዝ | AM-GDL-014:የአቡነ እስትንፋሰ ክርስቶስ ገድል በአማርኛ,"1-9, 1-9, 2-9, 2-9, 3-9, 3-9, 4-9, 4-9, 5-9, 5-9"
10-9,279,"""፫፲፰ቱ"" ቅዱሳን ሊቃውንት (ርቱዐነ ሃይማኖት ዘኒቅያ)","""፫፲፰ቱ"" ቅዱሳን ሊቃውንት",monthly,NO_BOOK,,,
10-9,279,የብሔረ ብፁዐን ጻድቃን,የብሔረ ብፁዐን ጻድቃን,monthly,WRONG_DATE,,GZ-MEL-160:መልክዐ ጻድቃን ዘባርክናሃ በግእዝ,4-29
10-9,279,አባ መልከ ጸዴቅ ዘሚዳ (ኢትዮዽያዊ),መልከ ጸዴቅ ዘሚዳ,monthly,CORRECT,AM-MEL-068:የአቡነ መልከ ጼዴቅ መልክእ በአማርኛ | GZ-MEL-075:መልክዐ አቡነ መልከ ጼዴቅ በግእዝ,AM-MEL-068:የአቡነ መልከ ጼዴቅ መልክእ በአማርኛ | GZ-MEL-002:መልከዐ ማርያም ዳግሚት በግእዝ | GZ-MEL-003:መልከዐ አቡነ ሊቃኖስ በግእዝ | GZ-MEL-075:መልክዐ አቡነ መልከ ጼዴቅ በግእዝ,"1-9, 1-9, 1-21, 2-9, 2-9, 2-21, 3-9, 3-9, 3-21, 3-28"
10-9,279,ቅዱስ ዞሲማስ ጻድቅ (ዓለመ ብፁዐንን ያየ አባት),ዞሲማስ ጻድቅ,monthly,CORRECT,GZ-GDL-008:ገድለ ቅዱስ ዞሲማስ በግእዝ | AM-GDL-025:ገድለ ቅዱስ ዞሲማስ በአማርኛ,AM-MEL-003:መልክዐ ለአቡነ አቢብ ጻድቅ በአማርኛ | AM-MEL-021:መልክዐ አቡነ ዮሐንስ ጻድቅ በአማርኛ | AM-MEL-060:የአቡነ አባለ ክርስቶስ ጻድቅ መልክዕ በአማርኛ | GZ-GDL-008:ገድለ ቅዱስ ዞሲማስ በግእዝ | AM-GDL-025:ገድለ ቅዱስ ዞሲማስ በአማርኛ,"1-9, 1-9, 1-16, 1-25, 2-9, 2-9, 2-16, 2-25, 3-9, 3-9"
10-10,280,ቅድስት ቤተ ክርስቲያን,ቤተ ክርስቲያን,annual,NO_BOOK,,,
10-10,280,ታላቁ ቅዱስ ቈስጠንጢኖስ,ታላቁ ቅዱስ ቈስጠንጢኖስ,annual,NO_BOOK,,,
10-10,280,ቅድስት ሶፍያ ሰማዕት (ከታላላቆቹ ሶፍያዎች አንዷ ናት),ሶፍያ ሰማዕት,annual,WRONG_DATE,,GZ-MEL-039:መልክዐ ሰማዕት ቅዱስ መርቆሬዎስ በግእዝ | GZ-MEL-040:መልክዐ ሰማዕት ቅዱስ ቴዎድሮስ በግእዝ | GZ-MEL-041:መልክዐ ሰማዕት ቅዱስ ፋሲለደስ በግእዝ | GZ-MEL-042:መልክዐ ሰማዕት ቅድስት አርሴማ በግእዝ | GZ-MEL-043:መልክዐ ሰማዕት ቅድስት ኢየሉጣ በግእዝ | GZ-MEL-122:መልክዐ አባ ኖብ ሰማዕት በግእዝ | GZ-GDL-002:ገድለ ሰማዕት ቅዱስ መርቆሬዎስ በግእዝ | AM-GDL-008:ገድለ ሰማዕት ቅድስት አርሴማ በአማርኛ | GZ-GDL-014:ገድለ ቅዱስ ጊዮርጊስ ሰማዕት በግእዝ | AM-GDL-015:ገድለ ሰማዕት ቅዱስ መርቆሬዎስ በአማርኛ | AM-GDL-018:ገድለ ቅዱስ ጊዮርጊስ ሰማዕት በአማርኛ | GZ-GDL-031:ገድለ ሰማዕት ቅዱስ ቴዎድሮስ በግእዝ | GZ-GDL-033:ገድለ ሰማዕት ቅድስት አርሴማ በግእዝ | AM-GDL-030:ገድለ ሰማዕት ቅዱስ ቴዎድሮስ በአማርኛ,"1-6, 1-6, 1-6, 1-11, 1-12, 1-12, 1-12, 1-15, 1-18, 1-20"
10-10,280,ቅዱሳት ሰማዕታት ደባሞንና ብስጣሞን (የቅድስት ሶፍያ ልጆች),ቅዱሳት ሰማዕታት ደባሞንና ብስጣሞን,annual,NO_BOOK,,,
10-10,280,ቅዱስ አውሎጊስ ሰማዕት,አውሎጊስ,annual,NO_BOOK,,,
10-10,280,ቅዱስ ዋርስኖፋ ሰማዕት,ዋርስኖፋ,annual,NO_BOOK,,,
10-10,280,ቅዱስ ናትናኤል ሐዋርያ,ናትናኤል,monthly,NO_BOOK,,,
10-10,280,ቅዱስ ኒቆላዎስ ዘሃገረ ሜራ,ኒቆላዎስ ዘሃገረ ሜራ,monthly,NO_BOOK,,,
10-10,280,አቡነ መልክዐ ክርስቶስ,መልክዐ ክርስቶስ,monthly,WRONG_DATE,,GZ-MEL-143:መልክዐ ክርስቶስ ሠምራ በግእዝ,"1-24, 2-24, 3-24, 4-24, 5-24, 6-24, 7-24, 8-24, 9-12, 9-24"
10-10,280,ቅዱስ ያዕቆብ ሐዋርያ (ወልደ እልፍዮስ),ያዕቆብ ሐዋርያ,monthly,WRONG_DATE,,AM-MEL-022:መልክዐ አብርሃም ይሥሐቅ ያዕቆብ በአማርኛ | AM-MEL-033:የሐዋርያው የቅዱስ ታዴዎስ መልክዕ በአማርኛ | AM-MEL-046:የቅዱስ እንድርያስ ሐዋርያ መልክዕ በአማርኛ | GZ-MEL-023:መልክዐ ሐዋርያት በግእዝ | GZ-MEL-124:መልክዐ አብርሃም ይሥሐቅ ወያዕቆብ በግእዝ | GZ-MEL-137:መልክዐ እንድርያስ ሐዋርያ በግእዝ | GZ-GDL-017:ገድለ አቡነ ተክለ ሐዋርያት በግእዝ | GZ-GDL-032:መጽሐፈ ገድለ ቅዱሳን ሐዋርያት በግእዝ | AM-ZNA-003:ዜና ሐዋርያት በአማርኛ,"1-2, 1-4, 1-4, 1-28, 1-28, 2-2, 2-4, 2-4, 2-28, 2-28"
10-10,280,ቅድስት ዕሌኒ ንግስት,ዕሌኒ ንግስት,monthly,NO_BOOK,,,
10-10,280,ቅዱስ ዕፀ መስቀል,ዕፀ መስቀል,monthly,CORRECT,AM-MEL-012:መልክዐ ቅዱስ መስቀል በአማርኛ | AM-MEL-040:የቅዱስ መስቀል 3ኛ መልክዕ በአማርኛ | GZ-MEL-050:መልክዐ ቅዱስ መስቀል ሣልስ በግእዝ | GZ-MEL-051:መልክዐ ቅዱስ መስቀል በግእዝ | GZ-DRS-002:ድርሳነ መስቀል በግእዝ | AM-DRS-008:ድርሳነ መስቀል በአማርኛ,AM-MEL-004:መልክዐ ሕማማተ መስቀል በአማርኛ | AM-MEL-012:መልክዐ ቅዱስ መስቀል በአማርኛ | AM-MEL-040:የቅዱስ መስቀል 3ኛ መልክዕ በአማርኛ | AM-TSE-001:የመስቀል አጥር ጸሎት በአማርኛ | AM-WUD-001:ውዳሴ መስቀል በአማርኛ | GZ-HAT-001:ሐፁረ መስቀል በግእዝ | GZ-MEL-024:መልክዐ ሕማማተ መስቀል በግእዝ | GZ-MEL-050:መልክዐ ቅዱስ መስቀል ሣልስ በግእዝ | GZ-MEL-051:መልክዐ ቅዱስ መስቀል በግእዝ | GZ-WUD-001:ውዳሴ መስቀል በግእዝ | GZ-DRS-002:ድርሳነ መስቀል በግእዝ | AM-DRS-008:ድርሳነ መስቀል በአማርኛ,"None-None, None-None, None-None, None-None, None-None, None-None, 1-10, 1-10, 1-10, 1-10"
10-11,281,ማር ገላውዴዎስ ሰማዕት (ሕይወቱ መላዕክትን የመሰለ),ማር ገላውዴዎስ ሰማዕት,annual,CORRECT,GZ-MEL-041:መልክዐ ሰማዕት ቅዱስ ፋሲለደስ በግእዝ,GZ-MEL-039:መልክዐ ሰማዕት ቅዱስ መርቆሬዎስ በግእዝ | GZ-MEL-040:መልክዐ ሰማዕት ቅዱስ ቴዎድሮስ በግእዝ | GZ-MEL-041:መልክዐ ሰማዕት ቅዱስ ፋሲለደስ በግእዝ | GZ-MEL-042:መልክዐ ሰማዕት ቅድስት አርሴማ በግእዝ | GZ-MEL-043:መልክዐ ሰማዕት ቅድስት ኢየሉጣ በግእዝ | GZ-MEL-122:መልክዐ አባ ኖብ ሰማዕት በግእዝ | GZ-GDL-002:ገድለ ሰማዕት ቅዱስ መርቆሬዎስ በግእዝ | GZ-ZNA-002:ዜናሁ ለንጉሥ ገላውዴዎስ በግእዝ | AM-GDL-008:ገድለ ሰማዕት ቅድስት አርሴማ በአማርኛ | GZ-GDL-014:ገድለ ቅዱስ ጊዮርጊስ ሰማዕት በግእዝ | AM-GDL-015:ገድለ ሰማዕት ቅዱስ መርቆሬዎስ በአማርኛ | AM-GDL-018:ገድለ ቅዱስ ጊዮርጊስ ሰማዕት በአማርኛ | GZ-GDL-031:ገድለ ሰማዕት ቅዱስ ቴዎድሮስ በግእዝ | GZ-GDL-033:ገድለ ሰማዕት ቅድስት አርሴማ በግእዝ | AM-GDL-030:ገድለ ሰማዕት ቅዱስ ቴዎድሮስ በአማርኛ,"1-6, 1-6, 1-6, 1-11, 1-12, 1-12, 1-12, 1-15, 1-18, 1-20"
10-11,281,"""፩,0፰፰"" ሰማዕታት (የቅዱስ ገላውዴዎስ ማኅበር)","""፩,0፰፰"" ሰማዕታት",annual,WRONG_DATE,,AM-MEL-065:ጸሎተ መልክዐ ሥቃዩ ለቅዱስ ጊዮርጊስ ሊቀ ሰማዕታት በአማርኛ | AM-MEL-066:ጸሎተ መልክዕ ዘቅዱስ ጊዮርጊስ ሊቀ ሰማዕታት በአማርኛ | AM-MEL-067:ጸሎተ መልክዕ ዘቅዱስ ጊዮርጊስ ሊቀ ሰማዕታት ካልዕ በአማርኛ | AM-SIB-001:ስብሐተ ፍቁር ዘቅዱስ ጊዮርጊስ ሊቀ ሰማዕታት በአማርኛ | GZ-MEL-016:መልክዐ ሊቀ ሰማዕታት ቅዱስ እስጢፋኖስ በግእዝ | GZ-MEL-017:መልክዐ ሊቀ ሰማዕታት ቅዱስ እስጢፋኖስ ካልእ በግእዝ | AM-GDL-010:ገድለ ሰማዕታት በአማርኛ,"1-15, 1-15, 1-17, 1-17, 1-23, 1-23, 1-23, 1-23, 2-17, 2-17"
10-11,281,አባ ክርዳኑ ሊቀ ዻዻሳት,ክርዳኑ ሊቀ ዻዻሳት,annual,NO_BOOK,,,
10-11,281,እናታችን ቅድስት ክርስቶስ ክብራ (ኢትዮዽያዊት የአቡነ በጸሎተ ሚካኤል እህት),እናታችን ቅድስት ክርስቶስ ክብራ,annual,NO_BOOK,,,
10-11,281,የጌታችን ኢየሱስ ክርስቶስ ቅዳሴ ቤቱ (ግብፅ),የጌታችን ኢየሱስ ክርስቶስ ቅዳሴ ቤቱ,annual,WRONG_DATE,,AM-KID-001:መዓዛ ቅዳሴ በአማርኛ,
10-11,281,ቅዱስ ያሬድ ካህን,ያሬድ ካህን,monthly,CORRECT,GZ-MEL-146:መልክዐ ያሬድ በግእዝ | GZ-MEL-147:መልክዐ ያሬድ ካልዕ በግእዝ | GZ-GDL-021:ድርሳን ወገድል ዘቅዱስ ያሬድ በግእዝ,GZ-MEL-146:መልክዐ ያሬድ በግእዝ | GZ-MEL-147:መልክዐ ያሬድ ካልዕ በግእዝ | GZ-GDL-021:ድርሳን ወገድል ዘቅዱስ ያሬድ በግእዝ,"1-11, 1-11, 1-11, 2-11, 2-11, 2-11, 3-11, 3-11, 3-11, 4-11"
10-11,281,ቅዱስ ፋሲለደስ ሰማዕት,ፋሲለደስ,monthly,CORRECT,GZ-MEL-041:መልክዐ ሰማዕት ቅዱስ ፋሲለደስ በግእዝ,GZ-MEL-041:መልክዐ ሰማዕት ቅዱስ ፋሲለደስ በግእዝ,"1-11, 2-11, 3-11, 4-11, 5-11, 6-11, 7-11, 8-11, 9-11, 10-11"
10-11,281,ብፁዐን ኢያቄም እና ሐና,ብፁዐን ኢያቄም እና ሐና,monthly,CORRECT,GZ-MEL-133:መልክዐ ኢያቄም በግእዝ | AM-DRS-001:የቅዱስ ኢያቄምና- የቅድስት ሐና ድርሳን በአማርኛ | GZ-DRS-007:ድርሳን ዘቅዱስ ኢያቄም ወቅድስት ሐና በግእዝ,GZ-MEL-133:መልክዐ ኢያቄም በግእዝ | AM-DRS-001:የቅዱስ ኢያቄምና- የቅድስት ሐና ድርሳን በአማርኛ | GZ-DRS-007:ድርሳን ዘቅዱስ ኢያቄም ወቅድስት ሐና በግእዝ,"1-1, 1-1, 1-1, 1-3, 1-3, 1-3, 1-7, 1-7, 1-7, 1-11"
10-11,281,አቡነ ሐራ ድንግል ጻድቅ,ሐራ ድንግል,monthly,CORRECT,AM-MEL-019:መልክዐ አቡነ ሐራ ድንግል በአማርኛ | GZ-MEL-021:መልክዐ ሐራ ድንግል በግእዝ,AM-MEL-019:መልክዐ አቡነ ሐራ ድንግል በአማርኛ | GZ-MEL-021:መልክዐ ሐራ ድንግል በግእዝ,"1-11, 1-11, 2-11, 2-11, 3-11, 3-11, 4-11, 4-11, 5-11, 5-11"
10-12,282,ቅዱስ ሚካኤል ሊቀ መላእክት,ሚካኤል ሊቀ መላእክት,annual,CORRECT,AM-MEL-006:መልክዐ ሚካኤል በአማርኛ | AM-MEL-041:የቅዱስ ሚካኤል 3ኛ መልክዕ በአማርኛ | GZ-MEL-004:መልክዐ ሊቀ መላእክት ቅዱስ ሚካኤል ሣልስ በግእዝ | GZ-MEL-005:መልክዐ ሊቀ መላእክት ቅዱስ ሚካኤል ካልዕ በግእዝ | GZ-MEL-009:መልክዐ ሊቀ መላእክት ቅዱስ በግእዝ | GZ-MEL-165:መልክዐ ሊቀ መላእክት ቅዱስ ሚካኤል ካልዕ በግእ | GZ-DRS-008:ድርሳነ ሚካኤል በግእዝ | AM-DRS-009:ድርሳነ ሚካኤል በአማርኛ,AM-DIR-001:የሰባቱ ሊቃነ መላእክት ድርሳን በአማርኛ | AM-MEL-006:መልክዐ ሚካኤል በአማርኛ | AM-MEL-038:የቅዱሳን አእላፍ መላእክት 2ኛ መልክዕ በአማርኛ | AM-MEL-041:የቅዱስ ሚካኤል 3ኛ መልክዕ በአማርኛ | GZ-MEL-004:መልክዐ ሊቀ መላእክት ቅዱስ ሚካኤል ሣልስ በግእዝ | GZ-MEL-005:መልክዐ ሊቀ መላእክት ቅዱስ ሚካኤል ካልዕ በግእዝ | GZ-MEL-006:መልክዐ ሊቀ መላእክት ቅዱስ ሩፋኤል በግእዝ | GZ-MEL-007:መልክዐ ሊቀ መላእክት ቅዱስ ራጉኤል በግእዝ | GZ-MEL-008:መልክዐ ሊቀ መላእክት ቅዱስ ሱርያል በግእዝ | GZ-MEL-009:መልክዐ ሊቀ መላእክት ቅዱስ በግእዝ | GZ-MEL-010:መልክዐ ሊቀ መላእክት ቅዱስ አፍኒን በግእዝ | GZ-MEL-011:መልክዐ ሊቀ መላእክት ቅዱስ ዑራኤል በግእዝ | GZ-MEL-012:መልክዐ ሊቀ መላእክት ቅዱስ ዑራኤል ካልእ በግእዝ | GZ-MEL-013:መልክዐ ሊቀ መላእክት ቅዱስ ገብርኤል በግእዝ | GZ-MEL-014:መልክዐ ሊቀ መላእክት ቅዱስ ገብርኤል ካልዕ (ደቅስዮስ) በግእዝ | GZ-MEL-015:መልክዐ ሊቀ መላእክት ቅዱስ ፋኑኤል በግእዝ | GZ-MEL-083:መልክዐ አቡነ ሰይፈ ሚካኤል በግእዝ | GZ-MEL-121:መልክዐ አባ በጸሎተ ሚካኤል በግእዝ | GZ-MEL-125:መልክዐ አእላፍ መላእክት በግእዝ | GZ-MEL-126:መልክዐ አእላፍ መላእክት ካልእ በግእዝ | GZ-MEL-165:መልክዐ ሊቀ መላእክት ቅዱስ ሚካኤል ካልዕ በግእ | AM-GDL-011:ገድለ አቡነ በጸሎተ ሚካኤል በአማርኛ | GZ-GDL-015:ገድለ አቡነ በጸሎተ ሚካኤል በግእዝ | GZ-DRS-008:ድርሳነ ሚካኤል በግእዝ | AM-DRS-009:ድርሳነ ሚካኤል በአማርኛ | GZ-GDL-034:ገድለ አቡነ ፍሬ ሚካኤል በግእዝ,"1-1, 1-3, 1-9, 1-9, 1-9, 1-9, 1-9, 1-9, 1-9, 1-12"
10-12,282,ቅዱስ ላሊበላ ጻድቅ (ንጉሠ ኢትዮዽያ),ላሊበላ ጻድቅ,annual,CORRECT,GZ-MEL-019:መልክዐ ላሊበላ በግዕዝ,AM-MEL-003:መልክዐ ለአቡነ አቢብ ጻድቅ በአማርኛ | AM-MEL-021:መልክዐ አቡነ ዮሐንስ ጻድቅ በአማርኛ | AM-MEL-060:የአቡነ አባለ ክርስቶስ ጻድቅ መልክዕ በአማርኛ | GZ-MEL-019:መልክዐ ላሊበላ በግዕዝ,"1-12, 1-16, 1-25, 2-12, 2-16, 2-25, 3-12, 3-16, 3-25, 4-12"
10-12,282,ቅድስት አፎምያና ባለቤቷ ቅዱስ አስተራኒቆስ,አፎምያና ባለቤቷ ቅዱስ አስተራኒቆስ,annual,NO_BOOK,,,
10-12,282,ቅዱስ ባሕራን ቀሲስ,ባሕራን ቀሲስ,annual,NO_BOOK,,,
10-12,282,ቅዱስ እለ እስክንድሮስ ሊቅ,እለ እስክንድሮስ ሊቅ,annual,NO_BOOK,,,
10-12,282,አባ ዮስጦስ ሊቀ ዻዻሳት (የሐዋርያው ቅዱስ ማርቆስ ደቀ መዝሙር),ዮስጦስ ሊቀ ዻዻሳት,annual,WRONG_DATE,,GZ-MEL-063:መልክዐ ቅዱስ ዮስጦስ በግእዝ | GZ-GDL-010:ገድለ ቅዱስ ዮስጦስ በግእዝ,"6-10, 6-10, 11-17, 11-17"
10-12,282,አባ ቄርሎስ ሊቀ ዻዻሳት,ቄርሎስ ሊቀ ዻዻሳት,annual,NO_BOOK,,,
10-12,282,ቅዱስ ማቴዎስ ሐዋርያ,ማቴዎስ,monthly,WRONG_DATE,,GZ-MEL-080:መልክዐ አቡነ ማቴዎስ ዘደብረ በርበሬ በግእዝ | GZ-MEL-081:መልክዐ አቡነ ማቴዎስ ዘደብረ በርበሬ በግእዝ ካልእ,"3-13, 5-14"
10-12,282,ቅዱስ ድሜጥሮስ,ድሜጥሮስ,monthly,NO_BOOK,,,
10-12,282,ቅዱስ ዮሐንስ አፈ ወርቅ,ዮሐንስ አፈ ወርቅ,monthly,WRONG_DATE,,AM-MEL-016:መልክዐ ቅዱስ ዮሐንስ ወንጌላዊ በአማርኛ | AM-MEL-020:መልክዐ አቡነ ዕጨጌ ዮሐንስ በአማርኛ | AM-MEL-021:መልክዐ አቡነ ዮሐንስ ጻድቅ በአማርኛ | AM-MEL-047:የቅዱስ ዮሐንስ 2ኛ መልክዕ በአማርኛ | AM-MEL-048:የቅዱስ ዮሐንስ መጥምቅ መልክዕ በአማርኛ | GZ-MEL-060:መልክዐ ቅዱስ ዮሐንስ መጥምቅ በግእዝ | GZ-MEL-061:መልክዐ ቅዱስ ዮሐንስ ካልእ በግእዝ | GZ-MEL-062:መልክዐ ቅዱስ ዮሐንስ ወንጌላዊ በግእዝ | GZ-MEL-104:መልክዐ አቡነ ዕጨጌ ዮሐንስ በግእዝ | GZ-MEL-109:መልክዐ አቡነ ዮሐንስ ከማ በግእዝ | GZ-MEL-110:መልክዐ አቡነ ዮሐንስ ዘድብረ ዳጋ በግእዝ | GZ-MEL-149:መልክዐ ዮሐንስ ወልደ ነጎድጓድ በግእዝ | GZ-MEL-150:መልክዐ ዮሐንስ ፍቁረ እግዚእ በግእዝ | AM-GDL-013:የቅዱስ ዮሐንስ ገድል በአማርኛ | GZ-GDL-018:ገድለ አቡነ ዮሐንስ በግእዝ | AM-GDL-027:ገድለ አቡነ እጨጌ ዮሐንስ ዘጸገሮ በአማርኛ,"1-1, 1-1, 1-2, 1-2, 1-4, 1-4, 1-4, 1-4, 1-4, 1-4"
10-12,282,ቅዱስ ቴዎድሮስ ምሥራቃዊ (ሰማዕት),ቴዎድሮስ ምሥራቃዊ,monthly,CORRECT,GZ-MEL-040:መልክዐ ሰማዕት ቅዱስ ቴዎድሮስ በግእዝ | GZ-GDL-030:ገድለ ቅዱስ ቴዎድሮስ በግእዝ | GZ-GDL-031:ገድለ ሰማዕት ቅዱስ ቴዎድሮስ በግእዝ | AM-GDL-030:ገድለ ሰማዕት ቅዱስ ቴዎድሮስ በአማርኛ,GZ-MEL-040:መልክዐ ሰማዕት ቅዱስ ቴዎድሮስ በግእዝ | GZ-GDL-030:ገድለ ቅዱስ ቴዎድሮስ በግእዝ | GZ-GDL-031:ገድለ ሰማዕት ቅዱስ ቴዎድሮስ በግእዝ | AM-GDL-030:ገድለ ሰማዕት ቅዱስ ቴዎድሮስ በአማርኛ,"1-12, 1-12, 1-12, 1-12, 1-20, 1-20, 1-20, 1-20, 2-12, 2-12"
10-12,282,ቅድስት ክርስቶስ ሠምራ,ክርስቶስ ሠምራ,monthly,WRONG_DATE,,GZ-MEL-143:መልክዐ ክርስቶስ ሠምራ በግእዝ | AM-GDL-005:ገድለ ቅድስት ክርስቶስ ሠምራ በአማርኛ | GZ-GDL-019:ገድለ ቅድስት ክርስቶስ ሠምራ በግእዝ,"1-24, 1-24, 1-24, 2-24, 2-24, 2-24, 3-24, 3-24, 3-24, 4-24"
10-12,282,አቡነ ሳሙኤል ዘዋልድባ,ሳሙኤል ዘዋልድባ,monthly,CORRECT,AM-MEL-054:የአቡነ ሳሙኤል ዘዋልድባ መልክዕ በአማርኛ | AM-MEL-055:የአቡነ ሳሙኤል ዘዋልድባ ኹለተኛ መልክዕ በአማርኛ | GZ-MEL-085:መልክዐ አቡነ ሳሙኤል ዘዋልድባ በግእዝ | GZ-MEL-086:መልክዐ አቡነ ሳሙኤል ዘዋልድባ ካልዕ በግእዝ,AM-MEL-054:የአቡነ ሳሙኤል ዘዋልድባ መልክዕ በአማርኛ | AM-MEL-055:የአቡነ ሳሙኤል ዘዋልድባ ኹለተኛ መልክዕ በአማርኛ | GZ-MEL-085:መልክዐ አቡነ ሳሙኤል ዘዋልድባ በግእዝ | GZ-MEL-086:መልክዐ አቡነ ሳሙኤል ዘዋልድባ ካልዕ በግእዝ,"1-12, 1-12, 1-12, 1-12, 2-12, 2-12, 2-12, 2-12, 3-12, 3-12"
10-13,283,ቅዱስ ገብርኤል ሊቀ መላእክት (ወደ ዳንኤል የወረደበት),ገብርኤል ሊቀ መላእክት,annual,CORRECT,AM-DIR-001:የሰባቱ ሊቃነ መላእክት ድርሳን በአማርኛ | AM-MEL-038:የቅዱሳን አእላፍ መላእክት 2ኛ መልክዕ በአማርኛ | AM-MEL-050:የቅዱስ ገብርኤል መልክዕ በአማርኛ | GZ-MEL-006:መልክዐ ሊቀ መላእክት ቅዱስ ሩፋኤል በግእዝ | GZ-MEL-013:መልክዐ ሊቀ መላእክት ቅዱስ ገብርኤል በግእዝ | GZ-MEL-014:መልክዐ ሊቀ መላእክት ቅዱስ ገብርኤል ካልዕ (ደቅስዮስ) በግእዝ | GZ-MEL-125:መልክዐ አእላፍ መላእክት በግእዝ | GZ-MEL-126:መልክዐ አእላፍ መላእክት ካልእ በግእዝ | AM-DRS-003:ድርሳነ ገብርኤል በአማርኛ | GZ-DRS-010:ድርሳነ ገብርኤል በግእዝ,AM-DIR-001:የሰባቱ ሊቃነ መላእክት ድርሳን በአማርኛ | AM-MEL-038:የቅዱሳን አእላፍ መላእክት 2ኛ መልክዕ በአማርኛ | AM-MEL-050:የቅዱስ ገብርኤል መልክዕ በአማርኛ | GZ-MEL-004:መልክዐ ሊቀ መላእክት ቅዱስ ሚካኤል ሣልስ በግእዝ | GZ-MEL-005:መልክዐ ሊቀ መላእክት ቅዱስ ሚካኤል ካልዕ በግእዝ | GZ-MEL-006:መልክዐ ሊቀ መላእክት ቅዱስ ሩፋኤል በግእዝ | GZ-MEL-007:መልክዐ ሊቀ መላእክት ቅዱስ ራጉኤል በግእዝ | GZ-MEL-008:መልክዐ ሊቀ መላእክት ቅዱስ ሱርያል በግእዝ | GZ-MEL-009:መልክዐ ሊቀ መላእክት ቅዱስ በግእዝ | GZ-MEL-010:መልክዐ ሊቀ መላእክት ቅዱስ አፍኒን በግእዝ | GZ-MEL-011:መልክዐ ሊቀ መላእክት ቅዱስ ዑራኤል በግእዝ | GZ-MEL-012:መልክዐ ሊቀ መላእክት ቅዱስ ዑራኤል ካልእ በግእዝ | GZ-MEL-013:መልክዐ ሊቀ መላእክት ቅዱስ ገብርኤል በግእዝ | GZ-MEL-014:መልክዐ ሊቀ መላእክት ቅዱስ ገብርኤል ካልዕ (ደቅስዮስ) በግእዝ | GZ-MEL-015:መልክዐ ሊቀ መላእክት ቅዱስ ፋኑኤል በግእዝ | GZ-MEL-125:መልክዐ አእላፍ መላእክት በግእዝ | GZ-MEL-126:መልክዐ አእላፍ መላእክት ካልእ በግእዝ | GZ-MEL-165:መልክዐ ሊቀ መላእክት ቅዱስ ሚካኤል ካልዕ በግእ | AM-DRS-003:ድርሳነ ገብርኤል በአማርኛ | GZ-DRS-010:ድርሳነ ገብርኤል በግእዝ,"1-1, 1-3, 1-9, 1-9, 1-9, 1-12, 1-12, 1-12, 1-12, 1-13"
10-13,283,አባ ዮሐንስ ዘኢየሩሳሌም,ዮሐንስ ዘኢየሩሳሌም,annual,WRONG_DATE,,AM-MEL-016:መልክዐ ቅዱስ ዮሐንስ ወንጌላዊ በአማርኛ | AM-MEL-020:መልክዐ አቡነ ዕጨጌ ዮሐንስ በአማርኛ | AM-MEL-021:መልክዐ አቡነ ዮሐንስ ጻድቅ በአማርኛ | AM-MEL-047:የቅዱስ ዮሐንስ 2ኛ መልክዕ በአማርኛ | AM-MEL-048:የቅዱስ ዮሐንስ መጥምቅ መልክዕ በአማርኛ | GZ-MEL-060:መልክዐ ቅዱስ ዮሐንስ መጥምቅ በግእዝ | GZ-MEL-061:መልክዐ ቅዱስ ዮሐንስ ካልእ በግእዝ | GZ-MEL-062:መልክዐ ቅዱስ ዮሐንስ ወንጌላዊ በግእዝ | GZ-MEL-104:መልክዐ አቡነ ዕጨጌ ዮሐንስ በግእዝ | GZ-MEL-109:መልክዐ አቡነ ዮሐንስ ከማ በግእዝ | GZ-MEL-110:መልክዐ አቡነ ዮሐንስ ዘድብረ ዳጋ በግእዝ | GZ-MEL-149:መልክዐ ዮሐንስ ወልደ ነጎድጓድ በግእዝ | GZ-MEL-150:መልክዐ ዮሐንስ ፍቁረ እግዚእ በግእዝ | AM-GDL-013:የቅዱስ ዮሐንስ ገድል በአማርኛ | GZ-GDL-018:ገድለ አቡነ ዮሐንስ በግእዝ | AM-GDL-027:ገድለ አቡነ እጨጌ ዮሐንስ ዘጸገሮ በአማርኛ,"1-1, 1-1, 1-2, 1-2, 1-4, 1-4, 1-4, 1-4, 1-4, 1-4"
10-13,283,አባታችን ቃይናን (ከአዳም ፬ኛ ትውልድ),አባታችን ቃይናን,annual,WRONG_DATE,,AM-MEL-063:የአባታችን አብርሃም መልክዕ በአማርኛ,"11-7, 12-28"
10-13,283,አባ ማትያን ጻድቅ (ስደተኛው አባት),ማትያን ጻድቅ,annual,WRONG_DATE,,AM-MEL-003:መልክዐ ለአቡነ አቢብ ጻድቅ በአማርኛ | AM-MEL-021:መልክዐ አቡነ ዮሐንስ ጻድቅ በአማርኛ | AM-MEL-060:የአቡነ አባለ ክርስቶስ ጻድቅ መልክዕ በአማርኛ,"1-16, 1-25, 2-16, 2-25, 3-16, 3-25, 4-16, 4-19, 4-25, 5-16"
10-13,283,እግዚአብሔር አብ,እግዚአብሔር አብ,monthly,CORRECT,GZ-MEL-139:መልክዐ እግዚአብሔር አብ በግእዝ | GZ-MEL-140:መልክዐ እግዚአብሔር አብ ካልዕ በግእዝ,GZ-MEL-139:መልክዐ እግዚአብሔር አብ በግእዝ | GZ-MEL-140:መልክዐ እግዚአብሔር አብ ካልዕ በግእዝ,"1-13, 1-13, 2-13, 2-13, 3-13, 3-13, 4-13, 4-13, 5-13, 5-13"
10-13,283,ቅዱስ ሩፋኤል ሊቀ መላዕክት,ሩፋኤል ሊቀ መላዕክት,monthly,CORRECT,AM-MEL-043:የቅዱስ ሩፋኤል መልክዕ በአማርኛ | GZ-MEL-006:መልክዐ ሊቀ መላእክት ቅዱስ ሩፋኤል በግእዝ | GZ-DRS-009:ድርሳን ቅዱስ ሩፋኤል በግእዝ,AM-MEL-043:የቅዱስ ሩፋኤል መልክዕ በአማርኛ | GZ-MEL-006:መልክዐ ሊቀ መላእክት ቅዱስ ሩፋኤል በግእዝ | GZ-DRS-009:ድርሳን ቅዱስ ሩፋኤል በግእዝ,"1-13, 1-13, 1-13, 2-13, 2-13, 2-13, 3-13, 3-13, 3-13, 4-13"
10-13,283,"""፱፱ኙ"" ነገደ መላዕክት","""፱፱ኙ"" ነገደ መላዕክት",monthly,NO_BOOK,,,
10-13,283,ቅዱስ አስከናፍር,አስከናፍር,monthly,NO_BOOK,,,
10-13,283,"""፲፫ቱ"" ግኁሳን አባቶች","""፲፫ቱ"" ግኁሳን አባቶች",monthly,NO_BOOK,,,
10-13,283,ቅዱስ አርሳንዮስ ጠቢብ ገዳማዊ,አርሳንዮስ ጠቢብ ገዳማዊ,monthly,NO_BOOK,,,
10-13,283,አቡነ ዘርዐ ቡሩክ,ዘርዐ ቡሩክ,monthly,CORRECT,AM-MEL-061:የአቡነ ዘርዐ ቡሩክ መልክዕ በአማርኛ | GZ-MEL-105:መልክዐ አቡነ ዘርዐ ቡሩክ በግእዝ,AM-MEL-061:የአቡነ ዘርዐ ቡሩክ መልክዕ በአማርኛ | GZ-MEL-105:መልክዐ አቡነ ዘርዐ ቡሩክ በግእዝ,"1-13, 1-13, 2-13, 2-13, 3-13, 3-13, 4-13, 4-13, 5-13, 5-13"
10-14,284,ቅዱሳን አበው ሰማዕታት (አባ አክራ አባ ዮሐንስ አባ አብጥልማ አባ ፊልጶስ),አበው ሰማዕታት,annual,WRONG_DATE,,AM-MEL-065:ጸሎተ መልክዐ ሥቃዩ ለቅዱስ ጊዮርጊስ ሊቀ ሰማዕታት በአማርኛ | AM-MEL-066:ጸሎተ መልክዕ ዘቅዱስ ጊዮርጊስ ሊቀ ሰማዕታት በአማርኛ | AM-MEL-067:ጸሎተ መልክዕ ዘቅዱስ ጊዮርጊስ ሊቀ ሰማዕታት ካልዕ በአማርኛ | AM-SIB-001:ስብሐተ ፍቁር ዘቅዱስ ጊዮርጊስ ሊቀ ሰማዕታት በአማርኛ | GZ-MEL-016:መልክዐ ሊቀ ሰማዕታት ቅዱስ እስጢፋኖስ በግእዝ | GZ-MEL-017:መልክዐ ሊቀ ሰማዕታት ቅዱስ እስጢፋኖስ ካልእ በግእዝ | AM-GDL-010:ገድለ ሰማዕታት በአማርኛ | AM-ZNA-002:ዜና አበው በአማርኛ,"1-15, 1-15, 1-17, 1-17, 1-23, 1-23, 1-23, 1-23, 2-17, 2-17"
10-14,284,አቡነ አረጋዊ (ዘ ሚካኤል ),አረጋዊ,monthly,CORRECT,GZ-MEL-073:መልክዐ አረጋዊ በግእዝ | AM-GDL-016:ገድለ አቡነ አረጋዊ በአማርኛ,GZ-MEL-073:መልክዐ አረጋዊ በግእዝ | AM-GDL-016:ገድለ አቡነ አረጋዊ በአማርኛ,"1-14, 1-14, 2-14, 2-14, 3-14, 3-14, 4-14, 4-14, 5-14, 5-14"
10-14,284,ቅዱስ ገብረ ክርስቶስ መርዓዊ,ገብረ ክርስቶስ መርዓዊ,monthly,WRONG_DATE,,GZ-MEL-151:መልክዐ ገብረ መንፈስ ቅዱስ በግእዝ | GZ-MEL-152:መልክዐ ገብረ መንፈስ ቅዱስ ካልዕ በግእዝ | GZ-MEL-153:መልክዐ ገብረ ክርስቶስ በግእዝ | AM-GDL-007:ገድለ አቡነ ገብረ መንፈስ ቅዱስ በአማርኛ,"1-5, 1-5, 1-5, 2-5, 2-5, 2-5, 2-14, 3-5, 3-5, 3-5"
10-14,284,ቅዱስ ፊልጶስ ሐዋርያ,ፊልጶስ,monthly,WRONG_DATE,,GZ-MEL-118:መልክዐ አቡነ ፊልጶስ በግእዝ | GZ-MEL-120:መልክዐ አቡነ ፊልጶስ ዘደብረ ቢዘን በግእዝ | GZ-GDL-001:ገድለ አቡነ ፊልጶስ ዘደብረ ሊባኖስ በግእዝ | GZ-GDL-011:ገድለ አቡነ ፊልጶስ በግእዝ,"7-23, 11-28, 11-28, 11-28, 12-5"
10-14,284,ቅዱስ ሙሴ ( የእግዚአብሔር ሰው),ሙሴ,monthly,WRONG_DATE,,GZ-MEL-079:መልክዐ አቡነ ሙሴ በግእዝ,1-4
10-14,284,አባ ስምዖን ገዳማዊ,ስምዖን ገዳማዊ,monthly,NO_BOOK,,,
10-14,284,አባ ዮሐንስ ጻድቅ,ዮሐንስ,monthly,WRONG_DATE,,AM-MEL-016:መልክዐ ቅዱስ ዮሐንስ ወንጌላዊ በአማርኛ | AM-MEL-020:መልክዐ አቡነ ዕጨጌ ዮሐንስ በአማርኛ | AM-MEL-021:መልክዐ አቡነ ዮሐንስ ጻድቅ በአማርኛ | AM-MEL-047:የቅዱስ ዮሐንስ 2ኛ መልክዕ በአማርኛ | AM-MEL-048:የቅዱስ ዮሐንስ መጥምቅ መልክዕ በአማርኛ | GZ-MEL-060:መልክዐ ቅዱስ ዮሐንስ መጥምቅ በግእዝ | GZ-MEL-061:መልክዐ ቅዱስ ዮሐንስ ካልእ በግእዝ | GZ-MEL-062:መልክዐ ቅዱስ ዮሐንስ ወንጌላዊ በግእዝ | GZ-MEL-104:መልክዐ አቡነ ዕጨጌ ዮሐንስ በግእዝ | GZ-MEL-109:መልክዐ አቡነ ዮሐንስ ከማ በግእዝ | GZ-MEL-110:መልክዐ አቡነ ዮሐንስ ዘድብረ ዳጋ በግእዝ | GZ-MEL-149:መልክዐ ዮሐንስ ወልደ ነጎድጓድ በግእዝ | GZ-MEL-150:መልክዐ ዮሐንስ ፍቁረ እግዚእ በግእዝ | AM-GDL-013:የቅዱስ ዮሐንስ ገድል በአማርኛ | GZ-GDL-018:ገድለ አቡነ ዮሐንስ በግእዝ | AM-GDL-027:ገድለ አቡነ እጨጌ ዮሐንስ ዘጸገሮ በአማርኛ,"1-1, 1-1, 1-2, 1-2, 1-4, 1-4, 1-4, 1-4, 1-4, 1-4"
10-14,284,እናታችን ቅድስት ነሣሒት,እናታችን ቅድስት ነሣሒት,monthly,NO_BOOK,,,
10-15,285,ቅዱስ ሚናስ (ማር ሚና) ሰማዕት (ቅዳሴ ቤቱ),ሚናስ  ሰማዕት,annual,CORRECT,AM-MEL-013:መልክዐ ቅዱስ ሚናስ በአማርኛ | GZ-MEL-043:መልክዐ ሰማዕት ቅድስት ኢየሉጣ በግእዝ | GZ-MEL-052:መልክዐ ቅዱስ ሚናስ በግእዝ,AM-MEL-013:መልክዐ ቅዱስ ሚናስ በአማርኛ | GZ-MEL-039:መልክዐ ሰማዕት ቅዱስ መርቆሬዎስ በግእዝ | GZ-MEL-040:መልክዐ ሰማዕት ቅዱስ ቴዎድሮስ በግእዝ | GZ-MEL-041:መልክዐ ሰማዕት ቅዱስ ፋሲለደስ በግእዝ | GZ-MEL-042:መልክዐ ሰማዕት ቅድስት አርሴማ በግእዝ | GZ-MEL-043:መልክዐ ሰማዕት ቅድስት ኢየሉጣ በግእዝ | GZ-MEL-052:መልክዐ ቅዱስ ሚናስ በግእዝ | GZ-MEL-122:መልክዐ አባ ኖብ ሰማዕት በግእዝ | GZ-GDL-002:ገድለ ሰማዕት ቅዱስ መርቆሬዎስ በግእዝ | AM-GDL-008:ገድለ ሰማዕት ቅድስት አርሴማ በአማርኛ | GZ-GDL-014:ገድለ ቅዱስ ጊዮርጊስ ሰማዕት በግእዝ | AM-GDL-015:ገድለ ሰማዕት ቅዱስ መርቆሬዎስ በአማርኛ | AM-GDL-018:ገድለ ቅዱስ ጊዮርጊስ ሰማዕት በአማርኛ | GZ-GDL-031:ገድለ ሰማዕት ቅዱስ ቴዎድሮስ በግእዝ | GZ-GDL-033:ገድለ ሰማዕት ቅድስት አርሴማ በግእዝ | AM-GDL-030:ገድለ ሰማዕት ቅዱስ ቴዎድሮስ በአማርኛ,"1-6, 1-6, 1-6, 1-11, 1-12, 1-12, 1-12, 1-15, 1-15, 1-15"
10-15,285,ቅዱስ ቂርቆስና እናቱ ኢየሉጣ,ቂርቆስና እናቱ ኢየሉጣ,monthly,CORRECT,GZ-MEL-043:መልክዐ ሰማዕት ቅድስት ኢየሉጣ በግእዝ | AM-GDL-023:የቅዱስ ቂርቆስና የቅድስት ኢየሉጣ ገድል በአማርኛ,GZ-MEL-043:መልክዐ ሰማዕት ቅድስት ኢየሉጣ በግእዝ | AM-GDL-023:የቅዱስ ቂርቆስና የቅድስት ኢየሉጣ ገድል በአማርኛ,"1-15, 1-15, 2-15, 2-15, 3-15, 3-15, 4-15, 4-15, 5-15, 5-15"
10-15,285,ቅዱስ ኤፍሬም ሶርያዊ (አፈ በረከት),ኤፍሬም ሶርያዊ,monthly,NO_BOOK,,,
10-15,285,ቅድስት እንባ መሪና,እንባ መሪና,monthly,NO_BOOK,,,
10-15,285,ቅድስት ክርስጢና,ክርስጢና,monthly,NO_BOOK,,,
10-16,286,አባ አቡናፍር ገዳማዊ (ስም አጠራሩ የከበረ ሽምግልናው ያማረ አባት),አቡናፍር ገዳማዊ,annual,NO_BOOK,,,
10-16,286,አበው ቅዱሳን ባሕታውያን,አበው ቅዱሳን ባሕታውያን,annual,WRONG_DATE,,AM-ZNA-002:ዜና አበው በአማርኛ,"3-4, 5-26"
10-16,286,የእግዚአብሔር መልአክ ለዮሴፍ በሕልም ከግብጽ እንዲመለስ የነገረበት (ተዝካረ ሚጠታ ለእግዝእትነ ማርያም ),የእግዚአብሔር መልአክ ለዮሴፍ በሕልም ከግብጽ እንዲመለስ የነገረበት,annual,NO_BOOK,,,
10-16,286,አፄ ይኩኖ አምላክ (ንጉሠ ኢትዮጵያ),አፄ ይኩኖ አምላክ,annual,WRONG_DATE,,AM-WUD-003:ውዳሴ አምላክ በአማርኛ | GZ-MEL-088:መልክዐ አቡነ ቡሩከ አምላክ ዘደብረ ኮል በግእዝ | GZ-MEL-089:መልክዐ አቡነ ብፁዓ አምላክ ዘደብረ ምዕዋን ወዘደብረ ኰዳዱ በግእዝ | TI-WUD-002:ውዳሴ አምላክ ብትግርኛ,"None-None, None-None, 4-1, 9-9, 12-14"
10-16,286,ኪዳነ ምሕረት (የሰባቱ ኪዳናት ማሕተም),ኪዳነ ምሕረት,monthly,CORRECT,AM-MEL-027:መልክዐ ኪዳነ ምሕረት በአማርኛ | GZ-MEL-141:መልክዐ ኪዳነ ምሕረት በግእዝ,AM-MEL-027:መልክዐ ኪዳነ ምሕረት በአማርኛ | GZ-MEL-141:መልክዐ ኪዳነ ምሕረት በግእዝ,"1-16, 1-16, 2-16, 2-16, 3-16, 3-16, 4-16, 4-16, 5-16, 5-16"
10-16,286,ቅድስት ኤልሳቤጥ (የመጥምቁ ዮሐንስ እናት),ኤልሳቤጥ,monthly,NO_BOOK,,,
10-16,286,ቅዱስ ገብረ ማርያም ጻድቅ ንጉሠ ኢትዮጵያ (የቅዱስ ላሊበላ ወንድም),ገብረ ማርያም ጻድቅ ንጉሠ ኢትዮጵያ,monthly,WRONG_DATE,,AM-MEL-025:መልክዐ ኢትዮጵያ በአማርኛ | GZ-MEL-129:መልክዐ ኢትዮጵያ በግዕዝ | GZ-MEL-151:መልክዐ ገብረ መንፈስ ቅዱስ በግእዝ | GZ-MEL-152:መልክዐ ገብረ መንፈስ ቅዱስ ካልዕ በግእዝ | GZ-MEL-153:መልክዐ ገብረ ክርስቶስ በግእዝ | AM-GDL-007:ገድለ አቡነ ገብረ መንፈስ ቅዱስ በአማርኛ,"1-1, 1-1, 1-5, 1-5, 1-5, 2-5, 2-5, 2-5, 2-14, 3-5"
10-16,286,ቅዱስ አኖሬዎስ ንጉሥ ጻድቅ,አኖሬዎስ ንጉሥ,monthly,WRONG_DATE,,GZ-ZNA-002:ዜናሁ ለንጉሥ ገላውዴዎስ በግእዝ | GZ-ZNA-003:ዜና ሕይወቱ ለንጉሥ ላልይበላ በግእዝ,7-27
10-16,286,አባ ዮሐንስ ወንጌሉ ዘወርቅ,ዮሐንስ ወንጌሉ ዘወርቅ,monthly,CORRECT,AM-MEL-021:መልክዐ አቡነ ዮሐንስ ጻድቅ በአማርኛ,AM-MEL-016:መልክዐ ቅዱስ ዮሐንስ ወንጌላዊ በአማርኛ | AM-MEL-020:መልክዐ አቡነ ዕጨጌ ዮሐንስ በአማርኛ | AM-MEL-021:መልክዐ አቡነ ዮሐንስ ጻድቅ በአማርኛ | AM-MEL-047:የቅዱስ ዮሐንስ 2ኛ መልክዕ በአማርኛ | AM-MEL-048:የቅዱስ ዮሐንስ መጥምቅ መልክዕ በአማርኛ | GZ-MEL-060:መልክዐ ቅዱስ ዮሐንስ መጥምቅ በግእዝ | GZ-MEL-061:መልክዐ ቅዱስ ዮሐንስ ካልእ በግእዝ | GZ-MEL-062:መልክዐ ቅዱስ ዮሐንስ ወንጌላዊ በግእዝ | GZ-MEL-104:መልክዐ አቡነ ዕጨጌ ዮሐንስ በግእዝ | GZ-MEL-109:መልክዐ አቡነ ዮሐንስ ከማ በግእዝ | GZ-MEL-110:መልክዐ አቡነ ዮሐንስ ዘድብረ ዳጋ በግእዝ | GZ-MEL-149:መልክዐ ዮሐንስ ወልደ ነጎድጓድ በግእዝ | GZ-MEL-150:መልክዐ ዮሐንስ ፍቁረ እግዚእ በግእዝ | AM-GDL-013:የቅዱስ ዮሐንስ ገድል በአማርኛ | GZ-GDL-018:ገድለ አቡነ ዮሐንስ በግእዝ | AM-GDL-027:ገድለ አቡነ እጨጌ ዮሐንስ ዘጸገሮ በአማርኛ,"1-1, 1-1, 1-2, 1-2, 1-4, 1-4, 1-4, 1-4, 1-4, 1-4"
10-16,286,አባ ዳንኤል ጻድቅ,ዳንኤል,monthly,WRONG_DATE,,GZ-MEL-114:መልክዐ አቡነ ዳንኤል በግእዝ | GZ-GDL-028:ገድለ አቡነ ዳንኤል በግእዝ,"3-6, 3-6"
10-17,287,ብጹዕ አባ ገሪማ (ይስሐቅ) ዘመደራ,ብጹዕ አባ ገሪማ  ዘመደራ,annual,WRONG_DATE,,GZ-DRS-006:ድርሳን ዘብጹዕ ፊሳልጎስ በግእዝ,
10-17,287,አባ ለትጹን ዐቢይ ወየዋሕ,ለትጹን ዐቢይ ወየዋሕ,annual,NO_BOOK,,,
10-17,287,አባ ዸላሞን ፈላሲ,ዸላሞን ፈላሲ,annual,NO_BOOK,,,
10-17,287,ቅድስት አርሴማ ጻድቅት,አርሴማ ጻድቅት,annual,CORRECT,GZ-MEL-042:መልክዐ ሰማዕት ቅድስት አርሴማ በግእዝ | AM-GDL-008:ገድለ ሰማዕት ቅድስት አርሴማ በአማርኛ | GZ-GDL-033:ገድለ ሰማዕት ቅድስት አርሴማ በግእዝ,GZ-MEL-042:መልክዐ ሰማዕት ቅድስት አርሴማ በግእዝ | AM-GDL-008:ገድለ ሰማዕት ቅድስት አርሴማ በአማርኛ | GZ-GDL-033:ገድለ ሰማዕት ቅድስት አርሴማ በግእዝ,"1-6, 1-6, 1-6, 1-29, 1-29, 1-29, 2-6, 2-6, 2-6, 3-6"
10-17,287,ሰማዕታት እለ አኮራን,ሰማዕታት እለ አኮራን,annual,CORRECT,GZ-MEL-016:መልክዐ ሊቀ ሰማዕታት ቅዱስ እስጢፋኖስ በግእዝ | GZ-MEL-017:መልክዐ ሊቀ ሰማዕታት ቅዱስ እስጢፋኖስ ካልእ በግእዝ,AM-MEL-065:ጸሎተ መልክዐ ሥቃዩ ለቅዱስ ጊዮርጊስ ሊቀ ሰማዕታት በአማርኛ | AM-MEL-066:ጸሎተ መልክዕ ዘቅዱስ ጊዮርጊስ ሊቀ ሰማዕታት በአማርኛ | AM-MEL-067:ጸሎተ መልክዕ ዘቅዱስ ጊዮርጊስ ሊቀ ሰማዕታት ካልዕ በአማርኛ | AM-SIB-001:ስብሐተ ፍቁር ዘቅዱስ ጊዮርጊስ ሊቀ ሰማዕታት በአማርኛ | GZ-MEL-016:መልክዐ ሊቀ ሰማዕታት ቅዱስ እስጢፋኖስ በግእዝ | GZ-MEL-017:መልክዐ ሊቀ ሰማዕታት ቅዱስ እስጢፋኖስ ካልእ በግእዝ | AM-GDL-010:ገድለ ሰማዕታት በአማርኛ,"1-15, 1-15, 1-17, 1-17, 1-23, 1-23, 1-23, 1-23, 2-17, 2-17"
10-17,287,ቅዱስ እስጢፋኖስ ሊቀ ዲያቆናት (ቀዳሜ ሰማዕት),እስጢፋኖስ ሊቀ ዲያቆናት,monthly,CORRECT,AM-MEL-045:የቅዱስ እስጢፋኖስ 2ኛ መልክዕ በአማርኛ | GZ-MEL-016:መልክዐ ሊቀ ሰማዕታት ቅዱስ እስጢፋኖስ በግእዝ | GZ-MEL-017:መልክዐ ሊቀ ሰማዕታት ቅዱስ እስጢፋኖስ ካልእ በግእዝ | AM-GDL-009:ገድለ ቅዱስ እስጢፋኖስ አማርኛ | GZ-GDL-022:ገድለ ቅዱስ እስጢፋኖስ በግእዝ,AM-MEL-045:የቅዱስ እስጢፋኖስ 2ኛ መልክዕ በአማርኛ | GZ-MEL-016:መልክዐ ሊቀ ሰማዕታት ቅዱስ እስጢፋኖስ በግእዝ | GZ-MEL-017:መልክዐ ሊቀ ሰማዕታት ቅዱስ እስጢፋኖስ ካልእ በግእዝ | AM-GDL-009:ገድለ ቅዱስ እስጢፋኖስ አማርኛ | GZ-GDL-022:ገድለ ቅዱስ እስጢፋኖስ በግእዝ,"1-15, 1-15, 1-15, 1-15, 1-15, 1-17, 1-17, 1-17, 1-17, 1-17"
10-17,287,ቅዱስ ያዕቆብ ሐዋርያ (ወልደ ዘብዴዎስ),ያዕቆብ ሐዋርያ,monthly,WRONG_DATE,,AM-MEL-022:መልክዐ አብርሃም ይሥሐቅ ያዕቆብ በአማርኛ | AM-MEL-033:የሐዋርያው የቅዱስ ታዴዎስ መልክዕ በአማርኛ | AM-MEL-046:የቅዱስ እንድርያስ ሐዋርያ መልክዕ በአማርኛ | GZ-MEL-023:መልክዐ ሐዋርያት በግእዝ | GZ-MEL-124:መልክዐ አብርሃም ይሥሐቅ ወያዕቆብ በግእዝ | GZ-MEL-137:መልክዐ እንድርያስ ሐዋርያ በግእዝ | GZ-GDL-017:ገድለ አቡነ ተክለ ሐዋርያት በግእዝ | GZ-GDL-032:መጽሐፈ ገድለ ቅዱሳን ሐዋርያት በግእዝ | AM-ZNA-003:ዜና ሐዋርያት በአማርኛ,"1-2, 1-4, 1-4, 1-28, 1-28, 2-2, 2-4, 2-4, 2-28, 2-28"
10-17,287,ቅዱሳን አበው መክሲሞስና ዱማቴዎስ,አበው መክሲሞስና ዱማቴዎስ,monthly,WRONG_DATE,,AM-ZNA-002:ዜና አበው በአማርኛ,"3-4, 5-26"
10-17,287,ቅዱስ ኤዺፋንዮስ ሊቅ (ዘደሴተ ቆዽሮስ),ኤዺፋንዮስ ሊቅ,monthly,NO_BOOK,,,
10-18,288,አባ ድምያኖስ ጻድቅ ሊቀ ዻዻሳት,ድምያኖስ ጻድቅ ሊቀ ዻዻሳት,annual,NO_BOOK,,,
10-18,288,ቅዱስ ኤስድሮስ ሰማዕት,ኤስድሮስ,annual,NO_BOOK,,,
10-18,288,ቅዱስ ፊልዾስ ሐዋርያ,ፊልዾስ,monthly,NO_BOOK,,,
10-18,288,አቡነ ኤዎስጣቴዎስ ሰባኬ ሃይማኖት (ረባን),ኤዎስጣቴዎስ ሰባኬ ሃይማኖት,monthly,CORRECT,GZ-MEL-135:መልክዐ ኤዎስጣቴዎስ በግእዝ,AM-MEL-057:የአቡነ ተክለ ሃይማኖት 2ኛ መልክዕ በአማርኛ | AM-MEL-058:የአቡነ ተክለ ሃይማኖት መልክዕ በአማርኛ | GZ-MEL-068:መልክዐ ተክለ ሃይማኖት በግእዝ | GZ-MEL-069:መልክዐ ተክለ ሃይማኖት ካልእ በግእዝ | GZ-MEL-092:መልክዐ አቡነ ተክለ ሃይማኖት በግእዝ | GZ-MEL-135:መልክዐ ኤዎስጣቴዎስ በግእዝ | AM-GDL-004:ገድለ ተክለ ሃይማኖት በአማርኛ,"1-18, 1-24, 1-24, 1-24, 1-24, 1-24, 1-24, 2-18, 2-24, 2-24"
10-18,288,አቡነ አኖሬዎስ ዘደብረ ጽጋጋ,አኖሬዎስ ዘደብረ ጽጋጋ,monthly,NO_BOOK,,,
10-18,288,ማር ያዕቆብ ግብፃዊ,ማር ያዕቆብ ግብፃዊ,monthly,WRONG_DATE,,AM-MEL-022:መልክዐ አብርሃም ይሥሐቅ ያዕቆብ በአማርኛ | GZ-MEL-124:መልክዐ አብርሃም ይሥሐቅ ወያዕቆብ በግእዝ,"1-28, 1-28, 2-28, 2-28, 3-28, 3-28, 4-28, 4-28, 5-28, 5-28"
10-19,289,ቅዱስ ጊዮርጊስ ሐዲስ ሰማዕት,ጊዮርጊስ ሐዲስ,annual,WRONG_DATE,,AM-MEL-051:የቅዱስ ጊዮርጊስ መልክዕ በአማርኛ | AM-MEL-065:ጸሎተ መልክዐ ሥቃዩ ለቅዱስ ጊዮርጊስ ሊቀ ሰማዕታት በአማርኛ | AM-MEL-066:ጸሎተ መልክዕ ዘቅዱስ ጊዮርጊስ ሊቀ ሰማዕታት በአማርኛ | AM-MEL-067:ጸሎተ መልክዕ ዘቅዱስ ጊዮርጊስ ሊቀ ሰማዕታት ካልዕ በአማርኛ | AM-SIB-001:ስብሐተ ፍቁር ዘቅዱስ ጊዮርጊስ ሊቀ ሰማዕታት በአማርኛ | GZ-MEL-001:ሐዲስ መልክዐ መድኃኔዓለም በግእዝ | GZ-MEL-036:መልክዐ ሥቃዩ ለጊዮርጊስ በግእዝ | GZ-MEL-065:መልክዐ ቅዱስ ጊዮርጊስ በግእዝ | GZ-MEL-123:መልክዐ አባ ጊዮርጊስ ዘጋሥጫ በግእዝ | GZ-MEL-154:መልክዐ ጊዮርጊስ በግእዝ | GZ-MEL-155:መልክዐ ጊዮርጊስ ካልዕ ወሥቃዩ በግእዝ | AM-GDL-001:ገድለ ቅዱስ አባ ጊዮርጊስ ዘጋሥጫ በአማርኛ | GZ-GDL-007:ገድለ ቅዱስ አባ ጊዮርጊስ ዘጋሥጫ በግእዝ | GZ-GDL-014:ገድለ ቅዱስ ጊዮርጊስ ሰማዕት በግእዝ | AM-GDL-018:ገድለ ቅዱስ ጊዮርጊስ ሰማዕት በአማርኛ,"1-7, 1-7, 1-7, 1-23, 1-23, 1-23, 1-23, 1-23, 1-23, 1-23"
10-19,289,አባ ብሶይ አኖብ ሰማዕት (በአንበሳ ጀርባ ላይ የተቀመጠ አባት),ብሶይ አኖብ ሰማዕት,annual,CORRECT,GZ-MEL-122:መልክዐ አባ ኖብ ሰማዕት በግእዝ,GZ-MEL-039:መልክዐ ሰማዕት ቅዱስ መርቆሬዎስ በግእዝ | GZ-MEL-040:መልክዐ ሰማዕት ቅዱስ ቴዎድሮስ በግእዝ | GZ-MEL-041:መልክዐ ሰማዕት ቅዱስ ፋሲለደስ በግእዝ | GZ-MEL-042:መልክዐ ሰማዕት ቅድስት አርሴማ በግእዝ | GZ-MEL-043:መልክዐ ሰማዕት ቅድስት ኢየሉጣ በግእዝ | GZ-MEL-122:መልክዐ አባ ኖብ ሰማዕት በግእዝ | GZ-GDL-002:ገድለ ሰማዕት ቅዱስ መርቆሬዎስ በግእዝ | AM-GDL-008:ገድለ ሰማዕት ቅድስት አርሴማ በአማርኛ | GZ-GDL-014:ገድለ ቅዱስ ጊዮርጊስ ሰማዕት በግእዝ | AM-GDL-015:ገድለ ሰማዕት ቅዱስ መርቆሬዎስ በአማርኛ | AM-GDL-018:ገድለ ቅዱስ ጊዮርጊስ ሰማዕት በአማርኛ | GZ-GDL-031:ገድለ ሰማዕት ቅዱስ ቴዎድሮስ በግእዝ | GZ-GDL-033:ገድለ ሰማዕት ቅድስት አርሴማ በግእዝ | AM-GDL-030:ገድለ ሰማዕት ቅዱስ ቴዎድሮስ በአማርኛ,"1-6, 1-6, 1-6, 1-11, 1-12, 1-12, 1-12, 1-15, 1-18, 1-20"
10-19,289,"ቅዱሳን ""፭ቱ"" ጭፍሮች (በብዙ ስቃይ ሰማዕት የሆኑ ባልንጀሮች)","""፭ቱ"" ጭፍሮች",annual,NO_BOOK,,,
10-19,289,አባቶቻችን የደብረ ቁዋዐት ጻድቃን,አባቶቻችን የደብረ ቁዋዐት ጻድቃን,annual,WRONG_DATE,,GZ-MEL-160:መልክዐ ጻድቃን ዘባርክናሃ በግእዝ,4-29
10-19,289,ቅዱስ ገብርኤል ሊቀ መላእክት,ገብርኤል ሊቀ መላእክት,monthly,CORRECT,AM-MEL-050:የቅዱስ ገብርኤል መልክዕ በአማርኛ | GZ-MEL-013:መልክዐ ሊቀ መላእክት ቅዱስ ገብርኤል በግእዝ | GZ-MEL-014:መልክዐ ሊቀ መላእክት ቅዱስ ገብርኤል ካልዕ (ደቅስዮስ) በግእዝ | AM-DRS-003:ድርሳነ ገብርኤል በአማርኛ | GZ-DRS-010:ድርሳነ ገብርኤል በግእዝ,AM-DIR-001:የሰባቱ ሊቃነ መላእክት ድርሳን በአማርኛ | AM-MEL-038:የቅዱሳን አእላፍ መላእክት 2ኛ መልክዕ በአማርኛ | AM-MEL-050:የቅዱስ ገብርኤል መልክዕ በአማርኛ | GZ-MEL-004:መልክዐ ሊቀ መላእክት ቅዱስ ሚካኤል ሣልስ በግእዝ | GZ-MEL-005:መልክዐ ሊቀ መላእክት ቅዱስ ሚካኤል ካልዕ በግእዝ | GZ-MEL-006:መልክዐ ሊቀ መላእክት ቅዱስ ሩፋኤል በግእዝ | GZ-MEL-007:መልክዐ ሊቀ መላእክት ቅዱስ ራጉኤል በግእዝ | GZ-MEL-008:መልክዐ ሊቀ መላእክት ቅዱስ ሱርያል በግእዝ | GZ-MEL-009:መልክዐ ሊቀ መላእክት ቅዱስ በግእዝ | GZ-MEL-010:መልክዐ ሊቀ መላእክት ቅዱስ አፍኒን በግእዝ | GZ-MEL-011:መልክዐ ሊቀ መላእክት ቅዱስ ዑራኤል በግእዝ | GZ-MEL-012:መልክዐ ሊቀ መላእክት ቅዱስ ዑራኤል ካልእ በግእዝ | GZ-MEL-013:መልክዐ ሊቀ መላእክት ቅዱስ ገብርኤል በግእዝ | GZ-MEL-014:መልክዐ ሊቀ መላእክት ቅዱስ ገብርኤል ካልዕ (ደቅስዮስ) በግእዝ | GZ-MEL-015:መልክዐ ሊቀ መላእክት ቅዱስ ፋኑኤል በግእዝ | GZ-MEL-125:መልክዐ አእላፍ መላእክት በግእዝ | GZ-MEL-126:መልክዐ አእላፍ መላእክት ካልእ በግእዝ | GZ-MEL-165:መልክዐ ሊቀ መላእክት ቅዱስ ሚካኤል ካልዕ በግእ | AM-DRS-003:ድርሳነ ገብርኤል በአማርኛ | GZ-DRS-010:ድርሳነ ገብርኤል በግእዝ,"1-1, 1-3, 1-9, 1-9, 1-9, 1-12, 1-12, 1-12, 1-12, 1-13"
10-19,289,ቅዱስ ኤስድሮስ ሰማዕት,ኤስድሮስ,monthly,NO_BOOK,,,
10-19,289,አቡነ ዓቢየ እግዚእ ጻድቅ,ዓቢየ እግዚእ,monthly,CORRECT,GZ-MEL-145:መልክዐ ዓቢየ እግዚእ በግእዝ,GZ-MEL-145:መልክዐ ዓቢየ እግዚእ በግእዝ,"1-19, 2-19, 3-19, 4-19, 5-19, 6-19, 7-19, 8-19, 9-19, 10-19"
10-19,289,አቡነ ስነ ኢየሱስ,ስነ ኢየሱስ,monthly,WRONG_DATE,,AM-MEL-002:መልክአ ኢየሱስ በአማርኛ | GZ-MEL-130:መልክዐ ኢየሱስ ሞዐ በግእዝ | GZ-MEL-131:መልክዐ ኢየሱስ በግእዝ | GZ-MEL-132:መልክዐ ኢየሱስ ካልዕ በግእዝ | AM-TAM-001:ተአምረ ኢየሱስ በአማርኛ | TI-TAM-001:ተአምረ ኢየሱስ ብትግርኛ | GZ-TAM-002:ተአምረ ኢየሱስ በግእዝ | AM-GDL-026:ገድለ አቡነ ኢየሱስ ሞዐ በአማርኛ,"1-26, 1-26, 1-29, 1-29, 1-29, 1-29, 1-29, 1-29, 2-26, 2-26"
10-19,289,አቡነ ዮሴፍ ብርሃነ ዓለም,ዮሴፍ ብርሃነ ዓለም,monthly,CORRECT,GZ-MEL-111:መልክዐ አቡነ ዮሴፍ በግእዝ | GZ-GDL-029:ገድለ አቡነ ዮሴፍ በግእዝ,AM-MEL-034:የመድኀኔ ዓለም 3ኛ መልክዕ በአማርኛ | AM-MEL-035:የመድኀኔ ዓለም መልክዕ በአማርኛ | GZ-MEL-001:ሐዲስ መልክዐ መድኃኔዓለም በግእዝ | GZ-MEL-027:መልክዐ መድኀኔ ዓለም ሣልስ በግዕዝ | GZ-MEL-028:መልክዐ መድኃኔ ዓለም በግእዝ | GZ-MEL-111:መልክዐ አቡነ ዮሴፍ በግእዝ | GZ-DRS-005:ድርሳነ መድኃኔ ዓለም በግእዝ | AM-DRS-004:ድርሳነ መድኃኔ ዓለም በአማርኛ | GZ-GDL-029:ገድለ አቡነ ዮሴፍ በግእዝ,"1-19, 1-19, 1-27, 1-27, 1-27, 1-27, 1-27, 1-27, 1-27, 2-19"
10-20,290,እመቤታችን ቅድስት ድንግል ማርያም,ድንግል ማርያም,annual,WRONG_DATE,,AM-LAH-001:ላሐ ማርያም በአማርኛ | AM-MEL-008:መልክዐ ማርያም ሣልሲት በአማርኛ | AM-MEL-009:መልክዐ ማርያም በአማርኛ | AM-MEL-017:መልክዐ ቅድስት ጸበለ ማርያም በአማርኛ | AM-MEL-019:መልክዐ አቡነ ሐራ ድንግል በአማርኛ | AM-MEL-064:የጽዮን ማርያም 3ኛ መልክዕ በአማርኛ | AM-RAY-001:ራዕየ ማርያም በአማርኛ | AM-WUD-002:ውዳሴ ማርያም በአማርኛ | GZ-ETA-001:እትአመነኪ ማርያም በሰማይ ወበምድር በግእዝ | GZ-LAH-001:ላሐ ማርያም በግእዝ | GZ-MEL-002:መልከዐ ማርያም ዳግሚት በግእዝ | GZ-MEL-021:መልክዐ ሐራ ድንግል በግእዝ | GZ-MEL-031:መልክዐ ማርያም ሣልሲት በግእዝ | GZ-MEL-032:መልክዐ ማርያም በግእዝ | GZ-MEL-070:መልክዐ ተክለ ማርያም ዘይሰመይ መብዓ ጽዮን በግእዝ | GZ-MEL-099:መልክዐ አቡነ አብሳዲ ዘደብረ ማርያም በግእዝ | GZ-MEL-159:መልክዐ ጸበለ ማርያም ቅድስት በግእዝ | GZ-MEL-161:መልክዐ ጽዮን ማርያም ሣልስ በግእዝ | GZ-WUD-002:ውዳሴ ማርያም በግእዝ | TI-RAY-001:ራእየ ማርያም ብትግርኛ | TI-WUD-001:ውዳሴ ማርያም ብትግርኛ | AM-GDL-002:ገድለ ማርያም እንተ ዕፍረት በአማርኛ | GZ-TAM-001:ተአምረ ማርያም በግእዝ | AM-GDL-003:ገድለ ማርያም መግደላዊት በአማርኛ | GZ-MTS-001:መጽሐፈ ልደታ ለማርያም በግእዝ | AM-TAM-002:ተአምረ ማርያም በአማርኛ,"None-None, None-None, None-None, 1-1, 1-11, 1-11, 1-21, 1-21, 1-21, 1-21"
10-20,290,ቅድስት ቤተ ክርስቲያን,ቤተ ክርስቲያን,annual,NO_BOOK,,,
10-20,290,ቅዱሳን ሐዋርያት,ሐዋርያት,annual,WRONG_DATE,,GZ-MEL-023:መልክዐ ሐዋርያት በግእዝ | GZ-GDL-017:ገድለ አቡነ ተክለ ሐዋርያት በግእዝ | GZ-GDL-032:መጽሐፈ ገድለ ቅዱሳን ሐዋርያት በግእዝ | AM-ZNA-003:ዜና ሐዋርያት በአማርኛ,"3-27, 11-5, 11-5, 11-5, 12-15, 12-15, 12-15"
10-20,290,ቅዱስ ኤልሳዕ ነቢይ (ዕረፍቱ),ኤልሳዕ ነቢይ,annual,WRONG_DATE,,GZ-MEL-059:መልክዐ ቅዱስ ኤልያስ ነቢይ ሣልስ በግእዝ | AM-DRS-005:ድርሳነ ኤልያስ ነቢይ በአማርኛ,"1-6, 1-6, 2-6, 2-6, 3-6, 3-6, 4-1, 4-1, 4-6, 4-6"
10-20,290,ቅዱስ ቴዎድሮስ ሊቀ ሠራዊት (ሰማዕት),ቴዎድሮስ ሊቀ ሠራዊት,monthly,CORRECT,GZ-MEL-040:መልክዐ ሰማዕት ቅዱስ ቴዎድሮስ በግእዝ | GZ-GDL-030:ገድለ ቅዱስ ቴዎድሮስ በግእዝ | GZ-GDL-031:ገድለ ሰማዕት ቅዱስ ቴዎድሮስ በግእዝ | AM-GDL-030:ገድለ ሰማዕት ቅዱስ ቴዎድሮስ በአማርኛ,GZ-MEL-040:መልክዐ ሰማዕት ቅዱስ ቴዎድሮስ በግእዝ | GZ-GDL-030:ገድለ ቅዱስ ቴዎድሮስ በግእዝ | GZ-GDL-031:ገድለ ሰማዕት ቅዱስ ቴዎድሮስ በግእዝ | AM-GDL-030:ገድለ ሰማዕት ቅዱስ ቴዎድሮስ በአማርኛ,"1-12, 1-12, 1-12, 1-12, 1-20, 1-20, 1-20, 1-20, 2-12, 2-12"
10-20,290,ቅዱስ ዮሐንስ ሐፂር,ዮሐንስ ሐፂር,monthly,WRONG_DATE,,AM-MEL-016:መልክዐ ቅዱስ ዮሐንስ ወንጌላዊ በአማርኛ | AM-MEL-020:መልክዐ አቡነ ዕጨጌ ዮሐንስ በአማርኛ | AM-MEL-021:መልክዐ አቡነ ዮሐንስ ጻድቅ በአማርኛ | AM-MEL-047:የቅዱስ ዮሐንስ 2ኛ መልክዕ በአማርኛ | AM-MEL-048:የቅዱስ ዮሐንስ መጥምቅ መልክዕ በአማርኛ | GZ-MEL-060:መልክዐ ቅዱስ ዮሐንስ መጥምቅ በግእዝ | GZ-MEL-061:መልክዐ ቅዱስ ዮሐንስ ካልእ በግእዝ | GZ-MEL-062:መልክዐ ቅዱስ ዮሐንስ ወንጌላዊ በግእዝ | GZ-MEL-104:መልክዐ አቡነ ዕጨጌ ዮሐንስ በግእዝ | GZ-MEL-109:መልክዐ አቡነ ዮሐንስ ከማ በግእዝ | GZ-MEL-110:መልክዐ አቡነ ዮሐንስ ዘድብረ ዳጋ በግእዝ | GZ-MEL-149:መልክዐ ዮሐንስ ወልደ ነጎድጓድ በግእዝ | GZ-MEL-150:መልክዐ ዮሐንስ ፍቁረ እግዚእ በግእዝ | AM-GDL-013:የቅዱስ ዮሐንስ ገድል በአማርኛ | GZ-GDL-018:ገድለ አቡነ ዮሐንስ በግእዝ | AM-GDL-027:ገድለ አቡነ እጨጌ ዮሐንስ ዘጸገሮ በአማርኛ,"1-1, 1-1, 1-2, 1-2, 1-4, 1-4, 1-4, 1-4, 1-4, 1-4"
10-20,290,ቅዱስ አክሎግ ቀሲስ,አክሎግ ቀሲስ,monthly,NO_BOOK,,,
10-20,290,ቅዱስ አፄ ካሌብ ጻድቅ (ንጉሠ ኢትዮዽያ),አፄ ካሌብ ጻድቅ,monthly,WRONG_DATE,,AM-MEL-003:መልክዐ ለአቡነ አቢብ ጻድቅ በአማርኛ | AM-MEL-021:መልክዐ አቡነ ዮሐንስ ጻድቅ በአማርኛ | AM-MEL-060:የአቡነ አባለ ክርስቶስ ጻድቅ መልክዕ በአማርኛ,"1-16, 1-25, 2-16, 2-25, 3-16, 3-25, 4-16, 4-19, 4-25, 5-16"
10-20,290,አባ አሞንዮስ ዘሃገረ ቶና,አሞንዮስ ዘሃገረ ቶና,monthly,NO_BOOK,,,
10-20,290,ቅድስት ሳድዥ የዋሒት,ሳድዥ የዋሒት,monthly,NO_BOOK,,,
10-21,291,እመቤታችን ቅድስት ድንግል ማርያም,ድንግል ማርያም,annual,CORRECT,AM-LAH-001:ላሐ ማርያም በአማርኛ | AM-MEL-008:መልክዐ ማርያም ሣልሲት በአማርኛ | AM-MEL-009:መልክዐ ማርያም በአማርኛ | AM-MEL-064:የጽዮን ማርያም 3ኛ መልክዕ በአማርኛ | AM-RAY-001:ራዕየ ማርያም በአማርኛ | GZ-ETA-001:እትአመነኪ ማርያም በሰማይ ወበምድር በግእዝ | GZ-LAH-001:ላሐ ማርያም በግእዝ | GZ-MEL-002:መልከዐ ማርያም ዳግሚት በግእዝ | GZ-MEL-031:መልክዐ ማርያም ሣልሲት በግእዝ | GZ-MEL-032:መልክዐ ማርያም በግእዝ | GZ-MEL-161:መልክዐ ጽዮን ማርያም ሣልስ በግእዝ | TI-RAY-001:ራእየ ማርያም ብትግርኛ | GZ-TAM-001:ተአምረ ማርያም በግእዝ | AM-TAM-002:ተአምረ ማርያም በአማርኛ,AM-LAH-001:ላሐ ማርያም በአማርኛ | AM-MEL-008:መልክዐ ማርያም ሣልሲት በአማርኛ | AM-MEL-009:መልክዐ ማርያም በአማርኛ | AM-MEL-017:መልክዐ ቅድስት ጸበለ ማርያም በአማርኛ | AM-MEL-019:መልክዐ አቡነ ሐራ ድንግል በአማርኛ | AM-MEL-064:የጽዮን ማርያም 3ኛ መልክዕ በአማርኛ | AM-RAY-001:ራዕየ ማርያም በአማርኛ | AM-WUD-002:ውዳሴ ማርያም በአማርኛ | GZ-ETA-001:እትአመነኪ ማርያም በሰማይ ወበምድር በግእዝ | GZ-LAH-001:ላሐ ማርያም በግእዝ | GZ-MEL-002:መልከዐ ማርያም ዳግሚት በግእዝ | GZ-MEL-021:መልክዐ ሐራ ድንግል በግእዝ | GZ-MEL-031:መልክዐ ማርያም ሣልሲት በግእዝ | GZ-MEL-032:መልክዐ ማርያም በግእዝ | GZ-MEL-070:መልክዐ ተክለ ማርያም ዘይሰመይ መብዓ ጽዮን በግእዝ | GZ-MEL-099:መልክዐ አቡነ አብሳዲ ዘደብረ ማርያም በግእዝ | GZ-MEL-159:መልክዐ ጸበለ ማርያም ቅድስት በግእዝ | GZ-MEL-161:መልክዐ ጽዮን ማርያም ሣልስ በግእዝ | GZ-WUD-002:ውዳሴ ማርያም በግእዝ | TI-RAY-001:ራእየ ማርያም ብትግርኛ | TI-WUD-001:ውዳሴ ማርያም ብትግርኛ | AM-GDL-002:ገድለ ማርያም እንተ ዕፍረት በአማርኛ | GZ-TAM-001:ተአምረ ማርያም በግእዝ | AM-GDL-003:ገድለ ማርያም መግደላዊት በአማርኛ | GZ-MTS-001:መጽሐፈ ልደታ ለማርያም በግእዝ | AM-TAM-002:ተአምረ ማርያም በአማርኛ,"None-None, None-None, None-None, 1-1, 1-11, 1-11, 1-21, 1-21, 1-21, 1-21"
10-21,291,ቅድስት ቤተ ክርስቲያን,ቤተ ክርስቲያን,annual,NO_BOOK,,,
10-21,291,ቅዱሳን ሐዋርያት,ሐዋርያት,annual,WRONG_DATE,,GZ-MEL-023:መልክዐ ሐዋርያት በግእዝ | GZ-GDL-017:ገድለ አቡነ ተክለ ሐዋርያት በግእዝ | GZ-GDL-032:መጽሐፈ ገድለ ቅዱሳን ሐዋርያት በግእዝ | AM-ZNA-003:ዜና ሐዋርያት በአማርኛ,"3-27, 11-5, 11-5, 11-5, 12-15, 12-15, 12-15"
10-21,291,ቅዱስ ጴጥሮስ ሊቀ ሐዋርያት,ጴጥሮስ ሊቀ ሐዋርያት,annual,CORRECT,GZ-TSE-007:ጸሎቱ ለጴጥሮስ በግእዝ,GZ-MEL-023:መልክዐ ሐዋርያት በግእዝ | GZ-MEL-158:መልክዐ ጴጥሮስ ወጳውሎስ በግእዝ | GZ-TSE-007:ጸሎቱ ለጴጥሮስ በግእዝ | GZ-GDL-003:ገድለ እምነ ወለተ ጴጥሮስ በግእዝ | GZ-GDL-017:ገድለ አቡነ ተክለ ሐዋርያት በግእዝ | AM-GDL-020:ገድለ እምነ ወለተ ጴጥሮስ በአማርኛ | GZ-GDL-032:መጽሐፈ ገድለ ቅዱሳን ሐዋርያት በግእዝ | AM-ZNA-003:ዜና ሐዋርያት በአማርኛ,"1-5, 1-17, 1-17, 2-5, 2-17, 2-17, 3-5, 3-17, 3-17, 3-27"
10-21,291,ቅዱሳን ጳውሎስና በርናባስ,ጳውሎስና በርናባስ,annual,NO_BOOK,,,
10-21,291,ቅዱስ ቶማስ ሐዋርያ,ቶማስ,annual,WRONG_DATE,,GZ-MEL-094:መልክዐ አቡነ ቶማስ ዘዘናቁዴ በግእዝ,3-3
10-21,291,ቅዱስ ባስልዮስ ዘቂሣርያ,ባስልዮስ ዘቂሣርያ,annual,NO_BOOK,,,
10-21,291,ቅዱስ ጢሞቴዎስ ዘምስር (ሰማዕት),ጢሞቴዎስ ዘምስር,annual,NO_BOOK,,,
10-21,291,አባ ከላድያኖስ ሊቀ ጳጳሳት,ከላድያኖስ ሊቀ ጳጳሳት,annual,NO_BOOK,,,
10-21,291,አበው ጎርጎርዮሳት,አበው ጎርጎርዮሳት,monthly,WRONG_DATE,,AM-ZNA-002:ዜና አበው በአማርኛ,"3-4, 5-26"
10-21,291,አቡነ ምዕመነ ድንግል,ምዕመነ ድንግል,monthly,WRONG_DATE,,AM-MEL-019:መልክዐ አቡነ ሐራ ድንግል በአማርኛ | GZ-MEL-021:መልክዐ ሐራ ድንግል በግእዝ,"1-11, 1-11, 2-11, 2-11, 3-11, 3-11, 4-11, 4-11, 5-11, 5-11"
10-21,291,አቡነ አምደ ሥላሴ,አምደ ሥላሴ,monthly,WRONG_DATE,,AM-MEL-010:መልክዐ ሥላሴ በአማርኛ | AM-SEY-002:ሰይፈ ሥላሴ በአማርኛ | GZ-HIB-001:ኅብረ ሥላሴ በግእዝ | GZ-MEL-035:መልክዐ ሥላሴ በግእዝ | GZ-MEL-077:መልክዐ አቡነ መዝገበ ሥላሴ በግእዝ | GZ-SEY-002:ሰይፈ ሥላሴ በግእዝ | AM-ZNA-001:ዜና ሥላሴ በአማርኛ | GZ-ZNA-004:ዜና ሥላሴ በግእዝ | GZ-TAM-003:ተአምራቲሆሙ ለሥላሴ,"None-None, None-None, None-None, None-None, None-None, None-None, None-None, 1-7, 2-7, 2-9"
10-21,291,አባ አሮን ሶርያዊ,አሮን ሶርያዊ,monthly,WRONG_DATE,,GZ-MEL-128:መልክዐ አᎄነ አሮን መንክራዌ በግእዝ | GZ-GDL-024:ገድለ አቡነ አሮን መንክራዊ ግእዝ | AM-GDL-028:ገድለ አቡነ አሮን መንክራዊ በአማርኛ,"1-5, 1-5, 1-5, 2-5, 2-5, 2-5, 3-5, 3-5, 3-5, 4-5"
10-21,291,አባ መርትያኖስ ጻድቅ,መርትያኖስ,monthly,NO_BOOK,,,
10-22,292,ቅዱስ አባ ጳውሊ የዋሕ,ጳውሊ የዋሕ,annual,NO_BOOK,,,
10-22,292,ቅዱሳን ወክቡራን ቆዝሞስና ድምያኖስ (ሰማዕታት),ወክቡራን ቆዝሞስና ድምያኖስ,annual,NO_BOOK,,,
10-22,292,ቅድስት ቴዎዳዳ ሰማዕት (እናታቸው),ቴዎዳዳ ሰማዕት,annual,WRONG_DATE,,GZ-MEL-039:መልክዐ ሰማዕት ቅዱስ መርቆሬዎስ በግእዝ | GZ-MEL-040:መልክዐ ሰማዕት ቅዱስ ቴዎድሮስ በግእዝ | GZ-MEL-041:መልክዐ ሰማዕት ቅዱስ ፋሲለደስ በግእዝ | GZ-MEL-042:መልክዐ ሰማዕት ቅድስት አርሴማ በግእዝ | GZ-MEL-043:መልክዐ ሰማዕት ቅድስት ኢየሉጣ በግእዝ | GZ-MEL-122:መልክዐ አባ ኖብ ሰማዕት በግእዝ | GZ-GDL-002:ገድለ ሰማዕት ቅዱስ መርቆሬዎስ በግእዝ | AM-GDL-008:ገድለ ሰማዕት ቅድስት አርሴማ በአማርኛ | GZ-GDL-014:ገድለ ቅዱስ ጊዮርጊስ ሰማዕት በግእዝ | AM-GDL-015:ገድለ ሰማዕት ቅዱስ መርቆሬዎስ በአማርኛ | AM-GDL-018:ገድለ ቅዱስ ጊዮርጊስ ሰማዕት በአማርኛ | GZ-GDL-031:ገድለ ሰማዕት ቅዱስ ቴዎድሮስ በግእዝ | GZ-GDL-033:ገድለ ሰማዕት ቅድስት አርሴማ በግእዝ | AM-GDL-030:ገድለ ሰማዕት ቅዱስ ቴዎድሮስ በአማርኛ,"1-6, 1-6, 1-6, 1-11, 1-12, 1-12, 1-12, 1-15, 1-18, 1-20"
10-22,292,አንቲቆስ ዮንዲኖስና አብራንዮስ (ሰማዕታት),አንቲቆስ ዮንዲኖስና አብራንዮስ,annual,CORRECT,GZ-MEL-097:መልክዐ አቡነ አብራንዮስ ዘደብር ጥሉል በግእዝ,GZ-MEL-097:መልክዐ አቡነ አብራንዮስ ዘደብር ጥሉል በግእዝ,"3-22, 10-22"
10-22,292,ቅዱስ ዑራኤል ሊቀ መላእክት,ዑራኤል ሊቀ መላእክት,monthly,CORRECT,GZ-MEL-011:መልክዐ ሊቀ መላእክት ቅዱስ ዑራኤል በግእዝ | GZ-MEL-012:መልክዐ ሊቀ መላእክት ቅዱስ ዑራኤል ካልእ በግእዝ | GZ-DRS-001:ድርሳነ ዑራኤል በግእዝ | AM-DRS-006:ድርሳነ ዑራኤል በአማርኛ,AM-DIR-001:የሰባቱ ሊቃነ መላእክት ድርሳን በአማርኛ | AM-MEL-038:የቅዱሳን አእላፍ መላእክት 2ኛ መልክዕ በአማርኛ | GZ-MEL-004:መልክዐ ሊቀ መላእክት ቅዱስ ሚካኤል ሣልስ በግእዝ | GZ-MEL-005:መልክዐ ሊቀ መላእክት ቅዱስ ሚካኤል ካልዕ በግእዝ | GZ-MEL-006:መልክዐ ሊቀ መላእክት ቅዱስ ሩፋኤል በግእዝ | GZ-MEL-007:መልክዐ ሊቀ መላእክት ቅዱስ ራጉኤል በግእዝ | GZ-MEL-008:መልክዐ ሊቀ መላእክት ቅዱስ ሱርያል በግእዝ | GZ-MEL-009:መልክዐ ሊቀ መላእክት ቅዱስ በግእዝ | GZ-MEL-010:መልክዐ ሊቀ መላእክት ቅዱስ አፍኒን በግእዝ | GZ-MEL-011:መልክዐ ሊቀ መላእክት ቅዱስ ዑራኤል በግእዝ | GZ-MEL-012:መልክዐ ሊቀ መላእክት ቅዱስ ዑራኤል ካልእ በግእዝ | GZ-MEL-013:መልክዐ ሊቀ መላእክት ቅዱስ ገብርኤል በግእዝ | GZ-MEL-014:መልክዐ ሊቀ መላእክት ቅዱስ ገብርኤል ካልዕ (ደቅስዮስ) በግእዝ | GZ-MEL-015:መልክዐ ሊቀ መላእክት ቅዱስ ፋኑኤል በግእዝ | GZ-MEL-125:መልክዐ አእላፍ መላእክት በግእዝ | GZ-MEL-126:መልክዐ አእላፍ መላእክት ካልእ በግእዝ | GZ-MEL-165:መልክዐ ሊቀ መላእክት ቅዱስ ሚካኤል ካልዕ በግእ | GZ-DRS-001:ድርሳነ ዑራኤል በግእዝ | AM-DRS-006:ድርሳነ ዑራኤል በአማርኛ,"1-1, 1-3, 1-9, 1-9, 1-9, 1-12, 1-12, 1-12, 1-12, 1-13"
10-22,292,ቅዱስ ሉቃስ ወንጌላዊ,ሉቃስ ወንጌላዊ,monthly,WRONG_DATE,,AM-MEL-016:መልክዐ ቅዱስ ዮሐንስ ወንጌላዊ በአማርኛ | GZ-MEL-062:መልክዐ ቅዱስ ዮሐንስ ወንጌላዊ በግእዝ,"1-4, 1-4, 1-29, 1-29, 2-4, 2-4, 3-4, 3-4, 4-4, 4-4"
10-22,292,ቅዱስ ደቅስዮስ (የእመቤታችን ወዳጅ),ደቅስዮስ,monthly,WRONG_DATE,,GZ-MEL-014:መልክዐ ሊቀ መላእክት ቅዱስ ገብርኤል ካልዕ (ደቅስዮስ) በግእዝ,"1-19, 2-19, 3-19, 4-19, 4-22, 5-19, 6-19, 7-19, 7-30, 8-19"
10-22,292,አባ እንጦንዮስ (አበ መነኮሳት),እንጦንዮስ,monthly,WRONG_DATE,,GZ-MEL-138:መልክዐ እንጦንዮስ በግእዝ,"5-22, 7-6, 11-22"
10-23,293,ነቢየ ጽድቅ ቅዱስ ሰሎሞን (ንጉሠ እሥራኤል),ነቢየ ጽድቅ ቅዱስ ሰሎሞን,annual,WRONG_DATE,,GZ-TBB-001:ጥበበ ሰሎሞን በግእዝ,
10-23,293,ቅዱስ አባ ኖብ (ሰማዕት ወጻድቅ),ኖብ,annual,CORRECT,GZ-MEL-122:መልክዐ አባ ኖብ ሰማዕት በግእዝ,GZ-MEL-122:መልክዐ አባ ኖብ ሰማዕት በግእዝ,"1-18, 3-7, 6-5, 7-9, 10-19, 10-23, 11-24"
10-23,293,ቅዱሳን መርቆሬዎስ ፊልዾስና ቶማስ (ሰማዕታት),መርቆሬዎስ ፊልዾስና ቶማስ,annual,WRONG_DATE,,GZ-MEL-039:መልክዐ ሰማዕት ቅዱስ መርቆሬዎስ በግእዝ | GZ-MEL-076:መልክዐ አቡነ መርቆሬዎስ ዘደብረ ድማኅ በግእዝ | GZ-MEL-094:መልክዐ አቡነ ቶማስ ዘዘናቁዴ በግእዝ | GZ-GDL-002:ገድለ ሰማዕት ቅዱስ መርቆሬዎስ በግእዝ | AM-GDL-015:ገድለ ሰማዕት ቅዱስ መርቆሬዎስ በአማርኛ,"1-25, 1-25, 1-25, 2-25, 2-25, 2-25, 3-3, 3-25, 3-25, 3-25"
10-23,293,ልበ አምላክ ቅዱስ ዳዊት,ልበ አምላክ ቅዱስ ዳዊት,monthly,CORRECT,AM-MEL-049:የቅዱስ ዳዊት መልክዕ በአማርኛ | GZ-MEL-064:መልክዐ ቅዱስ ዳዊት በግእዝ,AM-MEL-049:የቅዱስ ዳዊት መልክዕ በአማርኛ | AM-MZM-001:መዝሙረ ዳዊት በአማርኛ | AM-WUD-003:ውዳሴ አምላክ በአማርኛ | GZ-MEL-064:መልክዐ ቅዱስ ዳዊት በግእዝ | GZ-MEL-088:መልክዐ አቡነ ቡሩከ አምላክ ዘደብረ ኮል በግእዝ | GZ-MEL-089:መልክዐ አቡነ ብፁዓ አምላክ ዘደብረ ምዕዋን ወዘደብረ ኰዳዱ በግእዝ | GZ-MZM-004:መዝሙረ ዳዊት በግእዝ | TI-MZM-001:መዝሙረ ዳዊት ብትግርኛ | TI-WUD-002:ውዳሴ አምላክ ብትግርኛ,"None-None, None-None, None-None, None-None, None-None, 1-23, 1-23, 2-23, 2-23, 3-23"
10-23,293,ቅዱስ ጊዮርጊስ ሊቀ ሰማዕታት,ጊዮርጊስ ሊቀ ሰማዕታት,monthly,CORRECT,AM-MEL-065:ጸሎተ መልክዐ ሥቃዩ ለቅዱስ ጊዮርጊስ ሊቀ ሰማዕታት በአማርኛ | AM-MEL-066:ጸሎተ መልክዕ ዘቅዱስ ጊዮርጊስ ሊቀ ሰማዕታት በአማርኛ | AM-MEL-067:ጸሎተ መልክዕ ዘቅዱስ ጊዮርጊስ ሊቀ ሰማዕታት ካልዕ በአማርኛ | AM-SIB-001:ስብሐተ ፍቁር ዘቅዱስ ጊዮርጊስ ሊቀ ሰማዕታት በአማርኛ,AM-MEL-065:ጸሎተ መልክዐ ሥቃዩ ለቅዱስ ጊዮርጊስ ሊቀ ሰማዕታት በአማርኛ | AM-MEL-066:ጸሎተ መልክዕ ዘቅዱስ ጊዮርጊስ ሊቀ ሰማዕታት በአማርኛ | AM-MEL-067:ጸሎተ መልክዕ ዘቅዱስ ጊዮርጊስ ሊቀ ሰማዕታት ካልዕ በአማርኛ | AM-SIB-001:ስብሐተ ፍቁር ዘቅዱስ ጊዮርጊስ ሊቀ ሰማዕታት በአማርኛ,"1-23, 1-23, 1-23, 1-23, 2-23, 2-23, 2-23, 2-23, 3-7, 3-7"
10-23,293,አባ ጢሞቴዎስ ገዳማዊ,ጢሞቴዎስ ገዳማዊ,monthly,NO_BOOK,,,
10-23,293,አባ ሳሙኤል,ሳሙኤል,monthly,WRONG_DATE,,AM-MEL-054:የአቡነ ሳሙኤል ዘዋልድባ መልክዕ በአማርኛ | AM-MEL-055:የአቡነ ሳሙኤል ዘዋልድባ ኹለተኛ መልክዕ በአማርኛ | GZ-MEL-084:መልክዐ አቡነ ሳሙኤል በግእዝ ሣልስ በግእዝ | GZ-MEL-085:መልክዐ አቡነ ሳሙኤል ዘዋልድባ በግእዝ | GZ-MEL-086:መልክዐ አቡነ ሳሙኤል ዘዋልድባ ካልዕ በግእዝ,"1-12, 1-12, 1-12, 1-12, 1-12, 2-12, 2-12, 2-12, 2-12, 2-12"
10-23,293,አባ ስምዖን,ስምዖን,monthly,NO_BOOK,,,
10-23,293,አባ ገብርኤል,ገብርኤል,monthly,WRONG_DATE,,AM-MEL-050:የቅዱስ ገብርኤል መልክዕ በአማርኛ | GZ-MEL-013:መልክዐ ሊቀ መላእክት ቅዱስ ገብርኤል በግእዝ | GZ-MEL-014:መልክዐ ሊቀ መላእክት ቅዱስ ገብርኤል ካልዕ (ደቅስዮስ) በግእዝ | AM-DRS-003:ድርሳነ ገብርኤል በአማርኛ | GZ-DRS-010:ድርሳነ ገብርኤል በግእዝ,"1-19, 1-19, 1-19, 1-19, 1-19, 2-19, 2-19, 2-19, 2-19, 2-19"
10-23,293,ቅዱስ ዳንኤል,ዳንኤል,monthly,WRONG_DATE,,GZ-MEL-114:መልክዐ አቡነ ዳንኤል በግእዝ | GZ-GDL-028:ገድለ አቡነ ዳንኤል በግእዝ,"3-6, 3-6"
10-24,294,ቅዱስ አባ ሙሴ ጸሊም (ኢትዮጵያዊ),ሙሴ ጸሊም,annual,NO_BOOK,,,
10-24,294,"""፯ቱ"" ቅዱሳን መነኮሳት (ደቀ መዛሙርቱ)","""፯ቱ"" ቅዱሳን መነኮሳት",annual,NO_BOOK,,,
10-24,294,አባ ኤስድሮስ ታላቁ,ኤስድሮስ ታላቁ,annual,NO_BOOK,,,
10-24,294,ቅዱስ አቡነ ተክለ ሃይማኖት,ተክለ ሃይማኖት,monthly,CORRECT,AM-MEL-057:የአቡነ ተክለ ሃይማኖት 2ኛ መልክዕ በአማርኛ | AM-MEL-058:የአቡነ ተክለ ሃይማኖት መልክዕ በአማርኛ | GZ-MEL-068:መልክዐ ተክለ ሃይማኖት በግእዝ | GZ-MEL-069:መልክዐ ተክለ ሃይማኖት ካልእ በግእዝ | GZ-MEL-092:መልክዐ አቡነ ተክለ ሃይማኖት በግእዝ | AM-GDL-004:ገድለ ተክለ ሃይማኖት በአማርኛ,AM-MEL-057:የአቡነ ተክለ ሃይማኖት 2ኛ መልክዕ በአማርኛ | AM-MEL-058:የአቡነ ተክለ ሃይማኖት መልክዕ በአማርኛ | GZ-MEL-068:መልክዐ ተክለ ሃይማኖት በግእዝ | GZ-MEL-069:መልክዐ ተክለ ሃይማኖት ካልእ በግእዝ | GZ-MEL-092:መልክዐ አቡነ ተክለ ሃይማኖት በግእዝ | AM-GDL-004:ገድለ ተክለ ሃይማኖት በአማርኛ,"1-24, 1-24, 1-24, 1-24, 1-24, 1-24, 2-24, 2-24, 2-24, 2-24"
10-24,294,ቅዱስ አጋቢጦስ (ጻድቅ ኤጲስቆጶስ),አጋቢጦስ,monthly,NO_BOOK,,,
10-24,294,ቅድስት ክርስቶስ ሠምራ,ክርስቶስ ሠምራ,monthly,CORRECT,GZ-MEL-143:መልክዐ ክርስቶስ ሠምራ በግእዝ | AM-GDL-005:ገድለ ቅድስት ክርስቶስ ሠምራ በአማርኛ | GZ-GDL-019:ገድለ ቅድስት ክርስቶስ ሠምራ በግእዝ,GZ-MEL-143:መልክዐ ክርስቶስ ሠምራ በግእዝ | AM-GDL-005:ገድለ ቅድስት ክርስቶስ ሠምራ በአማርኛ | GZ-GDL-019:ገድለ ቅድስት ክርስቶስ ሠምራ በግእዝ,"1-24, 1-24, 1-24, 2-24, 2-24, 2-24, 3-24, 3-24, 3-24, 4-24"
10-24,294,ቅዱስ ቶማስ ዘመርዐስ,ቶማስ ዘመርዐስ,monthly,WRONG_DATE,,GZ-MEL-094:መልክዐ አቡነ ቶማስ ዘዘናቁዴ በግእዝ,3-3
10-24,294,ቅዱስ አብላርዮስ ታላቁ,አብላርዮስ ታላቁ,monthly,NO_BOOK,,,
10-24,294,"""፳፬ቱ"" ካኅናተ ሰማይ (ሱራፌል)","""፳፬ቱ"" ካኅናተ ሰማይ",monthly,CORRECT,GZ-MEL-142:መልክዐ ካህናተ ሰማይ በግእዝ,AM-MEN-001:መንገደ ሰማይ በአማርኛ | AM-ETA-001:በሰማይ ወበምድር በአማርኛ | GZ-ETA-001:እትአመነኪ ማርያም በሰማይ ወበምድር በግእዝ | GZ-MEL-142:መልክዐ ካህናተ ሰማይ በግእዝ,"None-None, 1-21, 1-24, 2-21, 2-24, 3-21, 3-24, 4-21, 4-24, 5-21"
10-24,294,አቡነ ዘዮሐንስ ጻድቅ (ኢትዮጵያዊ),ዘዮሐንስ ጻድቅ,monthly,WRONG_DATE,,AM-MEL-003:መልክዐ ለአቡነ አቢብ ጻድቅ በአማርኛ | AM-MEL-021:መልክዐ አቡነ ዮሐንስ ጻድቅ በአማርኛ | AM-MEL-060:የአቡነ አባለ ክርስቶስ ጻድቅ መልክዕ በአማርኛ,"1-16, 1-25, 2-16, 2-25, 3-16, 3-25, 4-16, 4-19, 4-25, 5-16"
10-25,295,ቅዱስ ይሁዳ ሐዋርያ (ከ፯፪ቱ አርድእት),ይሁዳ ሐዋርያ,annual,WRONG_DATE,,AM-MEL-033:የሐዋርያው የቅዱስ ታዴዎስ መልክዕ በአማርኛ | AM-MEL-046:የቅዱስ እንድርያስ ሐዋርያ መልክዕ በአማርኛ | GZ-MEL-023:መልክዐ ሐዋርያት በግእዝ | GZ-MEL-137:መልክዐ እንድርያስ ሐዋርያ በግእዝ | GZ-GDL-017:ገድለ አቡነ ተክለ ሐዋርያት በግእዝ | GZ-GDL-032:መጽሐፈ ገድለ ቅዱሳን ሐዋርያት በግእዝ | AM-ZNA-003:ዜና ሐዋርያት በአማርኛ,"1-2, 1-4, 1-4, 2-2, 2-4, 2-4, 3-2, 3-4, 3-4, 3-27"
10-25,295,ሰማዕቱ ጲላጦስ መስፍን,ሰማዕቱ ጲላጦስ መስፍን,annual,WRONG_DATE,,AM-MEL-036:የሰማዕቱ ቅዱስ ጊጋር መልክዕ በአማርኛ,12-16
10-25,295,ቅድስት አብሮቅላ (ሚስቱ),አብሮቅላ,annual,NO_BOOK,,,
10-25,295,አባ ጴጥሮስ ሊቀ ጳጳሳት,ጴጥሮስ ሊቀ ጳጳሳት,annual,WRONG_DATE,,GZ-MEL-158:መልክዐ ጴጥሮስ ወጳውሎስ በግእዝ | GZ-TSE-007:ጸሎቱ ለጴጥሮስ በግእዝ | GZ-GDL-003:ገድለ እምነ ወለተ ጴጥሮስ በግእዝ | AM-GDL-020:ገድለ እምነ ወለተ ጴጥሮስ በአማርኛ,"1-5, 1-17, 1-17, 2-5, 2-17, 2-17, 3-5, 3-17, 3-17, 4-1"
10-25,295,የጸደይ መውጫ / የክረምት መግቢያ,የጸደይ መውጫ / የክረምት መግቢያ,annual,NO_BOOK,,,
10-25,295,ቅዱስ መርቆሬዎስ ሰማዕት,መርቆሬዎስ,monthly,CORRECT,GZ-MEL-039:መልክዐ ሰማዕት ቅዱስ መርቆሬዎስ በግእዝ | GZ-GDL-002:ገድለ ሰማዕት ቅዱስ መርቆሬዎስ በግእዝ | AM-GDL-015:ገድለ ሰማዕት ቅዱስ መርቆሬዎስ በአማርኛ,GZ-MEL-039:መልክዐ ሰማዕት ቅዱስ መርቆሬዎስ በግእዝ | GZ-MEL-076:መልክዐ አቡነ መርቆሬዎስ ዘደብረ ድማኅ በግእዝ | GZ-GDL-002:ገድለ ሰማዕት ቅዱስ መርቆሬዎስ በግእዝ | AM-GDL-015:ገድለ ሰማዕት ቅዱስ መርቆሬዎስ በአማርኛ,"1-25, 1-25, 1-25, 2-25, 2-25, 2-25, 3-25, 3-25, 3-25, 4-16"
10-25,295,ቅድስት ቴክላ ሐዋርያዊት,ቴክላ ሐዋርያዊት,monthly,NO_BOOK,,,
10-25,295,ቅዱስ አበከረዙን ሰማዕት,አበከረዙን,monthly,NO_BOOK,,,
10-25,295,ቅዱስ ዱማድዮስ ሶርያዊ,ዱማድዮስ ሶርያዊ,monthly,NO_BOOK,,,
10-25,295,አቡነ አቢብ /አባ ቡላ/,አቢብ /አባ ቡላ/,monthly,CORRECT,AM-MEL-003:መልክዐ ለአቡነ አቢብ ጻድቅ በአማርኛ | AM-MEL-059:የአቡነ አቢብ መልክዕ በአማርኛ | GZ-MEL-095:መልክዐ አቡነ አቢብ በግእዝ | AM-GDL-024:ገድለ ቅዱስ አቡነ አቢብ በአማርኛ,AM-MEL-003:መልክዐ ለአቡነ አቢብ ጻድቅ በአማርኛ | AM-MEL-059:የአቡነ አቢብ መልክዕ በአማርኛ | GZ-MEL-095:መልክዐ አቡነ አቢብ በግእዝ | AM-GDL-024:ገድለ ቅዱስ አቡነ አቢብ በአማርኛ,"1-25, 1-25, 1-25, 1-25, 2-25, 2-25, 2-25, 2-25, 3-25, 3-25"
10-25,295,ቅዱስ አባ አቡፋና ጻድቅ,አቡፋና,monthly,NO_BOOK,,,
10-26,296,ቅዱስ ኢያሱ ነቢይ ወመስፍን,ኢያሱ ነቢይ ወመስፍን,annual,NO_BOOK,,,
10-26,296,ቅዱስ ገብርኤል ሊቀ መላእክት (ቅዳሴ ቤቱ),ገብርኤል ሊቀ መላእክት,annual,CORRECT,AM-MEL-050:የቅዱስ ገብርኤል መልክዕ በአማርኛ | GZ-MEL-013:መልክዐ ሊቀ መላእክት ቅዱስ ገብርኤል በግእዝ | GZ-MEL-014:መልክዐ ሊቀ መላእክት ቅዱስ ገብርኤል ካልዕ (ደቅስዮስ) በግእዝ | AM-DRS-003:ድርሳነ ገብርኤል በአማርኛ | GZ-DRS-010:ድርሳነ ገብርኤል በግእዝ,AM-DIR-001:የሰባቱ ሊቃነ መላእክት ድርሳን በአማርኛ | AM-MEL-038:የቅዱሳን አእላፍ መላእክት 2ኛ መልክዕ በአማርኛ | AM-MEL-050:የቅዱስ ገብርኤል መልክዕ በአማርኛ | GZ-MEL-004:መልክዐ ሊቀ መላእክት ቅዱስ ሚካኤል ሣልስ በግእዝ | GZ-MEL-005:መልክዐ ሊቀ መላእክት ቅዱስ ሚካኤል ካልዕ በግእዝ | GZ-MEL-006:መልክዐ ሊቀ መላእክት ቅዱስ ሩፋኤል በግእዝ | GZ-MEL-007:መልክዐ ሊቀ መላእክት ቅዱስ ራጉኤል በግእዝ | GZ-MEL-008:መልክዐ ሊቀ መላእክት ቅዱስ ሱርያል በግእዝ | GZ-MEL-009:መልክዐ ሊቀ መላእክት ቅዱስ በግእዝ | GZ-MEL-010:መልክዐ ሊቀ መላእክት ቅዱስ አፍኒን በግእዝ | GZ-MEL-011:መልክዐ ሊቀ መላእክት ቅዱስ ዑራኤል በግእዝ | GZ-MEL-012:መልክዐ ሊቀ መላእክት ቅዱስ ዑራኤል ካልእ በግእዝ | GZ-MEL-013:መልክዐ ሊቀ መላእክት ቅዱስ ገብርኤል በግእዝ | GZ-MEL-014:መልክዐ ሊቀ መላእክት ቅዱስ ገብርኤል ካልዕ (ደቅስዮስ) በግእዝ | GZ-MEL-015:መልክዐ ሊቀ መላእክት ቅዱስ ፋኑኤል በግእዝ | GZ-MEL-125:መልክዐ አእላፍ መላእክት በግእዝ | GZ-MEL-126:መልክዐ አእላፍ መላእክት ካልእ በግእዝ | GZ-MEL-165:መልክዐ ሊቀ መላእክት ቅዱስ ሚካኤል ካልዕ በግእ | AM-DRS-003:ድርሳነ ገብርኤል በአማርኛ | GZ-DRS-010:ድርሳነ ገብርኤል በግእዝ,"1-1, 1-3, 1-9, 1-9, 1-9, 1-12, 1-12, 1-12, 1-12, 1-13"
10-26,296,ቅዱስ ቶማስ ሐዋርያ,ቶማስ,monthly,WRONG_DATE,,GZ-MEL-094:መልክዐ አቡነ ቶማስ ዘዘናቁዴ በግእዝ,3-3
10-26,296,አቡነ ሐብተ ማርያም ጻድቅ,ሐብተ ማርያም,monthly,WRONG_DATE,,AM-LAH-001:ላሐ ማርያም በአማርኛ | AM-MEL-008:መልክዐ ማርያም ሣልሲት በአማርኛ | AM-MEL-009:መልክዐ ማርያም በአማርኛ | AM-MEL-017:መልክዐ ቅድስት ጸበለ ማርያም በአማርኛ | AM-MEL-064:የጽዮን ማርያም 3ኛ መልክዕ በአማርኛ | AM-RAY-001:ራዕየ ማርያም በአማርኛ | AM-WUD-002:ውዳሴ ማርያም በአማርኛ | GZ-ETA-001:እትአመነኪ ማርያም በሰማይ ወበምድር በግእዝ | GZ-LAH-001:ላሐ ማርያም በግእዝ | GZ-MEL-002:መልከዐ ማርያም ዳግሚት በግእዝ | GZ-MEL-031:መልክዐ ማርያም ሣልሲት በግእዝ | GZ-MEL-032:መልክዐ ማርያም በግእዝ | GZ-MEL-070:መልክዐ ተክለ ማርያም ዘይሰመይ መብዓ ጽዮን በግእዝ | GZ-MEL-099:መልክዐ አቡነ አብሳዲ ዘደብረ ማርያም በግእዝ | GZ-MEL-159:መልክዐ ጸበለ ማርያም ቅድስት በግእዝ | GZ-MEL-161:መልክዐ ጽዮን ማርያም ሣልስ በግእዝ | GZ-WUD-002:ውዳሴ ማርያም በግእዝ | TI-RAY-001:ራእየ ማርያም ብትግርኛ | TI-WUD-001:ውዳሴ ማርያም ብትግርኛ | AM-GDL-002:ገድለ ማርያም እንተ ዕፍረት በአማርኛ | GZ-TAM-001:ተአምረ ማርያም በግእዝ | AM-GDL-003:ገድለ ማርያም መግደላዊት በአማርኛ | GZ-MTS-001:መጽሐፈ ልደታ ለማርያም በግእዝ | AM-TAM-002:ተአምረ ማርያም በአማርኛ,"None-None, None-None, None-None, 1-1, 1-21, 1-21, 1-21, 1-21, 1-21, 1-21"
10-26,296,አቡነ ኢየሱስ ሞዐ ዘሐይቅ,ኢየሱስ ሞዐ ዘሐይቅ,monthly,CORRECT,GZ-MEL-130:መልክዐ ኢየሱስ ሞዐ በግእዝ | AM-GDL-026:ገድለ አቡነ ኢየሱስ ሞዐ በአማርኛ,AM-MEL-002:መልክአ ኢየሱስ በአማርኛ | GZ-MEL-130:መልክዐ ኢየሱስ ሞዐ በግእዝ | GZ-MEL-131:መልክዐ ኢየሱስ በግእዝ | GZ-MEL-132:መልክዐ ኢየሱስ ካልዕ በግእዝ | AM-TAM-001:ተአምረ ኢየሱስ በአማርኛ | TI-TAM-001:ተአምረ ኢየሱስ ብትግርኛ | GZ-TAM-002:ተአምረ ኢየሱስ በግእዝ | AM-GDL-026:ገድለ አቡነ ኢየሱስ ሞዐ በአማርኛ,"1-26, 1-26, 1-29, 1-29, 1-29, 1-29, 1-29, 1-29, 2-26, 2-26"
10-26,296,ቅዱሳን ሰማዕታተ ናግራን,ሰማዕታተ ናግራን,monthly,NO_BOOK,,,
10-26,296,አቡነ ሰላማ ከሣቴ ብርሃን,ሰላማ ከሣቴ ብርሃን,monthly,WRONG_DATE,,AM-KOH-001:ኆኅተ ብርሃን በአማርኛ | AM-MEL-056:የአቡነ ተከስተ ብርሃን መልክዕ በአማርኛ | GZ-KOH-001:ኆኅተ ብርሃን በግእዝ | GZ-MEL-038:መልክዐ ሰላማ በግእዝ | GZ-MEL-091:መልክዐ አቡነ ተከስተ ብርሃን በግእዝ,"None-None, None-None, 4-18, 7-10, 7-10, 11-26"
10-27,297,ቅዱስ ሐናንያ ሐዋርያ (ከ፯፪ቱ አርድእት),ሐናንያ ሐዋርያ,annual,WRONG_DATE,,AM-MEL-033:የሐዋርያው የቅዱስ ታዴዎስ መልክዕ በአማርኛ | AM-MEL-046:የቅዱስ እንድርያስ ሐዋርያ መልክዕ በአማርኛ | GZ-MEL-023:መልክዐ ሐዋርያት በግእዝ | GZ-MEL-137:መልክዐ እንድርያስ ሐዋርያ በግእዝ | GZ-GDL-017:ገድለ አቡነ ተክለ ሐዋርያት በግእዝ | GZ-GDL-032:መጽሐፈ ገድለ ቅዱሳን ሐዋርያት በግእዝ | AM-ZNA-003:ዜና ሐዋርያት በአማርኛ,"1-2, 1-4, 1-4, 2-2, 2-4, 2-4, 3-2, 3-4, 3-4, 3-27"
10-27,297,ቅዱስ ቶማስ ሰማዕት (ዘሰንደላት),ቶማስ ሰማዕት,annual,WRONG_DATE,,GZ-MEL-039:መልክዐ ሰማዕት ቅዱስ መርቆሬዎስ በግእዝ | GZ-MEL-040:መልክዐ ሰማዕት ቅዱስ ቴዎድሮስ በግእዝ | GZ-MEL-041:መልክዐ ሰማዕት ቅዱስ ፋሲለደስ በግእዝ | GZ-MEL-042:መልክዐ ሰማዕት ቅድስት አርሴማ በግእዝ | GZ-MEL-043:መልክዐ ሰማዕት ቅድስት ኢየሉጣ በግእዝ | GZ-MEL-094:መልክዐ አቡነ ቶማስ ዘዘናቁዴ በግእዝ | GZ-MEL-122:መልክዐ አባ ኖብ ሰማዕት በግእዝ | GZ-GDL-002:ገድለ ሰማዕት ቅዱስ መርቆሬዎስ በግእዝ | AM-GDL-008:ገድለ ሰማዕት ቅድስት አርሴማ በአማርኛ | GZ-GDL-014:ገድለ ቅዱስ ጊዮርጊስ ሰማዕት በግእዝ | AM-GDL-015:ገድለ ሰማዕት ቅዱስ መርቆሬዎስ በአማርኛ | AM-GDL-018:ገድለ ቅዱስ ጊዮርጊስ ሰማዕት በአማርኛ | GZ-GDL-031:ገድለ ሰማዕት ቅዱስ ቴዎድሮስ በግእዝ | GZ-GDL-033:ገድለ ሰማዕት ቅድስት አርሴማ በግእዝ | AM-GDL-030:ገድለ ሰማዕት ቅዱስ ቴዎድሮስ በአማርኛ,"1-6, 1-6, 1-6, 1-11, 1-12, 1-12, 1-12, 1-15, 1-18, 1-20"
10-27,297,ቅዱስ አልዓዛር ነዳይ (በነዌ ደጅ የወደቀ ቀጥሎ ደግሞ ‪‎በአብርሃም‬ እቅፍ ውስጥ የተገኘ ጻድቅ- ሉቃ,አልዓዛር ነዳይ (በነዌ ደጅ የወደቀ ቀጥሎ ደግሞ ‪‎በአብርሃም‬ እቅፍ ውስጥ የተገኘ ጻድቅ- ሉቃ,annual,NO_BOOK,,,
10-27,297,፲፮ ፥፲፱)‬‬‬,፲፮ ፥፲፱)‬‬‬,annual,NO_BOOK,,,
10-27,297,ቅዱስ ማማስ,ማማስ,annual,NO_BOOK,,,
10-27,297,የጌታችንና አምላካችን መድኃኔ ዓለም ክርስቶስ በዓለ ስቅለት,የጌታችንና አምላካችን መድኃኔ ዓለም ክርስቶስ በዓለ ስቅለት,monthly,NO_BOOK,,,
10-27,297,አቡነ መብዐ ፅዮን ጻድቅ,መብዐ ፅዮን,monthly,NO_BOOK,,,
10-27,297,ቅዱስ መቃርስ (የመነኮሳት ሁሉ አለቃ),መቃርስ,monthly,NO_BOOK,,,
10-27,297,ቅዱስ ያዕቆብ ዘግሙድ,ያዕቆብ ዘግሙድ,monthly,WRONG_DATE,,AM-MEL-022:መልክዐ አብርሃም ይሥሐቅ ያዕቆብ በአማርኛ | GZ-MEL-124:መልክዐ አብርሃም ይሥሐቅ ወያዕቆብ በግእዝ,"1-28, 1-28, 2-28, 2-28, 3-28, 3-28, 4-28, 4-28, 5-28, 5-28"
10-27,297,ቅዱስ ገላውዴዎስ ሰማዕት (ንጉሠ ኢትዮዽያ),ገላውዴዎስ ሰማዕት,monthly,WRONG_DATE,,GZ-MEL-039:መልክዐ ሰማዕት ቅዱስ መርቆሬዎስ በግእዝ | GZ-MEL-040:መልክዐ ሰማዕት ቅዱስ ቴዎድሮስ በግእዝ | GZ-MEL-041:መልክዐ ሰማዕት ቅዱስ ፋሲለደስ በግእዝ | GZ-MEL-042:መልክዐ ሰማዕት ቅድስት አርሴማ በግእዝ | GZ-MEL-043:መልክዐ ሰማዕት ቅድስት ኢየሉጣ በግእዝ | GZ-MEL-122:መልክዐ አባ ኖብ ሰማዕት በግእዝ | GZ-GDL-002:ገድለ ሰማዕት ቅዱስ መርቆሬዎስ በግእዝ | GZ-ZNA-002:ዜናሁ ለንጉሥ ገላውዴዎስ በግእዝ | AM-GDL-008:ገድለ ሰማዕት ቅድስት አርሴማ በአማርኛ | GZ-GDL-014:ገድለ ቅዱስ ጊዮርጊስ ሰማዕት በግእዝ | AM-GDL-015:ገድለ ሰማዕት ቅዱስ መርቆሬዎስ በአማርኛ | AM-GDL-018:ገድለ ቅዱስ ጊዮርጊስ ሰማዕት በአማርኛ | GZ-GDL-031:ገድለ ሰማዕት ቅዱስ ቴዎድሮስ በግእዝ | GZ-GDL-033:ገድለ ሰማዕት ቅድስት አርሴማ በግእዝ | AM-GDL-030:ገድለ ሰማዕት ቅዱስ ቴዎድሮስ በአማርኛ,"1-6, 1-6, 1-6, 1-11, 1-12, 1-12, 1-12, 1-15, 1-18, 1-20"
10-27,297,ቅዱስ ቢፋሞን ጻድቅና ሰማዕት,ቢፋሞን ጻድቅና,monthly,NO_BOOK,,,
10-27,297,ማር ቅዱስ ፊቅጦር ሰማዕት,ማር ቅዱስ ፊቅጦር,monthly,CORRECT,GZ-MEL-008:መልክዐ ሊቀ መላእክት ቅዱስ ሱርያል በግእዝ | GZ-MEL-162:መልክዐ ፊቅጦር በግእዝ | GZ-GDL-027:ገድለ ቅዱስ ፊቅጦር በግእዝ | AM-GDL-029:ገድለ ቅዱስ ፊቅጦር በአማርኛ,AM-MEL-012:መልክዐ ቅዱስ መስቀል በአማርኛ | AM-MEL-013:መልክዐ ቅዱስ ሚናስ በአማርኛ | AM-MEL-014:መልክዐ ቅዱስ ራጉኤል በአማርኛ | AM-MEL-015:መልክዐ ቅዱስ ቂርቆስ በአማርኛ | AM-MEL-016:መልክዐ ቅዱስ ዮሐንስ ወንጌላዊ በአማርኛ | AM-TEA-003:ተአምኆ ዘሥሉስ ቅዱስ መልክዕ በአማርኛ | AM-MEL-033:የሐዋርያው የቅዱስ ታዴዎስ መልክዕ በአማርኛ | AM-MEL-036:የሰማዕቱ ቅዱስ ጊጋር መልክዕ በአማርኛ | AM-MEL-039:የቅዱስ መርምሕናም መልክዕ በአማርኛ | AM-MEL-040:የቅዱስ መስቀል 3ኛ መልክዕ በአማርኛ | AM-MEL-041:የቅዱስ ሚካኤል 3ኛ መልክዕ በአማርኛ | AM-MEL-042:የቅዱስ ማርቆስ 2ኛ መልክዕ በአማርኛ | AM-MEL-043:የቅዱስ ሩፋኤል መልክዕ በአማርኛ | AM-MEL-044:የቅዱስ አቦሊ መልክዕ በአማርኛ | AM-MEL-045:የቅዱስ እስጢፋኖስ 2ኛ መልክዕ በአማርኛ | AM-MEL-046:የቅዱስ እንድርያስ ሐዋርያ መልክዕ በአማርኛ | AM-MEL-047:የቅዱስ ዮሐንስ 2ኛ መልክዕ በአማርኛ | AM-MEL-048:የቅዱስ ዮሐንስ መጥምቅ መልክዕ በአማርኛ | AM-MEL-049:የቅዱስ ዳዊት መልክዕ በአማርኛ | AM-MEL-050:የቅዱስ ገብርኤል መልክዕ በአማርኛ | AM-MEL-051:የቅዱስ ጊዮርጊስ መልክዕ በአማርኛ | AM-MEL-052:የነቢዩ የቅዱስ ኤልያስ 3ኛ መልክዕ በአማርኛ | AM-MEL-065:ጸሎተ መልክዐ ሥቃዩ ለቅዱስ ጊዮርጊስ ሊቀ ሰማዕታት በአማርኛ | AM-MEL-066:ጸሎተ መልክዕ ዘቅዱስ ጊዮርጊስ ሊቀ ሰማዕታት በአማርኛ | AM-MEL-067:ጸሎተ መልክዕ ዘቅዱስ ጊዮርጊስ ሊቀ ሰማዕታት ካልዕ በአማርኛ | AM-SIB-001:ስብሐተ ፍቁር ዘቅዱስ ጊዮርጊስ ሊቀ ሰማዕታት በአማርኛ | AM-TEA-002:ተአምኆ ዘሥሉስ ቅዱስ በአማርኛ | GZ-MEL-004:መልክዐ ሊቀ መላእክት ቅዱስ ሚካኤል ሣልስ በግእዝ | GZ-MEL-005:መልክዐ ሊቀ መላእክት ቅዱስ ሚካኤል ካልዕ በግእዝ | GZ-MEL-006:መልክዐ ሊቀ መላእክት ቅዱስ ሩፋኤል በግእዝ | GZ-MEL-007:መልክዐ ሊቀ መላእክት ቅዱስ ራጉኤል በግእዝ | GZ-MEL-008:መልክዐ ሊቀ መላእክት ቅዱስ ሱርያል በግእዝ | GZ-MEL-009:መልክዐ ሊቀ መላእክት ቅዱስ በግእዝ | GZ-MEL-010:መልክዐ ሊቀ መላእክት ቅዱስ አፍኒን በግእዝ | GZ-MEL-011:መልክዐ ሊቀ መላእክት ቅዱስ ዑራኤል በግእዝ | GZ-MEL-012:መልክዐ ሊቀ መላእክት ቅዱስ ዑራኤል ካልእ በግእዝ | GZ-MEL-013:መልክዐ ሊቀ መላእክት ቅዱስ ገብርኤል በግእዝ | GZ-MEL-014:መልክዐ ሊቀ መላእክት ቅዱስ ገብርኤል ካልዕ (ደቅስዮስ) በግእዝ | GZ-MEL-015:መልክዐ ሊቀ መላእክት ቅዱስ ፋኑኤል በግእዝ | GZ-MEL-016:መልክዐ ሊቀ ሰማዕታት ቅዱስ እስጢፋኖስ በግእዝ | GZ-MEL-017:መልክዐ ሊቀ ሰማዕታት ቅዱስ እስጢፋኖስ ካልእ በግእዝ | GZ-MEL-034:መልክዐ ሥሉስ ቅዱስ በግእዝ | GZ-MEL-039:መልክዐ ሰማዕት ቅዱስ መርቆሬዎስ በግእዝ | GZ-MEL-040:መልክዐ ሰማዕት ቅዱስ ቴዎድሮስ በግእዝ | GZ-MEL-041:መልክዐ ሰማዕት ቅዱስ ፋሲለደስ በግእዝ | GZ-MEL-049:መልክዐ ቅዱስ መርምሕናም በግእዝ | GZ-MEL-050:መልክዐ ቅዱስ መስቀል ሣልስ በግእዝ | GZ-MEL-051:መልክዐ ቅዱስ መስቀል በግእዝ | GZ-MEL-052:መልክዐ ቅዱስ ሚናስ በግእዝ | GZ-MEL-053:መልክዐ ቅዱስ ማርቆስ ካልእ በግእዝ | GZ-MEL-054:መልክዐ ቅዱስ ቂርቆስ በግእዝ | GZ-MEL-055:መልክዐ ቅዱስ ታዴዎስ በግእዝ | GZ-MEL-056:መልክዐ ቅዱስ አባዲር በግእዝ | GZ-MEL-057:መልክዐ ቅዱስ አቦሊ በግእዝ | GZ-MEL-058:መልክዐ ቅዱስ አግናጥዮስ ምጥው ለአንበሳ በግእዝ | GZ-MEL-059:መልክዐ ቅዱስ ኤልያስ ነቢይ ሣልስ በግእዝ | GZ-MEL-060:መልክዐ ቅዱስ ዮሐንስ መጥምቅ በግእዝ | GZ-MEL-061:መልክዐ ቅዱስ ዮሐንስ ካልእ በግእዝ | GZ-MEL-062:መልክዐ ቅዱስ ዮሐንስ ወንጌላዊ በግእዝ | GZ-MEL-063:መልክዐ ቅዱስ ዮስጦስ በግእዝ | GZ-MEL-064:መልክዐ ቅዱስ ዳዊት በግእዝ | GZ-MEL-065:መልክዐ ቅዱስ ጊዮርጊስ በግእዝ | GZ-MEL-151:መልክዐ ገብረ መንፈስ ቅዱስ በግእዝ | GZ-MEL-152:መልክዐ ገብረ መንፈስ ቅዱስ ካልዕ በግእዝ | GZ-MEL-162:መልክዐ ፊቅጦር በግእዝ | GZ-TEA-002:ተአምኆ ዘሥሉስ ቅዱስ በግእዝ | GZ-TEA-003:ተአምኆ ዘሥሉስ ቅዱስ በግእዝ ካልእ | GZ-MEL-165:መልክዐ ሊቀ መላእክት ቅዱስ ሚካኤል ካልዕ በግእ | AM-GDL-001:ገድለ ቅዱስ አባ ጊዮርጊስ ዘጋሥጫ በአማርኛ | GZ-GDL-002:ገድለ ሰማዕት ቅዱስ መርቆሬዎስ በግእዝ | GZ-DRS-003:ድርሳነ ቅዱስ ራጉኤል በግእዝ | AM-DRS-001:የቅዱስ ኢያቄምና- የቅድስት ሐና ድርሳን በአማርኛ | GZ-GDL-007:ገድለ ቅዱስ አባ ጊዮርጊስ ዘጋሥጫ በግእዝ | AM-GDL-007:ገድለ አቡነ ገብረ መንፈስ ቅዱስ በአማርኛ | GZ-GDL-008:ገድለ ቅዱስ ዞሲማስ በግእዝ | AM-GDL-009:ገድለ ቅዱስ እስጢፋኖስ አማርኛ | GZ-GDL-009:ገድለ ቅዱስ ሱስንዮስ በግእዝ | GZ-GDL-010:ገድለ ቅዱስ ዮስጦስ በግእዝ | GZ-GDL-012:ገድለ ቅዱስ ቈጵርያኖስ ወቅድስት ኢዩስጣ በግእዝ | AM-GDL-013:የቅዱስ ዮሐንስ ገድል በአማርኛ | GZ-GDL-014:ገድለ ቅዱስ ጊዮርጊስ ሰማዕት በግእዝ | AM-GDL-015:ገድለ ሰማዕት ቅዱስ መርቆሬዎስ በአማርኛ | AM-GDL-018:ገድለ ቅዱስ ጊዮርጊስ ሰማዕት በአማርኛ | GZ-DRS-007:ድርሳን ዘቅዱስ ኢያቄም ወቅድስት ሐና በግእዝ | GZ-GDL-021:ድርሳን ወገድል ዘቅዱስ ያሬድ በግእዝ | GZ-GDL-022:ገድለ ቅዱስ እስጢፋኖስ በግእዝ | GZ-GDL-027:ገድለ ቅዱስ ፊቅጦር በግእዝ | AM-GDL-023:የቅዱስ ቂርቆስና የቅድስት ኢየሉጣ ገድል በአማርኛ | GZ-GDL-030:ገድለ ቅዱስ ቴዎድሮስ በግእዝ | GZ-DRS-009:ድርሳን ቅዱስ ሩፋኤል በግእዝ | GZ-GDL-031:ገድለ ሰማዕት ቅዱስ ቴዎድሮስ በግእዝ | AM-GDL-024:ገድለ ቅዱስ አቡነ አቢብ በአማርኛ | AM-GDL-025:ገድለ ቅዱስ ዞሲማስ በአማርኛ | AM-DRS-010:ድርሳነ ቅዱስ ራጉኤል በአማርኛ | AM-GDL-029:ገድለ ቅዱስ ፊቅጦር በአማርኛ | AM-GDL-030:ገድለ ሰማዕት ቅዱስ ቴዎድሮስ በአማርኛ,"None-None, None-None, None-None, None-None, 1-1, 1-1, 1-1, 1-1, 1-1, 1-1"
10-28,298,አባ ቴዎዶስዮስ ሊቀ ዻዻሳት,ቴዎዶስዮስ ሊቀ ዻዻሳት,annual,NO_BOOK,,,
10-28,298,ቅዱስ ያዕቆብ ዘእልበረዳይ,ያዕቆብ ዘእልበረዳይ,annual,CORRECT,AM-MEL-022:መልክዐ አብርሃም ይሥሐቅ ያዕቆብ በአማርኛ | GZ-MEL-124:መልክዐ አብርሃም ይሥሐቅ ወያዕቆብ በግእዝ,AM-MEL-022:መልክዐ አብርሃም ይሥሐቅ ያዕቆብ በአማርኛ | GZ-MEL-124:መልክዐ አብርሃም ይሥሐቅ ወያዕቆብ በግእዝ,"1-28, 1-28, 2-28, 2-28, 3-28, 3-28, 4-28, 4-28, 5-28, 5-28"
10-28,298,ቅዱስ ባስልዮስ,ባስልዮስ,annual,NO_BOOK,,,
10-28,298,ቅዱስ ባሊዲስ,ባሊዲስ,annual,NO_BOOK,,,
10-28,298,አማኑኤል ቸር አምላካችን,አማኑኤል ቸር አምላካችን,monthly,CORRECT,GZ-MEL-072:መልክዐ አማኑኤል በግእዝ,GZ-MEL-072:መልክዐ አማኑኤል በግእዝ,"1-28, 2-28, 3-28, 4-28, 5-28, 6-28, 7-28, 8-28, 9-28, 10-28"
10-28,298,ቅዱሳን አበው (አብርሃም ይስሐቅና ያዕቆብ),አበው,monthly,WRONG_DATE,,AM-ZNA-002:ዜና አበው በአማርኛ,"3-4, 5-26"
10-28,298,ቅዱስ እንድራኒቆስና ሚስቱ ቅድስት አትናስያ,እንድራኒቆስና ሚስቱ ቅድስት አትናስያ,monthly,NO_BOOK,,,
10-28,298,ቅድስት ዓመተ ክ ክርስቶስ,ዓመተ ክ ክርስቶስ,monthly,WRONG_DATE,,AM-MEL-018:መልክዐ ቅድስት ፍቅርተ ክርስቶስ በአማርኛ | AM-MEL-060:የአቡነ አባለ ክርስቶስ ጻድቅ መልክዕ በአማርኛ | AM-MIK-001:ምክሓ ምእመናን ክርስቶስ በአማርኛ | GZ-MEL-066:መልክዐ ቅድስት ፍቅርተ ክርስቶስ በግእዝ | GZ-MEL-082:መልክዐ አቡነ ሠምረ ክርስቶስ በግእዝ | GZ-MEL-096:መልክዐ አቡነ አባለ ክርስቶስ በግእዝ | GZ-MEL-136:መልክዐ እስትንፋሰ ክርስቶስ በግእዝ | GZ-MEL-143:መልክዐ ክርስቶስ ሠምራ በግእዝ | GZ-MEL-148:መልክዐ ይምርሃነ ክርስቶስ በግእዝ | GZ-MEL-153:መልክዐ ገብረ ክርስቶስ በግእዝ | GZ-MZM-001:መዝሙረ ክርስቶስ በግእዝ | GZ-MZM-002:መዝሙረ ክርስቶስ ካልዕ በግእዝ | GZ-MZM-003:መዝሙረ ክርስቶስ ዘመኃልየ መኃልይ። በግእዝ | GZ-GDL-006:ገድለ አቡነ እስትንፋስ ክርስቶስ በግእዝ | AM-GDL-005:ገድለ ቅድስት ክርስቶስ ሠምራ በአማርኛ | AM-GDL-014:የአቡነ እስትንፋሰ ክርስቶስ ገድል በአማርኛ | GZ-GDL-019:ገድለ ቅድስት ክርስቶስ ሠምራ በግእዝ | GZ-GDL-023:ገድለ አቡነ መዝራዕተ ክርስቶስ በግእዝ | TI-GDL-002:ገድሊ አቡነ እስትንፋስ ክርስቶስ ትግርኛ,"1-9, 1-9, 1-9, 1-9, 1-24, 1-24, 1-24, 1-27, 1-29, 1-29"
10-28,298,ቅዱስ ቴዎድሮስ ሮማዊ (ሰማዕት),ቴዎድሮስ ሮማዊ,monthly,WRONG_DATE,,GZ-MEL-040:መልክዐ ሰማዕት ቅዱስ ቴዎድሮስ በግእዝ | GZ-GDL-030:ገድለ ቅዱስ ቴዎድሮስ በግእዝ | GZ-GDL-031:ገድለ ሰማዕት ቅዱስ ቴዎድሮስ በግእዝ | AM-GDL-030:ገድለ ሰማዕት ቅዱስ ቴዎድሮስ በአማርኛ,"1-12, 1-12, 1-12, 1-12, 1-20, 1-20, 1-20, 1-20, 2-12, 2-12"
10-29,299,ቅዱስ ማርቆስ ንጉሠ ሮም (ጻድቅ ንጹሕና ገዳማዊ),ማርቆስ ንጉሠ ሮም,annual,WRONG_DATE,,AM-MEL-042:የቅዱስ ማርቆስ 2ኛ መልክዕ በአማርኛ | AM-MEL-062:የአቡነ ዜና ማርቆስ መልክዕ በአማርኛ | GZ-MEL-030:መልክዐ ማርቆስ በግእዝ | GZ-MEL-053:መልክዐ ቅዱስ ማርቆስ ካልእ በግእዝ | GZ-MEL-106:መልክዐ አቡነ ዜና ማርቆስ በግእዝ | GZ-ZNA-001:ዜናሁ ለንጉሠ ነገሥት በካፋ በግእዝ,"1-3, 1-3, 1-30, 1-30, 1-30, 2-3, 2-3, 2-30, 2-30, 2-30"
10-29,299,ቅዱስ ቴዎድሮስ ጻድቅ (ንጉሠ ኢትዮዽያ),ቴዎድሮስ ጻድቅ,annual,WRONG_DATE,,AM-MEL-003:መልክዐ ለአቡነ አቢብ ጻድቅ በአማርኛ | AM-MEL-021:መልክዐ አቡነ ዮሐንስ ጻድቅ በአማርኛ | AM-MEL-060:የአቡነ አባለ ክርስቶስ ጻድቅ መልክዕ በአማርኛ | GZ-MEL-040:መልክዐ ሰማዕት ቅዱስ ቴዎድሮስ በግእዝ | GZ-GDL-030:ገድለ ቅዱስ ቴዎድሮስ በግእዝ | GZ-GDL-031:ገድለ ሰማዕት ቅዱስ ቴዎድሮስ በግእዝ | AM-GDL-030:ገድለ ሰማዕት ቅዱስ ቴዎድሮስ በአማርኛ,"1-12, 1-12, 1-12, 1-12, 1-16, 1-20, 1-20, 1-20, 1-20, 1-25"
10-29,299,ቅዱስ ዓምደ ሚካኤል ኢትዮዽያዊ (ፍልሠቱ),ዓምደ ሚካኤል ኢትዮዽያዊ,annual,NO_BOOK,,,
10-29,299,"""፯ቱ"" ቅዱሳን መስተጋድላን (አባ አብሲዳ አባ ኮቶሎስ አባ አርድማ አባ ኒኮላስ አባ ሙሴ አባ እሴይ አባ ብሶይ)","""፯ቱ"" ቅዱሳን መስተጋድላን",annual,NO_BOOK,,,
10-29,299,ቅዱሳን አባ ሖር አባ ብሶይ አባ ሖርሳና እናታቸው ቅድስት ይድራ (ሰማዕታት),ሖር አባ ብሶይ አባ ሖርሳና እናታቸው ቅድስት ይድራ,annual,NO_BOOK,,,
10-29,299,የፈጣሪያችንና ጌታችን ኢየሱስ ክርስቶስ በዓለ ልደት,የፈጣሪያችንና ጌታችን ኢየሱስ ክርስቶስ በዓለ ልደት,monthly,NO_BOOK,,,
10-29,299,ቅድስት አርሴማ ድንግል,አርሴማ ድንግል,monthly,WRONG_DATE,,AM-MEL-019:መልክዐ አቡነ ሐራ ድንግል በአማርኛ | GZ-MEL-021:መልክዐ ሐራ ድንግል በግእዝ | GZ-MEL-042:መልክዐ ሰማዕት ቅድስት አርሴማ በግእዝ | AM-GDL-008:ገድለ ሰማዕት ቅድስት አርሴማ በአማርኛ | GZ-GDL-033:ገድለ ሰማዕት ቅድስት አርሴማ በግእዝ,"1-6, 1-6, 1-6, 1-11, 1-11, 1-29, 1-29, 1-29, 2-6, 2-6"
10-29,299,ቅዱስ ጴጥሮስ ተፍጻሜተ ሰማዕት,ጴጥሮስ ተፍጻሜተ,monthly,WRONG_DATE,,GZ-MEL-158:መልክዐ ጴጥሮስ ወጳውሎስ በግእዝ | GZ-TSE-007:ጸሎቱ ለጴጥሮስ በግእዝ | GZ-GDL-003:ገድለ እምነ ወለተ ጴጥሮስ በግእዝ | AM-GDL-020:ገድለ እምነ ወለተ ጴጥሮስ በአማርኛ,"1-5, 1-17, 1-17, 2-5, 2-17, 2-17, 3-5, 3-17, 3-17, 4-1"
10-29,299,ቅዱስ ማርቆስ ዘቶርማቅ,ማርቆስ ዘቶርማቅ,monthly,WRONG_DATE,,AM-MEL-042:የቅዱስ ማርቆስ 2ኛ መልክዕ በአማርኛ | AM-MEL-062:የአቡነ ዜና ማርቆስ መልክዕ በአማርኛ | GZ-MEL-030:መልክዐ ማርቆስ በግእዝ | GZ-MEL-053:መልክዐ ቅዱስ ማርቆስ ካልእ በግእዝ | GZ-MEL-106:መልክዐ አቡነ ዜና ማርቆስ በግእዝ,"1-3, 1-3, 1-30, 1-30, 1-30, 2-3, 2-3, 2-30, 2-30, 2-30"
10-29,299,ቅድስት ፍቅርተ ክርስቶስ ኢትዮጵያዊት,ፍቅርተ ክርስቶስ ኢትዮጵያዊት,monthly,CORRECT,AM-MEL-018:መልክዐ ቅድስት ፍቅርተ ክርስቶስ በአማርኛ | GZ-MEL-066:መልክዐ ቅድስት ፍቅርተ ክርስቶስ በግእዝ,AM-MEL-018:መልክዐ ቅድስት ፍቅርተ ክርስቶስ በአማርኛ | GZ-MEL-066:መልክዐ ቅድስት ፍቅርተ ክርስቶስ በግእዝ,"1-29, 1-29, 2-29, 2-29, 3-29, 3-29, 4-29, 4-29, 5-29, 5-29"
10-29,299,ቅዱስ ዘርዐ ክርስቶስ (ጻድቅና ሰማዕት),ዘርዐ ክርስቶስ,monthly,CORRECT,AM-MEL-018:መልክዐ ቅድስት ፍቅርተ ክርስቶስ በአማርኛ | GZ-MEL-066:መልክዐ ቅድስት ፍቅርተ ክርስቶስ በግእዝ | GZ-MZM-001:መዝሙረ ክርስቶስ በግእዝ | GZ-MZM-002:መዝሙረ ክርስቶስ ካልዕ በግእዝ | GZ-MZM-003:መዝሙረ ክርስቶስ ዘመኃልየ መኃልይ። በግእዝ,AM-MEL-018:መልክዐ ቅድስት ፍቅርተ ክርስቶስ በአማርኛ | AM-MEL-060:የአቡነ አባለ ክርስቶስ ጻድቅ መልክዕ በአማርኛ | AM-MEL-061:የአቡነ ዘርዐ ቡሩክ መልክዕ በአማርኛ | AM-MIK-001:ምክሓ ምእመናን ክርስቶስ በአማርኛ | GZ-MEL-066:መልክዐ ቅድስት ፍቅርተ ክርስቶስ በግእዝ | GZ-MEL-082:መልክዐ አቡነ ሠምረ ክርስቶስ በግእዝ | GZ-MEL-096:መልክዐ አቡነ አባለ ክርስቶስ በግእዝ | GZ-MEL-105:መልክዐ አቡነ ዘርዐ ቡሩክ በግእዝ | GZ-MEL-136:መልክዐ እስትንፋሰ ክርስቶስ በግእዝ | GZ-MEL-143:መልክዐ ክርስቶስ ሠምራ በግእዝ | GZ-MEL-148:መልክዐ ይምርሃነ ክርስቶስ በግእዝ | GZ-MEL-153:መልክዐ ገብረ ክርስቶስ በግእዝ | GZ-MZM-001:መዝሙረ ክርስቶስ በግእዝ | GZ-MZM-002:መዝሙረ ክርስቶስ ካልዕ በግእዝ | GZ-MZM-003:መዝሙረ ክርስቶስ ዘመኃልየ መኃልይ። በግእዝ | GZ-GDL-004:ገድለ አቡነ ዘርዐ ቡሩከ በግእዝ | GZ-GDL-006:ገድለ አቡነ እስትንፋስ ክርስቶስ በግእዝ | AM-GDL-005:ገድለ ቅድስት ክርስቶስ ሠምራ በአማርኛ | AM-GDL-012:ገድለ አቡነ ዘርዐ ቡሩከ በአማርኛ | AM-GDL-014:የአቡነ እስትንፋሰ ክርስቶስ ገድል በአማርኛ | GZ-GDL-013:ገድለ ዘርዐ አብርሃም በግእዝ | GZ-GDL-019:ገድለ ቅድስት ክርስቶስ ሠምራ በግእዝ | GZ-GDL-023:ገድለ አቡነ መዝራዕተ ክርስቶስ በግእዝ | TI-GDL-002:ገድሊ አቡነ እስትንፋስ ክርስቶስ ትግርኛ,"1-9, 1-9, 1-9, 1-9, 1-13, 1-13, 1-13, 1-13, 1-24, 1-24"
10-30,300,ቅዱስ ዮሐንስ መጥምቀ መለኮት (ልደቱ),ዮሐንስ መጥምቀ መለኮት,annual,CORRECT,AM-MEL-048:የቅዱስ ዮሐንስ መጥምቅ መልክዕ በአማርኛ | GZ-MEL-060:መልክዐ ቅዱስ ዮሐንስ መጥምቅ በግእዝ,AM-MEL-016:መልክዐ ቅዱስ ዮሐንስ ወንጌላዊ በአማርኛ | AM-MEL-020:መልክዐ አቡነ ዕጨጌ ዮሐንስ በአማርኛ | AM-MEL-021:መልክዐ አቡነ ዮሐንስ ጻድቅ በአማርኛ | AM-MEL-047:የቅዱስ ዮሐንስ 2ኛ መልክዕ በአማርኛ | AM-MEL-048:የቅዱስ ዮሐንስ መጥምቅ መልክዕ በአማርኛ | AM-SEY-001:ሰይፈ መለኮት በአማርኛ | GZ-MEL-060:መልክዐ ቅዱስ ዮሐንስ መጥምቅ በግእዝ | GZ-MEL-061:መልክዐ ቅዱስ ዮሐንስ ካልእ በግእዝ | GZ-MEL-062:መልክዐ ቅዱስ ዮሐንስ ወንጌላዊ በግእዝ | GZ-MEL-104:መልክዐ አቡነ ዕጨጌ ዮሐንስ በግእዝ | GZ-MEL-109:መልክዐ አቡነ ዮሐንስ ከማ በግእዝ | GZ-MEL-110:መልክዐ አቡነ ዮሐንስ ዘድብረ ዳጋ በግእዝ | GZ-MEL-149:መልክዐ ዮሐንስ ወልደ ነጎድጓድ በግእዝ | GZ-MEL-150:መልክዐ ዮሐንስ ፍቁረ እግዚእ በግእዝ | GZ-SEY-001:ሰይፈ መለኮት በግእዝ | AM-GDL-013:የቅዱስ ዮሐንስ ገድል በአማርኛ | GZ-GDL-018:ገድለ አቡነ ዮሐንስ በግእዝ | AM-GDL-027:ገድለ አቡነ እጨጌ ዮሐንስ ዘጸገሮ በአማርኛ,"None-None, None-None, 1-1, 1-1, 1-2, 1-2, 1-4, 1-4, 1-4, 1-4"
10-30,300,ቅዱሳን ዘካርያስና ኤልሳቤጥ (ወላጆቹ),ዘካርያስና ኤልሳቤጥ,annual,NO_BOOK,,,
10-30,300,አባ ጌራን መስተጋድል (ሕንዳዊ),ጌራን መስተጋድል,annual,NO_BOOK,,,
10-30,300,ቅዱሳት ደናግል ማርያና ማርታ (ከ፫፮ቱ ቅዱሳት አንስት-የአልዓዛር እህቶች),ቅዱሳት ደናግል ማርያና ማርታ,annual,NO_BOOK,,,
10-30,300,ቅዱስ ማርቆስ ዘአንበሳ (ሐዋርያ),ማርቆስ ዘአንበሳ,monthly,CORRECT,AM-MEL-042:የቅዱስ ማርቆስ 2ኛ መልክዕ በአማርኛ | GZ-MEL-030:መልክዐ ማርቆስ በግእዝ | GZ-MEL-053:መልክዐ ቅዱስ ማርቆስ ካልእ በግእዝ,AM-MEL-042:የቅዱስ ማርቆስ 2ኛ መልክዕ በአማርኛ | AM-MEL-062:የአቡነ ዜና ማርቆስ መልክዕ በአማርኛ | GZ-MEL-030:መልክዐ ማርቆስ በግእዝ | GZ-MEL-053:መልክዐ ቅዱስ ማርቆስ ካልእ በግእዝ | GZ-MEL-106:መልክዐ አቡነ ዜና ማርቆስ በግእዝ,"1-3, 1-3, 1-30, 1-30, 1-30, 2-3, 2-3, 2-30, 2-30, 2-30"
10-30,300,አባ ሣሉሲ ክቡር,ሣሉሲ ክቡር,monthly,NO_BOOK,,,
10-30,300,ቅዱስ ጐርጐርዮስ ነባቤ መለኮት,ጐርጐርዮስ ነባቤ መለኮት,monthly,WRONG_DATE,,AM-SEY-001:ሰይፈ መለኮት በአማርኛ | GZ-SEY-001:ሰይፈ መለኮት በግእዝ,"None-None, None-None"
10-30,300,ቅድስት ሶፍያ ሰማዕት,ሶፍያ,monthly,NO_BOOK,,,
11-1,301,ቅዱስ አግናጥዮስ ሐዋርያዊ ሰማዕት,አግናጥዮስ ሐዋርያዊ,annual,CORRECT,GZ-MEL-058:መልክዐ ቅዱስ አግናጥዮስ ምጥው ለአንበሳ በግእዝ,GZ-MEL-058:መልክዐ ቅዱስ አግናጥዮስ ምጥው ለአንበሳ በግእዝ,"1-7, 2-7, 2-26, 3-7, 4-7, 4-24, 5-7, 6-7, 7-7, 8-7"
11-1,301,አበው ቅዱሳን ብዮክና ብንያሚን,አበው ቅዱሳን ብዮክና ብንያሚን,annual,WRONG_DATE,,AM-ZNA-002:ዜና አበው በአማርኛ,"3-4, 5-26"
11-1,301,ቅድስት ቅፍሮንያ (ሰማዕት ወጻድቅት),ቅፍሮንያ,annual,NO_BOOK,,,
11-1,301,ቅዱስ ቶማስ ሐዋርያ,ቶማስ,annual,WRONG_DATE,,GZ-MEL-094:መልክዐ አቡነ ቶማስ ዘዘናቁዴ በግእዝ,3-3
11-1,301,አቡነ ገብረ መድኅን ጻድቅ,ገብረ መድኅን,annual,WRONG_DATE,,GZ-MEL-090:መልክዐ አቡነ ተንሥአ መድኅን በግእዝ | GZ-MEL-151:መልክዐ ገብረ መንፈስ ቅዱስ በግእዝ | GZ-MEL-152:መልክዐ ገብረ መንፈስ ቅዱስ ካልዕ በግእዝ | GZ-MEL-153:መልክዐ ገብረ ክርስቶስ በግእዝ | AM-GDL-007:ገድለ አቡነ ገብረ መንፈስ ቅዱስ በአማርኛ,"None-None, 1-5, 1-5, 1-5, 2-5, 2-5, 2-5, 2-14, 3-5, 3-5"
11-1,301,አባ ክልዮስ ዘሮሜ,ክልዮስ ዘሮሜ,annual,NO_BOOK,,,
11-1,301,ልደታ ለማርያም ድንግል እግዝእትነ,ልደታ ለማርያም ድንግል እግዝእትነ,monthly,CORRECT,GZ-MEL-020:መልክዐ ልደታ በግእዝ | GZ-MTS-001:መጽሐፈ ልደታ ለማርያም በግእዝ,GZ-MEL-020:መልክዐ ልደታ በግእዝ | GZ-MTS-001:መጽሐፈ ልደታ ለማርያም በግእዝ,"1-1, 1-1, 2-1, 2-1, 3-1, 3-1, 4-1, 4-1, 5-1, 5-1"
11-1,301,ቅዱሳን ኢያቄም ወሐና,ኢያቄም ወሐና,monthly,CORRECT,GZ-MEL-133:መልክዐ ኢያቄም በግእዝ | AM-DRS-001:የቅዱስ ኢያቄምና- የቅድስት ሐና ድርሳን በአማርኛ | GZ-DRS-007:ድርሳን ዘቅዱስ ኢያቄም ወቅድስት ሐና በግእዝ,GZ-MEL-133:መልክዐ ኢያቄም በግእዝ | AM-DRS-001:የቅዱስ ኢያቄምና- የቅድስት ሐና ድርሳን በአማርኛ | GZ-DRS-007:ድርሳን ዘቅዱስ ኢያቄም ወቅድስት ሐና በግእዝ,"1-1, 1-1, 1-1, 1-3, 1-3, 1-3, 1-7, 1-7, 1-7, 1-11"
11-1,301,ቅዱስ ራጉኤል ሊቀ መላዕክት,ራጉኤል ሊቀ መላዕክት,monthly,CORRECT,AM-MEL-014:መልክዐ ቅዱስ ራጉኤል በአማርኛ | GZ-MEL-007:መልክዐ ሊቀ መላእክት ቅዱስ ራጉኤል በግእዝ | GZ-DRS-003:ድርሳነ ቅዱስ ራጉኤል በግእዝ | AM-DRS-010:ድርሳነ ቅዱስ ራጉኤል በአማርኛ,AM-MEL-014:መልክዐ ቅዱስ ራጉኤል በአማርኛ | GZ-MEL-007:መልክዐ ሊቀ መላእክት ቅዱስ ራጉኤል በግእዝ | GZ-DRS-003:ድርሳነ ቅዱስ ራጉኤል በግእዝ | AM-DRS-010:ድርሳነ ቅዱስ ራጉኤል በአማርኛ,"1-1, 1-1, 1-1, 1-1, 2-1, 2-1, 2-1, 2-1, 3-1, 3-1"
11-1,301,ቅዱስ በርተሎሜዎስ ሐዋርያ,በርተሎሜዎስ,monthly,NO_BOOK,,,
11-1,301,ቅዱስ ሚልኪ ትሩፈ ምግባር,ሚልኪ ትሩፈ ምግባር,monthly,NO_BOOK,,,
11-2,302,ቅዱስ ታዴዎስ ሐዋርያ (ከ፲፪ቱ ሐዋርያት),ታዴዎስ ሐዋርያ,annual,CORRECT,AM-MEL-033:የሐዋርያው የቅዱስ ታዴዎስ መልክዕ በአማርኛ | GZ-MEL-055:መልክዐ ቅዱስ ታዴዎስ በግእዝ,AM-MEL-033:የሐዋርያው የቅዱስ ታዴዎስ መልክዕ በአማርኛ | AM-MEL-046:የቅዱስ እንድርያስ ሐዋርያ መልክዕ በአማርኛ | GZ-MEL-023:መልክዐ ሐዋርያት በግእዝ | GZ-MEL-055:መልክዐ ቅዱስ ታዴዎስ በግእዝ | GZ-MEL-137:መልክዐ እንድርያስ ሐዋርያ በግእዝ | GZ-GDL-017:ገድለ አቡነ ተክለ ሐዋርያት በግእዝ | GZ-GDL-032:መጽሐፈ ገድለ ቅዱሳን ሐዋርያት በግእዝ | AM-ZNA-003:ዜና ሐዋርያት በአማርኛ,"1-2, 1-2, 1-4, 1-4, 2-2, 2-2, 2-4, 2-4, 3-2, 3-2"
11-2,302,ቅዱስ ዮሐንስ መጥምቀ መለኮት,ዮሐንስ መጥምቀ መለኮት,monthly,CORRECT,AM-MEL-048:የቅዱስ ዮሐንስ መጥምቅ መልክዕ በአማርኛ | GZ-MEL-060:መልክዐ ቅዱስ ዮሐንስ መጥምቅ በግእዝ,AM-MEL-016:መልክዐ ቅዱስ ዮሐንስ ወንጌላዊ በአማርኛ | AM-MEL-020:መልክዐ አቡነ ዕጨጌ ዮሐንስ በአማርኛ | AM-MEL-021:መልክዐ አቡነ ዮሐንስ ጻድቅ በአማርኛ | AM-MEL-047:የቅዱስ ዮሐንስ 2ኛ መልክዕ በአማርኛ | AM-MEL-048:የቅዱስ ዮሐንስ መጥምቅ መልክዕ በአማርኛ | AM-SEY-001:ሰይፈ መለኮት በአማርኛ | GZ-MEL-060:መልክዐ ቅዱስ ዮሐንስ መጥምቅ በግእዝ | GZ-MEL-061:መልክዐ ቅዱስ ዮሐንስ ካልእ በግእዝ | GZ-MEL-062:መልክዐ ቅዱስ ዮሐንስ ወንጌላዊ በግእዝ | GZ-MEL-104:መልክዐ አቡነ ዕጨጌ ዮሐንስ በግእዝ | GZ-MEL-109:መልክዐ አቡነ ዮሐንስ ከማ በግእዝ | GZ-MEL-110:መልክዐ አቡነ ዮሐንስ ዘድብረ ዳጋ በግእዝ | GZ-MEL-149:መልክዐ ዮሐንስ ወልደ ነጎድጓድ በግእዝ | GZ-MEL-150:መልክዐ ዮሐንስ ፍቁረ እግዚእ በግእዝ | GZ-SEY-001:ሰይፈ መለኮት በግእዝ | AM-GDL-013:የቅዱስ ዮሐንስ ገድል በአማርኛ | GZ-GDL-018:ገድለ አቡነ ዮሐንስ በግእዝ | AM-GDL-027:ገድለ አቡነ እጨጌ ዮሐንስ ዘጸገሮ በአማርኛ,"None-None, None-None, 1-1, 1-1, 1-2, 1-2, 1-4, 1-4, 1-4, 1-4"
11-2,302,ቅዱስ ኢዮብ ጻድቅ ተአጋሲ,ኢዮብ ጻድቅ ተአጋሲ,monthly,NO_BOOK,,,
11-2,302,ቅዱስ አቤል ጻድቅ,አቤል,monthly,NO_BOOK,,,
11-2,302,ቅዱስ አባ ዻውሊ ገዳማዊ (ታላቁ),ዻውሊ ገዳማዊ,monthly,NO_BOOK,,,
11-2,302,ቅዱስ ሳዊሮስ ዘአንጾኪያ,ሳዊሮስ ዘአንጾኪያ,monthly,NO_BOOK,,,
11-2,302,አባ ሕርያቆስ ዘሃገረ ብሕንሳ,ሕርያቆስ ዘሃገረ ብሕንሳ,monthly,NO_BOOK,,,
11-3,303,ቅዱስ ቄርሎስ ሊቅ (ዓምደ ሃይማኖት),ቄርሎስ ሊቅ,annual,NO_BOOK,,,
11-3,303,ቅዱስ ክልስቲያኖስ ዘሮሜ (ታላቅ ጻድቅ ሊቀ ዻዻሳት),ክልስቲያኖስ ዘሮሜ,annual,NO_BOOK,,,
11-3,303,አባ ሉቅያስ ኤዺስ ቆዾስ,ሉቅያስ ኤዺስ ቆዾስ,annual,NO_BOOK,,,
11-3,303,በዓታ ለእግዝእትነ ማርያም ድንግል ወላዲተ አምላክ,በዓታ ለእግዝእትነ ማርያም ድንግል ወላዲተ አምላክ,monthly,WRONG_DATE,,AM-WUD-003:ውዳሴ አምላክ በአማርኛ | GZ-MEL-088:መልክዐ አቡነ ቡሩከ አምላክ ዘደብረ ኮል በግእዝ | GZ-MEL-089:መልክዐ አቡነ ብፁዓ አምላክ ዘደብረ ምዕዋን ወዘደብረ ኰዳዱ በግእዝ | TI-WUD-002:ውዳሴ አምላክ ብትግርኛ,"None-None, None-None, 4-1, 9-9, 12-14"
11-3,303,ቅዱሳን ኢያቄም ወሐና,ኢያቄም ወሐና,monthly,CORRECT,GZ-MEL-133:መልክዐ ኢያቄም በግእዝ | AM-DRS-001:የቅዱስ ኢያቄምና- የቅድስት ሐና ድርሳን በአማርኛ | GZ-DRS-007:ድርሳን ዘቅዱስ ኢያቄም ወቅድስት ሐና በግእዝ,GZ-MEL-133:መልክዐ ኢያቄም በግእዝ | AM-DRS-001:የቅዱስ ኢያቄምና- የቅድስት ሐና ድርሳን በአማርኛ | GZ-DRS-007:ድርሳን ዘቅዱስ ኢያቄም ወቅድስት ሐና በግእዝ,"1-1, 1-1, 1-1, 1-3, 1-3, 1-3, 1-7, 1-7, 1-7, 1-11"
11-3,303,ቅዱሳን ሊቃነ ካህናት አበው (ዘካርያስና ስምዖን),ሊቃነ ካህናት አበው,monthly,WRONG_DATE,,AM-DIR-001:የሰባቱ ሊቃነ መላእክት ድርሳን በአማርኛ | AM-ZNA-002:ዜና አበው በአማርኛ,"1-13, 2-13, 3-4, 3-13, 4-13, 5-13, 5-26, 6-13, 7-13, 8-13"
11-3,303,አባ ሊባኖስ ዘመጣዕ,ሊባኖስ ዘመጣዕ,monthly,CORRECT,AM-MEL-053:የአቡነ ሊባኖስ 2ኛ መልክዕ በአማርኛ | GZ-MEL-018:መልክዐ ሊባኖስ በግእዝ | GZ-MEL-074:መልክዐ አቡነ ሊባኖስ ካልእ በግእዝ,AM-MEL-053:የአቡነ ሊባኖስ 2ኛ መልክዕ በአማርኛ | GZ-MEL-018:መልክዐ ሊባኖስ በግእዝ | GZ-MEL-074:መልክዐ አቡነ ሊባኖስ ካልእ በግእዝ | GZ-GDL-001:ገድለ አቡነ ፊልጶስ ዘደብረ ሊባኖስ በግእዝ,"1-3, 1-3, 1-3, 2-3, 2-3, 2-3, 3-3, 3-3, 3-3, 4-3"
11-3,303,አቡነ ዜና ማርቆስ,ዜና ማርቆስ,monthly,CORRECT,AM-MEL-062:የአቡነ ዜና ማርቆስ መልክዕ በአማርኛ | GZ-MEL-106:መልክዐ አቡነ ዜና ማርቆስ በግእዝ,AM-MEL-062:የአቡነ ዜና ማርቆስ መልክዕ በአማርኛ | GZ-MEL-106:መልክዐ አቡነ ዜና ማርቆስ በግእዝ,"1-3, 1-3, 2-3, 2-3, 3-3, 3-3, 4-3, 4-3, 5-3, 5-3"
11-3,303,አቡነ መድኃኒነ እግዚእ ዘደብረ በንኮል,መድኃኒነ እግዚእ ዘደብረ በንኮል,monthly,CORRECT,GZ-MEL-078:መልክዐ አቡነ መድኃኒነ እግዚእ በግእዝ,GZ-MEL-078:መልክዐ አቡነ መድኃኒነ እግዚእ በግእዝ,"1-3, 2-3, 3-3, 4-3, 5-3, 6-3, 7-3, 8-3, 9-3, 10-3"
11-4,304,"""፲፪ቱ"" ቅዱሳን ደቂቀ ነቢያት","""፲፪ቱ"" ቅዱሳን ደቂቀ ነቢያት",annual,WRONG_DATE,,AM-TSE-003:የነቢያት ጸሎት በአማርኛ | GZ-TSE-002:ጸሎተ ነቢያት በግእዝ | TI-MZM-002:መዝሙር መኃልይ ነቢያት ብትግርኛ,"None-None, None-None, None-None"
11-4,304,ቅዱስ ሶፎንያስ ነቢይ (ዕረፍቱ),ሶፎንያስ ነቢይ,annual,WRONG_DATE,,GZ-MEL-059:መልክዐ ቅዱስ ኤልያስ ነቢይ ሣልስ በግእዝ | AM-DRS-005:ድርሳነ ኤልያስ ነቢይ በአማርኛ,"1-6, 1-6, 2-6, 2-6, 3-6, 3-6, 4-1, 4-1, 4-6, 4-6"
11-4,304,ቅዱሳን ሰማዕታት አቡቂርና ዮሐንስ (ቅዳሴ ቤታቸው),ሰማዕታት አቡቂርና ዮሐንስ,annual,CORRECT,AM-MEL-016:መልክዐ ቅዱስ ዮሐንስ ወንጌላዊ በአማርኛ | AM-MEL-047:የቅዱስ ዮሐንስ 2ኛ መልክዕ በአማርኛ | GZ-MEL-061:መልክዐ ቅዱስ ዮሐንስ ካልእ በግእዝ | GZ-MEL-062:መልክዐ ቅዱስ ዮሐንስ ወንጌላዊ በግእዝ | GZ-MEL-149:መልክዐ ዮሐንስ ወልደ ነጎድጓድ በግእዝ | GZ-MEL-150:መልክዐ ዮሐንስ ፍቁረ እግዚእ በግእዝ | AM-GDL-013:የቅዱስ ዮሐንስ ገድል በአማርኛ,AM-MEL-016:መልክዐ ቅዱስ ዮሐንስ ወንጌላዊ በአማርኛ | AM-MEL-020:መልክዐ አቡነ ዕጨጌ ዮሐንስ በአማርኛ | AM-MEL-021:መልክዐ አቡነ ዮሐንስ ጻድቅ በአማርኛ | AM-MEL-047:የቅዱስ ዮሐንስ 2ኛ መልክዕ በአማርኛ | AM-MEL-048:የቅዱስ ዮሐንስ መጥምቅ መልክዕ በአማርኛ | AM-MEL-065:ጸሎተ መልክዐ ሥቃዩ ለቅዱስ ጊዮርጊስ ሊቀ ሰማዕታት በአማርኛ | AM-MEL-066:ጸሎተ መልክዕ ዘቅዱስ ጊዮርጊስ ሊቀ ሰማዕታት በአማርኛ | AM-MEL-067:ጸሎተ መልክዕ ዘቅዱስ ጊዮርጊስ ሊቀ ሰማዕታት ካልዕ በአማርኛ | AM-SIB-001:ስብሐተ ፍቁር ዘቅዱስ ጊዮርጊስ ሊቀ ሰማዕታት በአማርኛ | GZ-MEL-016:መልክዐ ሊቀ ሰማዕታት ቅዱስ እስጢፋኖስ በግእዝ | GZ-MEL-017:መልክዐ ሊቀ ሰማዕታት ቅዱስ እስጢፋኖስ ካልእ በግእዝ | GZ-MEL-060:መልክዐ ቅዱስ ዮሐንስ መጥምቅ በግእዝ | GZ-MEL-061:መልክዐ ቅዱስ ዮሐንስ ካልእ በግእዝ | GZ-MEL-062:መልክዐ ቅዱስ ዮሐንስ ወንጌላዊ በግእዝ | GZ-MEL-104:መልክዐ አቡነ ዕጨጌ ዮሐንስ በግእዝ | GZ-MEL-109:መልክዐ አቡነ ዮሐንስ ከማ በግእዝ | GZ-MEL-110:መልክዐ አቡነ ዮሐንስ ዘድብረ ዳጋ በግእዝ | GZ-MEL-149:መልክዐ ዮሐንስ ወልደ ነጎድጓድ በግእዝ | GZ-MEL-150:መልክዐ ዮሐንስ ፍቁረ እግዚእ በግእዝ | AM-GDL-010:ገድለ ሰማዕታት በአማርኛ | AM-GDL-013:የቅዱስ ዮሐንስ ገድል በአማርኛ | GZ-GDL-018:ገድለ አቡነ ዮሐንስ በግእዝ | AM-GDL-027:ገድለ አቡነ እጨጌ ዮሐንስ ዘጸገሮ በአማርኛ,"1-1, 1-1, 1-2, 1-2, 1-4, 1-4, 1-4, 1-4, 1-4, 1-4"
11-4,304,ቅዱስ ዮሐንስ ወልደ ነጎድጉዋድ (ወንጌላዊው),ዮሐንስ ወልደ ነጎድጉዋድ,monthly,CORRECT,AM-MEL-016:መልክዐ ቅዱስ ዮሐንስ ወንጌላዊ በአማርኛ | AM-MEL-047:የቅዱስ ዮሐንስ 2ኛ መልክዕ በአማርኛ | GZ-MEL-061:መልክዐ ቅዱስ ዮሐንስ ካልእ በግእዝ | GZ-MEL-062:መልክዐ ቅዱስ ዮሐንስ ወንጌላዊ በግእዝ | GZ-MEL-149:መልክዐ ዮሐንስ ወልደ ነጎድጓድ በግእዝ | GZ-MEL-150:መልክዐ ዮሐንስ ፍቁረ እግዚእ በግእዝ | AM-GDL-013:የቅዱስ ዮሐንስ ገድል በአማርኛ,AM-MEL-016:መልክዐ ቅዱስ ዮሐንስ ወንጌላዊ በአማርኛ | AM-MEL-020:መልክዐ አቡነ ዕጨጌ ዮሐንስ በአማርኛ | AM-MEL-021:መልክዐ አቡነ ዮሐንስ ጻድቅ በአማርኛ | AM-MEL-047:የቅዱስ ዮሐንስ 2ኛ መልክዕ በአማርኛ | AM-MEL-048:የቅዱስ ዮሐንስ መጥምቅ መልክዕ በአማርኛ | GZ-MEL-060:መልክዐ ቅዱስ ዮሐንስ መጥምቅ በግእዝ | GZ-MEL-061:መልክዐ ቅዱስ ዮሐንስ ካልእ በግእዝ | GZ-MEL-062:መልክዐ ቅዱስ ዮሐንስ ወንጌላዊ በግእዝ | GZ-MEL-104:መልክዐ አቡነ ዕጨጌ ዮሐንስ በግእዝ | GZ-MEL-109:መልክዐ አቡነ ዮሐንስ ከማ በግእዝ | GZ-MEL-110:መልክዐ አቡነ ዮሐንስ ዘድብረ ዳጋ በግእዝ | GZ-MEL-149:መልክዐ ዮሐንስ ወልደ ነጎድጓድ በግእዝ | GZ-MEL-150:መልክዐ ዮሐንስ ፍቁረ እግዚእ በግእዝ | AM-GDL-013:የቅዱስ ዮሐንስ ገድል በአማርኛ | GZ-GDL-018:ገድለ አቡነ ዮሐንስ በግእዝ | AM-GDL-027:ገድለ አቡነ እጨጌ ዮሐንስ ዘጸገሮ በአማርኛ,"1-1, 1-1, 1-2, 1-2, 1-4, 1-4, 1-4, 1-4, 1-4, 1-4"
11-4,304,ቅዱስ እንድርያስ ሐዋርያ,እንድርያስ,monthly,CORRECT,AM-MEL-046:የቅዱስ እንድርያስ ሐዋርያ መልክዕ በአማርኛ | GZ-MEL-137:መልክዐ እንድርያስ ሐዋርያ በግእዝ,AM-MEL-046:የቅዱስ እንድርያስ ሐዋርያ መልክዕ በአማርኛ | GZ-MEL-102:መልክዐ አቡነ እንድርያስ ዘደብረ ስኂን (ፅፉን) በግእዝ | GZ-MEL-103:መልክዐ አቡነ እንድርያስ ዘደብረ ጽጌ በግእዝ | GZ-MEL-137:መልክዐ እንድርያስ ሐዋርያ በግእዝ,"1-4, 1-4, 2-4, 2-4, 3-4, 3-4, 4-4, 4-4, 5-4, 5-4"
11-4,304,ቅድስት ሶፍያ ሰማዕት,ሶፍያ,monthly,NO_BOOK,,,
11-4,304,ቅዱስ ዮሐንስ ዘሐራቅሊ (ሰማዕት),ዮሐንስ ዘሐራቅሊ,monthly,CORRECT,AM-MEL-016:መልክዐ ቅዱስ ዮሐንስ ወንጌላዊ በአማርኛ | AM-MEL-047:የቅዱስ ዮሐንስ 2ኛ መልክዕ በአማርኛ | GZ-MEL-061:መልክዐ ቅዱስ ዮሐንስ ካልእ በግእዝ | GZ-MEL-062:መልክዐ ቅዱስ ዮሐንስ ወንጌላዊ በግእዝ | GZ-MEL-149:መልክዐ ዮሐንስ ወልደ ነጎድጓድ በግእዝ | GZ-MEL-150:መልክዐ ዮሐንስ ፍቁረ እግዚእ በግእዝ | AM-GDL-013:የቅዱስ ዮሐንስ ገድል በአማርኛ,AM-MEL-016:መልክዐ ቅዱስ ዮሐንስ ወንጌላዊ በአማርኛ | AM-MEL-020:መልክዐ አቡነ ዕጨጌ ዮሐንስ በአማርኛ | AM-MEL-021:መልክዐ አቡነ ዮሐንስ ጻድቅ በአማርኛ | AM-MEL-047:የቅዱስ ዮሐንስ 2ኛ መልክዕ በአማርኛ | AM-MEL-048:የቅዱስ ዮሐንስ መጥምቅ መልክዕ በአማርኛ | GZ-MEL-060:መልክዐ ቅዱስ ዮሐንስ መጥምቅ በግእዝ | GZ-MEL-061:መልክዐ ቅዱስ ዮሐንስ ካልእ በግእዝ | GZ-MEL-062:መልክዐ ቅዱስ ዮሐንስ ወንጌላዊ በግእዝ | GZ-MEL-104:መልክዐ አቡነ ዕጨጌ ዮሐንስ በግእዝ | GZ-MEL-109:መልክዐ አቡነ ዮሐንስ ከማ በግእዝ | GZ-MEL-110:መልክዐ አቡነ ዮሐንስ ዘድብረ ዳጋ በግእዝ | GZ-MEL-149:መልክዐ ዮሐንስ ወልደ ነጎድጓድ በግእዝ | GZ-MEL-150:መልክዐ ዮሐንስ ፍቁረ እግዚእ በግእዝ | AM-GDL-013:የቅዱስ ዮሐንስ ገድል በአማርኛ | GZ-GDL-018:ገድለ አቡነ ዮሐንስ በግእዝ | AM-GDL-027:ገድለ አቡነ እጨጌ ዮሐንስ ዘጸገሮ በአማርኛ,"1-1, 1-1, 1-2, 1-2, 1-4, 1-4, 1-4, 1-4, 1-4, 1-4"
11-5,305,ቅዱስ ዼጥሮስ ሊቀ ሐዋርያት,ዼጥሮስ ሊቀ ሐዋርያት,annual,CORRECT,GZ-MEL-023:መልክዐ ሐዋርያት በግእዝ | GZ-GDL-032:መጽሐፈ ገድለ ቅዱሳን ሐዋርያት በግእዝ | AM-ZNA-003:ዜና ሐዋርያት በአማርኛ,GZ-MEL-023:መልክዐ ሐዋርያት በግእዝ | GZ-GDL-017:ገድለ አቡነ ተክለ ሐዋርያት በግእዝ | GZ-GDL-032:መጽሐፈ ገድለ ቅዱሳን ሐዋርያት በግእዝ | AM-ZNA-003:ዜና ሐዋርያት በአማርኛ,"3-27, 11-5, 11-5, 11-5, 12-15, 12-15, 12-15"
11-5,305,ቅዱስ ዻውሎስ ብርሃነ ዓለም,ዻውሎስ ብርሃነ ዓለም,annual,WRONG_DATE,,AM-MEL-034:የመድኀኔ ዓለም 3ኛ መልክዕ በአማርኛ | AM-MEL-035:የመድኀኔ ዓለም መልክዕ በአማርኛ | GZ-MEL-001:ሐዲስ መልክዐ መድኃኔዓለም በግእዝ | GZ-MEL-027:መልክዐ መድኀኔ ዓለም ሣልስ በግዕዝ | GZ-MEL-028:መልክዐ መድኃኔ ዓለም በግእዝ | GZ-DRS-005:ድርሳነ መድኃኔ ዓለም በግእዝ | AM-DRS-004:ድርሳነ መድኃኔ ዓለም በአማርኛ,"1-27, 1-27, 1-27, 1-27, 1-27, 1-27, 1-27, 2-27, 2-27, 2-27"
11-5,305,ቅዱሳን ፯፪ቱ አርድእት (ዛሬ ሁሉም ይታሠባሉ),፯፪ቱ አርድእት,annual,NO_BOOK,,,
11-5,305,ቅዱስ ሳቁኤል ሊቀ መላእክት,ሳቁኤል ሊቀ መላእክት,annual,WRONG_DATE,,AM-DIR-001:የሰባቱ ሊቃነ መላእክት ድርሳን በአማርኛ | AM-MEL-038:የቅዱሳን አእላፍ መላእክት 2ኛ መልክዕ በአማርኛ | GZ-MEL-004:መልክዐ ሊቀ መላእክት ቅዱስ ሚካኤል ሣልስ በግእዝ | GZ-MEL-005:መልክዐ ሊቀ መላእክት ቅዱስ ሚካኤል ካልዕ በግእዝ | GZ-MEL-006:መልክዐ ሊቀ መላእክት ቅዱስ ሩፋኤል በግእዝ | GZ-MEL-007:መልክዐ ሊቀ መላእክት ቅዱስ ራጉኤል በግእዝ | GZ-MEL-008:መልክዐ ሊቀ መላእክት ቅዱስ ሱርያል በግእዝ | GZ-MEL-009:መልክዐ ሊቀ መላእክት ቅዱስ በግእዝ | GZ-MEL-010:መልክዐ ሊቀ መላእክት ቅዱስ አፍኒን በግእዝ | GZ-MEL-011:መልክዐ ሊቀ መላእክት ቅዱስ ዑራኤል በግእዝ | GZ-MEL-012:መልክዐ ሊቀ መላእክት ቅዱስ ዑራኤል ካልእ በግእዝ | GZ-MEL-013:መልክዐ ሊቀ መላእክት ቅዱስ ገብርኤል በግእዝ | GZ-MEL-014:መልክዐ ሊቀ መላእክት ቅዱስ ገብርኤል ካልዕ (ደቅስዮስ) በግእዝ | GZ-MEL-015:መልክዐ ሊቀ መላእክት ቅዱስ ፋኑኤል በግእዝ | GZ-MEL-125:መልክዐ አእላፍ መላእክት በግእዝ | GZ-MEL-126:መልክዐ አእላፍ መላእክት ካልእ በግእዝ | GZ-MEL-165:መልክዐ ሊቀ መላእክት ቅዱስ ሚካኤል ካልዕ በግእ,"1-1, 1-3, 1-9, 1-9, 1-9, 1-12, 1-12, 1-12, 1-12, 1-13"
11-5,305,ቅድስት መስቀል ክብራ (የቅዱስ ላሊበላ ሚስት),መስቀል ክብራ,annual,WRONG_DATE,,AM-MEL-004:መልክዐ ሕማማተ መስቀል በአማርኛ | AM-MEL-012:መልክዐ ቅዱስ መስቀል በአማርኛ | AM-MEL-040:የቅዱስ መስቀል 3ኛ መልክዕ በአማርኛ | AM-TSE-001:የመስቀል አጥር ጸሎት በአማርኛ | AM-WUD-001:ውዳሴ መስቀል በአማርኛ | GZ-HAT-001:ሐፁረ መስቀል በግእዝ | GZ-MEL-024:መልክዐ ሕማማተ መስቀል በግእዝ | GZ-MEL-050:መልክዐ ቅዱስ መስቀል ሣልስ በግእዝ | GZ-MEL-051:መልክዐ ቅዱስ መስቀል በግእዝ | GZ-WUD-001:ውዳሴ መስቀል በግእዝ | GZ-DRS-002:ድርሳነ መስቀል በግእዝ | AM-DRS-008:ድርሳነ መስቀል በአማርኛ,"None-None, None-None, None-None, None-None, None-None, None-None, 1-10, 1-10, 1-10, 1-10"
11-5,305,ቅዱሳን ዘደብረ ዓሣ,ዘደብረ ዓሣ,annual,WRONG_DATE,,GZ-MEL-076:መልክዐ አቡነ መርቆሬዎስ ዘደብረ ድማኅ በግእዝ | GZ-MEL-080:መልክዐ አቡነ ማቴዎስ ዘደብረ በርበሬ በግእዝ | GZ-MEL-081:መልክዐ አቡነ ማቴዎስ ዘደብረ በርበሬ በግእዝ ካልእ | GZ-MEL-088:መልክዐ አቡነ ቡሩከ አምላክ ዘደብረ ኮል በግእዝ | GZ-MEL-089:መልክዐ አቡነ ብፁዓ አምላክ ዘደብረ ምዕዋን ወዘደብረ ኰዳዱ በግእዝ | GZ-MEL-099:መልክዐ አቡነ አብሳዲ ዘደብረ ማርያም በግእዝ | GZ-MEL-102:መልክዐ አቡነ እንድርያስ ዘደብረ ስኂን (ፅፉን) በግእዝ | GZ-MEL-103:መልክዐ አቡነ እንድርያስ ዘደብረ ጽጌ በግእዝ | GZ-MEL-107:መልክዐ አቡነ የሐንስ ዘደብረ ቢዘን በግእዝ | GZ-MEL-113:መልክዐ አቡነ ዮናስ ዘደብረ ድኁኃን ዘደብረ ጽጌ ወዘደብረ ጽዮን በግእዝ | GZ-MEL-120:መልክዐ አቡነ ፊልጶስ ዘደብረ ቢዘን በግእዝ | GZ-GDL-001:ገድለ አቡነ ፊልጶስ ዘደብረ ሊባኖስ በግእዝ,"1-13, 1-30, 2-13, 3-13, 3-13, 3-17, 4-1, 4-13, 4-16, 5-13"
11-5,305,ቅዱሳት አንስት (ዴውርስ፣ ቃርያ፣ አቅባማ፣ አቅረባንያና አክስቲያና-የቅዱስ ዼጥሮስ ተከታዮች),ቅዱሳት አንስት,annual,NO_BOOK,,,
11-5,305,አቡነ ገብረ መንፈስ ቅዱስ,ገብረ መንፈስ ቅዱስ,monthly,CORRECT,GZ-MEL-151:መልክዐ ገብረ መንፈስ ቅዱስ በግእዝ | GZ-MEL-152:መልክዐ ገብረ መንፈስ ቅዱስ ካልዕ በግእዝ | AM-GDL-007:ገድለ አቡነ ገብረ መንፈስ ቅዱስ በአማርኛ,GZ-MEL-151:መልክዐ ገብረ መንፈስ ቅዱስ በግእዝ | GZ-MEL-152:መልክዐ ገብረ መንፈስ ቅዱስ ካልዕ በግእዝ | AM-GDL-007:ገድለ አቡነ ገብረ መንፈስ ቅዱስ በአማርኛ,"1-5, 1-5, 1-5, 2-5, 2-5, 2-5, 3-5, 3-5, 3-5, 4-5"
11-5,305,ቅዱስ ዮሐኒ ኢትዮዽያዊ,ዮሐኒ ኢትዮዽያዊ,monthly,NO_BOOK,,,
11-5,305,ቅዱስ አሞኒ ዘናሒሶ,አሞኒ ዘናሒሶ,monthly,NO_BOOK,,,
11-5,305,ቅድስት አውጋንያ (ሰማዕትና ጻድቅ),አውጋንያ,monthly,NO_BOOK,,,
11-6,306,ቅዱስ መርቄሎስ ሐዋርያ (ከ፯፪ቱ አርድእት),መርቄሎስ ሐዋርያ,annual,WRONG_DATE,,AM-MEL-033:የሐዋርያው የቅዱስ ታዴዎስ መልክዕ በአማርኛ | AM-MEL-046:የቅዱስ እንድርያስ ሐዋርያ መልክዕ በአማርኛ | GZ-MEL-023:መልክዐ ሐዋርያት በግእዝ | GZ-MEL-137:መልክዐ እንድርያስ ሐዋርያ በግእዝ | GZ-GDL-017:ገድለ አቡነ ተክለ ሐዋርያት በግእዝ | GZ-GDL-032:መጽሐፈ ገድለ ቅዱሳን ሐዋርያት በግእዝ | AM-ZNA-003:ዜና ሐዋርያት በአማርኛ,"1-2, 1-4, 1-4, 2-2, 2-4, 2-4, 3-2, 3-4, 3-4, 3-27"
11-6,306,ቅዱስ ዕዝራ ነቢይ,ዕዝራ,annual,NO_BOOK,,,
11-6,306,ቅዱስ በርተሎሜዎስ ሐዋርያ,በርተሎሜዎስ,annual,NO_BOOK,,,
11-6,306,ቅድስት ቴዎዳስያ ሰማዕት,ቴዎዳስያ,annual,NO_BOOK,,,
11-6,306,ቅድስት ንስተሮኒን ዘኢየሩሳሌም,ንስተሮኒን ዘኢየሩሳሌም,annual,NO_BOOK,,,
11-6,306,ቅድስት ደብረ ቁስቁዋም,ደብረ ቁስቁዋም,monthly,WRONG_DATE,,GZ-MEL-076:መልክዐ አቡነ መርቆሬዎስ ዘደብረ ድማኅ በግእዝ | GZ-MEL-080:መልክዐ አቡነ ማቴዎስ ዘደብረ በርበሬ በግእዝ | GZ-MEL-081:መልክዐ አቡነ ማቴዎስ ዘደብረ በርበሬ በግእዝ ካልእ | GZ-MEL-088:መልክዐ አቡነ ቡሩከ አምላክ ዘደብረ ኮል በግእዝ | GZ-MEL-089:መልክዐ አቡነ ብፁዓ አምላክ ዘደብረ ምዕዋን ወዘደብረ ኰዳዱ በግእዝ | GZ-MEL-099:መልክዐ አቡነ አብሳዲ ዘደብረ ማርያም በግእዝ | GZ-MEL-102:መልክዐ አቡነ እንድርያስ ዘደብረ ስኂን (ፅፉን) በግእዝ | GZ-MEL-103:መልክዐ አቡነ እንድርያስ ዘደብረ ጽጌ በግእዝ | GZ-MEL-107:መልክዐ አቡነ የሐንስ ዘደብረ ቢዘን በግእዝ | GZ-MEL-113:መልክዐ አቡነ ዮናስ ዘደብረ ድኁኃን ዘደብረ ጽጌ ወዘደብረ ጽዮን በግእዝ | GZ-MEL-120:መልክዐ አቡነ ፊልጶስ ዘደብረ ቢዘን በግእዝ | GZ-GDL-001:ገድለ አቡነ ፊልጶስ ዘደብረ ሊባኖስ በግእዝ,"1-13, 1-30, 2-13, 3-13, 3-13, 3-17, 4-1, 4-13, 4-16, 5-13"
11-6,306,አባታችን አዳምና እናታችን ሔዋን,አባታችን አዳምና እናታችን ሔዋን,monthly,CORRECT,AM-MEL-023:መልክዐ አዳም ወሔዋን በአማርኛ | GZ-MEL-127:መልክዐ አዳም ወሔዋን በግእዝ,AM-MEL-023:መልክዐ አዳም ወሔዋን በአማርኛ | AM-MEL-063:የአባታችን አብርሃም መልክዕ በአማርኛ | GZ-MEL-127:መልክዐ አዳም ወሔዋን በግእዝ,"1-6, 1-6, 2-6, 2-6, 3-6, 3-6, 4-6, 4-6, 5-6, 5-6"
11-6,306,አባታችን ኖኅና እናታችን ሐይከል,አባታችን ኖኅና እናታችን ሐይከል,monthly,WRONG_DATE,,AM-MEL-063:የአባታችን አብርሃም መልክዕ በአማርኛ,"11-7, 12-28"
11-6,306,ቅዱስ ኤልያስ ነቢይ,ኤልያስ,monthly,CORRECT,AM-MEL-052:የነቢዩ የቅዱስ ኤልያስ 3ኛ መልክዕ በአማርኛ | GZ-MEL-059:መልክዐ ቅዱስ ኤልያስ ነቢይ ሣልስ በግእዝ | GZ-MEL-134:መልክዐ ኤልያስ በግእዝ | AM-DRS-005:ድርሳነ ኤልያስ ነቢይ በአማርኛ,AM-MEL-052:የነቢዩ የቅዱስ ኤልያስ 3ኛ መልክዕ በአማርኛ | GZ-MEL-059:መልክዐ ቅዱስ ኤልያስ ነቢይ ሣልስ በግእዝ | GZ-MEL-134:መልክዐ ኤልያስ በግእዝ | AM-DRS-005:ድርሳነ ኤልያስ ነቢይ በአማርኛ,"1-6, 1-6, 1-6, 1-6, 2-6, 2-6, 2-6, 2-6, 3-6, 3-6"
11-6,306,ቅዱስ ባስልዮስ ዘቂሣርያ,ባስልዮስ ዘቂሣርያ,monthly,NO_BOOK,,,
11-6,306,ቅዱስ ዮሴፍ አረጋዊ,ዮሴፍ አረጋዊ,monthly,WRONG_DATE,,GZ-MEL-073:መልክዐ አረጋዊ በግእዝ | GZ-MEL-111:መልክዐ አቡነ ዮሴፍ በግእዝ | AM-GDL-016:ገድለ አቡነ አረጋዊ በአማርኛ | GZ-GDL-029:ገድለ አቡነ ዮሴፍ በግእዝ,"1-14, 1-14, 1-19, 1-19, 2-14, 2-14, 2-19, 2-19, 3-14, 3-14"
11-6,306,ቅድስት ሰሎሜ,ሰሎሜ,monthly,NO_BOOK,,,
11-6,306,አባ አርከ ሥሉስ,አርከ ሥሉስ,monthly,WRONG_DATE,,AM-TEA-003:ተአምኆ ዘሥሉስ ቅዱስ መልክዕ በአማርኛ | AM-TEA-002:ተአምኆ ዘሥሉስ ቅዱስ በአማርኛ | GZ-MEL-034:መልክዐ ሥሉስ ቅዱስ በግእዝ | GZ-TEA-002:ተአምኆ ዘሥሉስ ቅዱስ በግእዝ | GZ-TEA-003:ተአምኆ ዘሥሉስ ቅዱስ በግእዝ ካልእ,"None-None, None-None, None-None, None-None, 5-7"
11-6,306,አባ ጽጌ ድንግል,ጽጌ ድንግል,monthly,WRONG_DATE,,AM-MEL-019:መልክዐ አቡነ ሐራ ድንግል በአማርኛ | GZ-MEL-021:መልክዐ ሐራ ድንግል በግእዝ,"1-11, 1-11, 2-11, 2-11, 3-11, 3-11, 4-11, 4-11, 5-11, 5-11"
11-6,306,ቅድስት አርሴማ ድንግል,አርሴማ ድንግል,monthly,CORRECT,GZ-MEL-042:መልክዐ ሰማዕት ቅድስት አርሴማ በግእዝ | AM-GDL-008:ገድለ ሰማዕት ቅድስት አርሴማ በአማርኛ | GZ-GDL-033:ገድለ ሰማዕት ቅድስት አርሴማ በግእዝ,AM-MEL-019:መልክዐ አቡነ ሐራ ድንግል በአማርኛ | GZ-MEL-021:መልክዐ ሐራ ድንግል በግእዝ | GZ-MEL-042:መልክዐ ሰማዕት ቅድስት አርሴማ በግእዝ | AM-GDL-008:ገድለ ሰማዕት ቅድስት አርሴማ በአማርኛ | GZ-GDL-033:ገድለ ሰማዕት ቅድስት አርሴማ በግእዝ,"1-6, 1-6, 1-6, 1-11, 1-11, 1-29, 1-29, 1-29, 2-6, 2-6"
11-7,307,ቅዱሳን አብርሃምና ሣራ ( ሥላሴ ን ያስተናገዱ),አብርሃምና ሣራ,annual,NO_BOOK,,,
11-7,307,ብሥራተ ልደተ ይስሐቅ,ብሥራተ ልደተ ይስሐቅ,annual,NO_BOOK,,,
11-7,307,ታላቁ አባ ሲኖዳ (የባሕታውያን ሁሉ አለቃ),ታላቁ አባ ሲኖዳ,annual,NO_BOOK,,,
11-7,307,አባ ጊዮርጊስ ዘጋስጫ (ሊቀ ሊቃውንት ኢትዮዽያዊ የሃይማኖት ምሰሶ),ጊዮርጊስ ዘጋስጫ,annual,CORRECT,GZ-MEL-123:መልክዐ አባ ጊዮርጊስ ዘጋሥጫ በግእዝ | AM-GDL-001:ገድለ ቅዱስ አባ ጊዮርጊስ ዘጋሥጫ በአማርኛ | GZ-GDL-007:ገድለ ቅዱስ አባ ጊዮርጊስ ዘጋሥጫ በግእዝ,AM-MEL-051:የቅዱስ ጊዮርጊስ መልክዕ በአማርኛ | AM-MEL-065:ጸሎተ መልክዐ ሥቃዩ ለቅዱስ ጊዮርጊስ ሊቀ ሰማዕታት በአማርኛ | AM-MEL-066:ጸሎተ መልክዕ ዘቅዱስ ጊዮርጊስ ሊቀ ሰማዕታት በአማርኛ | AM-MEL-067:ጸሎተ መልክዕ ዘቅዱስ ጊዮርጊስ ሊቀ ሰማዕታት ካልዕ በአማርኛ | AM-SIB-001:ስብሐተ ፍቁር ዘቅዱስ ጊዮርጊስ ሊቀ ሰማዕታት በአማርኛ | GZ-MEL-036:መልክዐ ሥቃዩ ለጊዮርጊስ በግእዝ | GZ-MEL-065:መልክዐ ቅዱስ ጊዮርጊስ በግእዝ | GZ-MEL-123:መልክዐ አባ ጊዮርጊስ ዘጋሥጫ በግእዝ | GZ-MEL-154:መልክዐ ጊዮርጊስ በግእዝ | GZ-MEL-155:መልክዐ ጊዮርጊስ ካልዕ ወሥቃዩ በግእዝ | AM-GDL-001:ገድለ ቅዱስ አባ ጊዮርጊስ ዘጋሥጫ በአማርኛ | GZ-GDL-007:ገድለ ቅዱስ አባ ጊዮርጊስ ዘጋሥጫ በግእዝ | GZ-GDL-014:ገድለ ቅዱስ ጊዮርጊስ ሰማዕት በግእዝ | AM-GDL-018:ገድለ ቅዱስ ጊዮርጊስ ሰማዕት በአማርኛ,"1-7, 1-7, 1-7, 1-23, 1-23, 1-23, 1-23, 1-23, 1-23, 1-23"
11-7,307,ቅዱስ አግናጥዮስ ዘአንጾኪያ (ምጥው ለአንበሳ),አግናጥዮስ ዘአንጾኪያ,annual,CORRECT,GZ-MEL-058:መልክዐ ቅዱስ አግናጥዮስ ምጥው ለአንበሳ በግእዝ,GZ-MEL-058:መልክዐ ቅዱስ አግናጥዮስ ምጥው ለአንበሳ በግእዝ,"1-7, 2-7, 2-26, 3-7, 4-7, 4-24, 5-7, 6-7, 7-7, 8-7"
11-7,307,አባ መቃቢስ,መቃቢስ,annual,NO_BOOK,,,
11-7,307,አባ አግራጥስ,አግራጥስ,annual,NO_BOOK,,,
11-7,307,አባ ዳንኤል ዘገዳመ ሲሐት,ዳንኤል ዘገዳመ ሲሐት,monthly,WRONG_DATE,,GZ-MEL-114:መልክዐ አቡነ ዳንኤል በግእዝ | GZ-GDL-028:ገድለ አቡነ ዳንኤል በግእዝ,"3-6, 3-6"
11-7,307,አባ ባውላ ገዳማዊ,ባውላ ገዳማዊ,monthly,NO_BOOK,,,
11-7,307,ቅዱስ አትናቴዎስ ሐዋርያዊ,አትናቴዎስ ሐዋርያዊ,monthly,NO_BOOK,,,
11-8,308,አቡነ ኪሮስ ጻድቅ (አረጋዊና ገዳማዊ),ኪሮስ ጻድቅ,annual,CORRECT,GZ-GDL-016:ገድለ አቡነ ኪሮስ በግእዝ | AM-GDL-021:ገድለ አቡነ ኪሮስ በአማርኛ,AM-MEL-003:መልክዐ ለአቡነ አቢብ ጻድቅ በአማርኛ | AM-MEL-021:መልክዐ አቡነ ዮሐንስ ጻድቅ በአማርኛ | AM-MEL-060:የአቡነ አባለ ክርስቶስ ጻድቅ መልክዕ በአማርኛ | GZ-GDL-016:ገድለ አቡነ ኪሮስ በግእዝ | AM-GDL-021:ገድለ አቡነ ኪሮስ በአማርኛ,"1-8, 1-8, 1-16, 1-25, 2-8, 2-8, 2-16, 2-25, 3-8, 3-8"
11-8,308,አባ ብሶይ ጻድቅ (ኮከበ ገዳም),ብሶይ ጻድቅ,annual,WRONG_DATE,,AM-MEL-003:መልክዐ ለአቡነ አቢብ ጻድቅ በአማርኛ | AM-MEL-021:መልክዐ አቡነ ዮሐንስ ጻድቅ በአማርኛ | AM-MEL-060:የአቡነ አባለ ክርስቶስ ጻድቅ መልክዕ በአማርኛ,"1-16, 1-25, 2-16, 2-25, 3-16, 3-25, 4-16, 4-19, 4-25, 5-16"
11-8,308,አባ ሚሳኤል ነዳይ (ጻድቅ),ሚሳኤል ነዳይ,annual,NO_BOOK,,,
11-8,308,አባ ቢማ ሰማዕት,ቢማ,annual,NO_BOOK,,,
11-8,308,አባ በላኒ ሰማዕት,በላኒ,annual,NO_BOOK,,,
11-8,308,ቅዱሳን አቤሮንና አቶም (ሰማዕታት),አቤሮንና አቶም,annual,NO_BOOK,,,
11-8,308,ቅዱስ ሙሴ ሊቀ ነቢያት,ሙሴ ሊቀ ነቢያት,monthly,WRONG_DATE,,AM-TSE-003:የነቢያት ጸሎት በአማርኛ | GZ-TSE-002:ጸሎተ ነቢያት በግእዝ | TI-MZM-002:መዝሙር መኃልይ ነቢያት ብትግርኛ,"None-None, None-None, None-None"
11-8,308,ኪሩቤል (አርባዕቱ እንስሳ),ኪሩቤል,monthly,NO_BOOK,,,
11-8,308,አባ ሳሙኤል ዘደብረ ቀልሞን,ሳሙኤል ዘደብረ ቀልሞን,monthly,WRONG_DATE,,AM-MEL-054:የአቡነ ሳሙኤል ዘዋልድባ መልክዕ በአማርኛ | AM-MEL-055:የአቡነ ሳሙኤል ዘዋልድባ ኹለተኛ መልክዕ በአማርኛ | GZ-MEL-084:መልክዐ አቡነ ሳሙኤል በግእዝ ሣልስ በግእዝ | GZ-MEL-085:መልክዐ አቡነ ሳሙኤል ዘዋልድባ በግእዝ | GZ-MEL-086:መልክዐ አቡነ ሳሙኤል ዘዋልድባ ካልዕ በግእዝ,"1-12, 1-12, 1-12, 1-12, 1-12, 2-12, 2-12, 2-12, 2-12, 2-12"
11-8,308,ቅዱስ ማትያስ ሐዋርያ (ከ፲፪ቱ ሐዋርያት),ማትያስ ሐዋርያ,monthly,WRONG_DATE,,AM-MEL-033:የሐዋርያው የቅዱስ ታዴዎስ መልክዕ በአማርኛ | AM-MEL-046:የቅዱስ እንድርያስ ሐዋርያ መልክዕ በአማርኛ | GZ-MEL-023:መልክዐ ሐዋርያት በግእዝ | GZ-MEL-137:መልክዐ እንድርያስ ሐዋርያ በግእዝ | GZ-GDL-017:ገድለ አቡነ ተክለ ሐዋርያት በግእዝ | GZ-GDL-032:መጽሐፈ ገድለ ቅዱሳን ሐዋርያት በግእዝ | AM-ZNA-003:ዜና ሐዋርያት በአማርኛ,"1-2, 1-4, 1-4, 2-2, 2-4, 2-4, 3-2, 3-4, 3-4, 3-27"
11-9,309,አባ ኅልያን ገዳማዊ,ኅልያን ገዳማዊ,annual,NO_BOOK,,,
11-9,309,ቅዱስ ቴዎድሮስ ሰማዕት (ዘሐምስቱ አሕጉር),ቴዎድሮስ ሰማዕት,annual,WRONG_DATE,,GZ-MEL-039:መልክዐ ሰማዕት ቅዱስ መርቆሬዎስ በግእዝ | GZ-MEL-040:መልክዐ ሰማዕት ቅዱስ ቴዎድሮስ በግእዝ | GZ-MEL-041:መልክዐ ሰማዕት ቅዱስ ፋሲለደስ በግእዝ | GZ-MEL-042:መልክዐ ሰማዕት ቅድስት አርሴማ በግእዝ | GZ-MEL-043:መልክዐ ሰማዕት ቅድስት ኢየሉጣ በግእዝ | GZ-MEL-122:መልክዐ አባ ኖብ ሰማዕት በግእዝ | GZ-GDL-002:ገድለ ሰማዕት ቅዱስ መርቆሬዎስ በግእዝ | AM-GDL-008:ገድለ ሰማዕት ቅድስት አርሴማ በአማርኛ | GZ-GDL-014:ገድለ ቅዱስ ጊዮርጊስ ሰማዕት በግእዝ | AM-GDL-015:ገድለ ሰማዕት ቅዱስ መርቆሬዎስ በአማርኛ | AM-GDL-018:ገድለ ቅዱስ ጊዮርጊስ ሰማዕት በአማርኛ | GZ-GDL-030:ገድለ ቅዱስ ቴዎድሮስ በግእዝ | GZ-GDL-031:ገድለ ሰማዕት ቅዱስ ቴዎድሮስ በግእዝ | GZ-GDL-033:ገድለ ሰማዕት ቅድስት አርሴማ በግእዝ | AM-GDL-030:ገድለ ሰማዕት ቅዱስ ቴዎድሮስ በአማርኛ,"1-6, 1-6, 1-6, 1-11, 1-12, 1-12, 1-12, 1-12, 1-15, 1-18"
11-9,309,ቅዱስ ታውድሮስ ሰማዕት,ታውድሮስ,annual,NO_BOOK,,,
11-9,309,ሰማዕታት ሉክዮስና ድግናንዮስ (በንስሃ ለክብር የበቁ የጦር አለቆች),ሰማዕታት ሉክዮስና ድግናንዮስ,annual,WRONG_DATE,,AM-MEL-065:ጸሎተ መልክዐ ሥቃዩ ለቅዱስ ጊዮርጊስ ሊቀ ሰማዕታት በአማርኛ | AM-MEL-066:ጸሎተ መልክዕ ዘቅዱስ ጊዮርጊስ ሊቀ ሰማዕታት በአማርኛ | AM-MEL-067:ጸሎተ መልክዕ ዘቅዱስ ጊዮርጊስ ሊቀ ሰማዕታት ካልዕ በአማርኛ | AM-SIB-001:ስብሐተ ፍቁር ዘቅዱስ ጊዮርጊስ ሊቀ ሰማዕታት በአማርኛ | GZ-MEL-016:መልክዐ ሊቀ ሰማዕታት ቅዱስ እስጢፋኖስ በግእዝ | GZ-MEL-017:መልክዐ ሊቀ ሰማዕታት ቅዱስ እስጢፋኖስ ካልእ በግእዝ | AM-GDL-010:ገድለ ሰማዕታት በአማርኛ,"1-15, 1-15, 1-17, 1-17, 1-23, 1-23, 1-23, 1-23, 2-17, 2-17"
11-9,309,አባ በርሱማ ሶርያዊ (ለሶርያ መነኮሳት ኁሉ አባት),በርሱማ ሶርያዊ,monthly,NO_BOOK,,,
11-9,309,አቡነ እስትንፋሰ ክርስቶስ (ኢትዮዽያዊ),እስትንፋሰ ክርስቶስ,monthly,CORRECT,GZ-MEL-136:መልክዐ እስትንፋሰ ክርስቶስ በግእዝ | AM-GDL-014:የአቡነ እስትንፋሰ ክርስቶስ ገድል በአማርኛ,GZ-MEL-136:መልክዐ እስትንፋሰ ክርስቶስ በግእዝ | AM-GDL-014:የአቡነ እስትንፋሰ ክርስቶስ ገድል በአማርኛ,"1-9, 1-9, 2-9, 2-9, 3-9, 3-9, 4-9, 4-9, 5-9, 5-9"
11-9,309,"""፫፲፰ቱ"" ቅዱሳን ሊቃውንት (ርቱዐነ ሃይማኖት ዘኒቅያ)","""፫፲፰ቱ"" ቅዱሳን ሊቃውንት",monthly,NO_BOOK,,,
11-9,309,የብሔረ ብፁዐን ጻድቃን,የብሔረ ብፁዐን ጻድቃን,monthly,WRONG_DATE,,GZ-MEL-160:መልክዐ ጻድቃን ዘባርክናሃ በግእዝ,4-29
11-9,309,አባ መልከ ጼዴቅ ዘሚዳ (ኢትዮዽያዊ),መልከ ጼዴቅ ዘሚዳ,monthly,CORRECT,AM-MEL-068:የአቡነ መልከ ጼዴቅ መልክእ በአማርኛ | GZ-MEL-075:መልክዐ አቡነ መልከ ጼዴቅ በግእዝ,AM-MEL-068:የአቡነ መልከ ጼዴቅ መልክእ በአማርኛ | GZ-MEL-002:መልከዐ ማርያም ዳግሚት በግእዝ | GZ-MEL-003:መልከዐ አቡነ ሊቃኖስ በግእዝ | GZ-MEL-075:መልክዐ አቡነ መልከ ጼዴቅ በግእዝ,"1-9, 1-9, 1-21, 2-9, 2-9, 2-21, 3-9, 3-9, 3-21, 3-28"
11-9,309,ቅዱስ ዞሲማስ ጻድቅ (ዓለመ ብፁዐንን ያየ አባት),ዞሲማስ ጻድቅ,monthly,CORRECT,GZ-GDL-008:ገድለ ቅዱስ ዞሲማስ በግእዝ | AM-GDL-025:ገድለ ቅዱስ ዞሲማስ በአማርኛ,AM-MEL-003:መልክዐ ለአቡነ አቢብ ጻድቅ በአማርኛ | AM-MEL-021:መልክዐ አቡነ ዮሐንስ ጻድቅ በአማርኛ | AM-MEL-060:የአቡነ አባለ ክርስቶስ ጻድቅ መልክዕ በአማርኛ | GZ-GDL-008:ገድለ ቅዱስ ዞሲማስ በግእዝ | AM-GDL-025:ገድለ ቅዱስ ዞሲማስ በአማርኛ,"1-9, 1-9, 1-16, 1-25, 2-9, 2-9, 2-16, 2-25, 3-9, 3-9"
11-10,310,ቅዱስ ናትናኤል ሐዋርያ (ቀናተኛው ስምዖን),ናትናኤል ሐዋርያ,annual,WRONG_DATE,,AM-MEL-033:የሐዋርያው የቅዱስ ታዴዎስ መልክዕ በአማርኛ | AM-MEL-046:የቅዱስ እንድርያስ ሐዋርያ መልክዕ በአማርኛ | GZ-MEL-023:መልክዐ ሐዋርያት በግእዝ | GZ-MEL-137:መልክዐ እንድርያስ ሐዋርያ በግእዝ | GZ-GDL-017:ገድለ አቡነ ተክለ ሐዋርያት በግእዝ | GZ-GDL-032:መጽሐፈ ገድለ ቅዱሳን ሐዋርያት በግእዝ | AM-ZNA-003:ዜና ሐዋርያት በአማርኛ,"1-2, 1-4, 1-4, 2-2, 2-4, 2-4, 3-2, 3-4, 3-4, 3-27"
11-10,310,ታላቁ አባ ብስንዳ ጻድቅ,ታላቁ አባ ብስንዳ,annual,NO_BOOK,,,
11-10,310,አባ ከላድያኖስ ሊቀ ዻዻሳት,ከላድያኖስ ሊቀ ዻዻሳት,annual,NO_BOOK,,,
11-10,310,ታላቁ ቅዱስ ቆስጠንጢኖስ,ታላቁ ቅዱስ ቆስጠንጢኖስ,monthly,NO_BOOK,,,
11-10,310,ቅዱስ ኒቆላዎስ ዘሃገረ ሜራ,ኒቆላዎስ ዘሃገረ ሜራ,monthly,NO_BOOK,,,
11-10,310,አቡነ መልክዐ ክርስቶስ,መልክዐ ክርስቶስ,monthly,WRONG_DATE,,GZ-MEL-143:መልክዐ ክርስቶስ ሠምራ በግእዝ,"1-24, 2-24, 3-24, 4-24, 5-24, 6-24, 7-24, 8-24, 9-12, 9-24"
11-10,310,ቅዱስ ያዕቆብ ሐዋርያ (ወልደ እልፍዮስ),ያዕቆብ ሐዋርያ,monthly,WRONG_DATE,,AM-MEL-022:መልክዐ አብርሃም ይሥሐቅ ያዕቆብ በአማርኛ | AM-MEL-033:የሐዋርያው የቅዱስ ታዴዎስ መልክዕ በአማርኛ | AM-MEL-046:የቅዱስ እንድርያስ ሐዋርያ መልክዕ በአማርኛ | GZ-MEL-023:መልክዐ ሐዋርያት በግእዝ | GZ-MEL-124:መልክዐ አብርሃም ይሥሐቅ ወያዕቆብ በግእዝ | GZ-MEL-137:መልክዐ እንድርያስ ሐዋርያ በግእዝ | GZ-GDL-017:ገድለ አቡነ ተክለ ሐዋርያት በግእዝ | GZ-GDL-032:መጽሐፈ ገድለ ቅዱሳን ሐዋርያት በግእዝ | AM-ZNA-003:ዜና ሐዋርያት በአማርኛ,"1-2, 1-4, 1-4, 1-28, 1-28, 2-2, 2-4, 2-4, 2-28, 2-28"
11-10,310,ቅድስት ዕሌኒ ንግስት,ዕሌኒ ንግስት,monthly,NO_BOOK,,,
11-10,310,ቅዱስ ዕፀ መስቀል,ዕፀ መስቀል,monthly,CORRECT,AM-MEL-012:መልክዐ ቅዱስ መስቀል በአማርኛ | AM-MEL-040:የቅዱስ መስቀል 3ኛ መልክዕ በአማርኛ | GZ-MEL-050:መልክዐ ቅዱስ መስቀል ሣልስ በግእዝ | GZ-MEL-051:መልክዐ ቅዱስ መስቀል በግእዝ | GZ-DRS-002:ድርሳነ መስቀል በግእዝ | AM-DRS-008:ድርሳነ መስቀል በአማርኛ,AM-MEL-004:መልክዐ ሕማማተ መስቀል በአማርኛ | AM-MEL-012:መልክዐ ቅዱስ መስቀል በአማርኛ | AM-MEL-040:የቅዱስ መስቀል 3ኛ መልክዕ በአማርኛ | AM-TSE-001:የመስቀል አጥር ጸሎት በአማርኛ | AM-WUD-001:ውዳሴ መስቀል በአማርኛ | GZ-HAT-001:ሐፁረ መስቀል በግእዝ | GZ-MEL-024:መልክዐ ሕማማተ መስቀል በግእዝ | GZ-MEL-050:መልክዐ ቅዱስ መስቀል ሣልስ በግእዝ | GZ-MEL-051:መልክዐ ቅዱስ መስቀል በግእዝ | GZ-WUD-001:ውዳሴ መስቀል በግእዝ | GZ-DRS-002:ድርሳነ መስቀል በግእዝ | AM-DRS-008:ድርሳነ መስቀል በአማርኛ,"None-None, None-None, None-None, None-None, None-None, None-None, 1-10, 1-10, 1-10, 1-10"
11-11,311,ቅዱስ አባ ዮሐንስ (ሰማዕት ወጻድቅ),ዮሐንስ,annual,WRONG_DATE,,AM-MEL-016:መልክዐ ቅዱስ ዮሐንስ ወንጌላዊ በአማርኛ | AM-MEL-020:መልክዐ አቡነ ዕጨጌ ዮሐንስ በአማርኛ | AM-MEL-021:መልክዐ አቡነ ዮሐንስ ጻድቅ በአማርኛ | AM-MEL-047:የቅዱስ ዮሐንስ 2ኛ መልክዕ በአማርኛ | AM-MEL-048:የቅዱስ ዮሐንስ መጥምቅ መልክዕ በአማርኛ | GZ-MEL-060:መልክዐ ቅዱስ ዮሐንስ መጥምቅ በግእዝ | GZ-MEL-061:መልክዐ ቅዱስ ዮሐንስ ካልእ በግእዝ | GZ-MEL-062:መልክዐ ቅዱስ ዮሐንስ ወንጌላዊ በግእዝ | GZ-MEL-104:መልክዐ አቡነ ዕጨጌ ዮሐንስ በግእዝ | GZ-MEL-109:መልክዐ አቡነ ዮሐንስ ከማ በግእዝ | GZ-MEL-110:መልክዐ አቡነ ዮሐንስ ዘድብረ ዳጋ በግእዝ | GZ-MEL-149:መልክዐ ዮሐንስ ወልደ ነጎድጓድ በግእዝ | GZ-MEL-150:መልክዐ ዮሐንስ ፍቁረ እግዚእ በግእዝ | AM-GDL-013:የቅዱስ ዮሐንስ ገድል በአማርኛ | GZ-GDL-018:ገድለ አቡነ ዮሐንስ በግእዝ | AM-GDL-027:ገድለ አቡነ እጨጌ ዮሐንስ ዘጸገሮ በአማርኛ,"1-1, 1-1, 1-2, 1-2, 1-4, 1-4, 1-4, 1-4, 1-4, 1-4"
11-11,311,ቅዱስ ስምዖን (ደቀ መዝሙሩ),ስምዖን,annual,NO_BOOK,,,
11-11,311,አባ ኢሳይያስ ዘገዳመ አስቄጥስ,ኢሳይያስ ዘገዳመ አስቄጥስ,annual,NO_BOOK,,,
11-11,311,አባ ገብርኤል ሊቀ ዻዻሳት,ገብርኤል ሊቀ ዻዻሳት,annual,WRONG_DATE,,AM-MEL-050:የቅዱስ ገብርኤል መልክዕ በአማርኛ | GZ-MEL-013:መልክዐ ሊቀ መላእክት ቅዱስ ገብርኤል በግእዝ | GZ-MEL-014:መልክዐ ሊቀ መላእክት ቅዱስ ገብርኤል ካልዕ (ደቅስዮስ) በግእዝ | AM-DRS-003:ድርሳነ ገብርኤል በአማርኛ | GZ-DRS-010:ድርሳነ ገብርኤል በግእዝ,"1-19, 1-19, 1-19, 1-19, 1-19, 2-19, 2-19, 2-19, 2-19, 2-19"
11-11,311,ቅዱስ ያሬድ ካህን,ያሬድ ካህን,monthly,CORRECT,GZ-MEL-146:መልክዐ ያሬድ በግእዝ | GZ-MEL-147:መልክዐ ያሬድ ካልዕ በግእዝ | GZ-GDL-021:ድርሳን ወገድል ዘቅዱስ ያሬድ በግእዝ,GZ-MEL-146:መልክዐ ያሬድ በግእዝ | GZ-MEL-147:መልክዐ ያሬድ ካልዕ በግእዝ | GZ-GDL-021:ድርሳን ወገድል ዘቅዱስ ያሬድ በግእዝ,"1-11, 1-11, 1-11, 2-11, 2-11, 2-11, 3-11, 3-11, 3-11, 4-11"
11-11,311,ቅዱስ ፋሲለደስ ሰማዕት,ፋሲለደስ,monthly,CORRECT,GZ-MEL-041:መልክዐ ሰማዕት ቅዱስ ፋሲለደስ በግእዝ,GZ-MEL-041:መልክዐ ሰማዕት ቅዱስ ፋሲለደስ በግእዝ,"1-11, 2-11, 3-11, 4-11, 5-11, 6-11, 7-11, 8-11, 9-11, 10-11"
11-11,311,ብፁዐን ኢያቄም እና ሐና,ብፁዐን ኢያቄም እና ሐና,monthly,CORRECT,GZ-MEL-133:መልክዐ ኢያቄም በግእዝ | AM-DRS-001:የቅዱስ ኢያቄምና- የቅድስት ሐና ድርሳን በአማርኛ | GZ-DRS-007:ድርሳን ዘቅዱስ ኢያቄም ወቅድስት ሐና በግእዝ,GZ-MEL-133:መልክዐ ኢያቄም በግእዝ | AM-DRS-001:የቅዱስ ኢያቄምና- የቅድስት ሐና ድርሳን በአማርኛ | GZ-DRS-007:ድርሳን ዘቅዱስ ኢያቄም ወቅድስት ሐና በግእዝ,"1-1, 1-1, 1-1, 1-3, 1-3, 1-3, 1-7, 1-7, 1-7, 1-11"
11-11,311,አቡነ ሐራ ድንግል ጻድቅ,ሐራ ድንግል,monthly,CORRECT,AM-MEL-019:መልክዐ አቡነ ሐራ ድንግል በአማርኛ | GZ-MEL-021:መልክዐ ሐራ ድንግል በግእዝ,AM-MEL-019:መልክዐ አቡነ ሐራ ድንግል በአማርኛ | GZ-MEL-021:መልክዐ ሐራ ድንግል በግእዝ,"1-11, 1-11, 2-11, 2-11, 3-11, 3-11, 4-11, 4-11, 5-11, 5-11"
11-11,311,ማር ገላውዴዎስ ሰማዕት,ማር ገላውዴዎስ,monthly,WRONG_DATE,,GZ-ZNA-002:ዜናሁ ለንጉሥ ገላውዴዎስ በግእዝ,7-27
11-12,312,ቅዱስ ሕዝቅያስ ንጉሥ,ሕዝቅያስ ንጉሥ,annual,WRONG_DATE,,GZ-ZNA-002:ዜናሁ ለንጉሥ ገላውዴዎስ በግእዝ | GZ-ZNA-003:ዜና ሕይወቱ ለንጉሥ ላልይበላ በግእዝ,7-27
11-12,312,ቅዱስ ኢሳይያስ ልዑለ ቃል,ኢሳይያስ ልዑለ ቃል,annual,NO_BOOK,,,
11-12,312,ቅዱስ አባ ሖር ሰማዕት,ሖር,annual,NO_BOOK,,,
11-12,312,ቅዱስ ሚካኤል ሊቀ መላእክት,ሚካኤል ሊቀ መላእክት,monthly,CORRECT,AM-MEL-006:መልክዐ ሚካኤል በአማርኛ | AM-MEL-041:የቅዱስ ሚካኤል 3ኛ መልክዕ በአማርኛ | GZ-MEL-004:መልክዐ ሊቀ መላእክት ቅዱስ ሚካኤል ሣልስ በግእዝ | GZ-MEL-005:መልክዐ ሊቀ መላእክት ቅዱስ ሚካኤል ካልዕ በግእዝ | GZ-MEL-009:መልክዐ ሊቀ መላእክት ቅዱስ በግእዝ | GZ-MEL-165:መልክዐ ሊቀ መላእክት ቅዱስ ሚካኤል ካልዕ በግእ | GZ-DRS-008:ድርሳነ ሚካኤል በግእዝ | AM-DRS-009:ድርሳነ ሚካኤል በአማርኛ,AM-DIR-001:የሰባቱ ሊቃነ መላእክት ድርሳን በአማርኛ | AM-MEL-006:መልክዐ ሚካኤል በአማርኛ | AM-MEL-038:የቅዱሳን አእላፍ መላእክት 2ኛ መልክዕ በአማርኛ | AM-MEL-041:የቅዱስ ሚካኤል 3ኛ መልክዕ በአማርኛ | GZ-MEL-004:መልክዐ ሊቀ መላእክት ቅዱስ ሚካኤል ሣልስ በግእዝ | GZ-MEL-005:መልክዐ ሊቀ መላእክት ቅዱስ ሚካኤል ካልዕ በግእዝ | GZ-MEL-006:መልክዐ ሊቀ መላእክት ቅዱስ ሩፋኤል በግእዝ | GZ-MEL-007:መልክዐ ሊቀ መላእክት ቅዱስ ራጉኤል በግእዝ | GZ-MEL-008:መልክዐ ሊቀ መላእክት ቅዱስ ሱርያል በግእዝ | GZ-MEL-009:መልክዐ ሊቀ መላእክት ቅዱስ በግእዝ | GZ-MEL-010:መልክዐ ሊቀ መላእክት ቅዱስ አፍኒን በግእዝ | GZ-MEL-011:መልክዐ ሊቀ መላእክት ቅዱስ ዑራኤል በግእዝ | GZ-MEL-012:መልክዐ ሊቀ መላእክት ቅዱስ ዑራኤል ካልእ በግእዝ | GZ-MEL-013:መልክዐ ሊቀ መላእክት ቅዱስ ገብርኤል በግእዝ | GZ-MEL-014:መልክዐ ሊቀ መላእክት ቅዱስ ገብርኤል ካልዕ (ደቅስዮስ) በግእዝ | GZ-MEL-015:መልክዐ ሊቀ መላእክት ቅዱስ ፋኑኤል በግእዝ | GZ-MEL-083:መልክዐ አቡነ ሰይፈ ሚካኤል በግእዝ | GZ-MEL-121:መልክዐ አባ በጸሎተ ሚካኤል በግእዝ | GZ-MEL-125:መልክዐ አእላፍ መላእክት በግእዝ | GZ-MEL-126:መልክዐ አእላፍ መላእክት ካልእ በግእዝ | GZ-MEL-165:መልክዐ ሊቀ መላእክት ቅዱስ ሚካኤል ካልዕ በግእ | AM-GDL-011:ገድለ አቡነ በጸሎተ ሚካኤል በአማርኛ | GZ-GDL-015:ገድለ አቡነ በጸሎተ ሚካኤል በግእዝ | GZ-DRS-008:ድርሳነ ሚካኤል በግእዝ | AM-DRS-009:ድርሳነ ሚካኤል በአማርኛ | GZ-GDL-034:ገድለ አቡነ ፍሬ ሚካኤል በግእዝ,"1-1, 1-3, 1-9, 1-9, 1-9, 1-9, 1-9, 1-9, 1-9, 1-12"
11-12,312,ቅዱስ ላሊበላ ጻድቅ (ንጉሠ ኢትዮዽያ),ላሊበላ ጻድቅ,monthly,CORRECT,GZ-MEL-019:መልክዐ ላሊበላ በግዕዝ,AM-MEL-003:መልክዐ ለአቡነ አቢብ ጻድቅ በአማርኛ | AM-MEL-021:መልክዐ አቡነ ዮሐንስ ጻድቅ በአማርኛ | AM-MEL-060:የአቡነ አባለ ክርስቶስ ጻድቅ መልክዕ በአማርኛ | GZ-MEL-019:መልክዐ ላሊበላ በግዕዝ,"1-12, 1-16, 1-25, 2-12, 2-16, 2-25, 3-12, 3-16, 3-25, 4-12"
11-12,312,ቅዱስ ማቴዎስ ሐዋርያ,ማቴዎስ,monthly,WRONG_DATE,,GZ-MEL-080:መልክዐ አቡነ ማቴዎስ ዘደብረ በርበሬ በግእዝ | GZ-MEL-081:መልክዐ አቡነ ማቴዎስ ዘደብረ በርበሬ በግእዝ ካልእ,"3-13, 5-14"
11-12,312,ቅዱስ ድሜጥሮስ,ድሜጥሮስ,monthly,NO_BOOK,,,
11-12,312,ቅዱስ ዮሐንስ አፈ ወርቅ,ዮሐንስ አፈ ወርቅ,monthly,WRONG_DATE,,AM-MEL-016:መልክዐ ቅዱስ ዮሐንስ ወንጌላዊ በአማርኛ | AM-MEL-020:መልክዐ አቡነ ዕጨጌ ዮሐንስ በአማርኛ | AM-MEL-021:መልክዐ አቡነ ዮሐንስ ጻድቅ በአማርኛ | AM-MEL-047:የቅዱስ ዮሐንስ 2ኛ መልክዕ በአማርኛ | AM-MEL-048:የቅዱስ ዮሐንስ መጥምቅ መልክዕ በአማርኛ | GZ-MEL-060:መልክዐ ቅዱስ ዮሐንስ መጥምቅ በግእዝ | GZ-MEL-061:መልክዐ ቅዱስ ዮሐንስ ካልእ በግእዝ | GZ-MEL-062:መልክዐ ቅዱስ ዮሐንስ ወንጌላዊ በግእዝ | GZ-MEL-104:መልክዐ አቡነ ዕጨጌ ዮሐንስ በግእዝ | GZ-MEL-109:መልክዐ አቡነ ዮሐንስ ከማ በግእዝ | GZ-MEL-110:መልክዐ አቡነ ዮሐንስ ዘድብረ ዳጋ በግእዝ | GZ-MEL-149:መልክዐ ዮሐንስ ወልደ ነጎድጓድ በግእዝ | GZ-MEL-150:መልክዐ ዮሐንስ ፍቁረ እግዚእ በግእዝ | AM-GDL-013:የቅዱስ ዮሐንስ ገድል በአማርኛ | GZ-GDL-018:ገድለ አቡነ ዮሐንስ በግእዝ | AM-GDL-027:ገድለ አቡነ እጨጌ ዮሐንስ ዘጸገሮ በአማርኛ,"1-1, 1-1, 1-2, 1-2, 1-4, 1-4, 1-4, 1-4, 1-4, 1-4"
11-12,312,ቅዱስ ቴዎድሮስ ምሥራቃዊ (ሰማዕት),ቴዎድሮስ ምሥራቃዊ,monthly,CORRECT,GZ-MEL-040:መልክዐ ሰማዕት ቅዱስ ቴዎድሮስ በግእዝ | GZ-GDL-030:ገድለ ቅዱስ ቴዎድሮስ በግእዝ | GZ-GDL-031:ገድለ ሰማዕት ቅዱስ ቴዎድሮስ በግእዝ | AM-GDL-030:ገድለ ሰማዕት ቅዱስ ቴዎድሮስ በአማርኛ,GZ-MEL-040:መልክዐ ሰማዕት ቅዱስ ቴዎድሮስ በግእዝ | GZ-GDL-030:ገድለ ቅዱስ ቴዎድሮስ በግእዝ | GZ-GDL-031:ገድለ ሰማዕት ቅዱስ ቴዎድሮስ በግእዝ | AM-GDL-030:ገድለ ሰማዕት ቅዱስ ቴዎድሮስ በአማርኛ,"1-12, 1-12, 1-12, 1-12, 1-20, 1-20, 1-20, 1-20, 2-12, 2-12"
11-12,312,ቅድስት ክርስቶስ ሠምራ,ክርስቶስ ሠምራ,monthly,WRONG_DATE,,GZ-MEL-143:መልክዐ ክርስቶስ ሠምራ በግእዝ | AM-GDL-005:ገድለ ቅድስት ክርስቶስ ሠምራ በአማርኛ | GZ-GDL-019:ገድለ ቅድስት ክርስቶስ ሠምራ በግእዝ,"1-24, 1-24, 1-24, 2-24, 2-24, 2-24, 3-24, 3-24, 3-24, 4-24"
11-12,312,አቡነ ሳሙኤል ዘዋልድባ,ሳሙኤል ዘዋልድባ,monthly,CORRECT,AM-MEL-054:የአቡነ ሳሙኤል ዘዋልድባ መልክዕ በአማርኛ | AM-MEL-055:የአቡነ ሳሙኤል ዘዋልድባ ኹለተኛ መልክዕ በአማርኛ | GZ-MEL-085:መልክዐ አቡነ ሳሙኤል ዘዋልድባ በግእዝ | GZ-MEL-086:መልክዐ አቡነ ሳሙኤል ዘዋልድባ ካልዕ በግእዝ,AM-MEL-054:የአቡነ ሳሙኤል ዘዋልድባ መልክዕ በአማርኛ | AM-MEL-055:የአቡነ ሳሙኤል ዘዋልድባ ኹለተኛ መልክዕ በአማርኛ | GZ-MEL-085:መልክዐ አቡነ ሳሙኤል ዘዋልድባ በግእዝ | GZ-MEL-086:መልክዐ አቡነ ሳሙኤል ዘዋልድባ ካልዕ በግእዝ,"1-12, 1-12, 1-12, 1-12, 2-12, 2-12, 2-12, 2-12, 3-12, 3-12"
11-13,313,ቅዱስ ብስንድዮስ ሊቅ ወጻድቅ,ብስንድዮስ ሊቅ ወጻድቅ,annual,NO_BOOK,,,
11-13,313,ቅዱስ አሞን ሰማዕት (ዘሃገረ ጡህ),አሞን ሰማዕት,annual,WRONG_DATE,,GZ-MEL-039:መልክዐ ሰማዕት ቅዱስ መርቆሬዎስ በግእዝ | GZ-MEL-040:መልክዐ ሰማዕት ቅዱስ ቴዎድሮስ በግእዝ | GZ-MEL-041:መልክዐ ሰማዕት ቅዱስ ፋሲለደስ በግእዝ | GZ-MEL-042:መልክዐ ሰማዕት ቅድስት አርሴማ በግእዝ | GZ-MEL-043:መልክዐ ሰማዕት ቅድስት ኢየሉጣ በግእዝ | GZ-MEL-122:መልክዐ አባ ኖብ ሰማዕት በግእዝ | GZ-GDL-002:ገድለ ሰማዕት ቅዱስ መርቆሬዎስ በግእዝ | AM-GDL-008:ገድለ ሰማዕት ቅድስት አርሴማ በአማርኛ | GZ-GDL-014:ገድለ ቅዱስ ጊዮርጊስ ሰማዕት በግእዝ | AM-GDL-015:ገድለ ሰማዕት ቅዱስ መርቆሬዎስ በአማርኛ | AM-GDL-018:ገድለ ቅዱስ ጊዮርጊስ ሰማዕት በአማርኛ | GZ-GDL-031:ገድለ ሰማዕት ቅዱስ ቴዎድሮስ በግእዝ | GZ-GDL-033:ገድለ ሰማዕት ቅድስት አርሴማ በግእዝ | AM-GDL-030:ገድለ ሰማዕት ቅዱስ ቴዎድሮስ በአማርኛ,"1-6, 1-6, 1-6, 1-11, 1-12, 1-12, 1-12, 1-15, 1-18, 1-20"
11-13,313,እግዚአብሔር አብ,እግዚአብሔር አብ,monthly,CORRECT,GZ-MEL-139:መልክዐ እግዚአብሔር አብ በግእዝ | GZ-MEL-140:መልክዐ እግዚአብሔር አብ ካልዕ በግእዝ,GZ-MEL-139:መልክዐ እግዚአብሔር አብ በግእዝ | GZ-MEL-140:መልክዐ እግዚአብሔር አብ ካልዕ በግእዝ,"1-13, 1-13, 2-13, 2-13, 3-13, 3-13, 4-13, 4-13, 5-13, 5-13"
11-13,313,ቅዱስ ሩፋኤል ሊቀ መላዕክት,ሩፋኤል ሊቀ መላዕክት,monthly,CORRECT,AM-MEL-043:የቅዱስ ሩፋኤል መልክዕ በአማርኛ | GZ-MEL-006:መልክዐ ሊቀ መላእክት ቅዱስ ሩፋኤል በግእዝ | GZ-DRS-009:ድርሳን ቅዱስ ሩፋኤል በግእዝ,AM-MEL-043:የቅዱስ ሩፋኤል መልክዕ በአማርኛ | GZ-MEL-006:መልክዐ ሊቀ መላእክት ቅዱስ ሩፋኤል በግእዝ | GZ-DRS-009:ድርሳን ቅዱስ ሩፋኤል በግእዝ,"1-13, 1-13, 1-13, 2-13, 2-13, 2-13, 3-13, 3-13, 3-13, 4-13"
11-13,313,"""99ኙ"" ነገደ መላዕክት","""99ኙ"" ነገደ መላዕክት",monthly,NO_BOOK,,,
11-13,313,ቅዱስ አስከናፍር,አስከናፍር,monthly,NO_BOOK,,,
11-13,313,"""፲፫ቱ"" ግኁሳን አባቶች","""፲፫ቱ"" ግኁሳን አባቶች",monthly,NO_BOOK,,,
11-13,313,ቅዱስ አርሳንዮስ ጠቢብ ገዳማዊ,አርሳንዮስ ጠቢብ ገዳማዊ,monthly,NO_BOOK,,,
11-13,313,አቡነ ዘርዐ ቡሩክ,ዘርዐ ቡሩክ,monthly,CORRECT,AM-MEL-061:የአቡነ ዘርዐ ቡሩክ መልክዕ በአማርኛ | GZ-MEL-105:መልክዐ አቡነ ዘርዐ ቡሩክ በግእዝ,AM-MEL-061:የአቡነ ዘርዐ ቡሩክ መልክዕ በአማርኛ | GZ-MEL-105:መልክዐ አቡነ ዘርዐ ቡሩክ በግእዝ,"1-13, 1-13, 2-13, 2-13, 3-13, 3-13, 4-13, 4-13, 5-13, 5-13"
11-14,314,ቅዱስ አብሮኮሮንዮስ ሰማዕት,አብሮኮሮንዮስ,annual,NO_BOOK,,,
11-14,314,ቅዱሳን ክርስቶፎሮስና ቴዎዳስያ (ወላጆቹ),ክርስቶፎሮስና ቴዎዳስያ,annual,NO_BOOK,,,
11-14,314,ታላቁ ቅዱስ መቃርስ (የመነኮሳት አለቃ),ታላቁ ቅዱስ መቃርስ,annual,NO_BOOK,,,
11-14,314,ቅዱስ አሞንዮስ,አሞንዮስ,annual,NO_BOOK,,,
11-14,314,አቡነ አረጋዊ (ዘ ሚካኤል ),አረጋዊ,monthly,CORRECT,GZ-MEL-073:መልክዐ አረጋዊ በግእዝ | AM-GDL-016:ገድለ አቡነ አረጋዊ በአማርኛ,GZ-MEL-073:መልክዐ አረጋዊ በግእዝ | AM-GDL-016:ገድለ አቡነ አረጋዊ በአማርኛ,"1-14, 1-14, 2-14, 2-14, 3-14, 3-14, 4-14, 4-14, 5-14, 5-14"
11-14,314,ቅዱስ ገብረ ክርስቶስ መርዓዊ,ገብረ ክርስቶስ መርዓዊ,monthly,WRONG_DATE,,GZ-MEL-151:መልክዐ ገብረ መንፈስ ቅዱስ በግእዝ | GZ-MEL-152:መልክዐ ገብረ መንፈስ ቅዱስ ካልዕ በግእዝ | GZ-MEL-153:መልክዐ ገብረ ክርስቶስ በግእዝ | AM-GDL-007:ገድለ አቡነ ገብረ መንፈስ ቅዱስ በአማርኛ,"1-5, 1-5, 1-5, 2-5, 2-5, 2-5, 2-14, 3-5, 3-5, 3-5"
11-14,314,ቅዱስ ፊልዾስ ሐዋርያ,ፊልዾስ,monthly,NO_BOOK,,,
11-14,314,ቅዱስ ሙሴ ( የእግዚአብሔር ሰው),ሙሴ,monthly,WRONG_DATE,,GZ-MEL-079:መልክዐ አቡነ ሙሴ በግእዝ,1-4
11-14,314,አባ ስምዖን ገዳማዊ,ስምዖን ገዳማዊ,monthly,NO_BOOK,,,
11-14,314,አባ ዮሐንስ ጻድቅ,ዮሐንስ,monthly,WRONG_DATE,,AM-MEL-016:መልክዐ ቅዱስ ዮሐንስ ወንጌላዊ በአማርኛ | AM-MEL-020:መልክዐ አቡነ ዕጨጌ ዮሐንስ በአማርኛ | AM-MEL-021:መልክዐ አቡነ ዮሐንስ ጻድቅ በአማርኛ | AM-MEL-047:የቅዱስ ዮሐንስ 2ኛ መልክዕ በአማርኛ | AM-MEL-048:የቅዱስ ዮሐንስ መጥምቅ መልክዕ በአማርኛ | GZ-MEL-060:መልክዐ ቅዱስ ዮሐንስ መጥምቅ በግእዝ | GZ-MEL-061:መልክዐ ቅዱስ ዮሐንስ ካልእ በግእዝ | GZ-MEL-062:መልክዐ ቅዱስ ዮሐንስ ወንጌላዊ በግእዝ | GZ-MEL-104:መልክዐ አቡነ ዕጨጌ ዮሐንስ በግእዝ | GZ-MEL-109:መልክዐ አቡነ ዮሐንስ ከማ በግእዝ | GZ-MEL-110:መልክዐ አቡነ ዮሐንስ ዘድብረ ዳጋ በግእዝ | GZ-MEL-149:መልክዐ ዮሐንስ ወልደ ነጎድጓድ በግእዝ | GZ-MEL-150:መልክዐ ዮሐንስ ፍቁረ እግዚእ በግእዝ | AM-GDL-013:የቅዱስ ዮሐንስ ገድል በአማርኛ | GZ-GDL-018:ገድለ አቡነ ዮሐንስ በግእዝ | AM-GDL-027:ገድለ አቡነ እጨጌ ዮሐንስ ዘጸገሮ በአማርኛ,"1-1, 1-1, 1-2, 1-2, 1-4, 1-4, 1-4, 1-4, 1-4, 1-4"
11-14,314,እናታችን ቅድስት ነሣሒት,እናታችን ቅድስት ነሣሒት,monthly,NO_BOOK,,,
11-15,315,ቅዱስ ማር ኤፍሬም ሶርያዊ (አፈ በረከት),ማር ኤፍሬም ሶርያዊ,annual,NO_BOOK,,,
11-15,315,ብርሃናተ ዓለም ቅዱሳን ሐዋርያት ዼጥሮስ ወዻውሎስ,ብርሃናተ ዓለም ቅዱሳን ሐዋርያት ዼጥሮስ ወዻውሎስ,annual,NO_BOOK,,,
11-15,315,አባ ሐርዮንና ደቀ መዛሙርቱ (ሰማዕታት),ሐርዮንና ደቀ መዛሙርቱ,annual,NO_BOOK,,,
11-15,315,አባ ፍሬምናጦስ መስተጋድል,ፍሬምናጦስ መስተጋድል,annual,NO_BOOK,,,
11-15,315,ቅዱስ ቂርቆስና እናቱ ኢየሉጣ,ቂርቆስና እናቱ ኢየሉጣ,monthly,CORRECT,GZ-MEL-043:መልክዐ ሰማዕት ቅድስት ኢየሉጣ በግእዝ | AM-GDL-023:የቅዱስ ቂርቆስና የቅድስት ኢየሉጣ ገድል በአማርኛ,GZ-MEL-043:መልክዐ ሰማዕት ቅድስት ኢየሉጣ በግእዝ | AM-GDL-023:የቅዱስ ቂርቆስና የቅድስት ኢየሉጣ ገድል በአማርኛ,"1-15, 1-15, 2-15, 2-15, 3-15, 3-15, 4-15, 4-15, 5-15, 5-15"
11-15,315,ቅዱስ ሚናስ (ማር ሚና) ሰማዕት,ሚናስ,monthly,CORRECT,AM-MEL-013:መልክዐ ቅዱስ ሚናስ በአማርኛ | GZ-MEL-052:መልክዐ ቅዱስ ሚናስ በግእዝ,AM-MEL-013:መልክዐ ቅዱስ ሚናስ በአማርኛ | GZ-MEL-052:መልክዐ ቅዱስ ሚናስ በግእዝ,"1-15, 1-15, 2-15, 2-15, 3-15, 3-15, 4-15, 4-15, 5-15, 5-15"
11-15,315,ቅድስት እንባ መሪና,እንባ መሪና,monthly,NO_BOOK,,,
11-15,315,ቅድስት ክርስጢና,ክርስጢና,monthly,NO_BOOK,,,
11-16,316,ቅዱስ አባ ዮሐንስ ጻድቅ (ወንጌሉ ዘወርቅ),ዮሐንስ ጻድቅ,annual,CORRECT,AM-MEL-021:መልክዐ አቡነ ዮሐንስ ጻድቅ በአማርኛ,AM-MEL-021:መልክዐ አቡነ ዮሐንስ ጻድቅ በአማርኛ,"1-16, 2-16, 3-16, 4-16, 5-16, 5-20, 6-16, 7-16, 8-16, 9-7"
11-16,316,ኪዳነ ምሕረት (የሰባቱ ኪዳናት ማሕተም),ኪዳነ ምሕረት,monthly,CORRECT,AM-MEL-027:መልክዐ ኪዳነ ምሕረት በአማርኛ | GZ-MEL-141:መልክዐ ኪዳነ ምሕረት በግእዝ,AM-MEL-027:መልክዐ ኪዳነ ምሕረት በአማርኛ | GZ-MEL-141:መልክዐ ኪዳነ ምሕረት በግእዝ,"1-16, 1-16, 2-16, 2-16, 3-16, 3-16, 4-16, 4-16, 5-16, 5-16"
11-16,316,ቅድስት ኤልሳቤጥ (የመጥምቁ ዮሐንስ እናት),ኤልሳቤጥ,monthly,NO_BOOK,,,
11-16,316,ቅዱስ ገብረ ማርያም ጻድቅ ንጉሠ ኢትዮዽያ (የቅ/ላሊበላ ወንድም),ገብረ ማርያም ጻድቅ ንጉሠ ኢትዮዽያ,monthly,WRONG_DATE,,GZ-MEL-151:መልክዐ ገብረ መንፈስ ቅዱስ በግእዝ | GZ-MEL-152:መልክዐ ገብረ መንፈስ ቅዱስ ካልዕ በግእዝ | GZ-MEL-153:መልክዐ ገብረ ክርስቶስ በግእዝ | AM-GDL-007:ገድለ አቡነ ገብረ መንፈስ ቅዱስ በአማርኛ,"1-5, 1-5, 1-5, 2-5, 2-5, 2-5, 2-14, 3-5, 3-5, 3-5"
11-16,316,ቅዱስ አኖሬዎስ ንጉሥ ጻድቅ,አኖሬዎስ ንጉሥ,monthly,WRONG_DATE,,GZ-ZNA-002:ዜናሁ ለንጉሥ ገላውዴዎስ በግእዝ | GZ-ZNA-003:ዜና ሕይወቱ ለንጉሥ ላልይበላ በግእዝ,7-27
11-16,316,አባ አቡናፍር ገዳማዊ,አቡናፍር ገዳማዊ,monthly,NO_BOOK,,,
11-16,316,አባ ዳንኤል ጻድቅ,ዳንኤል,monthly,WRONG_DATE,,GZ-MEL-114:መልክዐ አቡነ ዳንኤል በግእዝ | GZ-GDL-028:ገድለ አቡነ ዳንኤል በግእዝ,"3-6, 3-6"
11-17,317,ቅዱስ ዮናስ ነቢይ (ከአሣ አንበሪ ሆድ የወጣበት),ዮናስ ነቢይ,annual,WRONG_DATE,,GZ-MEL-059:መልክዐ ቅዱስ ኤልያስ ነቢይ ሣልስ በግእዝ | GZ-MEL-113:መልክዐ አቡነ ዮናስ ዘደብረ ድኁኃን ዘደብረ ጽጌ ወዘደብረ ጽዮን በግእዝ | AM-DRS-005:ድርሳነ ኤልያስ ነቢይ በአማርኛ,"1-6, 1-6, 2-6, 2-6, 3-6, 3-6, 3-17, 4-1, 4-1, 4-6"
11-17,317,ቅድስት አውፎምያ (ጻድቅትና ሰማዕት),አውፎምያ,annual,NO_BOOK,,,
11-17,317,ቅዱስ ዮስጦስ ሰማዕት (ታላቁ),ዮስጦስ ሰማዕት,annual,CORRECT,GZ-MEL-063:መልክዐ ቅዱስ ዮስጦስ በግእዝ | GZ-GDL-010:ገድለ ቅዱስ ዮስጦስ በግእዝ,GZ-MEL-039:መልክዐ ሰማዕት ቅዱስ መርቆሬዎስ በግእዝ | GZ-MEL-040:መልክዐ ሰማዕት ቅዱስ ቴዎድሮስ በግእዝ | GZ-MEL-041:መልክዐ ሰማዕት ቅዱስ ፋሲለደስ በግእዝ | GZ-MEL-042:መልክዐ ሰማዕት ቅድስት አርሴማ በግእዝ | GZ-MEL-043:መልክዐ ሰማዕት ቅድስት ኢየሉጣ በግእዝ | GZ-MEL-063:መልክዐ ቅዱስ ዮስጦስ በግእዝ | GZ-MEL-122:መልክዐ አባ ኖብ ሰማዕት በግእዝ | GZ-GDL-002:ገድለ ሰማዕት ቅዱስ መርቆሬዎስ በግእዝ | AM-GDL-008:ገድለ ሰማዕት ቅድስት አርሴማ በአማርኛ | GZ-GDL-010:ገድለ ቅዱስ ዮስጦስ በግእዝ | GZ-GDL-014:ገድለ ቅዱስ ጊዮርጊስ ሰማዕት በግእዝ | AM-GDL-015:ገድለ ሰማዕት ቅዱስ መርቆሬዎስ በአማርኛ | AM-GDL-018:ገድለ ቅዱስ ጊዮርጊስ ሰማዕት በአማርኛ | GZ-GDL-031:ገድለ ሰማዕት ቅዱስ ቴዎድሮስ በግእዝ | GZ-GDL-033:ገድለ ሰማዕት ቅድስት አርሴማ በግእዝ | AM-GDL-030:ገድለ ሰማዕት ቅዱስ ቴዎድሮስ በአማርኛ,"1-6, 1-6, 1-6, 1-11, 1-12, 1-12, 1-12, 1-15, 1-18, 1-20"
11-17,317,ቅዱስ ዘካርያስ,ዘካርያስ,annual,NO_BOOK,,,
11-17,317,ቅዱስ እስጢፋኖስ ሊቀ ዲያቆናት (ቀዳሜ ሰማዕት),እስጢፋኖስ ሊቀ ዲያቆናት,monthly,CORRECT,AM-MEL-045:የቅዱስ እስጢፋኖስ 2ኛ መልክዕ በአማርኛ | GZ-MEL-016:መልክዐ ሊቀ ሰማዕታት ቅዱስ እስጢፋኖስ በግእዝ | GZ-MEL-017:መልክዐ ሊቀ ሰማዕታት ቅዱስ እስጢፋኖስ ካልእ በግእዝ | AM-GDL-009:ገድለ ቅዱስ እስጢፋኖስ አማርኛ | GZ-GDL-022:ገድለ ቅዱስ እስጢፋኖስ በግእዝ,AM-MEL-045:የቅዱስ እስጢፋኖስ 2ኛ መልክዕ በአማርኛ | GZ-MEL-016:መልክዐ ሊቀ ሰማዕታት ቅዱስ እስጢፋኖስ በግእዝ | GZ-MEL-017:መልክዐ ሊቀ ሰማዕታት ቅዱስ እስጢፋኖስ ካልእ በግእዝ | AM-GDL-009:ገድለ ቅዱስ እስጢፋኖስ አማርኛ | GZ-GDL-022:ገድለ ቅዱስ እስጢፋኖስ በግእዝ,"1-15, 1-15, 1-15, 1-15, 1-15, 1-17, 1-17, 1-17, 1-17, 1-17"
11-17,317,ቅዱስ ያዕቆብ ሐዋርያ (ወልደ ዘብዴዎስ),ያዕቆብ ሐዋርያ,monthly,WRONG_DATE,,AM-MEL-022:መልክዐ አብርሃም ይሥሐቅ ያዕቆብ በአማርኛ | AM-MEL-033:የሐዋርያው የቅዱስ ታዴዎስ መልክዕ በአማርኛ | AM-MEL-046:የቅዱስ እንድርያስ ሐዋርያ መልክዕ በአማርኛ | GZ-MEL-023:መልክዐ ሐዋርያት በግእዝ | GZ-MEL-124:መልክዐ አብርሃም ይሥሐቅ ወያዕቆብ በግእዝ | GZ-MEL-137:መልክዐ እንድርያስ ሐዋርያ በግእዝ | GZ-GDL-017:ገድለ አቡነ ተክለ ሐዋርያት በግእዝ | GZ-GDL-032:መጽሐፈ ገድለ ቅዱሳን ሐዋርያት በግእዝ | AM-ZNA-003:ዜና ሐዋርያት በአማርኛ,"1-2, 1-4, 1-4, 1-28, 1-28, 2-2, 2-4, 2-4, 2-28, 2-28"
11-17,317,ቅዱሳን አበው መክሲሞስና ዱማቴዎስ,አበው መክሲሞስና ዱማቴዎስ,monthly,WRONG_DATE,,AM-ZNA-002:ዜና አበው በአማርኛ,"3-4, 5-26"
11-17,317,አባ ገሪማ ዘመደራ,ገሪማ ዘመደራ,monthly,CORRECT,AM-GDL-017:ገድለ አቡነ ገሪማ በአማርኛ,AM-GDL-017:ገድለ አቡነ ገሪማ በአማርኛ,"1-17, 2-17, 3-17, 4-17, 5-17, 6-17, 7-17, 8-17, 9-17, 10-17"
11-17,317,አባ ዸላሞን ፈላሢ,ዸላሞን ፈላሢ,monthly,NO_BOOK,,,
11-17,317,አባ ለትጹን የዋህ,ለትጹን የዋህ,monthly,NO_BOOK,,,
11-17,317,ቅዱስ ኤዺፋንዮስ ሊቅ (ዘደሴተ ቆዽሮስ),ኤዺፋንዮስ ሊቅ,monthly,NO_BOOK,,,
11-18,318,ቅዱስ ያዕቆብ ሐዋርያ (ከ፯፪ቱ አርድእት-የመጀመሪያው የኢየሩሳሌም ሊቀ ዻዻሳት),ያዕቆብ ሐዋርያ,annual,WRONG_DATE,,AM-MEL-022:መልክዐ አብርሃም ይሥሐቅ ያዕቆብ በአማርኛ | AM-MEL-033:የሐዋርያው የቅዱስ ታዴዎስ መልክዕ በአማርኛ | AM-MEL-046:የቅዱስ እንድርያስ ሐዋርያ መልክዕ በአማርኛ | GZ-MEL-023:መልክዐ ሐዋርያት በግእዝ | GZ-MEL-124:መልክዐ አብርሃም ይሥሐቅ ወያዕቆብ በግእዝ | GZ-MEL-137:መልክዐ እንድርያስ ሐዋርያ በግእዝ | GZ-GDL-017:ገድለ አቡነ ተክለ ሐዋርያት በግእዝ | GZ-GDL-032:መጽሐፈ ገድለ ቅዱሳን ሐዋርያት በግእዝ | AM-ZNA-003:ዜና ሐዋርያት በአማርኛ,"1-2, 1-4, 1-4, 1-28, 1-28, 2-2, 2-4, 2-4, 2-28, 2-28"
11-18,318,ቅዱስ አትናቴዎስ ሰማዕት,አትናቴዎስ,annual,NO_BOOK,,,
11-18,318,ቅዱስ እንድራኒቆስ ሰማዕት,እንድራኒቆስ,annual,NO_BOOK,,,
11-18,318,"""፱,000"" ሰማዕታት (የቅዱስ ኤስድሮስ ማሕበር)","""፱,000"" ሰማዕታት",annual,WRONG_DATE,,AM-MEL-065:ጸሎተ መልክዐ ሥቃዩ ለቅዱስ ጊዮርጊስ ሊቀ ሰማዕታት በአማርኛ | AM-MEL-066:ጸሎተ መልክዕ ዘቅዱስ ጊዮርጊስ ሊቀ ሰማዕታት በአማርኛ | AM-MEL-067:ጸሎተ መልክዕ ዘቅዱስ ጊዮርጊስ ሊቀ ሰማዕታት ካልዕ በአማርኛ | AM-SIB-001:ስብሐተ ፍቁር ዘቅዱስ ጊዮርጊስ ሊቀ ሰማዕታት በአማርኛ | GZ-MEL-016:መልክዐ ሊቀ ሰማዕታት ቅዱስ እስጢፋኖስ በግእዝ | GZ-MEL-017:መልክዐ ሊቀ ሰማዕታት ቅዱስ እስጢፋኖስ ካልእ በግእዝ | AM-GDL-010:ገድለ ሰማዕታት በአማርኛ,"1-15, 1-15, 1-17, 1-17, 1-23, 1-23, 1-23, 1-23, 2-17, 2-17"
11-18,318,ቅዱስ ፊልዾስ ሐዋርያ,ፊልዾስ,monthly,NO_BOOK,,,
11-18,318,አቡነ ኤዎስጣቴዎስ ሰባኬ ሃይማኖት (ረባን),ኤዎስጣቴዎስ ሰባኬ ሃይማኖት,monthly,CORRECT,GZ-MEL-135:መልክዐ ኤዎስጣቴዎስ በግእዝ,AM-MEL-057:የአቡነ ተክለ ሃይማኖት 2ኛ መልክዕ በአማርኛ | AM-MEL-058:የአቡነ ተክለ ሃይማኖት መልክዕ በአማርኛ | GZ-MEL-068:መልክዐ ተክለ ሃይማኖት በግእዝ | GZ-MEL-069:መልክዐ ተክለ ሃይማኖት ካልእ በግእዝ | GZ-MEL-092:መልክዐ አቡነ ተክለ ሃይማኖት በግእዝ | GZ-MEL-135:መልክዐ ኤዎስጣቴዎስ በግእዝ | AM-GDL-004:ገድለ ተክለ ሃይማኖት በአማርኛ,"1-18, 1-24, 1-24, 1-24, 1-24, 1-24, 1-24, 2-18, 2-24, 2-24"
11-18,318,አቡነ አኖሬዎስ ዘደብረ ጽጋጋ,አኖሬዎስ ዘደብረ ጽጋጋ,monthly,NO_BOOK,,,
11-18,318,ማር ያዕቆብ ግብፃዊ,ማር ያዕቆብ ግብፃዊ,monthly,WRONG_DATE,,AM-MEL-022:መልክዐ አብርሃም ይሥሐቅ ያዕቆብ በአማርኛ | GZ-MEL-124:መልክዐ አብርሃም ይሥሐቅ ወያዕቆብ በግእዝ,"1-28, 1-28, 2-28, 2-28, 3-28, 3-28, 4-28, 4-28, 5-28, 5-28"
11-19,319,ቅዱስ ገብርኤል ሊቀ መላእክት,ገብርኤል ሊቀ መላእክት,annual,CORRECT,AM-MEL-050:የቅዱስ ገብርኤል መልክዕ በአማርኛ | GZ-MEL-013:መልክዐ ሊቀ መላእክት ቅዱስ ገብርኤል በግእዝ | GZ-MEL-014:መልክዐ ሊቀ መላእክት ቅዱስ ገብርኤል ካልዕ (ደቅስዮስ) በግእዝ | AM-DRS-003:ድርሳነ ገብርኤል በአማርኛ | GZ-DRS-010:ድርሳነ ገብርኤል በግእዝ,AM-DIR-001:የሰባቱ ሊቃነ መላእክት ድርሳን በአማርኛ | AM-MEL-038:የቅዱሳን አእላፍ መላእክት 2ኛ መልክዕ በአማርኛ | AM-MEL-050:የቅዱስ ገብርኤል መልክዕ በአማርኛ | GZ-MEL-004:መልክዐ ሊቀ መላእክት ቅዱስ ሚካኤል ሣልስ በግእዝ | GZ-MEL-005:መልክዐ ሊቀ መላእክት ቅዱስ ሚካኤል ካልዕ በግእዝ | GZ-MEL-006:መልክዐ ሊቀ መላእክት ቅዱስ ሩፋኤል በግእዝ | GZ-MEL-007:መልክዐ ሊቀ መላእክት ቅዱስ ራጉኤል በግእዝ | GZ-MEL-008:መልክዐ ሊቀ መላእክት ቅዱስ ሱርያል በግእዝ | GZ-MEL-009:መልክዐ ሊቀ መላእክት ቅዱስ በግእዝ | GZ-MEL-010:መልክዐ ሊቀ መላእክት ቅዱስ አፍኒን በግእዝ | GZ-MEL-011:መልክዐ ሊቀ መላእክት ቅዱስ ዑራኤል በግእዝ | GZ-MEL-012:መልክዐ ሊቀ መላእክት ቅዱስ ዑራኤል ካልእ በግእዝ | GZ-MEL-013:መልክዐ ሊቀ መላእክት ቅዱስ ገብርኤል በግእዝ | GZ-MEL-014:መልክዐ ሊቀ መላእክት ቅዱስ ገብርኤል ካልዕ (ደቅስዮስ) በግእዝ | GZ-MEL-015:መልክዐ ሊቀ መላእክት ቅዱስ ፋኑኤል በግእዝ | GZ-MEL-125:መልክዐ አእላፍ መላእክት በግእዝ | GZ-MEL-126:መልክዐ አእላፍ መላእክት ካልእ በግእዝ | GZ-MEL-165:መልክዐ ሊቀ መላእክት ቅዱስ ሚካኤል ካልዕ በግእ | AM-DRS-003:ድርሳነ ገብርኤል በአማርኛ | GZ-DRS-010:ድርሳነ ገብርኤል በግእዝ,"1-1, 1-3, 1-9, 1-9, 1-9, 1-12, 1-12, 1-12, 1-12, 1-13"
11-19,319,ቅዱስ ቂርቆስ ወእሙ ኢየሉጣ,ቂርቆስ ወእሙ ኢየሉጣ,annual,CORRECT,AM-MEL-015:መልክዐ ቅዱስ ቂርቆስ በአማርኛ | GZ-MEL-043:መልክዐ ሰማዕት ቅድስት ኢየሉጣ በግእዝ | GZ-MEL-054:መልክዐ ቅዱስ ቂርቆስ በግእዝ | AM-GDL-023:የቅዱስ ቂርቆስና የቅድስት ኢየሉጣ ገድል በአማርኛ,AM-MEL-015:መልክዐ ቅዱስ ቂርቆስ በአማርኛ | GZ-MEL-043:መልክዐ ሰማዕት ቅድስት ኢየሉጣ በግእዝ | GZ-MEL-054:መልክዐ ቅዱስ ቂርቆስ በግእዝ | AM-GDL-023:የቅዱስ ቂርቆስና የቅድስት ኢየሉጣ ገድል በአማርኛ,"1-15, 1-15, 1-15, 1-15, 2-15, 2-15, 2-15, 2-15, 3-15, 3-15"
11-19,319,ቅዱስ በጥላን ጠቢብ ሰማዕት እና ማሕበሩ,በጥላን ጠቢብ ሰማዕት እና ማሕበሩ,annual,NO_BOOK,,,
11-19,319,ቅዱሳን ሰማዕታተ እስና,ሰማዕታተ እስና,annual,NO_BOOK,,,
11-19,319,ቅዱስ ኤስድሮስ ሰማዕት,ኤስድሮስ,monthly,NO_BOOK,,,
11-19,319,አቡነ ዓቢየ እግዚእ ጻድቅ,ዓቢየ እግዚእ,monthly,CORRECT,GZ-MEL-145:መልክዐ ዓቢየ እግዚእ በግእዝ,GZ-MEL-145:መልክዐ ዓቢየ እግዚእ በግእዝ,"1-19, 2-19, 3-19, 4-19, 5-19, 6-19, 7-19, 8-19, 9-19, 10-19"
11-19,319,አቡነ ስነ ኢየሱስ,ስነ ኢየሱስ,monthly,WRONG_DATE,,AM-MEL-002:መልክአ ኢየሱስ በአማርኛ | GZ-MEL-130:መልክዐ ኢየሱስ ሞዐ በግእዝ | GZ-MEL-131:መልክዐ ኢየሱስ በግእዝ | GZ-MEL-132:መልክዐ ኢየሱስ ካልዕ በግእዝ | AM-TAM-001:ተአምረ ኢየሱስ በአማርኛ | TI-TAM-001:ተአምረ ኢየሱስ ብትግርኛ | GZ-TAM-002:ተአምረ ኢየሱስ በግእዝ | AM-GDL-026:ገድለ አቡነ ኢየሱስ ሞዐ በአማርኛ,"1-26, 1-26, 1-29, 1-29, 1-29, 1-29, 1-29, 1-29, 2-26, 2-26"
11-19,319,አቡነ ዮሴፍ ብርሃነ ዓለም,ዮሴፍ ብርሃነ ዓለም,monthly,CORRECT,GZ-MEL-111:መልክዐ አቡነ ዮሴፍ በግእዝ | GZ-GDL-029:ገድለ አቡነ ዮሴፍ በግእዝ,AM-MEL-034:የመድኀኔ ዓለም 3ኛ መልክዕ በአማርኛ | AM-MEL-035:የመድኀኔ ዓለም መልክዕ በአማርኛ | GZ-MEL-001:ሐዲስ መልክዐ መድኃኔዓለም በግእዝ | GZ-MEL-027:መልክዐ መድኀኔ ዓለም ሣልስ በግዕዝ | GZ-MEL-028:መልክዐ መድኃኔ ዓለም በግእዝ | GZ-MEL-111:መልክዐ አቡነ ዮሴፍ በግእዝ | GZ-DRS-005:ድርሳነ መድኃኔ ዓለም በግእዝ | AM-DRS-004:ድርሳነ መድኃኔ ዓለም በአማርኛ | GZ-GDL-029:ገድለ አቡነ ዮሴፍ በግእዝ,"1-19, 1-19, 1-27, 1-27, 1-27, 1-27, 1-27, 1-27, 1-27, 2-19"
11-20,320,በዓታ ለእግዝእትነ ማርያም (በ፰0 ዕለት),በዓታ ለእግዝእትነ ማርያም,annual,WRONG_DATE,,AM-LAH-001:ላሐ ማርያም በአማርኛ | AM-MEL-008:መልክዐ ማርያም ሣልሲት በአማርኛ | AM-MEL-009:መልክዐ ማርያም በአማርኛ | AM-MEL-017:መልክዐ ቅድስት ጸበለ ማርያም በአማርኛ | AM-MEL-064:የጽዮን ማርያም 3ኛ መልክዕ በአማርኛ | AM-RAY-001:ራዕየ ማርያም በአማርኛ | AM-WUD-002:ውዳሴ ማርያም በአማርኛ | GZ-ETA-001:እትአመነኪ ማርያም በሰማይ ወበምድር በግእዝ | GZ-LAH-001:ላሐ ማርያም በግእዝ | GZ-MEL-002:መልከዐ ማርያም ዳግሚት በግእዝ | GZ-MEL-031:መልክዐ ማርያም ሣልሲት በግእዝ | GZ-MEL-032:መልክዐ ማርያም በግእዝ | GZ-MEL-070:መልክዐ ተክለ ማርያም ዘይሰመይ መብዓ ጽዮን በግእዝ | GZ-MEL-099:መልክዐ አቡነ አብሳዲ ዘደብረ ማርያም በግእዝ | GZ-MEL-159:መልክዐ ጸበለ ማርያም ቅድስት በግእዝ | GZ-MEL-161:መልክዐ ጽዮን ማርያም ሣልስ በግእዝ | GZ-WUD-002:ውዳሴ ማርያም በግእዝ | TI-RAY-001:ራእየ ማርያም ብትግርኛ | TI-WUD-001:ውዳሴ ማርያም ብትግርኛ | AM-GDL-002:ገድለ ማርያም እንተ ዕፍረት በአማርኛ | GZ-TAM-001:ተአምረ ማርያም በግእዝ | AM-GDL-003:ገድለ ማርያም መግደላዊት በአማርኛ | GZ-MTS-001:መጽሐፈ ልደታ ለማርያም በግእዝ | AM-TAM-002:ተአምረ ማርያም በአማርኛ,"None-None, None-None, None-None, 1-1, 1-21, 1-21, 1-21, 1-21, 1-21, 1-21"
11-20,320,ቅዱስ ወክቡር ማር ቴዎድሮስ ሰማዕት (የሠራዊት አለቃ),ወክቡር ማር ቴዎድሮስ ሰማዕት,annual,CORRECT,GZ-MEL-040:መልክዐ ሰማዕት ቅዱስ ቴዎድሮስ በግእዝ | GZ-GDL-031:ገድለ ሰማዕት ቅዱስ ቴዎድሮስ በግእዝ | AM-GDL-030:ገድለ ሰማዕት ቅዱስ ቴዎድሮስ በአማርኛ,GZ-MEL-039:መልክዐ ሰማዕት ቅዱስ መርቆሬዎስ በግእዝ | GZ-MEL-040:መልክዐ ሰማዕት ቅዱስ ቴዎድሮስ በግእዝ | GZ-MEL-041:መልክዐ ሰማዕት ቅዱስ ፋሲለደስ በግእዝ | GZ-MEL-042:መልክዐ ሰማዕት ቅድስት አርሴማ በግእዝ | GZ-MEL-043:መልክዐ ሰማዕት ቅድስት ኢየሉጣ በግእዝ | GZ-MEL-122:መልክዐ አባ ኖብ ሰማዕት በግእዝ | GZ-GDL-002:ገድለ ሰማዕት ቅዱስ መርቆሬዎስ በግእዝ | AM-GDL-008:ገድለ ሰማዕት ቅድስት አርሴማ በአማርኛ | GZ-GDL-014:ገድለ ቅዱስ ጊዮርጊስ ሰማዕት በግእዝ | AM-GDL-015:ገድለ ሰማዕት ቅዱስ መርቆሬዎስ በአማርኛ | AM-GDL-018:ገድለ ቅዱስ ጊዮርጊስ ሰማዕት በአማርኛ | GZ-GDL-031:ገድለ ሰማዕት ቅዱስ ቴዎድሮስ በግእዝ | GZ-GDL-033:ገድለ ሰማዕት ቅድስት አርሴማ በግእዝ | AM-GDL-030:ገድለ ሰማዕት ቅዱስ ቴዎድሮስ በአማርኛ,"1-6, 1-6, 1-6, 1-11, 1-12, 1-12, 1-12, 1-15, 1-18, 1-20"
11-20,320,ቅዱስ ጢሞቴዎስ ዘእስክንድርያ,ጢሞቴዎስ ዘእስክንድርያ,annual,NO_BOOK,,,
11-20,320,ቅዱስ ዮሐንስ ሐፂር,ዮሐንስ ሐፂር,monthly,WRONG_DATE,,AM-MEL-016:መልክዐ ቅዱስ ዮሐንስ ወንጌላዊ በአማርኛ | AM-MEL-020:መልክዐ አቡነ ዕጨጌ ዮሐንስ በአማርኛ | AM-MEL-021:መልክዐ አቡነ ዮሐንስ ጻድቅ በአማርኛ | AM-MEL-047:የቅዱስ ዮሐንስ 2ኛ መልክዕ በአማርኛ | AM-MEL-048:የቅዱስ ዮሐንስ መጥምቅ መልክዕ በአማርኛ | GZ-MEL-060:መልክዐ ቅዱስ ዮሐንስ መጥምቅ በግእዝ | GZ-MEL-061:መልክዐ ቅዱስ ዮሐንስ ካልእ በግእዝ | GZ-MEL-062:መልክዐ ቅዱስ ዮሐንስ ወንጌላዊ በግእዝ | GZ-MEL-104:መልክዐ አቡነ ዕጨጌ ዮሐንስ በግእዝ | GZ-MEL-109:መልክዐ አቡነ ዮሐንስ ከማ በግእዝ | GZ-MEL-110:መልክዐ አቡነ ዮሐንስ ዘድብረ ዳጋ በግእዝ | GZ-MEL-149:መልክዐ ዮሐንስ ወልደ ነጎድጓድ በግእዝ | GZ-MEL-150:መልክዐ ዮሐንስ ፍቁረ እግዚእ በግእዝ | AM-GDL-013:የቅዱስ ዮሐንስ ገድል በአማርኛ | GZ-GDL-018:ገድለ አቡነ ዮሐንስ በግእዝ | AM-GDL-027:ገድለ አቡነ እጨጌ ዮሐንስ ዘጸገሮ በአማርኛ,"1-1, 1-1, 1-2, 1-2, 1-4, 1-4, 1-4, 1-4, 1-4, 1-4"
11-20,320,ቅዱስ አክሎግ ቀሲስ,አክሎግ ቀሲስ,monthly,NO_BOOK,,,
11-20,320,ቅዱስ አፄ ካሌብ ጻድቅ (ንጉሠ ኢትዮዽያ),አፄ ካሌብ ጻድቅ,monthly,WRONG_DATE,,AM-MEL-003:መልክዐ ለአቡነ አቢብ ጻድቅ በአማርኛ | AM-MEL-021:መልክዐ አቡነ ዮሐንስ ጻድቅ በአማርኛ | AM-MEL-060:የአቡነ አባለ ክርስቶስ ጻድቅ መልክዕ በአማርኛ,"1-16, 1-25, 2-16, 2-25, 3-16, 3-25, 4-16, 4-19, 4-25, 5-16"
11-20,320,አባ አሞንዮስ ዘሃገረ ቶና,አሞንዮስ ዘሃገረ ቶና,monthly,NO_BOOK,,,
11-20,320,ቅድስት ሳድዥ የዋሒት,ሳድዥ የዋሒት,monthly,NO_BOOK,,,
11-21,321,ቅድስት ድንግል እግዝእትነ ማርያም ወላዲተ አምላክ,ድንግል እግዝእትነ ማርያም ወላዲተ አምላክ,annual,WRONG_DATE,,AM-MEL-019:መልክዐ አቡነ ሐራ ድንግል በአማርኛ | AM-WUD-003:ውዳሴ አምላክ በአማርኛ | GZ-MEL-021:መልክዐ ሐራ ድንግል በግእዝ | GZ-MEL-088:መልክዐ አቡነ ቡሩከ አምላክ ዘደብረ ኮል በግእዝ | GZ-MEL-089:መልክዐ አቡነ ብፁዓ አምላክ ዘደብረ ምዕዋን ወዘደብረ ኰዳዱ በግእዝ | TI-WUD-002:ውዳሴ አምላክ ብትግርኛ,"None-None, None-None, 1-11, 1-11, 2-11, 2-11, 3-11, 3-11, 4-1, 4-11"
11-21,321,ቅዱስ ዑራኤል ሊቀ መላእክት,ዑራኤል ሊቀ መላእክት,annual,CORRECT,GZ-MEL-011:መልክዐ ሊቀ መላእክት ቅዱስ ዑራኤል በግእዝ | GZ-MEL-012:መልክዐ ሊቀ መላእክት ቅዱስ ዑራኤል ካልእ በግእዝ | GZ-DRS-001:ድርሳነ ዑራኤል በግእዝ | AM-DRS-006:ድርሳነ ዑራኤል በአማርኛ,AM-DIR-001:የሰባቱ ሊቃነ መላእክት ድርሳን በአማርኛ | AM-MEL-038:የቅዱሳን አእላፍ መላእክት 2ኛ መልክዕ በአማርኛ | GZ-MEL-004:መልክዐ ሊቀ መላእክት ቅዱስ ሚካኤል ሣልስ በግእዝ | GZ-MEL-005:መልክዐ ሊቀ መላእክት ቅዱስ ሚካኤል ካልዕ በግእዝ | GZ-MEL-006:መልክዐ ሊቀ መላእክት ቅዱስ ሩፋኤል በግእዝ | GZ-MEL-007:መልክዐ ሊቀ መላእክት ቅዱስ ራጉኤል በግእዝ | GZ-MEL-008:መልክዐ ሊቀ መላእክት ቅዱስ ሱርያል በግእዝ | GZ-MEL-009:መልክዐ ሊቀ መላእክት ቅዱስ በግእዝ | GZ-MEL-010:መልክዐ ሊቀ መላእክት ቅዱስ አፍኒን በግእዝ | GZ-MEL-011:መልክዐ ሊቀ መላእክት ቅዱስ ዑራኤል በግእዝ | GZ-MEL-012:መልክዐ ሊቀ መላእክት ቅዱስ ዑራኤል ካልእ በግእዝ | GZ-MEL-013:መልክዐ ሊቀ መላእክት ቅዱስ ገብርኤል በግእዝ | GZ-MEL-014:መልክዐ ሊቀ መላእክት ቅዱስ ገብርኤል ካልዕ (ደቅስዮስ) በግእዝ | GZ-MEL-015:መልክዐ ሊቀ መላእክት ቅዱስ ፋኑኤል በግእዝ | GZ-MEL-125:መልክዐ አእላፍ መላእክት በግእዝ | GZ-MEL-126:መልክዐ አእላፍ መላእክት ካልእ በግእዝ | GZ-MEL-165:መልክዐ ሊቀ መላእክት ቅዱስ ሚካኤል ካልዕ በግእ | GZ-DRS-001:ድርሳነ ዑራኤል በግእዝ | AM-DRS-006:ድርሳነ ዑራኤል በአማርኛ,"1-1, 1-3, 1-9, 1-9, 1-9, 1-12, 1-12, 1-12, 1-12, 1-13"
11-21,321,አቡነ በጸሎተ ሚካኤል ጻድቅ (ኢትዮዽያዊ),በጸሎተ ሚካኤል ጻድቅ,annual,CORRECT,GZ-MEL-121:መልክዐ አባ በጸሎተ ሚካኤል በግእዝ | AM-GDL-011:ገድለ አቡነ በጸሎተ ሚካኤል በአማርኛ | GZ-GDL-015:ገድለ አቡነ በጸሎተ ሚካኤል በግእዝ,AM-MEL-003:መልክዐ ለአቡነ አቢብ ጻድቅ በአማርኛ | AM-MEL-021:መልክዐ አቡነ ዮሐንስ ጻድቅ በአማርኛ | AM-MEL-060:የአቡነ አባለ ክርስቶስ ጻድቅ መልክዕ በአማርኛ | GZ-MEL-121:መልክዐ አባ በጸሎተ ሚካኤል በግእዝ | AM-GDL-011:ገድለ አቡነ በጸሎተ ሚካኤል በአማርኛ | GZ-GDL-015:ገድለ አቡነ በጸሎተ ሚካኤል በግእዝ,"1-16, 1-21, 1-21, 1-21, 1-25, 2-6, 2-6, 2-6, 2-16, 2-21"
11-21,321,ቅዱስ ላዕከ ማርያም ሔር (ኢትዮዽያዊ),ላዕከ ማርያም ሔር,annual,CORRECT,AM-LAH-001:ላሐ ማርያም በአማርኛ | AM-MEL-008:መልክዐ ማርያም ሣልሲት በአማርኛ | AM-MEL-009:መልክዐ ማርያም በአማርኛ | AM-MEL-064:የጽዮን ማርያም 3ኛ መልክዕ በአማርኛ | AM-RAY-001:ራዕየ ማርያም በአማርኛ | GZ-ETA-001:እትአመነኪ ማርያም በሰማይ ወበምድር በግእዝ | GZ-LAH-001:ላሐ ማርያም በግእዝ | GZ-MEL-002:መልከዐ ማርያም ዳግሚት በግእዝ | GZ-MEL-031:መልክዐ ማርያም ሣልሲት በግእዝ | GZ-MEL-032:መልክዐ ማርያም በግእዝ | GZ-MEL-161:መልክዐ ጽዮን ማርያም ሣልስ በግእዝ | TI-RAY-001:ራእየ ማርያም ብትግርኛ | GZ-TAM-001:ተአምረ ማርያም በግእዝ | AM-TAM-002:ተአምረ ማርያም በአማርኛ,AM-LAH-001:ላሐ ማርያም በአማርኛ | AM-MEL-008:መልክዐ ማርያም ሣልሲት በአማርኛ | AM-MEL-009:መልክዐ ማርያም በአማርኛ | AM-MEL-017:መልክዐ ቅድስት ጸበለ ማርያም በአማርኛ | AM-MEL-064:የጽዮን ማርያም 3ኛ መልክዕ በአማርኛ | AM-RAY-001:ራዕየ ማርያም በአማርኛ | AM-WUD-002:ውዳሴ ማርያም በአማርኛ | GZ-ETA-001:እትአመነኪ ማርያም በሰማይ ወበምድር በግእዝ | GZ-LAH-001:ላሐ ማርያም በግእዝ | GZ-MEL-002:መልከዐ ማርያም ዳግሚት በግእዝ | GZ-MEL-031:መልክዐ ማርያም ሣልሲት በግእዝ | GZ-MEL-032:መልክዐ ማርያም በግእዝ | GZ-MEL-070:መልክዐ ተክለ ማርያም ዘይሰመይ መብዓ ጽዮን በግእዝ | GZ-MEL-099:መልክዐ አቡነ አብሳዲ ዘደብረ ማርያም በግእዝ | GZ-MEL-159:መልክዐ ጸበለ ማርያም ቅድስት በግእዝ | GZ-MEL-161:መልክዐ ጽዮን ማርያም ሣልስ በግእዝ | GZ-WUD-002:ውዳሴ ማርያም በግእዝ | TI-RAY-001:ራእየ ማርያም ብትግርኛ | TI-WUD-001:ውዳሴ ማርያም ብትግርኛ | AM-GDL-002:ገድለ ማርያም እንተ ዕፍረት በአማርኛ | GZ-TAM-001:ተአምረ ማርያም በግእዝ | AM-GDL-003:ገድለ ማርያም መግደላዊት በአማርኛ | GZ-MTS-001:መጽሐፈ ልደታ ለማርያም በግእዝ | AM-TAM-002:ተአምረ ማርያም በአማርኛ,"None-None, None-None, None-None, 1-1, 1-21, 1-21, 1-21, 1-21, 1-21, 1-21"
11-21,321,አቡነ ኤዎስጣቴዎስ (ኢትዮዽያዊ) ልደታቸው,ኤዎስጣቴዎስ  ልደታቸው,annual,WRONG_DATE,,GZ-MEL-135:መልክዐ ኤዎስጣቴዎስ በግእዝ,"1-18, 2-18, 3-18, 4-18, 5-18, 6-18, 7-18, 8-18, 9-18, 10-18"
11-21,321,ብጹዕ አወ ክርስቶስና ሚስቱ (ጻድቃን),ብጹዕ አወ ክርስቶስና ሚስቱ,annual,WRONG_DATE,,GZ-DRS-006:ድርሳን ዘብጹዕ ፊሳልጎስ በግእዝ,
11-21,321,ቅዱስ ሱስንዮስ ጻድቅ,ሱስንዮስ,annual,WRONG_DATE,,GZ-GDL-009:ገድለ ቅዱስ ሱስንዮስ በግእዝ,8-26
11-21,321,ቅዱስ ዮራኖስ መኮንን (የ100 አለቃው),ዮራኖስ መኮንን,annual,NO_BOOK,,,
11-21,321,አበው ጎርጎርዮሳት,አበው ጎርጎርዮሳት,monthly,WRONG_DATE,,AM-ZNA-002:ዜና አበው በአማርኛ,"3-4, 5-26"
11-21,321,አቡነ ምዕመነ ድንግል,ምዕመነ ድንግል,monthly,WRONG_DATE,,AM-MEL-019:መልክዐ አቡነ ሐራ ድንግል በአማርኛ | GZ-MEL-021:መልክዐ ሐራ ድንግል በግእዝ,"1-11, 1-11, 2-11, 2-11, 3-11, 3-11, 4-11, 4-11, 5-11, 5-11"
11-21,321,አቡነ አምደ ሥላሴ,አምደ ሥላሴ,monthly,WRONG_DATE,,AM-MEL-010:መልክዐ ሥላሴ በአማርኛ | AM-SEY-002:ሰይፈ ሥላሴ በአማርኛ | GZ-HIB-001:ኅብረ ሥላሴ በግእዝ | GZ-MEL-035:መልክዐ ሥላሴ በግእዝ | GZ-MEL-077:መልክዐ አቡነ መዝገበ ሥላሴ በግእዝ | GZ-SEY-002:ሰይፈ ሥላሴ በግእዝ | AM-ZNA-001:ዜና ሥላሴ በአማርኛ | GZ-ZNA-004:ዜና ሥላሴ በግእዝ | GZ-TAM-003:ተአምራቲሆሙ ለሥላሴ,"None-None, None-None, None-None, None-None, None-None, None-None, None-None, 1-7, 2-7, 2-9"
11-21,321,አባ አሮን ሶርያዊ,አሮን ሶርያዊ,monthly,WRONG_DATE,,GZ-MEL-128:መልክዐ አᎄነ አሮን መንክራዌ በግእዝ | GZ-GDL-024:ገድለ አቡነ አሮን መንክራዊ ግእዝ | AM-GDL-028:ገድለ አቡነ አሮን መንክራዊ በአማርኛ,"1-5, 1-5, 1-5, 2-5, 2-5, 2-5, 3-5, 3-5, 3-5, 4-5"
11-21,321,አባ መርትያኖስ ጻድቅ️,መርትያኖስ ጻድቅ️,monthly,NO_BOOK,,,
11-22,322,አቡነ ዼጥሮስ ሰማዕት (ኢትዮዽያዊ),ዼጥሮስ ሰማዕት,annual,WRONG_DATE,,GZ-MEL-039:መልክዐ ሰማዕት ቅዱስ መርቆሬዎስ በግእዝ | GZ-MEL-040:መልክዐ ሰማዕት ቅዱስ ቴዎድሮስ በግእዝ | GZ-MEL-041:መልክዐ ሰማዕት ቅዱስ ፋሲለደስ በግእዝ | GZ-MEL-042:መልክዐ ሰማዕት ቅድስት አርሴማ በግእዝ | GZ-MEL-043:መልክዐ ሰማዕት ቅድስት ኢየሉጣ በግእዝ | GZ-MEL-122:መልክዐ አባ ኖብ ሰማዕት በግእዝ | GZ-GDL-002:ገድለ ሰማዕት ቅዱስ መርቆሬዎስ በግእዝ | AM-GDL-008:ገድለ ሰማዕት ቅድስት አርሴማ በአማርኛ | GZ-GDL-014:ገድለ ቅዱስ ጊዮርጊስ ሰማዕት በግእዝ | AM-GDL-015:ገድለ ሰማዕት ቅዱስ መርቆሬዎስ በአማርኛ | AM-GDL-018:ገድለ ቅዱስ ጊዮርጊስ ሰማዕት በአማርኛ | GZ-GDL-031:ገድለ ሰማዕት ቅዱስ ቴዎድሮስ በግእዝ | GZ-GDL-033:ገድለ ሰማዕት ቅድስት አርሴማ በግእዝ | AM-GDL-030:ገድለ ሰማዕት ቅዱስ ቴዎድሮስ በአማርኛ,"1-6, 1-6, 1-6, 1-11, 1-12, 1-12, 1-12, 1-15, 1-18, 1-20"
11-22,322,ቅዱስ መቃርስ ሰማዕት (የፋሲለደስ ልጅ),መቃርስ ሰማዕት,annual,WRONG_DATE,,GZ-MEL-039:መልክዐ ሰማዕት ቅዱስ መርቆሬዎስ በግእዝ | GZ-MEL-040:መልክዐ ሰማዕት ቅዱስ ቴዎድሮስ በግእዝ | GZ-MEL-041:መልክዐ ሰማዕት ቅዱስ ፋሲለደስ በግእዝ | GZ-MEL-042:መልክዐ ሰማዕት ቅድስት አርሴማ በግእዝ | GZ-MEL-043:መልክዐ ሰማዕት ቅድስት ኢየሉጣ በግእዝ | GZ-MEL-122:መልክዐ አባ ኖብ ሰማዕት በግእዝ | GZ-GDL-002:ገድለ ሰማዕት ቅዱስ መርቆሬዎስ በግእዝ | AM-GDL-008:ገድለ ሰማዕት ቅድስት አርሴማ በአማርኛ | GZ-GDL-014:ገድለ ቅዱስ ጊዮርጊስ ሰማዕት በግእዝ | AM-GDL-015:ገድለ ሰማዕት ቅዱስ መርቆሬዎስ በአማርኛ | AM-GDL-018:ገድለ ቅዱስ ጊዮርጊስ ሰማዕት በአማርኛ | GZ-GDL-031:ገድለ ሰማዕት ቅዱስ ቴዎድሮስ በግእዝ | GZ-GDL-033:ገድለ ሰማዕት ቅድስት አርሴማ በግእዝ | AM-GDL-030:ገድለ ሰማዕት ቅዱስ ቴዎድሮስ በአማርኛ,"1-6, 1-6, 1-6, 1-11, 1-12, 1-12, 1-12, 1-15, 1-18, 1-20"
11-22,322,ቅዱስ ለውንትዮስ (ክቡር ሰማዕት),ለውንትዮስ,annual,NO_BOOK,,,
11-22,322,አባ እንጦንስ አበ መነኮሳት (ቅዳሴ ቤታቸው),እንጦንስ አበ መነኮሳት,annual,NO_BOOK,,,
11-22,322,ቅዱስ መርካሎስ,መርካሎስ,annual,NO_BOOK,,,
11-22,322,ቅዱስ ዑራኤል ሊቀ መላእክት,ዑራኤል ሊቀ መላእክት,monthly,CORRECT,GZ-MEL-011:መልክዐ ሊቀ መላእክት ቅዱስ ዑራኤል በግእዝ | GZ-MEL-012:መልክዐ ሊቀ መላእክት ቅዱስ ዑራኤል ካልእ በግእዝ | GZ-DRS-001:ድርሳነ ዑራኤል በግእዝ | AM-DRS-006:ድርሳነ ዑራኤል በአማርኛ,AM-DIR-001:የሰባቱ ሊቃነ መላእክት ድርሳን በአማርኛ | AM-MEL-038:የቅዱሳን አእላፍ መላእክት 2ኛ መልክዕ በአማርኛ | GZ-MEL-004:መልክዐ ሊቀ መላእክት ቅዱስ ሚካኤል ሣልስ በግእዝ | GZ-MEL-005:መልክዐ ሊቀ መላእክት ቅዱስ ሚካኤል ካልዕ በግእዝ | GZ-MEL-006:መልክዐ ሊቀ መላእክት ቅዱስ ሩፋኤል በግእዝ | GZ-MEL-007:መልክዐ ሊቀ መላእክት ቅዱስ ራጉኤል በግእዝ | GZ-MEL-008:መልክዐ ሊቀ መላእክት ቅዱስ ሱርያል በግእዝ | GZ-MEL-009:መልክዐ ሊቀ መላእክት ቅዱስ በግእዝ | GZ-MEL-010:መልክዐ ሊቀ መላእክት ቅዱስ አፍኒን በግእዝ | GZ-MEL-011:መልክዐ ሊቀ መላእክት ቅዱስ ዑራኤል በግእዝ | GZ-MEL-012:መልክዐ ሊቀ መላእክት ቅዱስ ዑራኤል ካልእ በግእዝ | GZ-MEL-013:መልክዐ ሊቀ መላእክት ቅዱስ ገብርኤል በግእዝ | GZ-MEL-014:መልክዐ ሊቀ መላእክት ቅዱስ ገብርኤል ካልዕ (ደቅስዮስ) በግእዝ | GZ-MEL-015:መልክዐ ሊቀ መላእክት ቅዱስ ፋኑኤል በግእዝ | GZ-MEL-125:መልክዐ አእላፍ መላእክት በግእዝ | GZ-MEL-126:መልክዐ አእላፍ መላእክት ካልእ በግእዝ | GZ-MEL-165:መልክዐ ሊቀ መላእክት ቅዱስ ሚካኤል ካልዕ በግእ | GZ-DRS-001:ድርሳነ ዑራኤል በግእዝ | AM-DRS-006:ድርሳነ ዑራኤል በአማርኛ,"1-1, 1-3, 1-9, 1-9, 1-9, 1-12, 1-12, 1-12, 1-12, 1-13"
11-22,322,ቅዱስ ሉቃስ ወንጌላዊ,ሉቃስ ወንጌላዊ,monthly,WRONG_DATE,,AM-MEL-016:መልክዐ ቅዱስ ዮሐንስ ወንጌላዊ በአማርኛ | GZ-MEL-062:መልክዐ ቅዱስ ዮሐንስ ወንጌላዊ በግእዝ,"1-4, 1-4, 1-29, 1-29, 2-4, 2-4, 3-4, 3-4, 4-4, 4-4"
11-22,322,ቅዱስ ደቅስዮስ (የእመቤታችን ወዳጅ),ደቅስዮስ,monthly,WRONG_DATE,,GZ-MEL-014:መልክዐ ሊቀ መላእክት ቅዱስ ገብርኤል ካልዕ (ደቅስዮስ) በግእዝ,"1-19, 2-19, 3-19, 4-19, 4-22, 5-19, 6-19, 7-19, 7-30, 8-19"
11-22,322,አባ ዻውሊ የዋህ,ዻውሊ የዋህ,monthly,NO_BOOK,,,
11-23,323,ቅድስት መሪና እናታችን (ታላቁዋ ሰማዕት),መሪና እናታችን,annual,NO_BOOK,,,
11-23,323,ቅዱስ ለንጊኖስ ሐራ (ሐዋርያና ሰማዕት),ለንጊኖስ ሐራ,annual,NO_BOOK,,,
11-23,323,ቅዱስ አብጥልማዎስ,አብጥልማዎስ,annual,NO_BOOK,,,
11-23,323,ልበ አምላክ ቅዱስ ዳዊት,ልበ አምላክ ቅዱስ ዳዊት,monthly,CORRECT,AM-MEL-049:የቅዱስ ዳዊት መልክዕ በአማርኛ | GZ-MEL-064:መልክዐ ቅዱስ ዳዊት በግእዝ,AM-MEL-049:የቅዱስ ዳዊት መልክዕ በአማርኛ | AM-MZM-001:መዝሙረ ዳዊት በአማርኛ | AM-WUD-003:ውዳሴ አምላክ በአማርኛ | GZ-MEL-064:መልክዐ ቅዱስ ዳዊት በግእዝ | GZ-MEL-088:መልክዐ አቡነ ቡሩከ አምላክ ዘደብረ ኮል በግእዝ | GZ-MEL-089:መልክዐ አቡነ ብፁዓ አምላክ ዘደብረ ምዕዋን ወዘደብረ ኰዳዱ በግእዝ | GZ-MZM-004:መዝሙረ ዳዊት በግእዝ | TI-MZM-001:መዝሙረ ዳዊት ብትግርኛ | TI-WUD-002:ውዳሴ አምላክ ብትግርኛ,"None-None, None-None, None-None, None-None, None-None, 1-23, 1-23, 2-23, 2-23, 3-23"
11-23,323,ቅዱስ ጊዮርጊስ ሊቀ ሰማዕታት,ጊዮርጊስ ሊቀ ሰማዕታት,monthly,CORRECT,AM-MEL-065:ጸሎተ መልክዐ ሥቃዩ ለቅዱስ ጊዮርጊስ ሊቀ ሰማዕታት በአማርኛ | AM-MEL-066:ጸሎተ መልክዕ ዘቅዱስ ጊዮርጊስ ሊቀ ሰማዕታት በአማርኛ | AM-MEL-067:ጸሎተ መልክዕ ዘቅዱስ ጊዮርጊስ ሊቀ ሰማዕታት ካልዕ በአማርኛ | AM-SIB-001:ስብሐተ ፍቁር ዘቅዱስ ጊዮርጊስ ሊቀ ሰማዕታት በአማርኛ,AM-MEL-065:ጸሎተ መልክዐ ሥቃዩ ለቅዱስ ጊዮርጊስ ሊቀ ሰማዕታት በአማርኛ | AM-MEL-066:ጸሎተ መልክዕ ዘቅዱስ ጊዮርጊስ ሊቀ ሰማዕታት በአማርኛ | AM-MEL-067:ጸሎተ መልክዕ ዘቅዱስ ጊዮርጊስ ሊቀ ሰማዕታት ካልዕ በአማርኛ | AM-SIB-001:ስብሐተ ፍቁር ዘቅዱስ ጊዮርጊስ ሊቀ ሰማዕታት በአማርኛ,"1-23, 1-23, 1-23, 1-23, 2-23, 2-23, 2-23, 2-23, 3-7, 3-7"
11-23,323,ነቢየ ጽድቅ ቅዱስ ሰሎሞን (ንጉሠ እሥራኤል),ነቢየ ጽድቅ ቅዱስ ሰሎሞን,monthly,WRONG_DATE,,GZ-TBB-001:ጥበበ ሰሎሞን በግእዝ,
11-23,323,አባ ጢሞቴዎስ ገዳማዊ,ጢሞቴዎስ ገዳማዊ,monthly,NO_BOOK,,,
11-23,323,ቅዱስ ዳንኤል ነቢይ,ዳንኤል,monthly,WRONG_DATE,,GZ-MEL-114:መልክዐ አቡነ ዳንኤል በግእዝ | GZ-GDL-028:ገድለ አቡነ ዳንኤል በግእዝ,"3-6, 3-6"
11-23,323,አባ ሳሙኤል,ሳሙኤል,monthly,WRONG_DATE,,AM-MEL-054:የአቡነ ሳሙኤል ዘዋልድባ መልክዕ በአማርኛ | AM-MEL-055:የአቡነ ሳሙኤል ዘዋልድባ ኹለተኛ መልክዕ በአማርኛ | GZ-MEL-084:መልክዐ አቡነ ሳሙኤል በግእዝ ሣልስ በግእዝ | GZ-MEL-085:መልክዐ አቡነ ሳሙኤል ዘዋልድባ በግእዝ | GZ-MEL-086:መልክዐ አቡነ ሳሙኤል ዘዋልድባ ካልዕ በግእዝ,"1-12, 1-12, 1-12, 1-12, 1-12, 2-12, 2-12, 2-12, 2-12, 2-12"
11-23,323,አባ ስምዖን,ስምዖን,monthly,NO_BOOK,,,
11-23,323,አባ ገብርኤል,ገብርኤል,monthly,WRONG_DATE,,AM-MEL-050:የቅዱስ ገብርኤል መልክዕ በአማርኛ | GZ-MEL-013:መልክዐ ሊቀ መላእክት ቅዱስ ገብርኤል በግእዝ | GZ-MEL-014:መልክዐ ሊቀ መላእክት ቅዱስ ገብርኤል ካልዕ (ደቅስዮስ) በግእዝ | AM-DRS-003:ድርሳነ ገብርኤል በአማርኛ | GZ-DRS-010:ድርሳነ ገብርኤል በግእዝ,"1-19, 1-19, 1-19, 1-19, 1-19, 2-19, 2-19, 2-19, 2-19, 2-19"
11-24,324,አቡነ ዘዮሐንስ ጻድቅ ዘክብራን (ኢትዮዽያዊ),ዘዮሐንስ ጻድቅ ዘክብራን,annual,NO_BOOK,,,
11-24,324,ቅዱስ አባ ኖብ ሰማዕት,ኖብ,annual,CORRECT,GZ-MEL-122:መልክዐ አባ ኖብ ሰማዕት በግእዝ,GZ-MEL-122:መልክዐ አባ ኖብ ሰማዕት በግእዝ,"1-18, 3-7, 6-5, 7-9, 10-19, 10-23, 11-24"
11-24,324,"""፲፱0,000"" ሰማዕታት (የአባ ኖብ ማሕበር)","""፲፱0,000"" ሰማዕታት",annual,WRONG_DATE,,AM-MEL-065:ጸሎተ መልክዐ ሥቃዩ ለቅዱስ ጊዮርጊስ ሊቀ ሰማዕታት በአማርኛ | AM-MEL-066:ጸሎተ መልክዕ ዘቅዱስ ጊዮርጊስ ሊቀ ሰማዕታት በአማርኛ | AM-MEL-067:ጸሎተ መልክዕ ዘቅዱስ ጊዮርጊስ ሊቀ ሰማዕታት ካልዕ በአማርኛ | AM-SIB-001:ስብሐተ ፍቁር ዘቅዱስ ጊዮርጊስ ሊቀ ሰማዕታት በአማርኛ | GZ-MEL-016:መልክዐ ሊቀ ሰማዕታት ቅዱስ እስጢፋኖስ በግእዝ | GZ-MEL-017:መልክዐ ሊቀ ሰማዕታት ቅዱስ እስጢፋኖስ ካልእ በግእዝ | AM-GDL-010:ገድለ ሰማዕታት በአማርኛ,"1-15, 1-15, 1-17, 1-17, 1-23, 1-23, 1-23, 1-23, 2-17, 2-17"
11-24,324,አባ ተክለ አዶናይ ዘደብረ ሊባኖስ,ተክለ አዶናይ ዘደብረ ሊባኖስ,annual,CORRECT,AM-MEL-057:የአቡነ ተክለ ሃይማኖት 2ኛ መልክዕ በአማርኛ | AM-MEL-058:የአቡነ ተክለ ሃይማኖት መልክዕ በአማርኛ | GZ-MEL-068:መልክዐ ተክለ ሃይማኖት በግእዝ | GZ-MEL-069:መልክዐ ተክለ ሃይማኖት ካልእ በግእዝ | GZ-MEL-092:መልክዐ አቡነ ተክለ ሃይማኖት በግእዝ | AM-GDL-004:ገድለ ተክለ ሃይማኖት በአማርኛ,AM-MEL-053:የአቡነ ሊባኖስ 2ኛ መልክዕ በአማርኛ | AM-MEL-057:የአቡነ ተክለ ሃይማኖት 2ኛ መልክዕ በአማርኛ | AM-MEL-058:የአቡነ ተክለ ሃይማኖት መልክዕ በአማርኛ | GZ-MEL-018:መልክዐ ሊባኖስ በግእዝ | GZ-MEL-068:መልክዐ ተክለ ሃይማኖት በግእዝ | GZ-MEL-069:መልክዐ ተክለ ሃይማኖት ካልእ በግእዝ | GZ-MEL-070:መልክዐ ተክለ ማርያም ዘይሰመይ መብዓ ጽዮን በግእዝ | GZ-MEL-074:መልክዐ አቡነ ሊባኖስ ካልእ በግእዝ | GZ-MEL-092:መልክዐ አቡነ ተክለ ሃይማኖት በግእዝ | GZ-MEL-093:መልክዐ አቡነ ተክለ አልፋ በግእዝ | GZ-GDL-001:ገድለ አቡነ ፊልጶስ ዘደብረ ሊባኖስ በግእዝ | AM-GDL-004:ገድለ ተክለ ሃይማኖት በአማርኛ | GZ-GDL-017:ገድለ አቡነ ተክለ ሐዋርያት በግእዝ,"1-3, 1-3, 1-3, 1-24, 1-24, 1-24, 1-24, 1-24, 1-24, 2-3"
11-24,324,አቡነ ተወልደ መድኅን (ኢትዮዽያዊ),ተወልደ መድኅን,annual,WRONG_DATE,,GZ-MEL-090:መልክዐ አቡነ ተንሥአ መድኅን በግእዝ,"None-None, 5-19"
11-24,324,አባ ስምዖን ጻድቅ ሊቀ ዻዻሳት,ስምዖን ጻድቅ ሊቀ ዻዻሳት,annual,NO_BOOK,,,
11-24,324,ቅድስት ክብራ (መስቀል ክብራ) ዘእንጦንስ ኢየሱስ,ክብራ  ዘእንጦንስ ኢየሱስ,annual,WRONG_DATE,,AM-MEL-002:መልክአ ኢየሱስ በአማርኛ | GZ-MEL-130:መልክዐ ኢየሱስ ሞዐ በግእዝ | GZ-MEL-131:መልክዐ ኢየሱስ በግእዝ | GZ-MEL-132:መልክዐ ኢየሱስ ካልዕ በግእዝ | AM-TAM-001:ተአምረ ኢየሱስ በአማርኛ | TI-TAM-001:ተአምረ ኢየሱስ ብትግርኛ | GZ-TAM-002:ተአምረ ኢየሱስ በግእዝ | AM-GDL-026:ገድለ አቡነ ኢየሱስ ሞዐ በአማርኛ,"1-26, 1-26, 1-29, 1-29, 1-29, 1-29, 1-29, 1-29, 2-26, 2-26"
11-24,324,ቅዱስ አቡነ ተክለ ሃይማኖት,ተክለ ሃይማኖት,monthly,CORRECT,AM-MEL-057:የአቡነ ተክለ ሃይማኖት 2ኛ መልክዕ በአማርኛ | AM-MEL-058:የአቡነ ተክለ ሃይማኖት መልክዕ በአማርኛ | GZ-MEL-068:መልክዐ ተክለ ሃይማኖት በግእዝ | GZ-MEL-069:መልክዐ ተክለ ሃይማኖት ካልእ በግእዝ | GZ-MEL-092:መልክዐ አቡነ ተክለ ሃይማኖት በግእዝ | AM-GDL-004:ገድለ ተክለ ሃይማኖት በአማርኛ,AM-MEL-057:የአቡነ ተክለ ሃይማኖት 2ኛ መልክዕ በአማርኛ | AM-MEL-058:የአቡነ ተክለ ሃይማኖት መልክዕ በአማርኛ | GZ-MEL-068:መልክዐ ተክለ ሃይማኖት በግእዝ | GZ-MEL-069:መልክዐ ተክለ ሃይማኖት ካልእ በግእዝ | GZ-MEL-092:መልክዐ አቡነ ተክለ ሃይማኖት በግእዝ | AM-GDL-004:ገድለ ተክለ ሃይማኖት በአማርኛ,"1-24, 1-24, 1-24, 1-24, 1-24, 1-24, 2-24, 2-24, 2-24, 2-24"
11-24,324,ቅዱስ አጋቢጦስ (ጻድቅ ኤዺስቆዾስ),አጋቢጦስ,monthly,NO_BOOK,,,
11-24,324,ቅድስት ክርስቶስ ሠምራ,ክርስቶስ ሠምራ,monthly,CORRECT,GZ-MEL-143:መልክዐ ክርስቶስ ሠምራ በግእዝ | AM-GDL-005:ገድለ ቅድስት ክርስቶስ ሠምራ በአማርኛ | GZ-GDL-019:ገድለ ቅድስት ክርስቶስ ሠምራ በግእዝ,GZ-MEL-143:መልክዐ ክርስቶስ ሠምራ በግእዝ | AM-GDL-005:ገድለ ቅድስት ክርስቶስ ሠምራ በአማርኛ | GZ-GDL-019:ገድለ ቅድስት ክርስቶስ ሠምራ በግእዝ,"1-24, 1-24, 1-24, 2-24, 2-24, 2-24, 3-24, 3-24, 3-24, 4-24"
11-24,324,ቅዱስ ቶማስ ዘመርዐስ,ቶማስ ዘመርዐስ,monthly,WRONG_DATE,,GZ-MEL-094:መልክዐ አቡነ ቶማስ ዘዘናቁዴ በግእዝ,3-3
11-24,324,ቅዱስ አብላርዮስ ታላቁ,አብላርዮስ ታላቁ,monthly,NO_BOOK,,,
11-24,324,"""፳፬ቱ"" ካኅናተ ሰማይ (ሱራፌል)","""፳፬ቱ"" ካኅናተ ሰማይ",monthly,CORRECT,GZ-MEL-142:መልክዐ ካህናተ ሰማይ በግእዝ,AM-MEN-001:መንገደ ሰማይ በአማርኛ | AM-ETA-001:በሰማይ ወበምድር በአማርኛ | GZ-ETA-001:እትአመነኪ ማርያም በሰማይ ወበምድር በግእዝ | GZ-MEL-142:መልክዐ ካህናተ ሰማይ በግእዝ,"None-None, 1-21, 1-24, 2-21, 2-24, 3-21, 3-24, 4-21, 4-24, 5-21"
11-24,324,ቅዱስ አባ ሙሴ ጸሊም (ኢትዮዽያዊ),ሙሴ ጸሊም,monthly,NO_BOOK,,,
11-25,325,ቅዱስ መርቆሬዎስ ሰማዕት (ቅዳሴ ቤቱ),መርቆሬዎስ ሰማዕት,annual,CORRECT,GZ-MEL-039:መልክዐ ሰማዕት ቅዱስ መርቆሬዎስ በግእዝ | GZ-GDL-002:ገድለ ሰማዕት ቅዱስ መርቆሬዎስ በግእዝ | AM-GDL-015:ገድለ ሰማዕት ቅዱስ መርቆሬዎስ በአማርኛ,GZ-MEL-039:መልክዐ ሰማዕት ቅዱስ መርቆሬዎስ በግእዝ | GZ-MEL-040:መልክዐ ሰማዕት ቅዱስ ቴዎድሮስ በግእዝ | GZ-MEL-041:መልክዐ ሰማዕት ቅዱስ ፋሲለደስ በግእዝ | GZ-MEL-042:መልክዐ ሰማዕት ቅድስት አርሴማ በግእዝ | GZ-MEL-043:መልክዐ ሰማዕት ቅድስት ኢየሉጣ በግእዝ | GZ-MEL-076:መልክዐ አቡነ መርቆሬዎስ ዘደብረ ድማኅ በግእዝ | GZ-MEL-122:መልክዐ አባ ኖብ ሰማዕት በግእዝ | GZ-GDL-002:ገድለ ሰማዕት ቅዱስ መርቆሬዎስ በግእዝ | AM-GDL-008:ገድለ ሰማዕት ቅድስት አርሴማ በአማርኛ | GZ-GDL-014:ገድለ ቅዱስ ጊዮርጊስ ሰማዕት በግእዝ | AM-GDL-015:ገድለ ሰማዕት ቅዱስ መርቆሬዎስ በአማርኛ | AM-GDL-018:ገድለ ቅዱስ ጊዮርጊስ ሰማዕት በአማርኛ | GZ-GDL-031:ገድለ ሰማዕት ቅዱስ ቴዎድሮስ በግእዝ | GZ-GDL-033:ገድለ ሰማዕት ቅድስት አርሴማ በግእዝ | AM-GDL-030:ገድለ ሰማዕት ቅዱስ ቴዎድሮስ በአማርኛ,"1-6, 1-6, 1-6, 1-11, 1-12, 1-12, 1-12, 1-15, 1-18, 1-20"
11-25,325,ቅዱስ ኄኖክ ነቢይ (ዕርገቱ),ኄኖክ ነቢይ,annual,WRONG_DATE,,GZ-MEL-059:መልክዐ ቅዱስ ኤልያስ ነቢይ ሣልስ በግእዝ | AM-DRS-005:ድርሳነ ኤልያስ ነቢይ በአማርኛ,"1-6, 1-6, 2-6, 2-6, 3-6, 3-6, 4-1, 4-1, 4-6, 4-6"
11-25,325,ቅድስት ቴክላ ሐዋርያዊት,ቴክላ ሐዋርያዊት,annual,NO_BOOK,,,
11-25,325,ቅዱስ አበከረዙን ታላቁ (ጻድቅና ሰማዕት),አበከረዙን ታላቁ,annual,NO_BOOK,,,
11-25,325,ቅዱስ ዱማድዮስ ሶርያዊ (ጻድቅና ሰማዕት),ዱማድዮስ ሶርያዊ,annual,NO_BOOK,,,
11-25,325,ቅድስት ኢላርያ ሰማዕት,ኢላርያ,annual,NO_BOOK,,,
11-25,325,ቅዱሳት ቴክላ ወሙጊ ሰማዕታት,ቅዱሳት ቴክላ ወሙጊ ሰማዕታት,annual,WRONG_DATE,,AM-MEL-065:ጸሎተ መልክዐ ሥቃዩ ለቅዱስ ጊዮርጊስ ሊቀ ሰማዕታት በአማርኛ | AM-MEL-066:ጸሎተ መልክዕ ዘቅዱስ ጊዮርጊስ ሊቀ ሰማዕታት በአማርኛ | AM-MEL-067:ጸሎተ መልክዕ ዘቅዱስ ጊዮርጊስ ሊቀ ሰማዕታት ካልዕ በአማርኛ | AM-SIB-001:ስብሐተ ፍቁር ዘቅዱስ ጊዮርጊስ ሊቀ ሰማዕታት በአማርኛ | GZ-MEL-016:መልክዐ ሊቀ ሰማዕታት ቅዱስ እስጢፋኖስ በግእዝ | GZ-MEL-017:መልክዐ ሊቀ ሰማዕታት ቅዱስ እስጢፋኖስ ካልእ በግእዝ | AM-GDL-010:ገድለ ሰማዕታት በአማርኛ,"1-15, 1-15, 1-17, 1-17, 1-23, 1-23, 1-23, 1-23, 2-17, 2-17"
11-25,325,ቅዱስ እንዲኒና ሰማዕት,እንዲኒና,annual,NO_BOOK,,,
11-25,325,አባ ይስሐቅ ሰማዕት,ይስሐቅ,annual,NO_BOOK,,,
11-25,325,አባ ሕጻን ሞዐ ዘደብረ ሊባኖስ,ሕጻን ሞዐ ዘደብረ ሊባኖስ,annual,WRONG_DATE,,AM-MEL-053:የአቡነ ሊባኖስ 2ኛ መልክዕ በአማርኛ | GZ-MEL-018:መልክዐ ሊባኖስ በግእዝ | GZ-MEL-074:መልክዐ አቡነ ሊባኖስ ካልእ በግእዝ | GZ-GDL-001:ገድለ አቡነ ፊልጶስ ዘደብረ ሊባኖስ በግእዝ,"1-3, 1-3, 1-3, 2-3, 2-3, 2-3, 3-3, 3-3, 3-3, 4-3"
11-25,325,"""25,000"" ሰማዕታት (የአትሪብ /ግብፅ/ ሰዎች)","""25,000"" ሰማዕታት",annual,WRONG_DATE,,AM-MEL-065:ጸሎተ መልክዐ ሥቃዩ ለቅዱስ ጊዮርጊስ ሊቀ ሰማዕታት በአማርኛ | AM-MEL-066:ጸሎተ መልክዕ ዘቅዱስ ጊዮርጊስ ሊቀ ሰማዕታት በአማርኛ | AM-MEL-067:ጸሎተ መልክዕ ዘቅዱስ ጊዮርጊስ ሊቀ ሰማዕታት ካልዕ በአማርኛ | AM-SIB-001:ስብሐተ ፍቁር ዘቅዱስ ጊዮርጊስ ሊቀ ሰማዕታት በአማርኛ | GZ-MEL-016:መልክዐ ሊቀ ሰማዕታት ቅዱስ እስጢፋኖስ በግእዝ | GZ-MEL-017:መልክዐ ሊቀ ሰማዕታት ቅዱስ እስጢፋኖስ ካልእ በግእዝ | AM-GDL-010:ገድለ ሰማዕታት በአማርኛ,"1-15, 1-15, 1-17, 1-17, 1-23, 1-23, 1-23, 1-23, 2-17, 2-17"
11-25,325,ቅዱስ ይሁዳ ሐዋርያ (ከ፯፪ቱ አርድእት),ይሁዳ ሐዋርያ,monthly,WRONG_DATE,,AM-MEL-033:የሐዋርያው የቅዱስ ታዴዎስ መልክዕ በአማርኛ | AM-MEL-046:የቅዱስ እንድርያስ ሐዋርያ መልክዕ በአማርኛ | GZ-MEL-023:መልክዐ ሐዋርያት በግእዝ | GZ-MEL-137:መልክዐ እንድርያስ ሐዋርያ በግእዝ | GZ-GDL-017:ገድለ አቡነ ተክለ ሐዋርያት በግእዝ | GZ-GDL-032:መጽሐፈ ገድለ ቅዱሳን ሐዋርያት በግእዝ | AM-ZNA-003:ዜና ሐዋርያት በአማርኛ,"1-2, 1-4, 1-4, 2-2, 2-4, 2-4, 3-2, 3-4, 3-4, 3-27"
11-25,325,አቡነ አቢብ (አባ ቡላ),አቢብ,monthly,CORRECT,AM-MEL-003:መልክዐ ለአቡነ አቢብ ጻድቅ በአማርኛ | AM-MEL-059:የአቡነ አቢብ መልክዕ በአማርኛ | GZ-MEL-095:መልክዐ አቡነ አቢብ በግእዝ | AM-GDL-024:ገድለ ቅዱስ አቡነ አቢብ በአማርኛ,AM-MEL-003:መልክዐ ለአቡነ አቢብ ጻድቅ በአማርኛ | AM-MEL-059:የአቡነ አቢብ መልክዕ በአማርኛ | GZ-MEL-095:መልክዐ አቡነ አቢብ በግእዝ | AM-GDL-024:ገድለ ቅዱስ አቡነ አቢብ በአማርኛ,"1-25, 1-25, 1-25, 1-25, 2-25, 2-25, 2-25, 2-25, 3-25, 3-25"
11-25,325,ቅዱስ አባ አቡፋና ጻድቅ,አቡፋና,monthly,NO_BOOK,,,
11-26,326,ቅዱስ አቡነ ሰላማ ከሣቴ ብርሃን,ሰላማ ከሣቴ ብርሃን,annual,CORRECT,GZ-MEL-038:መልክዐ ሰላማ በግእዝ,AM-KOH-001:ኆኅተ ብርሃን በአማርኛ | AM-MEL-056:የአቡነ ተከስተ ብርሃን መልክዕ በአማርኛ | GZ-KOH-001:ኆኅተ ብርሃን በግእዝ | GZ-MEL-038:መልክዐ ሰላማ በግእዝ | GZ-MEL-091:መልክዐ አቡነ ተከስተ ብርሃን በግእዝ,"None-None, None-None, 4-18, 7-10, 7-10, 11-26"
11-26,326,ቅዱስ ዮሴፍ አረጋዊ (የ ድንግል ማርያም ጠባቂ),ዮሴፍ አረጋዊ,annual,WRONG_DATE,,GZ-MEL-073:መልክዐ አረጋዊ በግእዝ | GZ-MEL-111:መልክዐ አቡነ ዮሴፍ በግእዝ | AM-GDL-016:ገድለ አቡነ አረጋዊ በአማርኛ | GZ-GDL-029:ገድለ አቡነ ዮሴፍ በግእዝ,"1-14, 1-14, 1-19, 1-19, 2-14, 2-14, 2-19, 2-19, 3-14, 3-14"
11-26,326,ቅዱስ አባ ጢሞቴዎስ (ዘአልቦ ጥሪት),ጢሞቴዎስ,annual,NO_BOOK,,,
11-26,326,አባ ሮዲስ,ሮዲስ,annual,NO_BOOK,,,
11-26,326,ቅዱስ ቶማስ ሐዋርያ,ቶማስ,monthly,WRONG_DATE,,GZ-MEL-094:መልክዐ አቡነ ቶማስ ዘዘናቁዴ በግእዝ,3-3
11-26,326,አቡነ ሐብተ ማርያም ጻድቅ,ሐብተ ማርያም,monthly,WRONG_DATE,,AM-LAH-001:ላሐ ማርያም በአማርኛ | AM-MEL-008:መልክዐ ማርያም ሣልሲት በአማርኛ | AM-MEL-009:መልክዐ ማርያም በአማርኛ | AM-MEL-017:መልክዐ ቅድስት ጸበለ ማርያም በአማርኛ | AM-MEL-064:የጽዮን ማርያም 3ኛ መልክዕ በአማርኛ | AM-RAY-001:ራዕየ ማርያም በአማርኛ | AM-WUD-002:ውዳሴ ማርያም በአማርኛ | GZ-ETA-001:እትአመነኪ ማርያም በሰማይ ወበምድር በግእዝ | GZ-LAH-001:ላሐ ማርያም በግእዝ | GZ-MEL-002:መልከዐ ማርያም ዳግሚት በግእዝ | GZ-MEL-031:መልክዐ ማርያም ሣልሲት በግእዝ | GZ-MEL-032:መልክዐ ማርያም በግእዝ | GZ-MEL-070:መልክዐ ተክለ ማርያም ዘይሰመይ መብዓ ጽዮን በግእዝ | GZ-MEL-099:መልክዐ አቡነ አብሳዲ ዘደብረ ማርያም በግእዝ | GZ-MEL-159:መልክዐ ጸበለ ማርያም ቅድስት በግእዝ | GZ-MEL-161:መልክዐ ጽዮን ማርያም ሣልስ በግእዝ | GZ-WUD-002:ውዳሴ ማርያም በግእዝ | TI-RAY-001:ራእየ ማርያም ብትግርኛ | TI-WUD-001:ውዳሴ ማርያም ብትግርኛ | AM-GDL-002:ገድለ ማርያም እንተ ዕፍረት በአማርኛ | GZ-TAM-001:ተአምረ ማርያም በግእዝ | AM-GDL-003:ገድለ ማርያም መግደላዊት በአማርኛ | GZ-MTS-001:መጽሐፈ ልደታ ለማርያም በግእዝ | AM-TAM-002:ተአምረ ማርያም በአማርኛ,"None-None, None-None, None-None, 1-1, 1-21, 1-21, 1-21, 1-21, 1-21, 1-21"
11-26,326,አቡነ ኢየሱስ ሞዐ ዘሐይቅ,ኢየሱስ ሞዐ ዘሐይቅ,monthly,CORRECT,GZ-MEL-130:መልክዐ ኢየሱስ ሞዐ በግእዝ | AM-GDL-026:ገድለ አቡነ ኢየሱስ ሞዐ በአማርኛ,AM-MEL-002:መልክአ ኢየሱስ በአማርኛ | GZ-MEL-130:መልክዐ ኢየሱስ ሞዐ በግእዝ | GZ-MEL-131:መልክዐ ኢየሱስ በግእዝ | GZ-MEL-132:መልክዐ ኢየሱስ ካልዕ በግእዝ | AM-TAM-001:ተአምረ ኢየሱስ በአማርኛ | TI-TAM-001:ተአምረ ኢየሱስ ብትግርኛ | GZ-TAM-002:ተአምረ ኢየሱስ በግእዝ | AM-GDL-026:ገድለ አቡነ ኢየሱስ ሞዐ በአማርኛ,"1-26, 1-26, 1-29, 1-29, 1-29, 1-29, 1-29, 1-29, 2-26, 2-26"
11-26,326,ቅዱሳን ሰማዕታተ ናግራን,ሰማዕታተ ናግራን,monthly,NO_BOOK,,,
11-27,327,ቅዱስ ሴት ነቢይ (ወልደ አዳም),ሴት ነቢይ,annual,WRONG_DATE,,GZ-MEL-059:መልክዐ ቅዱስ ኤልያስ ነቢይ ሣልስ በግእዝ | AM-DRS-005:ድርሳነ ኤልያስ ነቢይ በአማርኛ,"1-6, 1-6, 2-6, 2-6, 3-6, 3-6, 4-1, 4-1, 4-6, 4-6"
11-27,327,ቅዱስ ሕዝቅኤል ነቢይ,ሕዝቅኤል,annual,NO_BOOK,,,
11-27,327,ቅዱስ ዮሐንስ ወንጌላዊ (ቅዳሴ ቤቱ),ዮሐንስ ወንጌላዊ,annual,CORRECT,AM-MEL-016:መልክዐ ቅዱስ ዮሐንስ ወንጌላዊ በአማርኛ | GZ-MEL-062:መልክዐ ቅዱስ ዮሐንስ ወንጌላዊ በግእዝ,AM-MEL-016:መልክዐ ቅዱስ ዮሐንስ ወንጌላዊ በአማርኛ | GZ-MEL-062:መልክዐ ቅዱስ ዮሐንስ ወንጌላዊ በግእዝ,"1-4, 1-4, 1-29, 1-29, 2-4, 2-4, 3-4, 3-4, 4-4, 4-4"
11-27,327,ቅዱስ አሞን ሰማዕት,አሞን,annual,NO_BOOK,,,
11-27,327,የጌታችንና አምላካችን መድኃኔ ዓለም ክርስቶስ በዓለ ስቅለት,የጌታችንና አምላካችን መድኃኔ ዓለም ክርስቶስ በዓለ ስቅለት,monthly,NO_BOOK,,,
11-27,327,አቡነ መብዐ ፅዮን ጻድቅ,መብዐ ፅዮን,monthly,NO_BOOK,,,
11-27,327,ቅዱስ መቃርስ (የመነኮሳት ሁሉ አለቃ),መቃርስ,monthly,NO_BOOK,,,
11-27,327,ቅዱስ ያዕቆብ ዘግሙድ,ያዕቆብ ዘግሙድ,monthly,WRONG_DATE,,AM-MEL-022:መልክዐ አብርሃም ይሥሐቅ ያዕቆብ በአማርኛ | GZ-MEL-124:መልክዐ አብርሃም ይሥሐቅ ወያዕቆብ በግእዝ,"1-28, 1-28, 2-28, 2-28, 3-28, 3-28, 4-28, 4-28, 5-28, 5-28"
11-27,327,ቅዱስ ገላውዴዎስ ሰማዕት (ንጉሠ ኢትዮዽያ),ገላውዴዎስ ሰማዕት,monthly,WRONG_DATE,,GZ-MEL-039:መልክዐ ሰማዕት ቅዱስ መርቆሬዎስ በግእዝ | GZ-MEL-040:መልክዐ ሰማዕት ቅዱስ ቴዎድሮስ በግእዝ | GZ-MEL-041:መልክዐ ሰማዕት ቅዱስ ፋሲለደስ በግእዝ | GZ-MEL-042:መልክዐ ሰማዕት ቅድስት አርሴማ በግእዝ | GZ-MEL-043:መልክዐ ሰማዕት ቅድስት ኢየሉጣ በግእዝ | GZ-MEL-122:መልክዐ አባ ኖብ ሰማዕት በግእዝ | GZ-GDL-002:ገድለ ሰማዕት ቅዱስ መርቆሬዎስ በግእዝ | GZ-ZNA-002:ዜናሁ ለንጉሥ ገላውዴዎስ በግእዝ | AM-GDL-008:ገድለ ሰማዕት ቅድስት አርሴማ በአማርኛ | GZ-GDL-014:ገድለ ቅዱስ ጊዮርጊስ ሰማዕት በግእዝ | AM-GDL-015:ገድለ ሰማዕት ቅዱስ መርቆሬዎስ በአማርኛ | AM-GDL-018:ገድለ ቅዱስ ጊዮርጊስ ሰማዕት በአማርኛ | GZ-GDL-031:ገድለ ሰማዕት ቅዱስ ቴዎድሮስ በግእዝ | GZ-GDL-033:ገድለ ሰማዕት ቅድስት አርሴማ በግእዝ | AM-GDL-030:ገድለ ሰማዕት ቅዱስ ቴዎድሮስ በአማርኛ,"1-6, 1-6, 1-6, 1-11, 1-12, 1-12, 1-12, 1-15, 1-18, 1-20"
11-27,327,ቅዱስ ቢፋሞን ጻድቅና ሰማዕት,ቢፋሞን ጻድቅና,monthly,NO_BOOK,,,
11-27,327,ማር ቅዱስ ፊቅጦር ሰማዕት,ማር ቅዱስ ፊቅጦር,monthly,CORRECT,AM-MEL-016:መልክዐ ቅዱስ ዮሐንስ ወንጌላዊ በአማርኛ | AM-MEL-047:የቅዱስ ዮሐንስ 2ኛ መልክዕ በአማርኛ | GZ-MEL-008:መልክዐ ሊቀ መላእክት ቅዱስ ሱርያል በግእዝ | GZ-MEL-061:መልክዐ ቅዱስ ዮሐንስ ካልእ በግእዝ | GZ-MEL-062:መልክዐ ቅዱስ ዮሐንስ ወንጌላዊ በግእዝ | GZ-MEL-162:መልክዐ ፊቅጦር በግእዝ | AM-GDL-013:የቅዱስ ዮሐንስ ገድል በአማርኛ | GZ-GDL-027:ገድለ ቅዱስ ፊቅጦር በግእዝ | AM-GDL-029:ገድለ ቅዱስ ፊቅጦር በአማርኛ,AM-MEL-012:መልክዐ ቅዱስ መስቀል በአማርኛ | AM-MEL-013:መልክዐ ቅዱስ ሚናስ በአማርኛ | AM-MEL-014:መልክዐ ቅዱስ ራጉኤል በአማርኛ | AM-MEL-015:መልክዐ ቅዱስ ቂርቆስ በአማርኛ | AM-MEL-016:መልክዐ ቅዱስ ዮሐንስ ወንጌላዊ በአማርኛ | AM-TEA-003:ተአምኆ ዘሥሉስ ቅዱስ መልክዕ በአማርኛ | AM-MEL-033:የሐዋርያው የቅዱስ ታዴዎስ መልክዕ በአማርኛ | AM-MEL-036:የሰማዕቱ ቅዱስ ጊጋር መልክዕ በአማርኛ | AM-MEL-039:የቅዱስ መርምሕናም መልክዕ በአማርኛ | AM-MEL-040:የቅዱስ መስቀል 3ኛ መልክዕ በአማርኛ | AM-MEL-041:የቅዱስ ሚካኤል 3ኛ መልክዕ በአማርኛ | AM-MEL-042:የቅዱስ ማርቆስ 2ኛ መልክዕ በአማርኛ | AM-MEL-043:የቅዱስ ሩፋኤል መልክዕ በአማርኛ | AM-MEL-044:የቅዱስ አቦሊ መልክዕ በአማርኛ | AM-MEL-045:የቅዱስ እስጢፋኖስ 2ኛ መልክዕ በአማርኛ | AM-MEL-046:የቅዱስ እንድርያስ ሐዋርያ መልክዕ በአማርኛ | AM-MEL-047:የቅዱስ ዮሐንስ 2ኛ መልክዕ በአማርኛ | AM-MEL-048:የቅዱስ ዮሐንስ መጥምቅ መልክዕ በአማርኛ | AM-MEL-049:የቅዱስ ዳዊት መልክዕ በአማርኛ | AM-MEL-050:የቅዱስ ገብርኤል መልክዕ በአማርኛ | AM-MEL-051:የቅዱስ ጊዮርጊስ መልክዕ በአማርኛ | AM-MEL-052:የነቢዩ የቅዱስ ኤልያስ 3ኛ መልክዕ በአማርኛ | AM-MEL-065:ጸሎተ መልክዐ ሥቃዩ ለቅዱስ ጊዮርጊስ ሊቀ ሰማዕታት በአማርኛ | AM-MEL-066:ጸሎተ መልክዕ ዘቅዱስ ጊዮርጊስ ሊቀ ሰማዕታት በአማርኛ | AM-MEL-067:ጸሎተ መልክዕ ዘቅዱስ ጊዮርጊስ ሊቀ ሰማዕታት ካልዕ በአማርኛ | AM-SIB-001:ስብሐተ ፍቁር ዘቅዱስ ጊዮርጊስ ሊቀ ሰማዕታት በአማርኛ | AM-TEA-002:ተአምኆ ዘሥሉስ ቅዱስ በአማርኛ | GZ-MEL-004:መልክዐ ሊቀ መላእክት ቅዱስ ሚካኤል ሣልስ በግእዝ | GZ-MEL-005:መልክዐ ሊቀ መላእክት ቅዱስ ሚካኤል ካልዕ በግእዝ | GZ-MEL-006:መልክዐ ሊቀ መላእክት ቅዱስ ሩፋኤል በግእዝ | GZ-MEL-007:መልክዐ ሊቀ መላእክት ቅዱስ ራጉኤል በግእዝ | GZ-MEL-008:መልክዐ ሊቀ መላእክት ቅዱስ ሱርያል በግእዝ | GZ-MEL-009:መልክዐ ሊቀ መላእክት ቅዱስ በግእዝ | GZ-MEL-010:መልክዐ ሊቀ መላእክት ቅዱስ አፍኒን በግእዝ | GZ-MEL-011:መልክዐ ሊቀ መላእክት ቅዱስ ዑራኤል በግእዝ | GZ-MEL-012:መልክዐ ሊቀ መላእክት ቅዱስ ዑራኤል ካልእ በግእዝ | GZ-MEL-013:መልክዐ ሊቀ መላእክት ቅዱስ ገብርኤል በግእዝ | GZ-MEL-014:መልክዐ ሊቀ መላእክት ቅዱስ ገብርኤል ካልዕ (ደቅስዮስ) በግእዝ | GZ-MEL-015:መልክዐ ሊቀ መላእክት ቅዱስ ፋኑኤል በግእዝ | GZ-MEL-016:መልክዐ ሊቀ ሰማዕታት ቅዱስ እስጢፋኖስ በግእዝ | GZ-MEL-017:መልክዐ ሊቀ ሰማዕታት ቅዱስ እስጢፋኖስ ካልእ በግእዝ | GZ-MEL-034:መልክዐ ሥሉስ ቅዱስ በግእዝ | GZ-MEL-039:መልክዐ ሰማዕት ቅዱስ መርቆሬዎስ በግእዝ | GZ-MEL-040:መልክዐ ሰማዕት ቅዱስ ቴዎድሮስ በግእዝ | GZ-MEL-041:መልክዐ ሰማዕት ቅዱስ ፋሲለደስ በግእዝ | GZ-MEL-049:መልክዐ ቅዱስ መርምሕናም በግእዝ | GZ-MEL-050:መልክዐ ቅዱስ መስቀል ሣልስ በግእዝ | GZ-MEL-051:መልክዐ ቅዱስ መስቀል በግእዝ | GZ-MEL-052:መልክዐ ቅዱስ ሚናስ በግእዝ | GZ-MEL-053:መልክዐ ቅዱስ ማርቆስ ካልእ በግእዝ | GZ-MEL-054:መልክዐ ቅዱስ ቂርቆስ በግእዝ | GZ-MEL-055:መልክዐ ቅዱስ ታዴዎስ በግእዝ | GZ-MEL-056:መልክዐ ቅዱስ አባዲር በግእዝ | GZ-MEL-057:መልክዐ ቅዱስ አቦሊ በግእዝ | GZ-MEL-058:መልክዐ ቅዱስ አግናጥዮስ ምጥው ለአንበሳ በግእዝ | GZ-MEL-059:መልክዐ ቅዱስ ኤልያስ ነቢይ ሣልስ በግእዝ | GZ-MEL-060:መልክዐ ቅዱስ ዮሐንስ መጥምቅ በግእዝ | GZ-MEL-061:መልክዐ ቅዱስ ዮሐንስ ካልእ በግእዝ | GZ-MEL-062:መልክዐ ቅዱስ ዮሐንስ ወንጌላዊ በግእዝ | GZ-MEL-063:መልክዐ ቅዱስ ዮስጦስ በግእዝ | GZ-MEL-064:መልክዐ ቅዱስ ዳዊት በግእዝ | GZ-MEL-065:መልክዐ ቅዱስ ጊዮርጊስ በግእዝ | GZ-MEL-151:መልክዐ ገብረ መንፈስ ቅዱስ በግእዝ | GZ-MEL-152:መልክዐ ገብረ መንፈስ ቅዱስ ካልዕ በግእዝ | GZ-MEL-162:መልክዐ ፊቅጦር በግእዝ | GZ-TEA-002:ተአምኆ ዘሥሉስ ቅዱስ በግእዝ | GZ-TEA-003:ተአምኆ ዘሥሉስ ቅዱስ በግእዝ ካልእ | GZ-MEL-165:መልክዐ ሊቀ መላእክት ቅዱስ ሚካኤል ካልዕ በግእ | AM-GDL-001:ገድለ ቅዱስ አባ ጊዮርጊስ ዘጋሥጫ በአማርኛ | GZ-GDL-002:ገድለ ሰማዕት ቅዱስ መርቆሬዎስ በግእዝ | GZ-DRS-003:ድርሳነ ቅዱስ ራጉኤል በግእዝ | AM-DRS-001:የቅዱስ ኢያቄምና- የቅድስት ሐና ድርሳን በአማርኛ | GZ-GDL-007:ገድለ ቅዱስ አባ ጊዮርጊስ ዘጋሥጫ በግእዝ | AM-GDL-007:ገድለ አቡነ ገብረ መንፈስ ቅዱስ በአማርኛ | GZ-GDL-008:ገድለ ቅዱስ ዞሲማስ በግእዝ | AM-GDL-009:ገድለ ቅዱስ እስጢፋኖስ አማርኛ | GZ-GDL-009:ገድለ ቅዱስ ሱስንዮስ በግእዝ | GZ-GDL-010:ገድለ ቅዱስ ዮስጦስ በግእዝ | GZ-GDL-012:ገድለ ቅዱስ ቈጵርያኖስ ወቅድስት ኢዩስጣ በግእዝ | AM-GDL-013:የቅዱስ ዮሐንስ ገድል በአማርኛ | GZ-GDL-014:ገድለ ቅዱስ ጊዮርጊስ ሰማዕት በግእዝ | AM-GDL-015:ገድለ ሰማዕት ቅዱስ መርቆሬዎስ በአማርኛ | AM-GDL-018:ገድለ ቅዱስ ጊዮርጊስ ሰማዕት በአማርኛ | GZ-DRS-007:ድርሳን ዘቅዱስ ኢያቄም ወቅድስት ሐና በግእዝ | GZ-GDL-021:ድርሳን ወገድል ዘቅዱስ ያሬድ በግእዝ | GZ-GDL-022:ገድለ ቅዱስ እስጢፋኖስ በግእዝ | GZ-GDL-027:ገድለ ቅዱስ ፊቅጦር በግእዝ | AM-GDL-023:የቅዱስ ቂርቆስና የቅድስት ኢየሉጣ ገድል በአማርኛ | GZ-GDL-030:ገድለ ቅዱስ ቴዎድሮስ በግእዝ | GZ-DRS-009:ድርሳን ቅዱስ ሩፋኤል በግእዝ | GZ-GDL-031:ገድለ ሰማዕት ቅዱስ ቴዎድሮስ በግእዝ | AM-GDL-024:ገድለ ቅዱስ አቡነ አቢብ በአማርኛ | AM-GDL-025:ገድለ ቅዱስ ዞሲማስ በአማርኛ | AM-DRS-010:ድርሳነ ቅዱስ ራጉኤል በአማርኛ | AM-GDL-029:ገድለ ቅዱስ ፊቅጦር በአማርኛ | AM-GDL-030:ገድለ ሰማዕት ቅዱስ ቴዎድሮስ በአማርኛ,"None-None, None-None, None-None, None-None, 1-1, 1-1, 1-1, 1-1, 1-1, 1-1"
11-28,328,ቅዱሳን ጻድቃን እንድራኒቆስና አትናስያ,ጻድቃን እንድራኒቆስና አትናስያ,annual,WRONG_DATE,,GZ-MEL-160:መልክዐ ጻድቃን ዘባርክናሃ በግእዝ,4-29
11-28,328,አቡነ ፊልዾስ ጻድቅ (ዘደብረ ሊባኖስ),ፊልዾስ ጻድቅ,annual,WRONG_DATE,,AM-MEL-003:መልክዐ ለአቡነ አቢብ ጻድቅ በአማርኛ | AM-MEL-021:መልክዐ አቡነ ዮሐንስ ጻድቅ በአማርኛ | AM-MEL-060:የአቡነ አባለ ክርስቶስ ጻድቅ መልክዕ በአማርኛ,"1-16, 1-25, 2-16, 2-25, 3-16, 3-25, 4-16, 4-19, 4-25, 5-16"
11-28,328,አማኑኤል ቸር አምላካችን,አማኑኤል ቸር አምላካችን,monthly,CORRECT,GZ-MEL-072:መልክዐ አማኑኤል በግእዝ,GZ-MEL-072:መልክዐ አማኑኤል በግእዝ,"1-28, 2-28, 3-28, 4-28, 5-28, 6-28, 7-28, 8-28, 9-28, 10-28"
11-28,328,ቅዱሳን አበው (አብርሃም ይስሐቅና ያዕቆብ),አበው,monthly,WRONG_DATE,,AM-ZNA-002:ዜና አበው በአማርኛ,"3-4, 5-26"
11-28,328,ቅድስት ዓመተ ክ ክርስቶስ,ዓመተ ክ ክርስቶስ,monthly,WRONG_DATE,,AM-MEL-018:መልክዐ ቅድስት ፍቅርተ ክርስቶስ በአማርኛ | AM-MEL-060:የአቡነ አባለ ክርስቶስ ጻድቅ መልክዕ በአማርኛ | AM-MIK-001:ምክሓ ምእመናን ክርስቶስ በአማርኛ | GZ-MEL-066:መልክዐ ቅድስት ፍቅርተ ክርስቶስ በግእዝ | GZ-MEL-082:መልክዐ አቡነ ሠምረ ክርስቶስ በግእዝ | GZ-MEL-096:መልክዐ አቡነ አባለ ክርስቶስ በግእዝ | GZ-MEL-136:መልክዐ እስትንፋሰ ክርስቶስ በግእዝ | GZ-MEL-143:መልክዐ ክርስቶስ ሠምራ በግእዝ | GZ-MEL-148:መልክዐ ይምርሃነ ክርስቶስ በግእዝ | GZ-MEL-153:መልክዐ ገብረ ክርስቶስ በግእዝ | GZ-MZM-001:መዝሙረ ክርስቶስ በግእዝ | GZ-MZM-002:መዝሙረ ክርስቶስ ካልዕ በግእዝ | GZ-MZM-003:መዝሙረ ክርስቶስ ዘመኃልየ መኃልይ። በግእዝ | GZ-GDL-006:ገድለ አቡነ እስትንፋስ ክርስቶስ በግእዝ | AM-GDL-005:ገድለ ቅድስት ክርስቶስ ሠምራ በአማርኛ | AM-GDL-014:የአቡነ እስትንፋሰ ክርስቶስ ገድል በአማርኛ | GZ-GDL-019:ገድለ ቅድስት ክርስቶስ ሠምራ በግእዝ | GZ-GDL-023:ገድለ አቡነ መዝራዕተ ክርስቶስ በግእዝ | TI-GDL-002:ገድሊ አቡነ እስትንፋስ ክርስቶስ ትግርኛ,"1-9, 1-9, 1-9, 1-9, 1-24, 1-24, 1-24, 1-27, 1-29, 1-29"
11-28,328,ቅዱስ ቴዎድሮስ ሮማዊ (ሰማዕት),ቴዎድሮስ ሮማዊ,monthly,WRONG_DATE,,GZ-MEL-040:መልክዐ ሰማዕት ቅዱስ ቴዎድሮስ በግእዝ | GZ-GDL-030:ገድለ ቅዱስ ቴዎድሮስ በግእዝ | GZ-GDL-031:ገድለ ሰማዕት ቅዱስ ቴዎድሮስ በግእዝ | AM-GDL-030:ገድለ ሰማዕት ቅዱስ ቴዎድሮስ በአማርኛ,"1-12, 1-12, 1-12, 1-12, 1-20, 1-20, 1-20, 1-20, 2-12, 2-12"
11-29,329,ቅዱስ ታዴዎስ ሐዋርያ (ፍልሠቱ),ታዴዎስ ሐዋርያ,annual,CORRECT,AM-MEL-033:የሐዋርያው የቅዱስ ታዴዎስ መልክዕ በአማርኛ | GZ-MEL-055:መልክዐ ቅዱስ ታዴዎስ በግእዝ,AM-MEL-033:የሐዋርያው የቅዱስ ታዴዎስ መልክዕ በአማርኛ | AM-MEL-046:የቅዱስ እንድርያስ ሐዋርያ መልክዕ በአማርኛ | GZ-MEL-023:መልክዐ ሐዋርያት በግእዝ | GZ-MEL-055:መልክዐ ቅዱስ ታዴዎስ በግእዝ | GZ-MEL-137:መልክዐ እንድርያስ ሐዋርያ በግእዝ | GZ-GDL-017:ገድለ አቡነ ተክለ ሐዋርያት በግእዝ | GZ-GDL-032:መጽሐፈ ገድለ ቅዱሳን ሐዋርያት በግእዝ | AM-ZNA-003:ዜና ሐዋርያት በአማርኛ,"1-2, 1-2, 1-4, 1-4, 2-2, 2-2, 2-4, 2-4, 3-2, 3-2"
11-29,329,ቅዱስ ዋርስኖፋ ሰማዕት,ዋርስኖፋ,annual,NO_BOOK,,,
11-29,329,እጨጌ አባ ዮሐንስ (ዘጐንድ),እጨጌ አባ ዮሐንስ,annual,CORRECT,AM-MEL-020:መልክዐ አቡነ ዕጨጌ ዮሐንስ በአማርኛ | GZ-MEL-104:መልክዐ አቡነ ዕጨጌ ዮሐንስ በግእዝ | GZ-GDL-018:ገድለ አቡነ ዮሐንስ በግእዝ | AM-GDL-027:ገድለ አቡነ እጨጌ ዮሐንስ ዘጸገሮ በአማርኛ,AM-MEL-016:መልክዐ ቅዱስ ዮሐንስ ወንጌላዊ በአማርኛ | AM-MEL-020:መልክዐ አቡነ ዕጨጌ ዮሐንስ በአማርኛ | AM-MEL-021:መልክዐ አቡነ ዮሐንስ ጻድቅ በአማርኛ | AM-MEL-047:የቅዱስ ዮሐንስ 2ኛ መልክዕ በአማርኛ | AM-MEL-048:የቅዱስ ዮሐንስ መጥምቅ መልክዕ በአማርኛ | GZ-MEL-060:መልክዐ ቅዱስ ዮሐንስ መጥምቅ በግእዝ | GZ-MEL-061:መልክዐ ቅዱስ ዮሐንስ ካልእ በግእዝ | GZ-MEL-062:መልክዐ ቅዱስ ዮሐንስ ወንጌላዊ በግእዝ | GZ-MEL-104:መልክዐ አቡነ ዕጨጌ ዮሐንስ በግእዝ | GZ-MEL-109:መልክዐ አቡነ ዮሐንስ ከማ በግእዝ | GZ-MEL-110:መልክዐ አቡነ ዮሐንስ ዘድብረ ዳጋ በግእዝ | GZ-MEL-149:መልክዐ ዮሐንስ ወልደ ነጎድጓድ በግእዝ | GZ-MEL-150:መልክዐ ዮሐንስ ፍቁረ እግዚእ በግእዝ | AM-GDL-013:የቅዱስ ዮሐንስ ገድል በአማርኛ | GZ-GDL-018:ገድለ አቡነ ዮሐንስ በግእዝ | AM-GDL-027:ገድለ አቡነ እጨጌ ዮሐንስ ዘጸገሮ በአማርኛ,"1-1, 1-1, 1-2, 1-2, 1-4, 1-4, 1-4, 1-4, 1-4, 1-4"
11-29,329,የፈጣሪያችንና ጌታችን ኢየሱስ ክርስቶስ በዓለ ልደት,የፈጣሪያችንና ጌታችን ኢየሱስ ክርስቶስ በዓለ ልደት,monthly,NO_BOOK,,,
11-29,329,ቅድስት አርሴማ ድንግል,አርሴማ ድንግል,monthly,WRONG_DATE,,AM-MEL-019:መልክዐ አቡነ ሐራ ድንግል በአማርኛ | GZ-MEL-021:መልክዐ ሐራ ድንግል በግእዝ | GZ-MEL-042:መልክዐ ሰማዕት ቅድስት አርሴማ በግእዝ | AM-GDL-008:ገድለ ሰማዕት ቅድስት አርሴማ በአማርኛ | GZ-GDL-033:ገድለ ሰማዕት ቅድስት አርሴማ በግእዝ,"1-6, 1-6, 1-6, 1-11, 1-11, 1-29, 1-29, 1-29, 2-6, 2-6"
11-29,329,ቅዱስ ዼጥሮስ ተፍጻሜተ ሰማዕት,ዼጥሮስ ተፍጻሜተ,monthly,NO_BOOK,,,
11-29,329,ቅዱስ ማርቆስ ዘቶርማቅ,ማርቆስ ዘቶርማቅ,monthly,WRONG_DATE,,AM-MEL-042:የቅዱስ ማርቆስ 2ኛ መልክዕ በአማርኛ | AM-MEL-062:የአቡነ ዜና ማርቆስ መልክዕ በአማርኛ | GZ-MEL-030:መልክዐ ማርቆስ በግእዝ | GZ-MEL-053:መልክዐ ቅዱስ ማርቆስ ካልእ በግእዝ | GZ-MEL-106:መልክዐ አቡነ ዜና ማርቆስ በግእዝ,"1-3, 1-3, 1-30, 1-30, 1-30, 2-3, 2-3, 2-30, 2-30, 2-30"
11-29,329,ቅድስት ፍቅርተ ክርስቶስ ኢትዮዽያዊት,ፍቅርተ ክርስቶስ ኢትዮዽያዊት,monthly,CORRECT,AM-MEL-018:መልክዐ ቅድስት ፍቅርተ ክርስቶስ በአማርኛ | GZ-MEL-066:መልክዐ ቅድስት ፍቅርተ ክርስቶስ በግእዝ,AM-MEL-018:መልክዐ ቅድስት ፍቅርተ ክርስቶስ በአማርኛ | GZ-MEL-066:መልክዐ ቅድስት ፍቅርተ ክርስቶስ በግእዝ,"1-29, 1-29, 2-29, 2-29, 3-29, 3-29, 4-29, 4-29, 5-29, 5-29"
11-29,329,ቅዱስ ዘርዐ ክርስቶስ (ጻድቅና ሰማዕት),ዘርዐ ክርስቶስ,monthly,CORRECT,AM-MEL-018:መልክዐ ቅድስት ፍቅርተ ክርስቶስ በአማርኛ | GZ-MEL-066:መልክዐ ቅድስት ፍቅርተ ክርስቶስ በግእዝ | GZ-MZM-001:መዝሙረ ክርስቶስ በግእዝ | GZ-MZM-002:መዝሙረ ክርስቶስ ካልዕ በግእዝ | GZ-MZM-003:መዝሙረ ክርስቶስ ዘመኃልየ መኃልይ። በግእዝ,AM-MEL-018:መልክዐ ቅድስት ፍቅርተ ክርስቶስ በአማርኛ | AM-MEL-060:የአቡነ አባለ ክርስቶስ ጻድቅ መልክዕ በአማርኛ | AM-MEL-061:የአቡነ ዘርዐ ቡሩክ መልክዕ በአማርኛ | AM-MIK-001:ምክሓ ምእመናን ክርስቶስ በአማርኛ | GZ-MEL-066:መልክዐ ቅድስት ፍቅርተ ክርስቶስ በግእዝ | GZ-MEL-082:መልክዐ አቡነ ሠምረ ክርስቶስ በግእዝ | GZ-MEL-096:መልክዐ አቡነ አባለ ክርስቶስ በግእዝ | GZ-MEL-105:መልክዐ አቡነ ዘርዐ ቡሩክ በግእዝ | GZ-MEL-136:መልክዐ እስትንፋሰ ክርስቶስ በግእዝ | GZ-MEL-143:መልክዐ ክርስቶስ ሠምራ በግእዝ | GZ-MEL-148:መልክዐ ይምርሃነ ክርስቶስ በግእዝ | GZ-MEL-153:መልክዐ ገብረ ክርስቶስ በግእዝ | GZ-MZM-001:መዝሙረ ክርስቶስ በግእዝ | GZ-MZM-002:መዝሙረ ክርስቶስ ካልዕ በግእዝ | GZ-MZM-003:መዝሙረ ክርስቶስ ዘመኃልየ መኃልይ። በግእዝ | GZ-GDL-004:ገድለ አቡነ ዘርዐ ቡሩከ በግእዝ | GZ-GDL-006:ገድለ አቡነ እስትንፋስ ክርስቶስ በግእዝ | AM-GDL-005:ገድለ ቅድስት ክርስቶስ ሠምራ በአማርኛ | AM-GDL-012:ገድለ አቡነ ዘርዐ ቡሩከ በአማርኛ | AM-GDL-014:የአቡነ እስትንፋሰ ክርስቶስ ገድል በአማርኛ | GZ-GDL-013:ገድለ ዘርዐ አብርሃም በግእዝ | GZ-GDL-019:ገድለ ቅድስት ክርስቶስ ሠምራ በግእዝ | GZ-GDL-023:ገድለ አቡነ መዝራዕተ ክርስቶስ በግእዝ | TI-GDL-002:ገድሊ አቡነ እስትንፋስ ክርስቶስ ትግርኛ,"1-9, 1-9, 1-9, 1-9, 1-13, 1-13, 1-13, 1-13, 1-24, 1-24"
11-30,330,ቅዱስ እንድርያስ ሐዋርያ,እንድርያስ,annual,CORRECT,AM-MEL-046:የቅዱስ እንድርያስ ሐዋርያ መልክዕ በአማርኛ | GZ-MEL-137:መልክዐ እንድርያስ ሐዋርያ በግእዝ,AM-MEL-046:የቅዱስ እንድርያስ ሐዋርያ መልክዕ በአማርኛ | GZ-MEL-102:መልክዐ አቡነ እንድርያስ ዘደብረ ስኂን (ፅፉን) በግእዝ | GZ-MEL-103:መልክዐ አቡነ እንድርያስ ዘደብረ ጽጌ በግእዝ | GZ-MEL-137:መልክዐ እንድርያስ ሐዋርያ በግእዝ,"1-4, 1-4, 2-4, 2-4, 3-4, 3-4, 4-4, 4-4, 5-4, 5-4"
11-30,330,ቅዱስ ዻውሎስ መናኒ (ከቤተሰቡ ጋር),ዻውሎስ መናኒ,annual,NO_BOOK,,,
11-30,330,ቅዱስ ሱርያል (እሥራልዩ) ሊቀ መላእክት,ሱርያል  ሊቀ መላእክት,annual,WRONG_DATE,,AM-DIR-001:የሰባቱ ሊቃነ መላእክት ድርሳን በአማርኛ | AM-MEL-038:የቅዱሳን አእላፍ መላእክት 2ኛ መልክዕ በአማርኛ | GZ-MEL-004:መልክዐ ሊቀ መላእክት ቅዱስ ሚካኤል ሣልስ በግእዝ | GZ-MEL-005:መልክዐ ሊቀ መላእክት ቅዱስ ሚካኤል ካልዕ በግእዝ | GZ-MEL-006:መልክዐ ሊቀ መላእክት ቅዱስ ሩፋኤል በግእዝ | GZ-MEL-007:መልክዐ ሊቀ መላእክት ቅዱስ ራጉኤል በግእዝ | GZ-MEL-008:መልክዐ ሊቀ መላእክት ቅዱስ ሱርያል በግእዝ | GZ-MEL-009:መልክዐ ሊቀ መላእክት ቅዱስ በግእዝ | GZ-MEL-010:መልክዐ ሊቀ መላእክት ቅዱስ አፍኒን በግእዝ | GZ-MEL-011:መልክዐ ሊቀ መላእክት ቅዱስ ዑራኤል በግእዝ | GZ-MEL-012:መልክዐ ሊቀ መላእክት ቅዱስ ዑራኤል ካልእ በግእዝ | GZ-MEL-013:መልክዐ ሊቀ መላእክት ቅዱስ ገብርኤል በግእዝ | GZ-MEL-014:መልክዐ ሊቀ መላእክት ቅዱስ ገብርኤል ካልዕ (ደቅስዮስ) በግእዝ | GZ-MEL-015:መልክዐ ሊቀ መላእክት ቅዱስ ፋኑኤል በግእዝ | GZ-MEL-125:መልክዐ አእላፍ መላእክት በግእዝ | GZ-MEL-126:መልክዐ አእላፍ መላእክት ካልእ በግእዝ | GZ-MEL-165:መልክዐ ሊቀ መላእክት ቅዱስ ሚካኤል ካልዕ በግእ,"1-1, 1-3, 1-9, 1-9, 1-9, 1-12, 1-12, 1-12, 1-12, 1-13"
11-30,330,ቅዱሳን መርቆሬዎስና ኤፍሬም (ሰማዕታት),መርቆሬዎስና ኤፍሬም,annual,NO_BOOK,,,
11-30,330,ቅዱስ ጢሞቴዎስ ዘአልቦ ጥሪት (ፍልሠቱ),ጢሞቴዎስ ዘአልቦ ጥሪት,annual,NO_BOOK,,,
11-30,330,እናታችን ማርያም ክብራ ኢትዮዽያዊት (የዐፄ ናዖድ ሚስት),እናታችን ማርያም ክብራ ኢትዮዽያዊት,annual,NO_BOOK,,,
11-30,330,ቅዱስ ማርቆስ ዘአንበሳ (ሐዋርያ),ማርቆስ ዘአንበሳ,monthly,CORRECT,AM-MEL-042:የቅዱስ ማርቆስ 2ኛ መልክዕ በአማርኛ | GZ-MEL-030:መልክዐ ማርቆስ በግእዝ | GZ-MEL-053:መልክዐ ቅዱስ ማርቆስ ካልእ በግእዝ,AM-MEL-042:የቅዱስ ማርቆስ 2ኛ መልክዕ በአማርኛ | AM-MEL-062:የአቡነ ዜና ማርቆስ መልክዕ በአማርኛ | GZ-MEL-030:መልክዐ ማርቆስ በግእዝ | GZ-MEL-053:መልክዐ ቅዱስ ማርቆስ ካልእ በግእዝ | GZ-MEL-106:መልክዐ አቡነ ዜና ማርቆስ በግእዝ,"1-3, 1-3, 1-30, 1-30, 1-30, 2-3, 2-3, 2-30, 2-30, 2-30"
11-30,330,አባ ሣሉሲ ክቡር,ሣሉሲ ክቡር,monthly,NO_BOOK,,,
11-30,330,ቅዱስ ጐርጐርዮስ ነባቤ መለኮት,ጐርጐርዮስ ነባቤ መለኮት,monthly,WRONG_DATE,,AM-SEY-001:ሰይፈ መለኮት በአማርኛ | GZ-SEY-001:ሰይፈ መለኮት በግእዝ,"None-None, None-None"
11-30,330,ቅድስት ሶፍያ ሰማዕት,ሶፍያ,monthly,NO_BOOK,,,
11-30,330,ቅዱስ ዮሐንስ መጥምቀ መለኮት,ዮሐንስ መጥምቀ መለኮት,monthly,CORRECT,AM-MEL-048:የቅዱስ ዮሐንስ መጥምቅ መልክዕ በአማርኛ | GZ-MEL-060:መልክዐ ቅዱስ ዮሐንስ መጥምቅ በግእዝ,AM-MEL-016:መልክዐ ቅዱስ ዮሐንስ ወንጌላዊ በአማርኛ | AM-MEL-020:መልክዐ አቡነ ዕጨጌ ዮሐንስ በአማርኛ | AM-MEL-021:መልክዐ አቡነ ዮሐንስ ጻድቅ በአማርኛ | AM-MEL-047:የቅዱስ ዮሐንስ 2ኛ መልክዕ በአማርኛ | AM-MEL-048:የቅዱስ ዮሐንስ መጥምቅ መልክዕ በአማርኛ | AM-SEY-001:ሰይፈ መለኮት በአማርኛ | GZ-MEL-060:መልክዐ ቅዱስ ዮሐንስ መጥምቅ በግእዝ | GZ-MEL-061:መልክዐ ቅዱስ ዮሐንስ ካልእ በግእዝ | GZ-MEL-062:መልክዐ ቅዱስ ዮሐንስ ወንጌላዊ በግእዝ | GZ-MEL-104:መልክዐ አቡነ ዕጨጌ ዮሐንስ በግእዝ | GZ-MEL-109:መልክዐ አቡነ ዮሐንስ ከማ በግእዝ | GZ-MEL-110:መልክዐ አቡነ ዮሐንስ ዘድብረ ዳጋ በግእዝ | GZ-MEL-149:መልክዐ ዮሐንስ ወልደ ነጎድጓድ በግእዝ | GZ-MEL-150:መልክዐ ዮሐንስ ፍቁረ እግዚእ በግእዝ | GZ-SEY-001:ሰይፈ መለኮት በግእዝ | AM-GDL-013:የቅዱስ ዮሐንስ ገድል በአማርኛ | GZ-GDL-018:ገድለ አቡነ ዮሐንስ በግእዝ | AM-GDL-027:ገድለ አቡነ እጨጌ ዮሐንስ ዘጸገሮ በአማርኛ,"None-None, None-None, 1-1, 1-1, 1-2, 1-2, 1-4, 1-4, 1-4, 1-4"
12-1,331,በአተ ጾመ ፍልሠታ,በአተ ጾመ ፍልሠታ,annual,NO_BOOK,,,
12-1,331,አበው ሐዋርያት ዮሴፍና ኒቆዲሞስ,አበው ሐዋርያት ዮሴፍና ኒቆዲሞስ,annual,WRONG_DATE,,AM-ZNA-002:ዜና አበው በአማርኛ,"3-4, 5-26"
12-1,331,ቅዱስ አቦሊ ሰማዕት,አቦሊ,annual,CORRECT,AM-MEL-044:የቅዱስ አቦሊ መልክዕ በአማርኛ | GZ-MEL-057:መልክዐ ቅዱስ አቦሊ በግእዝ,AM-MEL-044:የቅዱስ አቦሊ መልክዕ በአማርኛ | GZ-MEL-057:መልክዐ ቅዱስ አቦሊ በግእዝ,"1-1, 1-1, 1-26, 1-26, 2-1, 2-1, 3-1, 3-1, 4-1, 4-1"
12-1,331,ታላቁ ቅዱስ ዸላሞን ገዳማዊ,ታላቁ ቅዱስ ዸላሞን ገዳማዊ,annual,NO_BOOK,,,
12-1,331,ቅድስት ሐና (የእመ ብርሃን እናት),ሐና,annual,CORRECT,GZ-MEL-022:መልክዐ ሐና በግእዝ | AM-DRS-001:የቅዱስ ኢያቄምና- የቅድስት ሐና ድርሳን በአማርኛ | GZ-DRS-007:ድርሳን ዘቅዱስ ኢያቄም ወቅድስት ሐና በግእዝ,GZ-MEL-022:መልክዐ ሐና በግእዝ | AM-DRS-001:የቅዱስ ኢያቄምና- የቅድስት ሐና ድርሳን በአማርኛ | GZ-DRS-007:ድርሳን ዘቅዱስ ኢያቄም ወቅድስት ሐና በግእዝ,"1-1, 1-1, 1-1, 1-3, 1-3, 1-3, 1-7, 1-7, 1-7, 1-11"
12-1,331,ቅድስት ሐና ነቢይት (ወለተ ፋኑኤል),ሐና ነቢይት,annual,NO_BOOK,,,
12-1,331,ደናግል ቅዱሳት (የንግስት ሶፍያ ልጆች),ደናግል ቅዱሳት,annual,NO_BOOK,,,
12-1,331,ልደታ ለማርያም ድንግል እግዝእትነ,ልደታ ለማርያም ድንግል እግዝእትነ,monthly,CORRECT,GZ-MEL-020:መልክዐ ልደታ በግእዝ | GZ-MTS-001:መጽሐፈ ልደታ ለማርያም በግእዝ,GZ-MEL-020:መልክዐ ልደታ በግእዝ | GZ-MTS-001:መጽሐፈ ልደታ ለማርያም በግእዝ,"1-1, 1-1, 2-1, 2-1, 3-1, 3-1, 4-1, 4-1, 5-1, 5-1"
12-1,331,ቅዱሳን ኢያቄም ወሐና,ኢያቄም ወሐና,monthly,CORRECT,GZ-MEL-133:መልክዐ ኢያቄም በግእዝ | AM-DRS-001:የቅዱስ ኢያቄምና- የቅድስት ሐና ድርሳን በአማርኛ | GZ-DRS-007:ድርሳን ዘቅዱስ ኢያቄም ወቅድስት ሐና በግእዝ,GZ-MEL-133:መልክዐ ኢያቄም በግእዝ | AM-DRS-001:የቅዱስ ኢያቄምና- የቅድስት ሐና ድርሳን በአማርኛ | GZ-DRS-007:ድርሳን ዘቅዱስ ኢያቄም ወቅድስት ሐና በግእዝ,"1-1, 1-1, 1-1, 1-3, 1-3, 1-3, 1-7, 1-7, 1-7, 1-11"
12-1,331,ቅዱስ ራጉኤል ሊቀ መላዕክት,ራጉኤል ሊቀ መላዕክት,monthly,CORRECT,AM-MEL-014:መልክዐ ቅዱስ ራጉኤል በአማርኛ | GZ-MEL-007:መልክዐ ሊቀ መላእክት ቅዱስ ራጉኤል በግእዝ | GZ-DRS-003:ድርሳነ ቅዱስ ራጉኤል በግእዝ | AM-DRS-010:ድርሳነ ቅዱስ ራጉኤል በአማርኛ,AM-MEL-014:መልክዐ ቅዱስ ራጉኤል በአማርኛ | GZ-MEL-007:መልክዐ ሊቀ መላእክት ቅዱስ ራጉኤል በግእዝ | GZ-DRS-003:ድርሳነ ቅዱስ ራጉኤል በግእዝ | AM-DRS-010:ድርሳነ ቅዱስ ራጉኤል በአማርኛ,"1-1, 1-1, 1-1, 1-1, 2-1, 2-1, 2-1, 2-1, 3-1, 3-1"
12-1,331,ቅዱስ በርተሎሜዎስ ሐዋርያ,በርተሎሜዎስ,monthly,NO_BOOK,,,
12-1,331,ቅዱስ ሚልኪ ትሩፈ ምግባር,ሚልኪ ትሩፈ ምግባር,monthly,NO_BOOK,,,
12-2,332,ቅድስት አትናስያ ቡርክት,አትናስያ ቡርክት,annual,NO_BOOK,,,
12-2,332,ቅድስት ኢዮዸራቅስያ ድንግል,ኢዮዸራቅስያ ድንግል,annual,WRONG_DATE,,AM-MEL-019:መልክዐ አቡነ ሐራ ድንግል በአማርኛ | GZ-MEL-021:መልክዐ ሐራ ድንግል በግእዝ,"1-11, 1-11, 2-11, 2-11, 3-11, 3-11, 4-11, 4-11, 5-11, 5-11"
12-2,332,ቅዱስ ዴሚና ሰማዕት,ዴሚና,annual,NO_BOOK,,,
12-2,332,ቅዱስ ዮሐንስ መጥምቀ መለኮት,ዮሐንስ መጥምቀ መለኮት,monthly,CORRECT,AM-MEL-048:የቅዱስ ዮሐንስ መጥምቅ መልክዕ በአማርኛ | GZ-MEL-060:መልክዐ ቅዱስ ዮሐንስ መጥምቅ በግእዝ,AM-MEL-016:መልክዐ ቅዱስ ዮሐንስ ወንጌላዊ በአማርኛ | AM-MEL-020:መልክዐ አቡነ ዕጨጌ ዮሐንስ በአማርኛ | AM-MEL-021:መልክዐ አቡነ ዮሐንስ ጻድቅ በአማርኛ | AM-MEL-047:የቅዱስ ዮሐንስ 2ኛ መልክዕ በአማርኛ | AM-MEL-048:የቅዱስ ዮሐንስ መጥምቅ መልክዕ በአማርኛ | AM-SEY-001:ሰይፈ መለኮት በአማርኛ | GZ-MEL-060:መልክዐ ቅዱስ ዮሐንስ መጥምቅ በግእዝ | GZ-MEL-061:መልክዐ ቅዱስ ዮሐንስ ካልእ በግእዝ | GZ-MEL-062:መልክዐ ቅዱስ ዮሐንስ ወንጌላዊ በግእዝ | GZ-MEL-104:መልክዐ አቡነ ዕጨጌ ዮሐንስ በግእዝ | GZ-MEL-109:መልክዐ አቡነ ዮሐንስ ከማ በግእዝ | GZ-MEL-110:መልክዐ አቡነ ዮሐንስ ዘድብረ ዳጋ በግእዝ | GZ-MEL-149:መልክዐ ዮሐንስ ወልደ ነጎድጓድ በግእዝ | GZ-MEL-150:መልክዐ ዮሐንስ ፍቁረ እግዚእ በግእዝ | GZ-SEY-001:ሰይፈ መለኮት በግእዝ | AM-GDL-013:የቅዱስ ዮሐንስ ገድል በአማርኛ | GZ-GDL-018:ገድለ አቡነ ዮሐንስ በግእዝ | AM-GDL-027:ገድለ አቡነ እጨጌ ዮሐንስ ዘጸገሮ በአማርኛ,"None-None, None-None, 1-1, 1-1, 1-2, 1-2, 1-4, 1-4, 1-4, 1-4"
12-2,332,ቅዱስ ኢዮብ ጻድቅ ተአጋሲ,ኢዮብ ጻድቅ ተአጋሲ,monthly,NO_BOOK,,,
12-2,332,ቅዱስ አቤል ጻድቅ,አቤል,monthly,NO_BOOK,,,
12-2,332,ቅዱስ አባ ዻውሊ ገዳማዊ (ታላቁ),ዻውሊ ገዳማዊ,monthly,NO_BOOK,,,
12-2,332,ቅዱስ ሳዊሮስ ዘአንጾኪያ,ሳዊሮስ ዘአንጾኪያ,monthly,NO_BOOK,,,
12-2,332,አባ ሕርያቆስ ዘሃገረ ብሕንሳ,ሕርያቆስ ዘሃገረ ብሕንሳ,monthly,NO_BOOK,,,
12-2,332,ቅዱስ ታዴዎስ ሐዋርያ (ከ፲፪ቱ ሐዋርያት),ታዴዎስ ሐዋርያ,monthly,CORRECT,AM-MEL-033:የሐዋርያው የቅዱስ ታዴዎስ መልክዕ በአማርኛ | GZ-MEL-055:መልክዐ ቅዱስ ታዴዎስ በግእዝ,AM-MEL-033:የሐዋርያው የቅዱስ ታዴዎስ መልክዕ በአማርኛ | AM-MEL-046:የቅዱስ እንድርያስ ሐዋርያ መልክዕ በአማርኛ | GZ-MEL-023:መልክዐ ሐዋርያት በግእዝ | GZ-MEL-055:መልክዐ ቅዱስ ታዴዎስ በግእዝ | GZ-MEL-137:መልክዐ እንድርያስ ሐዋርያ በግእዝ | GZ-GDL-017:ገድለ አቡነ ተክለ ሐዋርያት በግእዝ | GZ-GDL-032:መጽሐፈ ገድለ ቅዱሳን ሐዋርያት በግእዝ | AM-ZNA-003:ዜና ሐዋርያት በአማርኛ,"1-2, 1-2, 1-4, 1-4, 2-2, 2-2, 2-4, 2-4, 3-2, 3-2"
12-3,333,ታላቁ አባ ስምዖን ዘዓምድ,ታላቁ አባ ስምዖን ዘዓምድ,annual,NO_BOOK,,,
12-3,333,ቅድስት ሶፍያ ቡርክትና ደናግል ልጆቿ,ሶፍያ ቡርክትና ደናግል ልጆቿ,annual,NO_BOOK,,,
12-3,333,በዓታ ለእግዝእትነ ማርያም ድንግል ወላዲተ አምላክ,በዓታ ለእግዝእትነ ማርያም ድንግል ወላዲተ አምላክ,monthly,WRONG_DATE,,AM-WUD-003:ውዳሴ አምላክ በአማርኛ | GZ-MEL-088:መልክዐ አቡነ ቡሩከ አምላክ ዘደብረ ኮል በግእዝ | GZ-MEL-089:መልክዐ አቡነ ብፁዓ አምላክ ዘደብረ ምዕዋን ወዘደብረ ኰዳዱ በግእዝ | TI-WUD-002:ውዳሴ አምላክ ብትግርኛ,"None-None, None-None, 4-1, 9-9, 12-14"
12-3,333,ቅዱሳን ኢያቄም ወሐና,ኢያቄም ወሐና,monthly,CORRECT,GZ-MEL-133:መልክዐ ኢያቄም በግእዝ | AM-DRS-001:የቅዱስ ኢያቄምና- የቅድስት ሐና ድርሳን በአማርኛ | GZ-DRS-007:ድርሳን ዘቅዱስ ኢያቄም ወቅድስት ሐና በግእዝ,GZ-MEL-133:መልክዐ ኢያቄም በግእዝ | AM-DRS-001:የቅዱስ ኢያቄምና- የቅድስት ሐና ድርሳን በአማርኛ | GZ-DRS-007:ድርሳን ዘቅዱስ ኢያቄም ወቅድስት ሐና በግእዝ,"1-1, 1-1, 1-1, 1-3, 1-3, 1-3, 1-7, 1-7, 1-7, 1-11"
12-3,333,ቅዱሳን ሊቃነ ካህናት አበው (ዘካርያስና ስምዖን),ሊቃነ ካህናት አበው,monthly,WRONG_DATE,,AM-DIR-001:የሰባቱ ሊቃነ መላእክት ድርሳን በአማርኛ | AM-ZNA-002:ዜና አበው በአማርኛ,"1-13, 2-13, 3-4, 3-13, 4-13, 5-13, 5-26, 6-13, 7-13, 8-13"
12-3,333,አባ ሊባኖስ ዘመጣዕ,ሊባኖስ ዘመጣዕ,monthly,CORRECT,AM-MEL-053:የአቡነ ሊባኖስ 2ኛ መልክዕ በአማርኛ | GZ-MEL-018:መልክዐ ሊባኖስ በግእዝ | GZ-MEL-074:መልክዐ አቡነ ሊባኖስ ካልእ በግእዝ,AM-MEL-053:የአቡነ ሊባኖስ 2ኛ መልክዕ በአማርኛ | GZ-MEL-018:መልክዐ ሊባኖስ በግእዝ | GZ-MEL-074:መልክዐ አቡነ ሊባኖስ ካልእ በግእዝ | GZ-GDL-001:ገድለ አቡነ ፊልጶስ ዘደብረ ሊባኖስ በግእዝ,"1-3, 1-3, 1-3, 2-3, 2-3, 2-3, 3-3, 3-3, 3-3, 4-3"
12-3,333,አቡነ ዜና ማርቆስ,ዜና ማርቆስ,monthly,CORRECT,AM-MEL-062:የአቡነ ዜና ማርቆስ መልክዕ በአማርኛ | GZ-MEL-106:መልክዐ አቡነ ዜና ማርቆስ በግእዝ,AM-MEL-062:የአቡነ ዜና ማርቆስ መልክዕ በአማርኛ | GZ-MEL-106:መልክዐ አቡነ ዜና ማርቆስ በግእዝ,"1-3, 1-3, 2-3, 2-3, 3-3, 3-3, 4-3, 4-3, 5-3, 5-3"
12-3,333,አቡነ መድኃኒነ እግዚእ ዘደብረ በንኮል,መድኃኒነ እግዚእ ዘደብረ በንኮል,monthly,CORRECT,GZ-MEL-078:መልክዐ አቡነ መድኃኒነ እግዚእ በግእዝ,GZ-MEL-078:መልክዐ አቡነ መድኃኒነ እግዚእ በግእዝ,"1-3, 2-3, 3-3, 4-3, 5-3, 6-3, 7-3, 8-3, 9-3, 10-3"
12-3,333,ቅዱስ ቄርሎስ ሊቅ (ዓምደ ሃይማኖት),ቄርሎስ ሊቅ,monthly,NO_BOOK,,,
12-4,334,ቅዱስ ሕዝቅያስ ጻድቅ (ንጉሠ ይሁዳ),ሕዝቅያስ ጻድቅ,annual,WRONG_DATE,,AM-MEL-003:መልክዐ ለአቡነ አቢብ ጻድቅ በአማርኛ | AM-MEL-021:መልክዐ አቡነ ዮሐንስ ጻድቅ በአማርኛ | AM-MEL-060:የአቡነ አባለ ክርስቶስ ጻድቅ መልክዕ በአማርኛ,"1-16, 1-25, 2-16, 2-25, 3-16, 3-25, 4-16, 4-19, 4-25, 5-16"
12-4,334,አባ ማቴዎስ ገዳማዊ,ማቴዎስ ገዳማዊ,annual,WRONG_DATE,,GZ-MEL-080:መልክዐ አቡነ ማቴዎስ ዘደብረ በርበሬ በግእዝ | GZ-MEL-081:መልክዐ አቡነ ማቴዎስ ዘደብረ በርበሬ በግእዝ ካልእ,"3-13, 5-14"
12-4,334,ቅዱስ ዳዊት ሰማዕት,ዳዊት,annual,WRONG_DATE,,AM-MEL-049:የቅዱስ ዳዊት መልክዕ በአማርኛ | AM-MZM-001:መዝሙረ ዳዊት በአማርኛ | GZ-MEL-064:መልክዐ ቅዱስ ዳዊት በግእዝ | GZ-MZM-004:መዝሙረ ዳዊት በግእዝ | TI-MZM-001:መዝሙረ ዳዊት ብትግርኛ,"None-None, None-None, None-None, 1-23, 1-23, 2-23, 2-23, 3-23, 3-23, 4-23"
12-4,334,ቅዱስ ዮሐንስ ወልደ ነጎድጉዋድ (ወንጌላዊው),ዮሐንስ ወልደ ነጎድጉዋድ,monthly,CORRECT,AM-MEL-016:መልክዐ ቅዱስ ዮሐንስ ወንጌላዊ በአማርኛ | AM-MEL-047:የቅዱስ ዮሐንስ 2ኛ መልክዕ በአማርኛ | GZ-MEL-061:መልክዐ ቅዱስ ዮሐንስ ካልእ በግእዝ | GZ-MEL-062:መልክዐ ቅዱስ ዮሐንስ ወንጌላዊ በግእዝ | GZ-MEL-149:መልክዐ ዮሐንስ ወልደ ነጎድጓድ በግእዝ | GZ-MEL-150:መልክዐ ዮሐንስ ፍቁረ እግዚእ በግእዝ | AM-GDL-013:የቅዱስ ዮሐንስ ገድል በአማርኛ,AM-MEL-016:መልክዐ ቅዱስ ዮሐንስ ወንጌላዊ በአማርኛ | AM-MEL-020:መልክዐ አቡነ ዕጨጌ ዮሐንስ በአማርኛ | AM-MEL-021:መልክዐ አቡነ ዮሐንስ ጻድቅ በአማርኛ | AM-MEL-047:የቅዱስ ዮሐንስ 2ኛ መልክዕ በአማርኛ | AM-MEL-048:የቅዱስ ዮሐንስ መጥምቅ መልክዕ በአማርኛ | GZ-MEL-060:መልክዐ ቅዱስ ዮሐንስ መጥምቅ በግእዝ | GZ-MEL-061:መልክዐ ቅዱስ ዮሐንስ ካልእ በግእዝ | GZ-MEL-062:መልክዐ ቅዱስ ዮሐንስ ወንጌላዊ በግእዝ | GZ-MEL-104:መልክዐ አቡነ ዕጨጌ ዮሐንስ በግእዝ | GZ-MEL-109:መልክዐ አቡነ ዮሐንስ ከማ በግእዝ | GZ-MEL-110:መልክዐ አቡነ ዮሐንስ ዘድብረ ዳጋ በግእዝ | GZ-MEL-149:መልክዐ ዮሐንስ ወልደ ነጎድጓድ በግእዝ | GZ-MEL-150:መልክዐ ዮሐንስ ፍቁረ እግዚእ በግእዝ | AM-GDL-013:የቅዱስ ዮሐንስ ገድል በአማርኛ | GZ-GDL-018:ገድለ አቡነ ዮሐንስ በግእዝ | AM-GDL-027:ገድለ አቡነ እጨጌ ዮሐንስ ዘጸገሮ በአማርኛ,"1-1, 1-1, 1-2, 1-2, 1-4, 1-4, 1-4, 1-4, 1-4, 1-4"
12-4,334,ቅዱስ እንድርያስ ሐዋርያ,እንድርያስ,monthly,CORRECT,AM-MEL-046:የቅዱስ እንድርያስ ሐዋርያ መልክዕ በአማርኛ | GZ-MEL-137:መልክዐ እንድርያስ ሐዋርያ በግእዝ,AM-MEL-046:የቅዱስ እንድርያስ ሐዋርያ መልክዕ በአማርኛ | GZ-MEL-102:መልክዐ አቡነ እንድርያስ ዘደብረ ስኂን (ፅፉን) በግእዝ | GZ-MEL-103:መልክዐ አቡነ እንድርያስ ዘደብረ ጽጌ በግእዝ | GZ-MEL-137:መልክዐ እንድርያስ ሐዋርያ በግእዝ,"1-4, 1-4, 2-4, 2-4, 3-4, 3-4, 4-4, 4-4, 5-4, 5-4"
12-4,334,ቅድስት ሶፍያ ሰማዕት,ሶፍያ,monthly,NO_BOOK,,,
12-4,334,ቅዱስ ዮሐንስ ዘሐራቅሊ (ሰማዕት),ዮሐንስ ዘሐራቅሊ,monthly,CORRECT,AM-MEL-016:መልክዐ ቅዱስ ዮሐንስ ወንጌላዊ በአማርኛ | AM-MEL-047:የቅዱስ ዮሐንስ 2ኛ መልክዕ በአማርኛ | GZ-MEL-061:መልክዐ ቅዱስ ዮሐንስ ካልእ በግእዝ | GZ-MEL-062:መልክዐ ቅዱስ ዮሐንስ ወንጌላዊ በግእዝ | GZ-MEL-149:መልክዐ ዮሐንስ ወልደ ነጎድጓድ በግእዝ | GZ-MEL-150:መልክዐ ዮሐንስ ፍቁረ እግዚእ በግእዝ | AM-GDL-013:የቅዱስ ዮሐንስ ገድል በአማርኛ,AM-MEL-016:መልክዐ ቅዱስ ዮሐንስ ወንጌላዊ በአማርኛ | AM-MEL-020:መልክዐ አቡነ ዕጨጌ ዮሐንስ በአማርኛ | AM-MEL-021:መልክዐ አቡነ ዮሐንስ ጻድቅ በአማርኛ | AM-MEL-047:የቅዱስ ዮሐንስ 2ኛ መልክዕ በአማርኛ | AM-MEL-048:የቅዱስ ዮሐንስ መጥምቅ መልክዕ በአማርኛ | GZ-MEL-060:መልክዐ ቅዱስ ዮሐንስ መጥምቅ በግእዝ | GZ-MEL-061:መልክዐ ቅዱስ ዮሐንስ ካልእ በግእዝ | GZ-MEL-062:መልክዐ ቅዱስ ዮሐንስ ወንጌላዊ በግእዝ | GZ-MEL-104:መልክዐ አቡነ ዕጨጌ ዮሐንስ በግእዝ | GZ-MEL-109:መልክዐ አቡነ ዮሐንስ ከማ በግእዝ | GZ-MEL-110:መልክዐ አቡነ ዮሐንስ ዘድብረ ዳጋ በግእዝ | GZ-MEL-149:መልክዐ ዮሐንስ ወልደ ነጎድጓድ በግእዝ | GZ-MEL-150:መልክዐ ዮሐንስ ፍቁረ እግዚእ በግእዝ | AM-GDL-013:የቅዱስ ዮሐንስ ገድል በአማርኛ | GZ-GDL-018:ገድለ አቡነ ዮሐንስ በግእዝ | AM-GDL-027:ገድለ አቡነ እጨጌ ዮሐንስ ዘጸገሮ በአማርኛ,"1-1, 1-1, 1-2, 1-2, 1-4, 1-4, 1-4, 1-4, 1-4, 1-4"
12-5,335,ቅዱስ አባ አብርሃም ገዳማዊ,አብርሃም ገዳማዊ,annual,WRONG_DATE,,AM-MEL-022:መልክዐ አብርሃም ይሥሐቅ ያዕቆብ በአማርኛ | AM-MEL-063:የአባታችን አብርሃም መልክዕ በአማርኛ | GZ-MEL-098:መልክዐ አቡነ አብርሃም በግእዝ | GZ-MEL-124:መልክዐ አብርሃም ይሥሐቅ ወያዕቆብ በግእዝ | GZ-GDL-013:ገድለ ዘርዐ አብርሃም በግእዝ,"1-28, 1-28, 2-28, 2-28, 3-28, 3-28, 4-24, 4-28, 4-28, 5-28"
12-5,335,ቅድስት ማርያ እህቱ,ማርያ እህቱ,annual,WRONG_DATE,,AM-LAH-001:ላሐ ማርያም በአማርኛ | AM-MEL-008:መልክዐ ማርያም ሣልሲት በአማርኛ | AM-MEL-009:መልክዐ ማርያም በአማርኛ | AM-MEL-017:መልክዐ ቅድስት ጸበለ ማርያም በአማርኛ | AM-MEL-064:የጽዮን ማርያም 3ኛ መልክዕ በአማርኛ | AM-RAY-001:ራዕየ ማርያም በአማርኛ | AM-WUD-002:ውዳሴ ማርያም በአማርኛ | GZ-ETA-001:እትአመነኪ ማርያም በሰማይ ወበምድር በግእዝ | GZ-LAH-001:ላሐ ማርያም በግእዝ | GZ-MEL-002:መልከዐ ማርያም ዳግሚት በግእዝ | GZ-MEL-031:መልክዐ ማርያም ሣልሲት በግእዝ | GZ-MEL-032:መልክዐ ማርያም በግእዝ | GZ-MEL-070:መልክዐ ተክለ ማርያም ዘይሰመይ መብዓ ጽዮን በግእዝ | GZ-MEL-099:መልክዐ አቡነ አብሳዲ ዘደብረ ማርያም በግእዝ | GZ-MEL-159:መልክዐ ጸበለ ማርያም ቅድስት በግእዝ | GZ-MEL-161:መልክዐ ጽዮን ማርያም ሣልስ በግእዝ | GZ-WUD-002:ውዳሴ ማርያም በግእዝ | TI-RAY-001:ራእየ ማርያም ብትግርኛ | TI-WUD-001:ውዳሴ ማርያም ብትግርኛ | AM-GDL-002:ገድለ ማርያም እንተ ዕፍረት በአማርኛ | GZ-TAM-001:ተአምረ ማርያም በግእዝ | AM-GDL-003:ገድለ ማርያም መግደላዊት በአማርኛ | GZ-MTS-001:መጽሐፈ ልደታ ለማርያም በግእዝ | AM-TAM-002:ተአምረ ማርያም በአማርኛ,"None-None, None-None, None-None, 1-1, 1-21, 1-21, 1-21, 1-21, 1-21, 1-21"
12-5,335,ቅዱስ ዮሐንስ ጻድቅ,ዮሐንስ,annual,WRONG_DATE,,AM-MEL-016:መልክዐ ቅዱስ ዮሐንስ ወንጌላዊ በአማርኛ | AM-MEL-020:መልክዐ አቡነ ዕጨጌ ዮሐንስ በአማርኛ | AM-MEL-021:መልክዐ አቡነ ዮሐንስ ጻድቅ በአማርኛ | AM-MEL-047:የቅዱስ ዮሐንስ 2ኛ መልክዕ በአማርኛ | AM-MEL-048:የቅዱስ ዮሐንስ መጥምቅ መልክዕ በአማርኛ | GZ-MEL-060:መልክዐ ቅዱስ ዮሐንስ መጥምቅ በግእዝ | GZ-MEL-061:መልክዐ ቅዱስ ዮሐንስ ካልእ በግእዝ | GZ-MEL-062:መልክዐ ቅዱስ ዮሐንስ ወንጌላዊ በግእዝ | GZ-MEL-104:መልክዐ አቡነ ዕጨጌ ዮሐንስ በግእዝ | GZ-MEL-109:መልክዐ አቡነ ዮሐንስ ከማ በግእዝ | GZ-MEL-110:መልክዐ አቡነ ዮሐንስ ዘድብረ ዳጋ በግእዝ | GZ-MEL-149:መልክዐ ዮሐንስ ወልደ ነጎድጓድ በግእዝ | GZ-MEL-150:መልክዐ ዮሐንስ ፍቁረ እግዚእ በግእዝ | AM-GDL-013:የቅዱስ ዮሐንስ ገድል በአማርኛ | GZ-GDL-018:ገድለ አቡነ ዮሐንስ በግእዝ | AM-GDL-027:ገድለ አቡነ እጨጌ ዮሐንስ ዘጸገሮ በአማርኛ,"1-1, 1-1, 1-2, 1-2, 1-4, 1-4, 1-4, 1-4, 1-4, 1-4"
12-5,335,አባ ፊልዾስ ዘደብረ ቢዘን,ፊልዾስ ዘደብረ ቢዘን,annual,CORRECT,GZ-MEL-120:መልክዐ አቡነ ፊልጶስ ዘደብረ ቢዘን በግእዝ,GZ-MEL-107:መልክዐ አቡነ የሐንስ ዘደብረ ቢዘን በግእዝ | GZ-MEL-120:መልክዐ አቡነ ፊልጶስ ዘደብረ ቢዘን በግእዝ,"1-13, 2-13, 3-13, 4-13, 5-13, 6-13, 7-13, 8-13, 9-13, 10-13"
12-5,335,ቅዱስ ዼጥሮስ ሊቀ ሐዋርያት,ዼጥሮስ ሊቀ ሐዋርያት,monthly,WRONG_DATE,,GZ-MEL-023:መልክዐ ሐዋርያት በግእዝ | GZ-GDL-017:ገድለ አቡነ ተክለ ሐዋርያት በግእዝ | GZ-GDL-032:መጽሐፈ ገድለ ቅዱሳን ሐዋርያት በግእዝ | AM-ZNA-003:ዜና ሐዋርያት በአማርኛ,"3-27, 11-5, 11-5, 11-5, 12-15, 12-15, 12-15"
12-5,335,ቅዱስ ዻውሎስ ብርሃነ ዓለም,ዻውሎስ ብርሃነ ዓለም,monthly,WRONG_DATE,,AM-MEL-034:የመድኀኔ ዓለም 3ኛ መልክዕ በአማርኛ | AM-MEL-035:የመድኀኔ ዓለም መልክዕ በአማርኛ | GZ-MEL-001:ሐዲስ መልክዐ መድኃኔዓለም በግእዝ | GZ-MEL-027:መልክዐ መድኀኔ ዓለም ሣልስ በግዕዝ | GZ-MEL-028:መልክዐ መድኃኔ ዓለም በግእዝ | GZ-DRS-005:ድርሳነ መድኃኔ ዓለም በግእዝ | AM-DRS-004:ድርሳነ መድኃኔ ዓለም በአማርኛ,"1-27, 1-27, 1-27, 1-27, 1-27, 1-27, 1-27, 2-27, 2-27, 2-27"
12-5,335,አቡነ ገብረ መንፈስ ቅዱስ,ገብረ መንፈስ ቅዱስ,monthly,CORRECT,GZ-MEL-151:መልክዐ ገብረ መንፈስ ቅዱስ በግእዝ | GZ-MEL-152:መልክዐ ገብረ መንፈስ ቅዱስ ካልዕ በግእዝ | AM-GDL-007:ገድለ አቡነ ገብረ መንፈስ ቅዱስ በአማርኛ,GZ-MEL-151:መልክዐ ገብረ መንፈስ ቅዱስ በግእዝ | GZ-MEL-152:መልክዐ ገብረ መንፈስ ቅዱስ ካልዕ በግእዝ | AM-GDL-007:ገድለ አቡነ ገብረ መንፈስ ቅዱስ በአማርኛ,"1-5, 1-5, 1-5, 2-5, 2-5, 2-5, 3-5, 3-5, 3-5, 4-5"
12-5,335,ቅዱስ ዮሐኒ ኢትዮዽያዊ,ዮሐኒ ኢትዮዽያዊ,monthly,NO_BOOK,,,
12-5,335,ቅዱስ አሞኒ ዘናሒሶ,አሞኒ ዘናሒሶ,monthly,NO_BOOK,,,
12-5,335,ቅድስት አውጋንያ (ሰማዕትና ጻድቅ),አውጋንያ,monthly,NO_BOOK,,,
12-6,336,ቅድስት ማርያም መግደላዊት (ከ፫፮ቱ ቅዱሳት አንስት),ማርያም መግደላዊት,annual,CORRECT,AM-GDL-003:ገድለ ማርያም መግደላዊት በአማርኛ,AM-GDL-003:ገድለ ማርያም መግደላዊት በአማርኛ,"7-29, 12-6"
12-6,336,ቅድስት ኢየሉጣ ሰማዕት (ዘቂሣርያ),ኢየሉጣ ሰማዕት,annual,CORRECT,GZ-MEL-042:መልክዐ ሰማዕት ቅድስት አርሴማ በግእዝ | AM-GDL-008:ገድለ ሰማዕት ቅድስት አርሴማ በአማርኛ | GZ-GDL-033:ገድለ ሰማዕት ቅድስት አርሴማ በግእዝ,GZ-MEL-039:መልክዐ ሰማዕት ቅዱስ መርቆሬዎስ በግእዝ | GZ-MEL-040:መልክዐ ሰማዕት ቅዱስ ቴዎድሮስ በግእዝ | GZ-MEL-041:መልክዐ ሰማዕት ቅዱስ ፋሲለደስ በግእዝ | GZ-MEL-042:መልክዐ ሰማዕት ቅድስት አርሴማ በግእዝ | GZ-MEL-043:መልክዐ ሰማዕት ቅድስት ኢየሉጣ በግእዝ | GZ-MEL-122:መልክዐ አባ ኖብ ሰማዕት በግእዝ | GZ-GDL-002:ገድለ ሰማዕት ቅዱስ መርቆሬዎስ በግእዝ | AM-GDL-008:ገድለ ሰማዕት ቅድስት አርሴማ በአማርኛ | GZ-GDL-014:ገድለ ቅዱስ ጊዮርጊስ ሰማዕት በግእዝ | AM-GDL-015:ገድለ ሰማዕት ቅዱስ መርቆሬዎስ በአማርኛ | AM-GDL-018:ገድለ ቅዱስ ጊዮርጊስ ሰማዕት በአማርኛ | AM-GDL-023:የቅዱስ ቂርቆስና የቅድስት ኢየሉጣ ገድል በአማርኛ | GZ-GDL-031:ገድለ ሰማዕት ቅዱስ ቴዎድሮስ በግእዝ | GZ-GDL-033:ገድለ ሰማዕት ቅድስት አርሴማ በግእዝ | AM-GDL-030:ገድለ ሰማዕት ቅዱስ ቴዎድሮስ በአማርኛ,"1-6, 1-6, 1-6, 1-11, 1-12, 1-12, 1-12, 1-15, 1-15, 1-18"
12-6,336,አባ ዊጻ (የታላቁ ሲኖዳ ደቀ መዝሙር),ዊጻ,annual,NO_BOOK,,,
12-6,336,ቅድስት ደብረ ቁስቁዋም,ደብረ ቁስቁዋም,monthly,WRONG_DATE,,GZ-MEL-076:መልክዐ አቡነ መርቆሬዎስ ዘደብረ ድማኅ በግእዝ | GZ-MEL-080:መልክዐ አቡነ ማቴዎስ ዘደብረ በርበሬ በግእዝ | GZ-MEL-081:መልክዐ አቡነ ማቴዎስ ዘደብረ በርበሬ በግእዝ ካልእ | GZ-MEL-088:መልክዐ አቡነ ቡሩከ አምላክ ዘደብረ ኮል በግእዝ | GZ-MEL-089:መልክዐ አቡነ ብፁዓ አምላክ ዘደብረ ምዕዋን ወዘደብረ ኰዳዱ በግእዝ | GZ-MEL-099:መልክዐ አቡነ አብሳዲ ዘደብረ ማርያም በግእዝ | GZ-MEL-102:መልክዐ አቡነ እንድርያስ ዘደብረ ስኂን (ፅፉን) በግእዝ | GZ-MEL-103:መልክዐ አቡነ እንድርያስ ዘደብረ ጽጌ በግእዝ | GZ-MEL-107:መልክዐ አቡነ የሐንስ ዘደብረ ቢዘን በግእዝ | GZ-MEL-113:መልክዐ አቡነ ዮናስ ዘደብረ ድኁኃን ዘደብረ ጽጌ ወዘደብረ ጽዮን በግእዝ | GZ-MEL-120:መልክዐ አቡነ ፊልጶስ ዘደብረ ቢዘን በግእዝ | GZ-GDL-001:ገድለ አቡነ ፊልጶስ ዘደብረ ሊባኖስ በግእዝ,"1-13, 1-30, 2-13, 3-13, 3-13, 3-17, 4-1, 4-13, 4-16, 5-13"
12-6,336,አባታችን አዳምና እናታችን ሔዋን,አባታችን አዳምና እናታችን ሔዋን,monthly,CORRECT,AM-MEL-023:መልክዐ አዳም ወሔዋን በአማርኛ | GZ-MEL-127:መልክዐ አዳም ወሔዋን በግእዝ,AM-MEL-023:መልክዐ አዳም ወሔዋን በአማርኛ | AM-MEL-063:የአባታችን አብርሃም መልክዕ በአማርኛ | GZ-MEL-127:መልክዐ አዳም ወሔዋን በግእዝ,"1-6, 1-6, 2-6, 2-6, 3-6, 3-6, 4-6, 4-6, 5-6, 5-6"
12-6,336,አባታችን ኖኅና እናታችን ሐይከል,አባታችን ኖኅና እናታችን ሐይከል,monthly,WRONG_DATE,,AM-MEL-063:የአባታችን አብርሃም መልክዕ በአማርኛ,"11-7, 12-28"
12-6,336,ቅዱስ ኤልያስ ነቢይ,ኤልያስ,monthly,CORRECT,AM-MEL-052:የነቢዩ የቅዱስ ኤልያስ 3ኛ መልክዕ በአማርኛ | GZ-MEL-059:መልክዐ ቅዱስ ኤልያስ ነቢይ ሣልስ በግእዝ | GZ-MEL-134:መልክዐ ኤልያስ በግእዝ | AM-DRS-005:ድርሳነ ኤልያስ ነቢይ በአማርኛ,AM-MEL-052:የነቢዩ የቅዱስ ኤልያስ 3ኛ መልክዕ በአማርኛ | GZ-MEL-059:መልክዐ ቅዱስ ኤልያስ ነቢይ ሣልስ በግእዝ | GZ-MEL-134:መልክዐ ኤልያስ በግእዝ | AM-DRS-005:ድርሳነ ኤልያስ ነቢይ በአማርኛ,"1-6, 1-6, 1-6, 1-6, 2-6, 2-6, 2-6, 2-6, 3-6, 3-6"
12-6,336,ቅዱስ ባስልዮስ ዘቂሣርያ,ባስልዮስ ዘቂሣርያ,monthly,NO_BOOK,,,
12-6,336,ቅዱስ ዮሴፍ አረጋዊ,ዮሴፍ አረጋዊ,monthly,WRONG_DATE,,GZ-MEL-073:መልክዐ አረጋዊ በግእዝ | GZ-MEL-111:መልክዐ አቡነ ዮሴፍ በግእዝ | AM-GDL-016:ገድለ አቡነ አረጋዊ በአማርኛ | GZ-GDL-029:ገድለ አቡነ ዮሴፍ በግእዝ,"1-14, 1-14, 1-19, 1-19, 2-14, 2-14, 2-19, 2-19, 3-14, 3-14"
12-6,336,ቅድስት ሰሎሜ,ሰሎሜ,monthly,NO_BOOK,,,
12-6,336,አባ አርከ ሥሉስ,አርከ ሥሉስ,monthly,WRONG_DATE,,AM-TEA-003:ተአምኆ ዘሥሉስ ቅዱስ መልክዕ በአማርኛ | AM-TEA-002:ተአምኆ ዘሥሉስ ቅዱስ በአማርኛ | GZ-MEL-034:መልክዐ ሥሉስ ቅዱስ በግእዝ | GZ-TEA-002:ተአምኆ ዘሥሉስ ቅዱስ በግእዝ | GZ-TEA-003:ተአምኆ ዘሥሉስ ቅዱስ በግእዝ ካልእ,"None-None, None-None, None-None, None-None, 5-7"
12-6,336,አባ ጽጌ ድንግል,ጽጌ ድንግል,monthly,WRONG_DATE,,AM-MEL-019:መልክዐ አቡነ ሐራ ድንግል በአማርኛ | GZ-MEL-021:መልክዐ ሐራ ድንግል በግእዝ,"1-11, 1-11, 2-11, 2-11, 3-11, 3-11, 4-11, 4-11, 5-11, 5-11"
12-6,336,ቅድስት አርሴማ ድንግል,አርሴማ ድንግል,monthly,CORRECT,GZ-MEL-042:መልክዐ ሰማዕት ቅድስት አርሴማ በግእዝ | AM-GDL-008:ገድለ ሰማዕት ቅድስት አርሴማ በአማርኛ | GZ-GDL-033:ገድለ ሰማዕት ቅድስት አርሴማ በግእዝ,AM-MEL-019:መልክዐ አቡነ ሐራ ድንግል በአማርኛ | GZ-MEL-021:መልክዐ ሐራ ድንግል በግእዝ | GZ-MEL-042:መልክዐ ሰማዕት ቅድስት አርሴማ በግእዝ | AM-GDL-008:ገድለ ሰማዕት ቅድስት አርሴማ በአማርኛ | GZ-GDL-033:ገድለ ሰማዕት ቅድስት አርሴማ በግእዝ,"1-6, 1-6, 1-6, 1-11, 1-11, 1-29, 1-29, 1-29, 2-6, 2-6"
12-7,337,በዓለ ጽንሰታ ለእግዝእትነ ማርያም,በዓለ ጽንሰታ ለእግዝእትነ ማርያም,annual,WRONG_DATE,,AM-LAH-001:ላሐ ማርያም በአማርኛ | AM-MEL-008:መልክዐ ማርያም ሣልሲት በአማርኛ | AM-MEL-009:መልክዐ ማርያም በአማርኛ | AM-MEL-017:መልክዐ ቅድስት ጸበለ ማርያም በአማርኛ | AM-MEL-064:የጽዮን ማርያም 3ኛ መልክዕ በአማርኛ | AM-RAY-001:ራዕየ ማርያም በአማርኛ | AM-WUD-002:ውዳሴ ማርያም በአማርኛ | GZ-ETA-001:እትአመነኪ ማርያም በሰማይ ወበምድር በግእዝ | GZ-LAH-001:ላሐ ማርያም በግእዝ | GZ-MEL-002:መልከዐ ማርያም ዳግሚት በግእዝ | GZ-MEL-031:መልክዐ ማርያም ሣልሲት በግእዝ | GZ-MEL-032:መልክዐ ማርያም በግእዝ | GZ-MEL-070:መልክዐ ተክለ ማርያም ዘይሰመይ መብዓ ጽዮን በግእዝ | GZ-MEL-099:መልክዐ አቡነ አብሳዲ ዘደብረ ማርያም በግእዝ | GZ-MEL-159:መልክዐ ጸበለ ማርያም ቅድስት በግእዝ | GZ-MEL-161:መልክዐ ጽዮን ማርያም ሣልስ በግእዝ | GZ-WUD-002:ውዳሴ ማርያም በግእዝ | TI-RAY-001:ራእየ ማርያም ብትግርኛ | TI-WUD-001:ውዳሴ ማርያም ብትግርኛ | AM-GDL-002:ገድለ ማርያም እንተ ዕፍረት በአማርኛ | GZ-TAM-001:ተአምረ ማርያም በግእዝ | AM-GDL-003:ገድለ ማርያም መግደላዊት በአማርኛ | GZ-MTS-001:መጽሐፈ ልደታ ለማርያም በግእዝ | AM-TAM-002:ተአምረ ማርያም በአማርኛ,"None-None, None-None, None-None, 1-1, 1-21, 1-21, 1-21, 1-21, 1-21, 1-21"
12-7,337,ቅዱሳን ኢያቄም ወሐና,ኢያቄም ወሐና,annual,CORRECT,GZ-MEL-133:መልክዐ ኢያቄም በግእዝ | AM-DRS-001:የቅዱስ ኢያቄምና- የቅድስት ሐና ድርሳን በአማርኛ | GZ-DRS-007:ድርሳን ዘቅዱስ ኢያቄም ወቅድስት ሐና በግእዝ,GZ-MEL-133:መልክዐ ኢያቄም በግእዝ | AM-DRS-001:የቅዱስ ኢያቄምና- የቅድስት ሐና ድርሳን በአማርኛ | GZ-DRS-007:ድርሳን ዘቅዱስ ኢያቄም ወቅድስት ሐና በግእዝ,"1-1, 1-1, 1-1, 1-3, 1-3, 1-3, 1-7, 1-7, 1-7, 1-11"
12-7,337,ቅዱስ ገብርኤል መበሥር,ገብርኤል መበሥር,annual,CORRECT,AM-MEL-050:የቅዱስ ገብርኤል መልክዕ በአማርኛ | GZ-MEL-013:መልክዐ ሊቀ መላእክት ቅዱስ ገብርኤል በግእዝ | GZ-MEL-014:መልክዐ ሊቀ መላእክት ቅዱስ ገብርኤል ካልዕ (ደቅስዮስ) በግእዝ | AM-DRS-003:ድርሳነ ገብርኤል በአማርኛ | GZ-DRS-010:ድርሳነ ገብርኤል በግእዝ,AM-MEL-050:የቅዱስ ገብርኤል መልክዕ በአማርኛ | GZ-MEL-013:መልክዐ ሊቀ መላእክት ቅዱስ ገብርኤል በግእዝ | GZ-MEL-014:መልክዐ ሊቀ መላእክት ቅዱስ ገብርኤል ካልዕ (ደቅስዮስ) በግእዝ | AM-DRS-003:ድርሳነ ገብርኤል በአማርኛ | GZ-DRS-010:ድርሳነ ገብርኤል በግእዝ,"1-19, 1-19, 1-19, 1-19, 1-19, 2-19, 2-19, 2-19, 2-19, 2-19"
12-7,337,ቅዱስ ዼጥሮስ ሊቀ ሐዋርያት,ዼጥሮስ ሊቀ ሐዋርያት,annual,WRONG_DATE,,GZ-MEL-023:መልክዐ ሐዋርያት በግእዝ | GZ-GDL-017:ገድለ አቡነ ተክለ ሐዋርያት በግእዝ | GZ-GDL-032:መጽሐፈ ገድለ ቅዱሳን ሐዋርያት በግእዝ | AM-ZNA-003:ዜና ሐዋርያት በአማርኛ,"3-27, 11-5, 11-5, 11-5, 12-15, 12-15, 12-15"
12-7,337,አፄ ናዖድ ጻድቅ (ንጉሠ ኢትዮዽያ),አፄ ናዖድ ጻድቅ,annual,WRONG_DATE,,AM-MEL-003:መልክዐ ለአቡነ አቢብ ጻድቅ በአማርኛ | AM-MEL-021:መልክዐ አቡነ ዮሐንስ ጻድቅ በአማርኛ | AM-MEL-060:የአቡነ አባለ ክርስቶስ ጻድቅ መልክዕ በአማርኛ,"1-16, 1-25, 2-16, 2-25, 3-16, 3-25, 4-16, 4-19, 4-25, 5-16"
12-7,337,ቅዱስ ዮሴፍ ጻድቅ (ወልደ ያዕቆብ-ልደቱ),ዮሴፍ ጻድቅ,annual,WRONG_DATE,,AM-MEL-003:መልክዐ ለአቡነ አቢብ ጻድቅ በአማርኛ | AM-MEL-021:መልክዐ አቡነ ዮሐንስ ጻድቅ በአማርኛ | AM-MEL-060:የአቡነ አባለ ክርስቶስ ጻድቅ መልክዕ በአማርኛ | GZ-MEL-111:መልክዐ አቡነ ዮሴፍ በግእዝ | GZ-GDL-029:ገድለ አቡነ ዮሴፍ በግእዝ,"1-16, 1-19, 1-19, 1-25, 2-16, 2-19, 2-19, 2-25, 3-16, 3-19"
12-7,337,አባ ጢሞቴዎስ ሊቀ ዻዻሳት,ጢሞቴዎስ ሊቀ ዻዻሳት,annual,NO_BOOK,,,
12-7,337,ሥሉስ ቅዱስ (አብ ወወልድ ወመንፈስ ቅዱስ),ሥሉስ ቅዱስ,monthly,WRONG_DATE,,AM-TEA-003:ተአምኆ ዘሥሉስ ቅዱስ መልክዕ በአማርኛ | AM-TEA-002:ተአምኆ ዘሥሉስ ቅዱስ በአማርኛ | GZ-MEL-034:መልክዐ ሥሉስ ቅዱስ በግእዝ | GZ-TEA-002:ተአምኆ ዘሥሉስ ቅዱስ በግእዝ | GZ-TEA-003:ተአምኆ ዘሥሉስ ቅዱስ በግእዝ ካልእ,"None-None, None-None, None-None, None-None, 5-7"
12-7,337,አባ ጊዮርጊስ ዘጋስጫ,ጊዮርጊስ ዘጋስጫ,monthly,CORRECT,GZ-MEL-123:መልክዐ አባ ጊዮርጊስ ዘጋሥጫ በግእዝ | AM-GDL-001:ገድለ ቅዱስ አባ ጊዮርጊስ ዘጋሥጫ በአማርኛ | GZ-GDL-007:ገድለ ቅዱስ አባ ጊዮርጊስ ዘጋሥጫ በግእዝ,AM-MEL-051:የቅዱስ ጊዮርጊስ መልክዕ በአማርኛ | AM-MEL-065:ጸሎተ መልክዐ ሥቃዩ ለቅዱስ ጊዮርጊስ ሊቀ ሰማዕታት በአማርኛ | AM-MEL-066:ጸሎተ መልክዕ ዘቅዱስ ጊዮርጊስ ሊቀ ሰማዕታት በአማርኛ | AM-MEL-067:ጸሎተ መልክዕ ዘቅዱስ ጊዮርጊስ ሊቀ ሰማዕታት ካልዕ በአማርኛ | AM-SIB-001:ስብሐተ ፍቁር ዘቅዱስ ጊዮርጊስ ሊቀ ሰማዕታት በአማርኛ | GZ-MEL-036:መልክዐ ሥቃዩ ለጊዮርጊስ በግእዝ | GZ-MEL-065:መልክዐ ቅዱስ ጊዮርጊስ በግእዝ | GZ-MEL-123:መልክዐ አባ ጊዮርጊስ ዘጋሥጫ በግእዝ | GZ-MEL-154:መልክዐ ጊዮርጊስ በግእዝ | GZ-MEL-155:መልክዐ ጊዮርጊስ ካልዕ ወሥቃዩ በግእዝ | AM-GDL-001:ገድለ ቅዱስ አባ ጊዮርጊስ ዘጋሥጫ በአማርኛ | GZ-GDL-007:ገድለ ቅዱስ አባ ጊዮርጊስ ዘጋሥጫ በግእዝ | GZ-GDL-014:ገድለ ቅዱስ ጊዮርጊስ ሰማዕት በግእዝ | AM-GDL-018:ገድለ ቅዱስ ጊዮርጊስ ሰማዕት በአማርኛ,"1-7, 1-7, 1-7, 1-23, 1-23, 1-23, 1-23, 1-23, 1-23, 1-23"
12-7,337,አባ ሲኖዳ (የባሕታውያን አለቃ),ሲኖዳ,monthly,NO_BOOK,,,
12-7,337,አባ ዳንኤል ዘገዳመ ሲሐት,ዳንኤል ዘገዳመ ሲሐት,monthly,WRONG_DATE,,GZ-MEL-114:መልክዐ አቡነ ዳንኤል በግእዝ | GZ-GDL-028:ገድለ አቡነ ዳንኤል በግእዝ,"3-6, 3-6"
12-7,337,አባ ባውላ ገዳማዊ,ባውላ ገዳማዊ,monthly,NO_BOOK,,,
12-7,337,ቅዱስ አትናቴዎስ ሐዋርያዊ,አትናቴዎስ ሐዋርያዊ,monthly,NO_BOOK,,,
12-7,337,ቅዱስ አግናጥዮስ (ለአንበሳ የተሰጠ),አግናጥዮስ,monthly,CORRECT,GZ-MEL-058:መልክዐ ቅዱስ አግናጥዮስ ምጥው ለአንበሳ በግእዝ,GZ-MEL-058:መልክዐ ቅዱስ አግናጥዮስ ምጥው ለአንበሳ በግእዝ,"1-7, 2-7, 2-26, 3-7, 4-7, 4-24, 5-7, 6-7, 7-7, 8-7"
12-8,338,ቅዱስ አልዓዛር ካህን (ሰማዕት),አልዓዛር ካህን,annual,NO_BOOK,,,
12-8,338,ቅድስት ሰሎሜ ሰማዕት (ሚስቱ),ሰሎሜ ሰማዕት,annual,WRONG_DATE,,GZ-MEL-039:መልክዐ ሰማዕት ቅዱስ መርቆሬዎስ በግእዝ | GZ-MEL-040:መልክዐ ሰማዕት ቅዱስ ቴዎድሮስ በግእዝ | GZ-MEL-041:መልክዐ ሰማዕት ቅዱስ ፋሲለደስ በግእዝ | GZ-MEL-042:መልክዐ ሰማዕት ቅድስት አርሴማ በግእዝ | GZ-MEL-043:መልክዐ ሰማዕት ቅድስት ኢየሉጣ በግእዝ | GZ-MEL-122:መልክዐ አባ ኖብ ሰማዕት በግእዝ | GZ-GDL-002:ገድለ ሰማዕት ቅዱስ መርቆሬዎስ በግእዝ | AM-GDL-008:ገድለ ሰማዕት ቅድስት አርሴማ በአማርኛ | GZ-GDL-014:ገድለ ቅዱስ ጊዮርጊስ ሰማዕት በግእዝ | AM-GDL-015:ገድለ ሰማዕት ቅዱስ መርቆሬዎስ በአማርኛ | AM-GDL-018:ገድለ ቅዱስ ጊዮርጊስ ሰማዕት በአማርኛ | GZ-GDL-031:ገድለ ሰማዕት ቅዱስ ቴዎድሮስ በግእዝ | GZ-GDL-033:ገድለ ሰማዕት ቅድስት አርሴማ በግእዝ | AM-GDL-030:ገድለ ሰማዕት ቅዱስ ቴዎድሮስ በአማርኛ,"1-6, 1-6, 1-6, 1-11, 1-12, 1-12, 1-12, 1-15, 1-18, 1-20"
12-8,338,"""፯ቱ"" ቅዱሳን ሰማዕታት (ልጆቹ)","""፯ቱ"" ቅዱሳን ሰማዕታት",annual,WRONG_DATE,,AM-MEL-065:ጸሎተ መልክዐ ሥቃዩ ለቅዱስ ጊዮርጊስ ሊቀ ሰማዕታት በአማርኛ | AM-MEL-066:ጸሎተ መልክዕ ዘቅዱስ ጊዮርጊስ ሊቀ ሰማዕታት በአማርኛ | AM-MEL-067:ጸሎተ መልክዕ ዘቅዱስ ጊዮርጊስ ሊቀ ሰማዕታት ካልዕ በአማርኛ | AM-SIB-001:ስብሐተ ፍቁር ዘቅዱስ ጊዮርጊስ ሊቀ ሰማዕታት በአማርኛ | GZ-MEL-016:መልክዐ ሊቀ ሰማዕታት ቅዱስ እስጢፋኖስ በግእዝ | GZ-MEL-017:መልክዐ ሊቀ ሰማዕታት ቅዱስ እስጢፋኖስ ካልእ በግእዝ | AM-GDL-010:ገድለ ሰማዕታት በአማርኛ,"1-15, 1-15, 1-17, 1-17, 1-23, 1-23, 1-23, 1-23, 2-17, 2-17"
12-8,338,ቅዱስ አሞን ሰማዕት,አሞን,annual,NO_BOOK,,,
12-8,338,ቅዱስ ሙሴ ሊቀ ነቢያት,ሙሴ ሊቀ ነቢያት,monthly,WRONG_DATE,,AM-TSE-003:የነቢያት ጸሎት በአማርኛ | GZ-TSE-002:ጸሎተ ነቢያት በግእዝ | TI-MZM-002:መዝሙር መኃልይ ነቢያት ብትግርኛ,"None-None, None-None, None-None"
12-8,338,ኪሩቤል (አርባዕቱ እንስሳ),ኪሩቤል,monthly,NO_BOOK,,,
12-8,338,አባ ብሶይ (ቢሾይ),ብሶይ,monthly,NO_BOOK,,,
12-8,338,አቡነ ኪሮስ,ኪሮስ,monthly,CORRECT,GZ-GDL-016:ገድለ አቡነ ኪሮስ በግእዝ | AM-GDL-021:ገድለ አቡነ ኪሮስ በአማርኛ,GZ-GDL-016:ገድለ አቡነ ኪሮስ በግእዝ | AM-GDL-021:ገድለ አቡነ ኪሮስ በአማርኛ,"1-8, 1-8, 2-8, 2-8, 3-8, 3-8, 4-8, 4-8, 5-8, 5-8"
12-8,338,አባ ሳሙኤል ዘደብረ ቀልሞን,ሳሙኤል ዘደብረ ቀልሞን,monthly,WRONG_DATE,,AM-MEL-054:የአቡነ ሳሙኤል ዘዋልድባ መልክዕ በአማርኛ | AM-MEL-055:የአቡነ ሳሙኤል ዘዋልድባ ኹለተኛ መልክዕ በአማርኛ | GZ-MEL-084:መልክዐ አቡነ ሳሙኤል በግእዝ ሣልስ በግእዝ | GZ-MEL-085:መልክዐ አቡነ ሳሙኤል ዘዋልድባ በግእዝ | GZ-MEL-086:መልክዐ አቡነ ሳሙኤል ዘዋልድባ ካልዕ በግእዝ,"1-12, 1-12, 1-12, 1-12, 1-12, 2-12, 2-12, 2-12, 2-12, 2-12"
12-8,338,ቅዱስ ማትያስ ሐዋርያ (ከ፲፪ቱ ሐዋርያት),ማትያስ ሐዋርያ,monthly,WRONG_DATE,,AM-MEL-033:የሐዋርያው የቅዱስ ታዴዎስ መልክዕ በአማርኛ | AM-MEL-046:የቅዱስ እንድርያስ ሐዋርያ መልክዕ በአማርኛ | GZ-MEL-023:መልክዐ ሐዋርያት በግእዝ | GZ-MEL-137:መልክዐ እንድርያስ ሐዋርያ በግእዝ | GZ-GDL-017:ገድለ አቡነ ተክለ ሐዋርያት በግእዝ | GZ-GDL-032:መጽሐፈ ገድለ ቅዱሳን ሐዋርያት በግእዝ | AM-ZNA-003:ዜና ሐዋርያት በአማርኛ,"1-2, 1-4, 1-4, 2-2, 2-4, 2-4, 3-2, 3-4, 3-4, 3-27"
12-9,339,ቅዱስ አባ ኦሪ ቀሲስ (ሰማዕት),ኦሪ ቀሲስ,annual,NO_BOOK,,,
12-9,339,አባ ዺላጦስ ሊቀ ዻዻሳት,ዺላጦስ ሊቀ ዻዻሳት,annual,NO_BOOK,,,
12-9,339,አባ በርሱማ ሶርያዊ (ለሶርያ መነኮሳት ኁሉ አባት),በርሱማ ሶርያዊ,monthly,NO_BOOK,,,
12-9,339,አቡነ እስትንፋሰ ክርስቶስ (ኢትዮዽያዊ),እስትንፋሰ ክርስቶስ,monthly,CORRECT,GZ-MEL-136:መልክዐ እስትንፋሰ ክርስቶስ በግእዝ | AM-GDL-014:የአቡነ እስትንፋሰ ክርስቶስ ገድል በአማርኛ,GZ-MEL-136:መልክዐ እስትንፋሰ ክርስቶስ በግእዝ | AM-GDL-014:የአቡነ እስትንፋሰ ክርስቶስ ገድል በአማርኛ,"1-9, 1-9, 2-9, 2-9, 3-9, 3-9, 4-9, 4-9, 5-9, 5-9"
12-9,339,"""፫፲፰ቱ"" ቅዱሳን ሊቃውንት (ርቱዐነ ሃይማኖት ዘኒቅያ)","""፫፲፰ቱ"" ቅዱሳን ሊቃውንት",monthly,NO_BOOK,,,
12-9,339,የብሔረ ብፁዐን ጻድቃን,የብሔረ ብፁዐን ጻድቃን,monthly,WRONG_DATE,,GZ-MEL-160:መልክዐ ጻድቃን ዘባርክናሃ በግእዝ,4-29
12-9,339,አባ መልከ ጼዴቅ ዘሚዳ (ኢትዮዽያዊ),መልከ ጼዴቅ ዘሚዳ,monthly,CORRECT,AM-MEL-068:የአቡነ መልከ ጼዴቅ መልክእ በአማርኛ | GZ-MEL-075:መልክዐ አቡነ መልከ ጼዴቅ በግእዝ,AM-MEL-068:የአቡነ መልከ ጼዴቅ መልክእ በአማርኛ | GZ-MEL-002:መልከዐ ማርያም ዳግሚት በግእዝ | GZ-MEL-003:መልከዐ አቡነ ሊቃኖስ በግእዝ | GZ-MEL-075:መልክዐ አቡነ መልከ ጼዴቅ በግእዝ,"1-9, 1-9, 1-21, 2-9, 2-9, 2-21, 3-9, 3-9, 3-21, 3-28"
12-9,339,ቅዱስ ዞሲማስ ጻድቅ (ዓለመ ብፁዐንን ያየ አባት),ዞሲማስ ጻድቅ,monthly,CORRECT,GZ-GDL-008:ገድለ ቅዱስ ዞሲማስ በግእዝ | AM-GDL-025:ገድለ ቅዱስ ዞሲማስ በአማርኛ,AM-MEL-003:መልክዐ ለአቡነ አቢብ ጻድቅ በአማርኛ | AM-MEL-021:መልክዐ አቡነ ዮሐንስ ጻድቅ በአማርኛ | AM-MEL-060:የአቡነ አባለ ክርስቶስ ጻድቅ መልክዕ በአማርኛ | GZ-GDL-008:ገድለ ቅዱስ ዞሲማስ በግእዝ | AM-GDL-025:ገድለ ቅዱስ ዞሲማስ በአማርኛ,"1-9, 1-9, 1-16, 1-25, 2-9, 2-9, 2-16, 2-25, 3-9, 3-9"
12-10,340,ቅዱስ አባ ዓቢየ እግዚእ ኢትዮዽያዊ (ተአምራትን ያደረጉበት),ዓቢየ እግዚእ ኢትዮዽያዊ,annual,CORRECT,GZ-MEL-145:መልክዐ ዓቢየ እግዚእ በግእዝ,GZ-MEL-145:መልክዐ ዓቢየ እግዚእ በግእዝ,"1-19, 2-19, 3-19, 4-19, 5-19, 6-19, 7-19, 8-19, 9-19, 10-19"
12-10,340,ቅዱስ መጥራ ሰማዕት,መጥራ,annual,NO_BOOK,,,
12-10,340,ቅዱስ ሐርስጥፎሮስ ሰማዕት,ሐርስጥፎሮስ,annual,NO_BOOK,,,
12-10,340,"""፴፼"" ሰማዕታት (የሐርስጥፎሮስ ማሕበር)","""፴፼"" ሰማዕታት",annual,WRONG_DATE,,AM-MEL-065:ጸሎተ መልክዐ ሥቃዩ ለቅዱስ ጊዮርጊስ ሊቀ ሰማዕታት በአማርኛ | AM-MEL-066:ጸሎተ መልክዕ ዘቅዱስ ጊዮርጊስ ሊቀ ሰማዕታት በአማርኛ | AM-MEL-067:ጸሎተ መልክዕ ዘቅዱስ ጊዮርጊስ ሊቀ ሰማዕታት ካልዕ በአማርኛ | AM-SIB-001:ስብሐተ ፍቁር ዘቅዱስ ጊዮርጊስ ሊቀ ሰማዕታት በአማርኛ | GZ-MEL-016:መልክዐ ሊቀ ሰማዕታት ቅዱስ እስጢፋኖስ በግእዝ | GZ-MEL-017:መልክዐ ሊቀ ሰማዕታት ቅዱስ እስጢፋኖስ ካልእ በግእዝ | AM-GDL-010:ገድለ ሰማዕታት በአማርኛ,"1-15, 1-15, 1-17, 1-17, 1-23, 1-23, 1-23, 1-23, 2-17, 2-17"
12-10,340,ቅዱሳን ቢካቦስና ዮሐንስ (ሰማዕታት),ቢካቦስና ዮሐንስ,annual,WRONG_DATE,,AM-MEL-016:መልክዐ ቅዱስ ዮሐንስ ወንጌላዊ በአማርኛ | AM-MEL-020:መልክዐ አቡነ ዕጨጌ ዮሐንስ በአማርኛ | AM-MEL-021:መልክዐ አቡነ ዮሐንስ ጻድቅ በአማርኛ | AM-MEL-047:የቅዱስ ዮሐንስ 2ኛ መልክዕ በአማርኛ | AM-MEL-048:የቅዱስ ዮሐንስ መጥምቅ መልክዕ በአማርኛ | GZ-MEL-060:መልክዐ ቅዱስ ዮሐንስ መጥምቅ በግእዝ | GZ-MEL-061:መልክዐ ቅዱስ ዮሐንስ ካልእ በግእዝ | GZ-MEL-062:መልክዐ ቅዱስ ዮሐንስ ወንጌላዊ በግእዝ | GZ-MEL-104:መልክዐ አቡነ ዕጨጌ ዮሐንስ በግእዝ | GZ-MEL-109:መልክዐ አቡነ ዮሐንስ ከማ በግእዝ | GZ-MEL-110:መልክዐ አቡነ ዮሐንስ ዘድብረ ዳጋ በግእዝ | GZ-MEL-149:መልክዐ ዮሐንስ ወልደ ነጎድጓድ በግእዝ | GZ-MEL-150:መልክዐ ዮሐንስ ፍቁረ እግዚእ በግእዝ | AM-GDL-013:የቅዱስ ዮሐንስ ገድል በአማርኛ | GZ-GDL-018:ገድለ አቡነ ዮሐንስ በግእዝ | AM-GDL-027:ገድለ አቡነ እጨጌ ዮሐንስ ዘጸገሮ በአማርኛ,"1-1, 1-1, 1-2, 1-2, 1-4, 1-4, 1-4, 1-4, 1-4, 1-4"
12-10,340,ቅዱስ ናትናኤል ሐዋርያ,ናትናኤል,monthly,NO_BOOK,,,
12-10,340,ቅዱስ ኒቆላዎስ ዘሃገረ ሜራ,ኒቆላዎስ ዘሃገረ ሜራ,monthly,NO_BOOK,,,
12-10,340,አቡነ መልክዐ ክርስቶስ,መልክዐ ክርስቶስ,monthly,WRONG_DATE,,GZ-MEL-143:መልክዐ ክርስቶስ ሠምራ በግእዝ,"1-24, 2-24, 3-24, 4-24, 5-24, 6-24, 7-24, 8-24, 9-12, 9-24"
12-10,340,ቅዱስ ያዕቆብ ሐዋርያ (ወልደ እልፍዮስ),ያዕቆብ ሐዋርያ,monthly,WRONG_DATE,,AM-MEL-022:መልክዐ አብርሃም ይሥሐቅ ያዕቆብ በአማርኛ | AM-MEL-033:የሐዋርያው የቅዱስ ታዴዎስ መልክዕ በአማርኛ | AM-MEL-046:የቅዱስ እንድርያስ ሐዋርያ መልክዕ በአማርኛ | GZ-MEL-023:መልክዐ ሐዋርያት በግእዝ | GZ-MEL-124:መልክዐ አብርሃም ይሥሐቅ ወያዕቆብ በግእዝ | GZ-MEL-137:መልክዐ እንድርያስ ሐዋርያ በግእዝ | GZ-GDL-017:ገድለ አቡነ ተክለ ሐዋርያት በግእዝ | GZ-GDL-032:መጽሐፈ ገድለ ቅዱሳን ሐዋርያት በግእዝ | AM-ZNA-003:ዜና ሐዋርያት በአማርኛ,"1-2, 1-4, 1-4, 1-28, 1-28, 2-2, 2-4, 2-4, 2-28, 2-28"
12-10,340,ቅድስት ዕሌኒ ንግስት,ዕሌኒ ንግስት,monthly,NO_BOOK,,,
12-10,340,ቅዱስ ዕፀ መስቀል,ዕፀ መስቀል,monthly,CORRECT,AM-MEL-012:መልክዐ ቅዱስ መስቀል በአማርኛ | AM-MEL-040:የቅዱስ መስቀል 3ኛ መልክዕ በአማርኛ | GZ-MEL-050:መልክዐ ቅዱስ መስቀል ሣልስ በግእዝ | GZ-MEL-051:መልክዐ ቅዱስ መስቀል በግእዝ | GZ-DRS-002:ድርሳነ መስቀል በግእዝ | AM-DRS-008:ድርሳነ መስቀል በአማርኛ,AM-MEL-004:መልክዐ ሕማማተ መስቀል በአማርኛ | AM-MEL-012:መልክዐ ቅዱስ መስቀል በአማርኛ | AM-MEL-040:የቅዱስ መስቀል 3ኛ መልክዕ በአማርኛ | AM-TSE-001:የመስቀል አጥር ጸሎት በአማርኛ | AM-WUD-001:ውዳሴ መስቀል በአማርኛ | GZ-HAT-001:ሐፁረ መስቀል በግእዝ | GZ-MEL-024:መልክዐ ሕማማተ መስቀል በግእዝ | GZ-MEL-050:መልክዐ ቅዱስ መስቀል ሣልስ በግእዝ | GZ-MEL-051:መልክዐ ቅዱስ መስቀል በግእዝ | GZ-WUD-001:ውዳሴ መስቀል በግእዝ | GZ-DRS-002:ድርሳነ መስቀል በግእዝ | AM-DRS-008:ድርሳነ መስቀል በአማርኛ,"None-None, None-None, None-None, None-None, None-None, None-None, 1-10, 1-10, 1-10, 1-10"
12-10,340,ታላቁ ቅዱስ ቆስጠንጢኖስ,ታላቁ ቅዱስ ቆስጠንጢኖስ,monthly,NO_BOOK,,,
12-11,341,ቅዱስ አባ ሞይስስ,ሞይስስ,annual,NO_BOOK,,,
12-11,341,ቅዱስ አብጥልማዎስ,አብጥልማዎስ,annual,NO_BOOK,,,
12-11,341,"""34"" ሰማዕታት (የቅዱስ ፋሲለደስ ማሕበር)","""34"" ሰማዕታት",annual,WRONG_DATE,,AM-MEL-065:ጸሎተ መልክዐ ሥቃዩ ለቅዱስ ጊዮርጊስ ሊቀ ሰማዕታት በአማርኛ | AM-MEL-066:ጸሎተ መልክዕ ዘቅዱስ ጊዮርጊስ ሊቀ ሰማዕታት በአማርኛ | AM-MEL-067:ጸሎተ መልክዕ ዘቅዱስ ጊዮርጊስ ሊቀ ሰማዕታት ካልዕ በአማርኛ | AM-SIB-001:ስብሐተ ፍቁር ዘቅዱስ ጊዮርጊስ ሊቀ ሰማዕታት በአማርኛ | GZ-MEL-016:መልክዐ ሊቀ ሰማዕታት ቅዱስ እስጢፋኖስ በግእዝ | GZ-MEL-017:መልክዐ ሊቀ ሰማዕታት ቅዱስ እስጢፋኖስ ካልእ በግእዝ | AM-GDL-010:ገድለ ሰማዕታት በአማርኛ,"1-15, 1-15, 1-17, 1-17, 1-23, 1-23, 1-23, 1-23, 2-17, 2-17"
12-11,341,ቅዱስ ያሬድ ካህን,ያሬድ ካህን,monthly,CORRECT,GZ-MEL-146:መልክዐ ያሬድ በግእዝ | GZ-MEL-147:መልክዐ ያሬድ ካልዕ በግእዝ | GZ-GDL-021:ድርሳን ወገድል ዘቅዱስ ያሬድ በግእዝ,GZ-MEL-146:መልክዐ ያሬድ በግእዝ | GZ-MEL-147:መልክዐ ያሬድ ካልዕ በግእዝ | GZ-GDL-021:ድርሳን ወገድል ዘቅዱስ ያሬድ በግእዝ,"1-11, 1-11, 1-11, 2-11, 2-11, 2-11, 3-11, 3-11, 3-11, 4-11"
12-11,341,ቅዱስ ፋሲለደስ ሰማዕት,ፋሲለደስ,monthly,CORRECT,GZ-MEL-041:መልክዐ ሰማዕት ቅዱስ ፋሲለደስ በግእዝ,GZ-MEL-041:መልክዐ ሰማዕት ቅዱስ ፋሲለደስ በግእዝ,"1-11, 2-11, 3-11, 4-11, 5-11, 6-11, 7-11, 8-11, 9-11, 10-11"
12-11,341,ብፁዐን ኢያቄም እና ሐና,ብፁዐን ኢያቄም እና ሐና,monthly,CORRECT,GZ-MEL-133:መልክዐ ኢያቄም በግእዝ | AM-DRS-001:የቅዱስ ኢያቄምና- የቅድስት ሐና ድርሳን በአማርኛ | GZ-DRS-007:ድርሳን ዘቅዱስ ኢያቄም ወቅድስት ሐና በግእዝ,GZ-MEL-133:መልክዐ ኢያቄም በግእዝ | AM-DRS-001:የቅዱስ ኢያቄምና- የቅድስት ሐና ድርሳን በአማርኛ | GZ-DRS-007:ድርሳን ዘቅዱስ ኢያቄም ወቅድስት ሐና በግእዝ,"1-1, 1-1, 1-1, 1-3, 1-3, 1-3, 1-7, 1-7, 1-7, 1-11"
12-11,341,አቡነ ሐራ ድንግል ጻድቅ,ሐራ ድንግል,monthly,CORRECT,AM-MEL-019:መልክዐ አቡነ ሐራ ድንግል በአማርኛ | GZ-MEL-021:መልክዐ ሐራ ድንግል በግእዝ,AM-MEL-019:መልክዐ አቡነ ሐራ ድንግል በአማርኛ | GZ-MEL-021:መልክዐ ሐራ ድንግል በግእዝ,"1-11, 1-11, 2-11, 2-11, 3-11, 3-11, 4-11, 4-11, 5-11, 5-11"
12-11,341,ማር ገላውዴዎስ ርንቤተክ,ማር ገላውዴዎስ ርንቤተክ,monthly,WRONG_DATE,,GZ-ZNA-002:ዜናሁ ለንጉሥ ገላውዴዎስ በግእዝ,7-27
12-12,342,ታላቁ ቅዱስ ቆስጠንጢኖስ (ጻድቅ ንጉሥ),ታላቁ ቅዱስ ቆስጠንጢኖስ,annual,NO_BOOK,,,
12-12,342,ቅዱስ ዕፀ መስቀል,ዕፀ መስቀል,annual,CORRECT,AM-MEL-012:መልክዐ ቅዱስ መስቀል በአማርኛ | AM-MEL-040:የቅዱስ መስቀል 3ኛ መልክዕ በአማርኛ | GZ-MEL-050:መልክዐ ቅዱስ መስቀል ሣልስ በግእዝ | GZ-MEL-051:መልክዐ ቅዱስ መስቀል በግእዝ | GZ-DRS-002:ድርሳነ መስቀል በግእዝ | AM-DRS-008:ድርሳነ መስቀል በአማርኛ,AM-MEL-004:መልክዐ ሕማማተ መስቀል በአማርኛ | AM-MEL-012:መልክዐ ቅዱስ መስቀል በአማርኛ | AM-MEL-040:የቅዱስ መስቀል 3ኛ መልክዕ በአማርኛ | AM-TSE-001:የመስቀል አጥር ጸሎት በአማርኛ | AM-WUD-001:ውዳሴ መስቀል በአማርኛ | GZ-HAT-001:ሐፁረ መስቀል በግእዝ | GZ-MEL-024:መልክዐ ሕማማተ መስቀል በግእዝ | GZ-MEL-050:መልክዐ ቅዱስ መስቀል ሣልስ በግእዝ | GZ-MEL-051:መልክዐ ቅዱስ መስቀል በግእዝ | GZ-WUD-001:ውዳሴ መስቀል በግእዝ | GZ-DRS-002:ድርሳነ መስቀል በግእዝ | AM-DRS-008:ድርሳነ መስቀል በአማርኛ,"None-None, None-None, None-None, None-None, None-None, None-None, 1-10, 1-10, 1-10, 1-10"
12-12,342,ቅዱስ ሚካኤል ሊቀ መላእክት,ሚካኤል ሊቀ መላእክት,monthly,CORRECT,AM-MEL-006:መልክዐ ሚካኤል በአማርኛ | AM-MEL-041:የቅዱስ ሚካኤል 3ኛ መልክዕ በአማርኛ | GZ-MEL-004:መልክዐ ሊቀ መላእክት ቅዱስ ሚካኤል ሣልስ በግእዝ | GZ-MEL-005:መልክዐ ሊቀ መላእክት ቅዱስ ሚካኤል ካልዕ በግእዝ | GZ-MEL-009:መልክዐ ሊቀ መላእክት ቅዱስ በግእዝ | GZ-MEL-165:መልክዐ ሊቀ መላእክት ቅዱስ ሚካኤል ካልዕ በግእ | GZ-DRS-008:ድርሳነ ሚካኤል በግእዝ | AM-DRS-009:ድርሳነ ሚካኤል በአማርኛ,AM-DIR-001:የሰባቱ ሊቃነ መላእክት ድርሳን በአማርኛ | AM-MEL-006:መልክዐ ሚካኤል በአማርኛ | AM-MEL-038:የቅዱሳን አእላፍ መላእክት 2ኛ መልክዕ በአማርኛ | AM-MEL-041:የቅዱስ ሚካኤል 3ኛ መልክዕ በአማርኛ | GZ-MEL-004:መልክዐ ሊቀ መላእክት ቅዱስ ሚካኤል ሣልስ በግእዝ | GZ-MEL-005:መልክዐ ሊቀ መላእክት ቅዱስ ሚካኤል ካልዕ በግእዝ | GZ-MEL-006:መልክዐ ሊቀ መላእክት ቅዱስ ሩፋኤል በግእዝ | GZ-MEL-007:መልክዐ ሊቀ መላእክት ቅዱስ ራጉኤል በግእዝ | GZ-MEL-008:መልክዐ ሊቀ መላእክት ቅዱስ ሱርያል በግእዝ | GZ-MEL-009:መልክዐ ሊቀ መላእክት ቅዱስ በግእዝ | GZ-MEL-010:መልክዐ ሊቀ መላእክት ቅዱስ አፍኒን በግእዝ | GZ-MEL-011:መልክዐ ሊቀ መላእክት ቅዱስ ዑራኤል በግእዝ | GZ-MEL-012:መልክዐ ሊቀ መላእክት ቅዱስ ዑራኤል ካልእ በግእዝ | GZ-MEL-013:መልክዐ ሊቀ መላእክት ቅዱስ ገብርኤል በግእዝ | GZ-MEL-014:መልክዐ ሊቀ መላእክት ቅዱስ ገብርኤል ካልዕ (ደቅስዮስ) በግእዝ | GZ-MEL-015:መልክዐ ሊቀ መላእክት ቅዱስ ፋኑኤል በግእዝ | GZ-MEL-083:መልክዐ አቡነ ሰይፈ ሚካኤል በግእዝ | GZ-MEL-121:መልክዐ አባ በጸሎተ ሚካኤል በግእዝ | GZ-MEL-125:መልክዐ አእላፍ መላእክት በግእዝ | GZ-MEL-126:መልክዐ አእላፍ መላእክት ካልእ በግእዝ | GZ-MEL-165:መልክዐ ሊቀ መላእክት ቅዱስ ሚካኤል ካልዕ በግእ | AM-GDL-011:ገድለ አቡነ በጸሎተ ሚካኤል በአማርኛ | GZ-GDL-015:ገድለ አቡነ በጸሎተ ሚካኤል በግእዝ | GZ-DRS-008:ድርሳነ ሚካኤል በግእዝ | AM-DRS-009:ድርሳነ ሚካኤል በአማርኛ | GZ-GDL-034:ገድለ አቡነ ፍሬ ሚካኤል በግእዝ,"1-1, 1-3, 1-9, 1-9, 1-9, 1-9, 1-9, 1-9, 1-9, 1-12"
12-12,342,ቅዱስ ላሊበላ ጻድቅ (ንጉሠ ኢትዮዽያ),ላሊበላ ጻድቅ,monthly,CORRECT,GZ-MEL-019:መልክዐ ላሊበላ በግዕዝ,AM-MEL-003:መልክዐ ለአቡነ አቢብ ጻድቅ በአማርኛ | AM-MEL-021:መልክዐ አቡነ ዮሐንስ ጻድቅ በአማርኛ | AM-MEL-060:የአቡነ አባለ ክርስቶስ ጻድቅ መልክዕ በአማርኛ | GZ-MEL-019:መልክዐ ላሊበላ በግዕዝ,"1-12, 1-16, 1-25, 2-12, 2-16, 2-25, 3-12, 3-16, 3-25, 4-12"
12-12,342,ቅዱስ ማቴዎስ ሐዋርያ,ማቴዎስ,monthly,WRONG_DATE,,GZ-MEL-080:መልክዐ አቡነ ማቴዎስ ዘደብረ በርበሬ በግእዝ | GZ-MEL-081:መልክዐ አቡነ ማቴዎስ ዘደብረ በርበሬ በግእዝ ካልእ,"3-13, 5-14"
12-12,342,ቅዱስ ድሜጥሮስ,ድሜጥሮስ,monthly,NO_BOOK,,,
12-12,342,ቅዱስ ዮሐንስ አፈ ወርቅ,ዮሐንስ አፈ ወርቅ,monthly,WRONG_DATE,,AM-MEL-016:መልክዐ ቅዱስ ዮሐንስ ወንጌላዊ በአማርኛ | AM-MEL-020:መልክዐ አቡነ ዕጨጌ ዮሐንስ በአማርኛ | AM-MEL-021:መልክዐ አቡነ ዮሐንስ ጻድቅ በአማርኛ | AM-MEL-047:የቅዱስ ዮሐንስ 2ኛ መልክዕ በአማርኛ | AM-MEL-048:የቅዱስ ዮሐንስ መጥምቅ መልክዕ በአማርኛ | GZ-MEL-060:መልክዐ ቅዱስ ዮሐንስ መጥምቅ በግእዝ | GZ-MEL-061:መልክዐ ቅዱስ ዮሐንስ ካልእ በግእዝ | GZ-MEL-062:መልክዐ ቅዱስ ዮሐንስ ወንጌላዊ በግእዝ | GZ-MEL-104:መልክዐ አቡነ ዕጨጌ ዮሐንስ በግእዝ | GZ-MEL-109:መልክዐ አቡነ ዮሐንስ ከማ በግእዝ | GZ-MEL-110:መልክዐ አቡነ ዮሐንስ ዘድብረ ዳጋ በግእዝ | GZ-MEL-149:መልክዐ ዮሐንስ ወልደ ነጎድጓድ በግእዝ | GZ-MEL-150:መልክዐ ዮሐንስ ፍቁረ እግዚእ በግእዝ | AM-GDL-013:የቅዱስ ዮሐንስ ገድል በአማርኛ | GZ-GDL-018:ገድለ አቡነ ዮሐንስ በግእዝ | AM-GDL-027:ገድለ አቡነ እጨጌ ዮሐንስ ዘጸገሮ በአማርኛ,"1-1, 1-1, 1-2, 1-2, 1-4, 1-4, 1-4, 1-4, 1-4, 1-4"
12-12,342,ቅዱስ ቴዎድሮስ ምሥራቃዊ (ሰማዕት),ቴዎድሮስ ምሥራቃዊ,monthly,CORRECT,GZ-MEL-040:መልክዐ ሰማዕት ቅዱስ ቴዎድሮስ በግእዝ | GZ-GDL-030:ገድለ ቅዱስ ቴዎድሮስ በግእዝ | GZ-GDL-031:ገድለ ሰማዕት ቅዱስ ቴዎድሮስ በግእዝ | AM-GDL-030:ገድለ ሰማዕት ቅዱስ ቴዎድሮስ በአማርኛ,GZ-MEL-040:መልክዐ ሰማዕት ቅዱስ ቴዎድሮስ በግእዝ | GZ-GDL-030:ገድለ ቅዱስ ቴዎድሮስ በግእዝ | GZ-GDL-031:ገድለ ሰማዕት ቅዱስ ቴዎድሮስ በግእዝ | AM-GDL-030:ገድለ ሰማዕት ቅዱስ ቴዎድሮስ በአማርኛ,"1-12, 1-12, 1-12, 1-12, 1-20, 1-20, 1-20, 1-20, 2-12, 2-12"
12-12,342,ቅድስት ክርስቶስ ሠምራ,ክርስቶስ ሠምራ,monthly,WRONG_DATE,,GZ-MEL-143:መልክዐ ክርስቶስ ሠምራ በግእዝ | AM-GDL-005:ገድለ ቅድስት ክርስቶስ ሠምራ በአማርኛ | GZ-GDL-019:ገድለ ቅድስት ክርስቶስ ሠምራ በግእዝ,"1-24, 1-24, 1-24, 2-24, 2-24, 2-24, 3-24, 3-24, 3-24, 4-24"
12-12,342,አቡነ ሳሙኤል ዘዋልድባ,ሳሙኤል ዘዋልድባ,monthly,CORRECT,AM-MEL-054:የአቡነ ሳሙኤል ዘዋልድባ መልክዕ በአማርኛ | AM-MEL-055:የአቡነ ሳሙኤል ዘዋልድባ ኹለተኛ መልክዕ በአማርኛ | GZ-MEL-085:መልክዐ አቡነ ሳሙኤል ዘዋልድባ በግእዝ | GZ-MEL-086:መልክዐ አቡነ ሳሙኤል ዘዋልድባ ካልዕ በግእዝ,AM-MEL-054:የአቡነ ሳሙኤል ዘዋልድባ መልክዕ በአማርኛ | AM-MEL-055:የአቡነ ሳሙኤል ዘዋልድባ ኹለተኛ መልክዕ በአማርኛ | GZ-MEL-085:መልክዐ አቡነ ሳሙኤል ዘዋልድባ በግእዝ | GZ-MEL-086:መልክዐ አቡነ ሳሙኤል ዘዋልድባ ካልዕ በግእዝ,"1-12, 1-12, 1-12, 1-12, 2-12, 2-12, 2-12, 2-12, 3-12, 3-12"
12-13,343,ደብረ ታቦር / ደብረ ምሥጢር / ደብረ በረከት,ደብረ ታቦር / ደብረ ምሥጢር / ደብረ በረከት,annual,CORRECT,GZ-MEL-107:መልክዐ አቡነ የሐንስ ዘደብረ ቢዘን በግእዝ,GZ-MEL-076:መልክዐ አቡነ መርቆሬዎስ ዘደብረ ድማኅ በግእዝ | GZ-MEL-080:መልክዐ አቡነ ማቴዎስ ዘደብረ በርበሬ በግእዝ | GZ-MEL-081:መልክዐ አቡነ ማቴዎስ ዘደብረ በርበሬ በግእዝ ካልእ | GZ-MEL-088:መልክዐ አቡነ ቡሩከ አምላክ ዘደብረ ኮል በግእዝ | GZ-MEL-089:መልክዐ አቡነ ብፁዓ አምላክ ዘደብረ ምዕዋን ወዘደብረ ኰዳዱ በግእዝ | GZ-MEL-099:መልክዐ አቡነ አብሳዲ ዘደብረ ማርያም በግእዝ | GZ-MEL-102:መልክዐ አቡነ እንድርያስ ዘደብረ ስኂን (ፅፉን) በግእዝ | GZ-MEL-103:መልክዐ አቡነ እንድርያስ ዘደብረ ጽጌ በግእዝ | GZ-MEL-107:መልክዐ አቡነ የሐንስ ዘደብረ ቢዘን በግእዝ | GZ-MEL-113:መልክዐ አቡነ ዮናስ ዘደብረ ድኁኃን ዘደብረ ጽጌ ወዘደብረ ጽዮን በግእዝ | GZ-MEL-120:መልክዐ አቡነ ፊልጶስ ዘደብረ ቢዘን በግእዝ | GZ-GDL-001:ገድለ አቡነ ፊልጶስ ዘደብረ ሊባኖስ በግእዝ,"1-13, 1-30, 2-13, 3-13, 3-13, 3-17, 4-1, 4-13, 4-16, 5-13"
12-13,343,ቅዱስ ሙሴ ሊቀ ነቢያት (ልደቱ),ሙሴ ሊቀ ነቢያት,annual,WRONG_DATE,,AM-TSE-003:የነቢያት ጸሎት በአማርኛ | GZ-TSE-002:ጸሎተ ነቢያት በግእዝ | TI-MZM-002:መዝሙር መኃልይ ነቢያት ብትግርኛ,"None-None, None-None, None-None"
12-13,343,ቅዱስ ኤልያስ ነቢይ,ኤልያስ,annual,CORRECT,AM-MEL-052:የነቢዩ የቅዱስ ኤልያስ 3ኛ መልክዕ በአማርኛ | GZ-MEL-059:መልክዐ ቅዱስ ኤልያስ ነቢይ ሣልስ በግእዝ | GZ-MEL-134:መልክዐ ኤልያስ በግእዝ | AM-DRS-005:ድርሳነ ኤልያስ ነቢይ በአማርኛ,AM-MEL-052:የነቢዩ የቅዱስ ኤልያስ 3ኛ መልክዕ በአማርኛ | GZ-MEL-059:መልክዐ ቅዱስ ኤልያስ ነቢይ ሣልስ በግእዝ | GZ-MEL-134:መልክዐ ኤልያስ በግእዝ | AM-DRS-005:ድርሳነ ኤልያስ ነቢይ በአማርኛ,"1-6, 1-6, 1-6, 1-6, 2-6, 2-6, 2-6, 2-6, 3-6, 3-6"
12-13,343,ቅዱሳን አበው ሐዋርያት,አበው ሐዋርያት,annual,WRONG_DATE,,GZ-MEL-023:መልክዐ ሐዋርያት በግእዝ | GZ-GDL-017:ገድለ አቡነ ተክለ ሐዋርያት በግእዝ | AM-ZNA-002:ዜና አበው በአማርኛ | GZ-GDL-032:መጽሐፈ ገድለ ቅዱሳን ሐዋርያት በግእዝ | AM-ZNA-003:ዜና ሐዋርያት በአማርኛ,"3-4, 3-27, 5-26, 11-5, 11-5, 11-5, 12-15, 12-15, 12-15"
12-13,343,አባ ጋልዮን መስተጋድል,ጋልዮን መስተጋድል,annual,NO_BOOK,,,
12-13,343,አቡነ ዓቢየ እግዚእ ጻድቅ (ልደታቸው),ዓቢየ እግዚእ ጻድቅ,annual,CORRECT,GZ-MEL-145:መልክዐ ዓቢየ እግዚእ በግእዝ,AM-MEL-003:መልክዐ ለአቡነ አቢብ ጻድቅ በአማርኛ | AM-MEL-021:መልክዐ አቡነ ዮሐንስ ጻድቅ በአማርኛ | AM-MEL-060:የአቡነ አባለ ክርስቶስ ጻድቅ መልክዕ በአማርኛ | GZ-MEL-145:መልክዐ ዓቢየ እግዚእ በግእዝ,"1-16, 1-19, 1-25, 2-16, 2-19, 2-25, 3-16, 3-19, 3-25, 4-16"
12-13,343,ቅድስት ኦፍራ ሰማዕት,ኦፍራ,annual,NO_BOOK,,,
12-13,343,እግዚአብሔር አብ,እግዚአብሔር አብ,monthly,CORRECT,GZ-MEL-139:መልክዐ እግዚአብሔር አብ በግእዝ | GZ-MEL-140:መልክዐ እግዚአብሔር አብ ካልዕ በግእዝ,GZ-MEL-139:መልክዐ እግዚአብሔር አብ በግእዝ | GZ-MEL-140:መልክዐ እግዚአብሔር አብ ካልዕ በግእዝ,"1-13, 1-13, 2-13, 2-13, 3-13, 3-13, 4-13, 4-13, 5-13, 5-13"
12-13,343,ቅዱስ ሩፋኤል ሊቀ መላዕክት,ሩፋኤል ሊቀ መላዕክት,monthly,CORRECT,AM-MEL-043:የቅዱስ ሩፋኤል መልክዕ በአማርኛ | GZ-MEL-006:መልክዐ ሊቀ መላእክት ቅዱስ ሩፋኤል በግእዝ | GZ-DRS-009:ድርሳን ቅዱስ ሩፋኤል በግእዝ,AM-MEL-043:የቅዱስ ሩፋኤል መልክዕ በአማርኛ | GZ-MEL-006:መልክዐ ሊቀ መላእክት ቅዱስ ሩፋኤል በግእዝ | GZ-DRS-009:ድርሳን ቅዱስ ሩፋኤል በግእዝ,"1-13, 1-13, 1-13, 2-13, 2-13, 2-13, 3-13, 3-13, 3-13, 4-13"
12-13,343,"""99ኙ"" ነገደ መላዕክት","""99ኙ"" ነገደ መላዕክት",monthly,NO_BOOK,,,
12-13,343,ቅዱስ አስከናፍር,አስከናፍር,monthly,NO_BOOK,,,
12-13,343,"""፲፫ቱ"" ግኁሳን አባቶች","""፲፫ቱ"" ግኁሳን አባቶች",monthly,NO_BOOK,,,
12-13,343,ቅዱስ አርሳንዮስ ጠቢብ ገዳማዊ,አርሳንዮስ ጠቢብ ገዳማዊ,monthly,NO_BOOK,,,
12-13,343,አቡነ ዘርዐ ቡሩክ,ዘርዐ ቡሩክ,monthly,CORRECT,AM-MEL-061:የአቡነ ዘርዐ ቡሩክ መልክዕ በአማርኛ | GZ-MEL-105:መልክዐ አቡነ ዘርዐ ቡሩክ በግእዝ,AM-MEL-061:የአቡነ ዘርዐ ቡሩክ መልክዕ በአማርኛ | GZ-MEL-105:መልክዐ አቡነ ዘርዐ ቡሩክ በግእዝ,"1-13, 1-13, 2-13, 2-13, 3-13, 3-13, 4-13, 4-13, 5-13, 5-13"
12-14,344,ቅዱስ መስቀለ ክርስቶስ,መስቀለ ክርስቶስ,annual,WRONG_DATE,,AM-MEL-018:መልክዐ ቅድስት ፍቅርተ ክርስቶስ በአማርኛ | AM-MEL-060:የአቡነ አባለ ክርስቶስ ጻድቅ መልክዕ በአማርኛ | AM-MIK-001:ምክሓ ምእመናን ክርስቶስ በአማርኛ | GZ-MEL-066:መልክዐ ቅድስት ፍቅርተ ክርስቶስ በግእዝ | GZ-MEL-082:መልክዐ አቡነ ሠምረ ክርስቶስ በግእዝ | GZ-MEL-096:መልክዐ አቡነ አባለ ክርስቶስ በግእዝ | GZ-MEL-136:መልክዐ እስትንፋሰ ክርስቶስ በግእዝ | GZ-MEL-143:መልክዐ ክርስቶስ ሠምራ በግእዝ | GZ-MEL-148:መልክዐ ይምርሃነ ክርስቶስ በግእዝ | GZ-MEL-153:መልክዐ ገብረ ክርስቶስ በግእዝ | GZ-MZM-001:መዝሙረ ክርስቶስ በግእዝ | GZ-MZM-002:መዝሙረ ክርስቶስ ካልዕ በግእዝ | GZ-MZM-003:መዝሙረ ክርስቶስ ዘመኃልየ መኃልይ። በግእዝ | GZ-GDL-006:ገድለ አቡነ እስትንፋስ ክርስቶስ በግእዝ | AM-GDL-005:ገድለ ቅድስት ክርስቶስ ሠምራ በአማርኛ | AM-GDL-014:የአቡነ እስትንፋሰ ክርስቶስ ገድል በአማርኛ | GZ-GDL-019:ገድለ ቅድስት ክርስቶስ ሠምራ በግእዝ | GZ-GDL-023:ገድለ አቡነ መዝራዕተ ክርስቶስ በግእዝ | TI-GDL-002:ገድሊ አቡነ እስትንፋስ ክርስቶስ ትግርኛ,"1-9, 1-9, 1-9, 1-9, 1-24, 1-24, 1-24, 1-27, 1-29, 1-29"
12-14,344,ጻድቃን ቅዱሳን (አባ ስምዖንና አባ ዮሐንስ),ጻድቃን ቅዱሳን,annual,WRONG_DATE,,AM-MEL-037:የቅዱሳን ሠለስቱ ደቂቅ መልክዕ በአማርኛ | AM-MEL-038:የቅዱሳን አእላፍ መላእክት 2ኛ መልክዕ በአማርኛ | AM-TEA-001:ተአምኆ ቅዱሳን በአማርኛ | GZ-MEL-047:መልክዐ ቅዱሳን ሠለስቱ ደቂቅ በግእዝ | GZ-MEL-048:መልክዐ ቅዱሳን ዘመጠራ በግእዝ | GZ-MEL-160:መልክዐ ጻድቃን ዘባርክናሃ በግእዝ | GZ-TEA-001:ተአምኆ ቅዱሳን በግእዝ | GZ-GDL-026:ገድለ ቅዱሳን አባዲር ወኢራኢ በግእዝ | GZ-GDL-032:መጽሐፈ ገድለ ቅዱሳን ሐዋርያት በግእዝ,"None-None, None-None, 1-13, 1-28, 2-13, 2-19, 3-13, 4-2, 4-2, 4-13"
12-14,344,ቅዱስ ባስሊቆስ (ኃያል ሰማዕት),ባስሊቆስ,annual,NO_BOOK,,,
12-14,344,ቅዱስ ድምጥያና ደቀ መዛሙርቱ (ሰማዕታት),ድምጥያና ደቀ መዛሙርቱ,annual,NO_BOOK,,,
12-14,344,አቡነ አረጋዊ (ዘ ሚካኤል ),አረጋዊ,monthly,CORRECT,GZ-MEL-073:መልክዐ አረጋዊ በግእዝ | AM-GDL-016:ገድለ አቡነ አረጋዊ በአማርኛ,GZ-MEL-073:መልክዐ አረጋዊ በግእዝ | AM-GDL-016:ገድለ አቡነ አረጋዊ በአማርኛ,"1-14, 1-14, 2-14, 2-14, 3-14, 3-14, 4-14, 4-14, 5-14, 5-14"
12-14,344,ቅዱስ ገብረ ክርስቶስ መርዓዊ,ገብረ ክርስቶስ መርዓዊ,monthly,WRONG_DATE,,GZ-MEL-151:መልክዐ ገብረ መንፈስ ቅዱስ በግእዝ | GZ-MEL-152:መልክዐ ገብረ መንፈስ ቅዱስ ካልዕ በግእዝ | GZ-MEL-153:መልክዐ ገብረ ክርስቶስ በግእዝ | AM-GDL-007:ገድለ አቡነ ገብረ መንፈስ ቅዱስ በአማርኛ,"1-5, 1-5, 1-5, 2-5, 2-5, 2-5, 2-14, 3-5, 3-5, 3-5"
12-14,344,ቅዱስ ፊልዾስ ሐዋርያ,ፊልዾስ,monthly,NO_BOOK,,,
12-14,344,ቅዱስ ሙሴ ( የእግዚአብሔር ሰው),ሙሴ,monthly,WRONG_DATE,,GZ-MEL-079:መልክዐ አቡነ ሙሴ በግእዝ,1-4
12-14,344,አባ ዮሐንስ ጻድቅ,ዮሐንስ,monthly,WRONG_DATE,,AM-MEL-016:መልክዐ ቅዱስ ዮሐንስ ወንጌላዊ በአማርኛ | AM-MEL-020:መልክዐ አቡነ ዕጨጌ ዮሐንስ በአማርኛ | AM-MEL-021:መልክዐ አቡነ ዮሐንስ ጻድቅ በአማርኛ | AM-MEL-047:የቅዱስ ዮሐንስ 2ኛ መልክዕ በአማርኛ | AM-MEL-048:የቅዱስ ዮሐንስ መጥምቅ መልክዕ በአማርኛ | GZ-MEL-060:መልክዐ ቅዱስ ዮሐንስ መጥምቅ በግእዝ | GZ-MEL-061:መልክዐ ቅዱስ ዮሐንስ ካልእ በግእዝ | GZ-MEL-062:መልክዐ ቅዱስ ዮሐንስ ወንጌላዊ በግእዝ | GZ-MEL-104:መልክዐ አቡነ ዕጨጌ ዮሐንስ በግእዝ | GZ-MEL-109:መልክዐ አቡነ ዮሐንስ ከማ በግእዝ | GZ-MEL-110:መልክዐ አቡነ ዮሐንስ ዘድብረ ዳጋ በግእዝ | GZ-MEL-149:መልክዐ ዮሐንስ ወልደ ነጎድጓድ በግእዝ | GZ-MEL-150:መልክዐ ዮሐንስ ፍቁረ እግዚእ በግእዝ | AM-GDL-013:የቅዱስ ዮሐንስ ገድል በአማርኛ | GZ-GDL-018:ገድለ አቡነ ዮሐንስ በግእዝ | AM-GDL-027:ገድለ አቡነ እጨጌ ዮሐንስ ዘጸገሮ በአማርኛ,"1-1, 1-1, 1-2, 1-2, 1-4, 1-4, 1-4, 1-4, 1-4, 1-4"
12-14,344,እናታችን ቅድስት ነሣሒት,እናታችን ቅድስት ነሣሒት,monthly,NO_BOOK,,,
12-15,345,ቅድስት እንባ መሪና ገዳማዊት,እንባ መሪና ገዳማዊት,annual,NO_BOOK,,,
12-15,345,ቅድስት ክርስጢና ሰማዕት,ክርስጢና,annual,NO_BOOK,,,
12-15,345,ቅዱስ ለውረንዮስ ሰማዕት,ለውረንዮስ,annual,NO_BOOK,,,
12-15,345,፴፻ ሰማዕታት (የቅድስት ክርስቲና ማሕበር),፴፻ ሰማዕታት,annual,WRONG_DATE,,AM-MEL-065:ጸሎተ መልክዐ ሥቃዩ ለቅዱስ ጊዮርጊስ ሊቀ ሰማዕታት በአማርኛ | AM-MEL-066:ጸሎተ መልክዕ ዘቅዱስ ጊዮርጊስ ሊቀ ሰማዕታት በአማርኛ | AM-MEL-067:ጸሎተ መልክዕ ዘቅዱስ ጊዮርጊስ ሊቀ ሰማዕታት ካልዕ በአማርኛ | AM-SIB-001:ስብሐተ ፍቁር ዘቅዱስ ጊዮርጊስ ሊቀ ሰማዕታት በአማርኛ | GZ-MEL-016:መልክዐ ሊቀ ሰማዕታት ቅዱስ እስጢፋኖስ በግእዝ | GZ-MEL-017:መልክዐ ሊቀ ሰማዕታት ቅዱስ እስጢፋኖስ ካልእ በግእዝ | AM-GDL-010:ገድለ ሰማዕታት በአማርኛ,"1-15, 1-15, 1-17, 1-17, 1-23, 1-23, 1-23, 1-23, 2-17, 2-17"
12-15,345,አበው ቅዱሳን ሐዋርያት (ወላዲተ አምላክን ለመገነዝ በዚህ ዕለት ተሠብስበዋል),አበው ቅዱሳን ሐዋርያት,annual,CORRECT,GZ-MEL-023:መልክዐ ሐዋርያት በግእዝ | GZ-GDL-032:መጽሐፈ ገድለ ቅዱሳን ሐዋርያት በግእዝ | AM-ZNA-003:ዜና ሐዋርያት በአማርኛ,GZ-MEL-023:መልክዐ ሐዋርያት በግእዝ | GZ-GDL-017:ገድለ አቡነ ተክለ ሐዋርያት በግእዝ | AM-ZNA-002:ዜና አበው በአማርኛ | GZ-GDL-032:መጽሐፈ ገድለ ቅዱሳን ሐዋርያት በግእዝ | AM-ZNA-003:ዜና ሐዋርያት በአማርኛ,"3-4, 3-27, 5-26, 11-5, 11-5, 11-5, 12-15, 12-15, 12-15"
12-15,345,ቅዱስ ቂርቆስና እናቱ ኢየሉጣ,ቂርቆስና እናቱ ኢየሉጣ,monthly,CORRECT,GZ-MEL-043:መልክዐ ሰማዕት ቅድስት ኢየሉጣ በግእዝ | AM-GDL-023:የቅዱስ ቂርቆስና የቅድስት ኢየሉጣ ገድል በአማርኛ,GZ-MEL-043:መልክዐ ሰማዕት ቅድስት ኢየሉጣ በግእዝ | AM-GDL-023:የቅዱስ ቂርቆስና የቅድስት ኢየሉጣ ገድል በአማርኛ,"1-15, 1-15, 2-15, 2-15, 3-15, 3-15, 4-15, 4-15, 5-15, 5-15"
12-15,345,ቅዱስ ሚናስ (ማር ሚና) ሰማዕት,ሚናስ,monthly,CORRECT,AM-MEL-013:መልክዐ ቅዱስ ሚናስ በአማርኛ | GZ-MEL-052:መልክዐ ቅዱስ ሚናስ በግእዝ,AM-MEL-013:መልክዐ ቅዱስ ሚናስ በአማርኛ | GZ-MEL-052:መልክዐ ቅዱስ ሚናስ በግእዝ,"1-15, 1-15, 2-15, 2-15, 3-15, 3-15, 4-15, 4-15, 5-15, 5-15"
12-15,345,ቅዱስ ማሪ ኤፍሬም ሶርያዊ (አፈ በረከት),ማሪ ኤፍሬም ሶርያዊ,monthly,NO_BOOK,,,
12-16,346,ቅድስት ድንግል እግዝእትነ ማርያም (ፍልሠቷ ትንሳኤዋና ዕርገቷ),ድንግል እግዝእትነ ማርያም,annual,CORRECT,AM-LAH-001:ላሐ ማርያም በአማርኛ | AM-MEL-008:መልክዐ ማርያም ሣልሲት በአማርኛ | AM-MEL-009:መልክዐ ማርያም በአማርኛ | AM-MEL-064:የጽዮን ማርያም 3ኛ መልክዕ በአማርኛ | AM-RAY-001:ራዕየ ማርያም በአማርኛ | GZ-ETA-001:እትአመነኪ ማርያም በሰማይ ወበምድር በግእዝ | GZ-LAH-001:ላሐ ማርያም በግእዝ | GZ-MEL-002:መልከዐ ማርያም ዳግሚት በግእዝ | GZ-MEL-031:መልክዐ ማርያም ሣልሲት በግእዝ | GZ-MEL-032:መልክዐ ማርያም በግእዝ | GZ-MEL-161:መልክዐ ጽዮን ማርያም ሣልስ በግእዝ | TI-RAY-001:ራእየ ማርያም ብትግርኛ | GZ-TAM-001:ተአምረ ማርያም በግእዝ | AM-TAM-002:ተአምረ ማርያም በአማርኛ,AM-LAH-001:ላሐ ማርያም በአማርኛ | AM-MEL-008:መልክዐ ማርያም ሣልሲት በአማርኛ | AM-MEL-009:መልክዐ ማርያም በአማርኛ | AM-MEL-017:መልክዐ ቅድስት ጸበለ ማርያም በአማርኛ | AM-MEL-019:መልክዐ አቡነ ሐራ ድንግል በአማርኛ | AM-MEL-064:የጽዮን ማርያም 3ኛ መልክዕ በአማርኛ | AM-RAY-001:ራዕየ ማርያም በአማርኛ | AM-WUD-002:ውዳሴ ማርያም በአማርኛ | GZ-ETA-001:እትአመነኪ ማርያም በሰማይ ወበምድር በግእዝ | GZ-LAH-001:ላሐ ማርያም በግእዝ | GZ-MEL-002:መልከዐ ማርያም ዳግሚት በግእዝ | GZ-MEL-021:መልክዐ ሐራ ድንግል በግእዝ | GZ-MEL-031:መልክዐ ማርያም ሣልሲት በግእዝ | GZ-MEL-032:መልክዐ ማርያም በግእዝ | GZ-MEL-070:መልክዐ ተክለ ማርያም ዘይሰመይ መብዓ ጽዮን በግእዝ | GZ-MEL-099:መልክዐ አቡነ አብሳዲ ዘደብረ ማርያም በግእዝ | GZ-MEL-159:መልክዐ ጸበለ ማርያም ቅድስት በግእዝ | GZ-MEL-161:መልክዐ ጽዮን ማርያም ሣልስ በግእዝ | GZ-WUD-002:ውዳሴ ማርያም በግእዝ | TI-RAY-001:ራእየ ማርያም ብትግርኛ | TI-WUD-001:ውዳሴ ማርያም ብትግርኛ | AM-GDL-002:ገድለ ማርያም እንተ ዕፍረት በአማርኛ | GZ-TAM-001:ተአምረ ማርያም በግእዝ | AM-GDL-003:ገድለ ማርያም መግደላዊት በአማርኛ | GZ-MTS-001:መጽሐፈ ልደታ ለማርያም በግእዝ | AM-TAM-002:ተአምረ ማርያም በአማርኛ,"None-None, None-None, None-None, 1-1, 1-11, 1-11, 1-21, 1-21, 1-21, 1-21"
12-16,346,ቅዱሳን ሐዋርያት,ሐዋርያት,annual,WRONG_DATE,,GZ-MEL-023:መልክዐ ሐዋርያት በግእዝ | GZ-GDL-017:ገድለ አቡነ ተክለ ሐዋርያት በግእዝ | GZ-GDL-032:መጽሐፈ ገድለ ቅዱሳን ሐዋርያት በግእዝ | AM-ZNA-003:ዜና ሐዋርያት በአማርኛ,"3-27, 11-5, 11-5, 11-5, 12-15, 12-15, 12-15"
12-16,346,ቅዱስ ጊዮርጊስ ሊቀ ሰማዕታት (ፍልሠቱ),ጊዮርጊስ ሊቀ ሰማዕታት,annual,CORRECT,AM-MEL-065:ጸሎተ መልክዐ ሥቃዩ ለቅዱስ ጊዮርጊስ ሊቀ ሰማዕታት በአማርኛ | AM-MEL-066:ጸሎተ መልክዕ ዘቅዱስ ጊዮርጊስ ሊቀ ሰማዕታት በአማርኛ | AM-MEL-067:ጸሎተ መልክዕ ዘቅዱስ ጊዮርጊስ ሊቀ ሰማዕታት ካልዕ በአማርኛ | AM-SIB-001:ስብሐተ ፍቁር ዘቅዱስ ጊዮርጊስ ሊቀ ሰማዕታት በአማርኛ,AM-MEL-065:ጸሎተ መልክዐ ሥቃዩ ለቅዱስ ጊዮርጊስ ሊቀ ሰማዕታት በአማርኛ | AM-MEL-066:ጸሎተ መልክዕ ዘቅዱስ ጊዮርጊስ ሊቀ ሰማዕታት በአማርኛ | AM-MEL-067:ጸሎተ መልክዕ ዘቅዱስ ጊዮርጊስ ሊቀ ሰማዕታት ካልዕ በአማርኛ | AM-SIB-001:ስብሐተ ፍቁር ዘቅዱስ ጊዮርጊስ ሊቀ ሰማዕታት በአማርኛ,"1-23, 1-23, 1-23, 1-23, 2-23, 2-23, 2-23, 2-23, 3-7, 3-7"
12-16,346,ቅዱስ ጊጋር ሶርያዊ (ሰማዕት),ጊጋር ሶርያዊ,annual,CORRECT,AM-MEL-036:የሰማዕቱ ቅዱስ ጊጋር መልክዕ በአማርኛ,AM-MEL-036:የሰማዕቱ ቅዱስ ጊጋር መልክዕ በአማርኛ,12-16
12-16,346,ኪዳነ ምሕረት (የሰባቱ ኪዳናት ማሕተም),ኪዳነ ምሕረት,monthly,CORRECT,AM-MEL-027:መልክዐ ኪዳነ ምሕረት በአማርኛ | GZ-MEL-141:መልክዐ ኪዳነ ምሕረት በግእዝ,AM-MEL-027:መልክዐ ኪዳነ ምሕረት በአማርኛ | GZ-MEL-141:መልክዐ ኪዳነ ምሕረት በግእዝ,"1-16, 1-16, 2-16, 2-16, 3-16, 3-16, 4-16, 4-16, 5-16, 5-16"
12-16,346,ቅድስት ኤልሳቤጥ (የመጥምቁ ዮሐንስ እናት),ኤልሳቤጥ,monthly,NO_BOOK,,,
12-16,346,ቅዱስ ገብረ ማርያም ጻድቅ ንጉሠ ኢትዮዽያ (የቅ/ላሊበላ ወንድም),ገብረ ማርያም ጻድቅ ንጉሠ ኢትዮዽያ,monthly,WRONG_DATE,,GZ-MEL-151:መልክዐ ገብረ መንፈስ ቅዱስ በግእዝ | GZ-MEL-152:መልክዐ ገብረ መንፈስ ቅዱስ ካልዕ በግእዝ | GZ-MEL-153:መልክዐ ገብረ ክርስቶስ በግእዝ | AM-GDL-007:ገድለ አቡነ ገብረ መንፈስ ቅዱስ በአማርኛ,"1-5, 1-5, 1-5, 2-5, 2-5, 2-5, 2-14, 3-5, 3-5, 3-5"
12-16,346,ቅዱስ አኖሬዎስ ንጉሥ ጻድቅ,አኖሬዎስ ንጉሥ,monthly,WRONG_DATE,,GZ-ZNA-002:ዜናሁ ለንጉሥ ገላውዴዎስ በግእዝ | GZ-ZNA-003:ዜና ሕይወቱ ለንጉሥ ላልይበላ በግእዝ,7-27
12-16,346,አባ አቡናፍር ገዳማዊ,አቡናፍር ገዳማዊ,monthly,NO_BOOK,,,
12-16,346,አባ ዳንኤል ጻድቅ,ዳንኤል,monthly,WRONG_DATE,,GZ-MEL-114:መልክዐ አቡነ ዳንኤል በግእዝ | GZ-GDL-028:ገድለ አቡነ ዳንኤል በግእዝ,"3-6, 3-6"
12-16,346,ቅዱስ አባ ዮሐንስ ጻድቅ (ወንጌሉ ዘወርቅ),ዮሐንስ ጻድቅ,monthly,CORRECT,AM-MEL-021:መልክዐ አቡነ ዮሐንስ ጻድቅ በአማርኛ,AM-MEL-021:መልክዐ አቡነ ዮሐንስ ጻድቅ በአማርኛ,"1-16, 2-16, 3-16, 4-16, 5-16, 5-20, 6-16, 7-16, 8-16, 9-7"
12-17,347,ተዝካረ ፍልሠታ ለማርያም ድንግል,ተዝካረ ፍልሠታ ለማርያም ድንግል,annual,WRONG_DATE,,AM-MEL-019:መልክዐ አቡነ ሐራ ድንግል በአማርኛ | GZ-MEL-021:መልክዐ ሐራ ድንግል በግእዝ,"1-11, 1-11, 2-11, 2-11, 3-11, 3-11, 4-11, 4-11, 5-11, 5-11"
12-17,347,ቅዱስ እንጣዎስ አሞራዊ (ሰማዕት),እንጣዎስ አሞራዊ,annual,NO_BOOK,,,
12-17,347,ቅዱስ ያዕቆብ ግብጻዊ (ሰማዕት),ያዕቆብ ግብጻዊ,annual,WRONG_DATE,,AM-MEL-022:መልክዐ አብርሃም ይሥሐቅ ያዕቆብ በአማርኛ | GZ-MEL-124:መልክዐ አብርሃም ይሥሐቅ ወያዕቆብ በግእዝ,"1-28, 1-28, 2-28, 2-28, 3-28, 3-28, 4-28, 4-28, 5-28, 5-28"
12-17,347,ቅዱስ አክራጥስ ሰማዕት,አክራጥስ,annual,NO_BOOK,,,
12-17,347,አባ እለእስክንድሮስ ዘቁስጥንጥንያ,እለእስክንድሮስ ዘቁስጥንጥንያ,annual,NO_BOOK,,,
12-17,347,ቅዱስ እስጢፋኖስ ሊቀ ዲያቆናት (ቀዳሜ ሰማዕት),እስጢፋኖስ ሊቀ ዲያቆናት,monthly,CORRECT,AM-MEL-045:የቅዱስ እስጢፋኖስ 2ኛ መልክዕ በአማርኛ | GZ-MEL-016:መልክዐ ሊቀ ሰማዕታት ቅዱስ እስጢፋኖስ በግእዝ | GZ-MEL-017:መልክዐ ሊቀ ሰማዕታት ቅዱስ እስጢፋኖስ ካልእ በግእዝ | AM-GDL-009:ገድለ ቅዱስ እስጢፋኖስ አማርኛ | GZ-GDL-022:ገድለ ቅዱስ እስጢፋኖስ በግእዝ,AM-MEL-045:የቅዱስ እስጢፋኖስ 2ኛ መልክዕ በአማርኛ | GZ-MEL-016:መልክዐ ሊቀ ሰማዕታት ቅዱስ እስጢፋኖስ በግእዝ | GZ-MEL-017:መልክዐ ሊቀ ሰማዕታት ቅዱስ እስጢፋኖስ ካልእ በግእዝ | AM-GDL-009:ገድለ ቅዱስ እስጢፋኖስ አማርኛ | GZ-GDL-022:ገድለ ቅዱስ እስጢፋኖስ በግእዝ,"1-15, 1-15, 1-15, 1-15, 1-15, 1-17, 1-17, 1-17, 1-17, 1-17"
12-17,347,ቅዱስ ያዕቆብ ሐዋርያ (ወልደ ዘብዴዎስ),ያዕቆብ ሐዋርያ,monthly,WRONG_DATE,,AM-MEL-022:መልክዐ አብርሃም ይሥሐቅ ያዕቆብ በአማርኛ | AM-MEL-033:የሐዋርያው የቅዱስ ታዴዎስ መልክዕ በአማርኛ | AM-MEL-046:የቅዱስ እንድርያስ ሐዋርያ መልክዕ በአማርኛ | GZ-MEL-023:መልክዐ ሐዋርያት በግእዝ | GZ-MEL-124:መልክዐ አብርሃም ይሥሐቅ ወያዕቆብ በግእዝ | GZ-MEL-137:መልክዐ እንድርያስ ሐዋርያ በግእዝ | GZ-GDL-017:ገድለ አቡነ ተክለ ሐዋርያት በግእዝ | GZ-GDL-032:መጽሐፈ ገድለ ቅዱሳን ሐዋርያት በግእዝ | AM-ZNA-003:ዜና ሐዋርያት በአማርኛ,"1-2, 1-4, 1-4, 1-28, 1-28, 2-2, 2-4, 2-4, 2-28, 2-28"
12-17,347,ቅዱሳን አበው መክሲሞስና ዱማቴዎስ,አበው መክሲሞስና ዱማቴዎስ,monthly,WRONG_DATE,,AM-ZNA-002:ዜና አበው በአማርኛ,"3-4, 5-26"
12-17,347,አባ ገሪማ ዘመደራ,ገሪማ ዘመደራ,monthly,CORRECT,AM-GDL-017:ገድለ አቡነ ገሪማ በአማርኛ,AM-GDL-017:ገድለ አቡነ ገሪማ በአማርኛ,"1-17, 2-17, 3-17, 4-17, 5-17, 6-17, 7-17, 8-17, 9-17, 10-17"
12-17,347,አባ ዸላሞን ፈላሢ,ዸላሞን ፈላሢ,monthly,NO_BOOK,,,
12-17,347,አባ ለትጹን የዋህ,ለትጹን የዋህ,monthly,NO_BOOK,,,
12-17,347,ቅዱስ ኤዺፋንዮስ ሊቅ (ዘደሴተ ቆዽሮስ),ኤዺፋንዮስ ሊቅ,monthly,NO_BOOK,,,
12-18,348,ተዝካረ ፍልሠታ ለማርያም ድንግል (፫ኛ ቀን),ተዝካረ ፍልሠታ ለማርያም ድንግል,annual,WRONG_DATE,,AM-MEL-019:መልክዐ አቡነ ሐራ ድንግል በአማርኛ | GZ-MEL-021:መልክዐ ሐራ ድንግል በግእዝ,"1-11, 1-11, 2-11, 2-11, 3-11, 3-11, 4-11, 4-11, 5-11, 5-11"
12-18,348,ቅዱስ እለእስክንድሮስ ሊቅ,እለእስክንድሮስ ሊቅ,annual,NO_BOOK,,,
12-18,348,ቅዱስ እንድራኒቆስ ዲያቆን,እንድራኒቆስ ዲያቆን,annual,NO_BOOK,,,
12-18,348,አባ ዘ ክርስቶስ ዘወሎ (ኢትዮዽያዊ ጻድቅ),ዘ ክርስቶስ ዘወሎ,annual,WRONG_DATE,,AM-MEL-018:መልክዐ ቅድስት ፍቅርተ ክርስቶስ በአማርኛ | AM-MEL-060:የአቡነ አባለ ክርስቶስ ጻድቅ መልክዕ በአማርኛ | AM-MIK-001:ምክሓ ምእመናን ክርስቶስ በአማርኛ | GZ-MEL-066:መልክዐ ቅድስት ፍቅርተ ክርስቶስ በግእዝ | GZ-MEL-082:መልክዐ አቡነ ሠምረ ክርስቶስ በግእዝ | GZ-MEL-096:መልክዐ አቡነ አባለ ክርስቶስ በግእዝ | GZ-MEL-136:መልክዐ እስትንፋሰ ክርስቶስ በግእዝ | GZ-MEL-143:መልክዐ ክርስቶስ ሠምራ በግእዝ | GZ-MEL-148:መልክዐ ይምርሃነ ክርስቶስ በግእዝ | GZ-MEL-153:መልክዐ ገብረ ክርስቶስ በግእዝ | GZ-MZM-001:መዝሙረ ክርስቶስ በግእዝ | GZ-MZM-002:መዝሙረ ክርስቶስ ካልዕ በግእዝ | GZ-MZM-003:መዝሙረ ክርስቶስ ዘመኃልየ መኃልይ። በግእዝ | GZ-GDL-006:ገድለ አቡነ እስትንፋስ ክርስቶስ በግእዝ | AM-GDL-005:ገድለ ቅድስት ክርስቶስ ሠምራ በአማርኛ | AM-GDL-014:የአቡነ እስትንፋሰ ክርስቶስ ገድል በአማርኛ | GZ-GDL-019:ገድለ ቅድስት ክርስቶስ ሠምራ በግእዝ | GZ-GDL-023:ገድለ አቡነ መዝራዕተ ክርስቶስ በግእዝ | TI-GDL-002:ገድሊ አቡነ እስትንፋስ ክርስቶስ ትግርኛ,"1-9, 1-9, 1-9, 1-9, 1-24, 1-24, 1-24, 1-27, 1-29, 1-29"
12-18,348,ቅዱስ ፊልዾስ ሐዋርያ,ፊልዾስ,monthly,NO_BOOK,,,
12-18,348,አቡነ ኤዎስጣቴዎስ ሰባኬ ሃይማኖት (ረባን),ኤዎስጣቴዎስ ሰባኬ ሃይማኖት,monthly,CORRECT,GZ-MEL-135:መልክዐ ኤዎስጣቴዎስ በግእዝ,AM-MEL-057:የአቡነ ተክለ ሃይማኖት 2ኛ መልክዕ በአማርኛ | AM-MEL-058:የአቡነ ተክለ ሃይማኖት መልክዕ በአማርኛ | GZ-MEL-068:መልክዐ ተክለ ሃይማኖት በግእዝ | GZ-MEL-069:መልክዐ ተክለ ሃይማኖት ካልእ በግእዝ | GZ-MEL-092:መልክዐ አቡነ ተክለ ሃይማኖት በግእዝ | GZ-MEL-135:መልክዐ ኤዎስጣቴዎስ በግእዝ | AM-GDL-004:ገድለ ተክለ ሃይማኖት በአማርኛ,"1-18, 1-24, 1-24, 1-24, 1-24, 1-24, 1-24, 2-18, 2-24, 2-24"
12-18,348,አቡነ አኖሬዎስ ዘደብረ ጽጋጋ,አኖሬዎስ ዘደብረ ጽጋጋ,monthly,NO_BOOK,,,
12-18,348,ማር ያዕቆብ ግብፃዊ,ማር ያዕቆብ ግብፃዊ,monthly,WRONG_DATE,,AM-MEL-022:መልክዐ አብርሃም ይሥሐቅ ያዕቆብ በአማርኛ | GZ-MEL-124:መልክዐ አብርሃም ይሥሐቅ ወያዕቆብ በግእዝ,"1-28, 1-28, 2-28, 2-28, 3-28, 3-28, 4-28, 4-28, 5-28, 5-28"
12-18,348,ቅዱስ ያዕቆብ ሐዋርያ (ከ፯፪ቱ አርድእት),ያዕቆብ ሐዋርያ,monthly,WRONG_DATE,,AM-MEL-022:መልክዐ አብርሃም ይሥሐቅ ያዕቆብ በአማርኛ | AM-MEL-033:የሐዋርያው የቅዱስ ታዴዎስ መልክዕ በአማርኛ | AM-MEL-046:የቅዱስ እንድርያስ ሐዋርያ መልክዕ በአማርኛ | GZ-MEL-023:መልክዐ ሐዋርያት በግእዝ | GZ-MEL-124:መልክዐ አብርሃም ይሥሐቅ ወያዕቆብ በግእዝ | GZ-MEL-137:መልክዐ እንድርያስ ሐዋርያ በግእዝ | GZ-GDL-017:ገድለ አቡነ ተክለ ሐዋርያት በግእዝ | GZ-GDL-032:መጽሐፈ ገድለ ቅዱሳን ሐዋርያት በግእዝ | AM-ZNA-003:ዜና ሐዋርያት በአማርኛ,"1-2, 1-4, 1-4, 1-28, 1-28, 2-2, 2-4, 2-4, 2-28, 2-28"
12-19,349,ተዝካረ ፍልሠታ ለማርያም ድንግል (፬ኛ ቀን),ተዝካረ ፍልሠታ ለማርያም ድንግል,annual,WRONG_DATE,,AM-MEL-019:መልክዐ አቡነ ሐራ ድንግል በአማርኛ | GZ-MEL-021:መልክዐ ሐራ ድንግል በግእዝ,"1-11, 1-11, 2-11, 2-11, 3-11, 3-11, 4-11, 4-11, 5-11, 5-11"
12-19,349,ታላቁ ቅዱስ መቃርስ (ፍልሠቱ),ታላቁ ቅዱስ መቃርስ,annual,NO_BOOK,,,
12-19,349,አባታችን ቅዱስ አብርሃም (ጣዖቱን የሰበረበት),አባታችን ቅዱስ አብርሃም,annual,WRONG_DATE,,AM-MEL-022:መልክዐ አብርሃም ይሥሐቅ ያዕቆብ በአማርኛ | AM-MEL-063:የአባታችን አብርሃም መልክዕ በአማርኛ | GZ-MEL-098:መልክዐ አቡነ አብርሃም በግእዝ | GZ-MEL-124:መልክዐ አብርሃም ይሥሐቅ ወያዕቆብ በግእዝ | GZ-GDL-013:ገድለ ዘርዐ አብርሃም በግእዝ,"1-28, 1-28, 2-28, 2-28, 3-28, 3-28, 4-24, 4-28, 4-28, 5-28"
12-19,349,ቅዱስ ፊንሐን ካህን (ወልደ አልዓዛር),ፊንሐን ካህን,annual,NO_BOOK,,,
12-19,349,ቅዱስ ገብርኤል ሊቀ መላእክት,ገብርኤል ሊቀ መላእክት,monthly,CORRECT,AM-MEL-050:የቅዱስ ገብርኤል መልክዕ በአማርኛ | GZ-MEL-013:መልክዐ ሊቀ መላእክት ቅዱስ ገብርኤል በግእዝ | GZ-MEL-014:መልክዐ ሊቀ መላእክት ቅዱስ ገብርኤል ካልዕ (ደቅስዮስ) በግእዝ | AM-DRS-003:ድርሳነ ገብርኤል በአማርኛ | GZ-DRS-010:ድርሳነ ገብርኤል በግእዝ,AM-DIR-001:የሰባቱ ሊቃነ መላእክት ድርሳን በአማርኛ | AM-MEL-038:የቅዱሳን አእላፍ መላእክት 2ኛ መልክዕ በአማርኛ | AM-MEL-050:የቅዱስ ገብርኤል መልክዕ በአማርኛ | GZ-MEL-004:መልክዐ ሊቀ መላእክት ቅዱስ ሚካኤል ሣልስ በግእዝ | GZ-MEL-005:መልክዐ ሊቀ መላእክት ቅዱስ ሚካኤል ካልዕ በግእዝ | GZ-MEL-006:መልክዐ ሊቀ መላእክት ቅዱስ ሩፋኤል በግእዝ | GZ-MEL-007:መልክዐ ሊቀ መላእክት ቅዱስ ራጉኤል በግእዝ | GZ-MEL-008:መልክዐ ሊቀ መላእክት ቅዱስ ሱርያል በግእዝ | GZ-MEL-009:መልክዐ ሊቀ መላእክት ቅዱስ በግእዝ | GZ-MEL-010:መልክዐ ሊቀ መላእክት ቅዱስ አፍኒን በግእዝ | GZ-MEL-011:መልክዐ ሊቀ መላእክት ቅዱስ ዑራኤል በግእዝ | GZ-MEL-012:መልክዐ ሊቀ መላእክት ቅዱስ ዑራኤል ካልእ በግእዝ | GZ-MEL-013:መልክዐ ሊቀ መላእክት ቅዱስ ገብርኤል በግእዝ | GZ-MEL-014:መልክዐ ሊቀ መላእክት ቅዱስ ገብርኤል ካልዕ (ደቅስዮስ) በግእዝ | GZ-MEL-015:መልክዐ ሊቀ መላእክት ቅዱስ ፋኑኤል በግእዝ | GZ-MEL-125:መልክዐ አእላፍ መላእክት በግእዝ | GZ-MEL-126:መልክዐ አእላፍ መላእክት ካልእ በግእዝ | GZ-MEL-165:መልክዐ ሊቀ መላእክት ቅዱስ ሚካኤል ካልዕ በግእ | AM-DRS-003:ድርሳነ ገብርኤል በአማርኛ | GZ-DRS-010:ድርሳነ ገብርኤል በግእዝ,"1-1, 1-3, 1-9, 1-9, 1-9, 1-12, 1-12, 1-12, 1-12, 1-13"
12-19,349,ቅዱስ ኤስድሮስ ሰማዕት,ኤስድሮስ,monthly,NO_BOOK,,,
12-19,349,አቡነ ዓቢየ እግዚእ ጻድቅ,ዓቢየ እግዚእ,monthly,CORRECT,GZ-MEL-145:መልክዐ ዓቢየ እግዚእ በግእዝ,GZ-MEL-145:መልክዐ ዓቢየ እግዚእ በግእዝ,"1-19, 2-19, 3-19, 4-19, 5-19, 6-19, 7-19, 8-19, 9-19, 10-19"
12-19,349,አቡነ ስነ ኢየሱስ,ስነ ኢየሱስ,monthly,WRONG_DATE,,AM-MEL-002:መልክአ ኢየሱስ በአማርኛ | GZ-MEL-130:መልክዐ ኢየሱስ ሞዐ በግእዝ | GZ-MEL-131:መልክዐ ኢየሱስ በግእዝ | GZ-MEL-132:መልክዐ ኢየሱስ ካልዕ በግእዝ | AM-TAM-001:ተአምረ ኢየሱስ በአማርኛ | TI-TAM-001:ተአምረ ኢየሱስ ብትግርኛ | GZ-TAM-002:ተአምረ ኢየሱስ በግእዝ | AM-GDL-026:ገድለ አቡነ ኢየሱስ ሞዐ በአማርኛ,"1-26, 1-26, 1-29, 1-29, 1-29, 1-29, 1-29, 1-29, 2-26, 2-26"
12-19,349,አቡነ ዮሴፍ ብርሃነ ዓለም,ዮሴፍ ብርሃነ ዓለም,monthly,CORRECT,GZ-MEL-111:መልክዐ አቡነ ዮሴፍ በግእዝ | GZ-GDL-029:ገድለ አቡነ ዮሴፍ በግእዝ,AM-MEL-034:የመድኀኔ ዓለም 3ኛ መልክዕ በአማርኛ | AM-MEL-035:የመድኀኔ ዓለም መልክዕ በአማርኛ | GZ-MEL-001:ሐዲስ መልክዐ መድኃኔዓለም በግእዝ | GZ-MEL-027:መልክዐ መድኀኔ ዓለም ሣልስ በግዕዝ | GZ-MEL-028:መልክዐ መድኃኔ ዓለም በግእዝ | GZ-MEL-111:መልክዐ አቡነ ዮሴፍ በግእዝ | GZ-DRS-005:ድርሳነ መድኃኔ ዓለም በግእዝ | AM-DRS-004:ድርሳነ መድኃኔ ዓለም በአማርኛ | GZ-GDL-029:ገድለ አቡነ ዮሴፍ በግእዝ,"1-19, 1-19, 1-27, 1-27, 1-27, 1-27, 1-27, 1-27, 1-27, 2-19"
12-20,350,ተዝካረ ፍልሠታ ለማርያም ድንግል (፭ኛ ቀን),ተዝካረ ፍልሠታ ለማርያም ድንግል,annual,WRONG_DATE,,AM-MEL-019:መልክዐ አቡነ ሐራ ድንግል በአማርኛ | GZ-MEL-021:መልክዐ ሐራ ድንግል በግእዝ,"1-11, 1-11, 2-11, 2-11, 3-11, 3-11, 4-11, 4-11, 5-11, 5-11"
12-20,350,ቅዱሳን ፯ቱ ደቂቅ,፯ቱ ደቂቅ,annual,WRONG_DATE,,AM-MEL-037:የቅዱሳን ሠለስቱ ደቂቅ መልክዕ በአማርኛ | GZ-MEL-047:መልክዐ ቅዱሳን ሠለስቱ ደቂቅ በግእዝ,"4-2, 4-2, 4-19, 4-19, 9-10, 9-10"
12-20,350,አቡነ ሰላማ ካልዕ (መተርጉም),ሰላማ ካልዕ,annual,WRONG_DATE,,AM-MEL-067:ጸሎተ መልክዕ ዘቅዱስ ጊዮርጊስ ሊቀ ሰማዕታት ካልዕ በአማርኛ | GZ-MEL-005:መልክዐ ሊቀ መላእክት ቅዱስ ሚካኤል ካልዕ በግእዝ | GZ-MEL-014:መልክዐ ሊቀ መላእክት ቅዱስ ገብርኤል ካልዕ (ደቅስዮስ) በግእዝ | GZ-MEL-038:መልክዐ ሰላማ በግእዝ | GZ-MEL-086:መልክዐ አቡነ ሳሙኤል ዘዋልድባ ካልዕ በግእዝ | GZ-MEL-132:መልክዐ ኢየሱስ ካልዕ በግእዝ | GZ-MEL-140:መልክዐ እግዚአብሔር አብ ካልዕ በግእዝ | GZ-MEL-144:መልክዐ ዐቢብ ካልዕ በግእዝ | GZ-MEL-147:መልክዐ ያሬድ ካልዕ በግእዝ | GZ-MEL-152:መልክዐ ገብረ መንፈስ ቅዱስ ካልዕ በግእዝ | GZ-MEL-155:መልክዐ ጊዮርጊስ ካልዕ ወሥቃዩ በግእዝ | GZ-MZM-002:መዝሙረ ክርስቶስ ካልዕ በግእዝ | GZ-MEL-165:መልክዐ ሊቀ መላእክት ቅዱስ ሚካኤል ካልዕ በግእ,"1-5, 1-9, 1-9, 1-11, 1-12, 1-12, 1-12, 1-13, 1-19, 1-23"
12-20,350,ቅድስት ሔዛዊ,ሔዛዊ,annual,NO_BOOK,,,
12-20,350,ቅዱስ ዮሐንስ ሐፂር,ዮሐንስ ሐፂር,monthly,WRONG_DATE,,AM-MEL-016:መልክዐ ቅዱስ ዮሐንስ ወንጌላዊ በአማርኛ | AM-MEL-020:መልክዐ አቡነ ዕጨጌ ዮሐንስ በአማርኛ | AM-MEL-021:መልክዐ አቡነ ዮሐንስ ጻድቅ በአማርኛ | AM-MEL-047:የቅዱስ ዮሐንስ 2ኛ መልክዕ በአማርኛ | AM-MEL-048:የቅዱስ ዮሐንስ መጥምቅ መልክዕ በአማርኛ | GZ-MEL-060:መልክዐ ቅዱስ ዮሐንስ መጥምቅ በግእዝ | GZ-MEL-061:መልክዐ ቅዱስ ዮሐንስ ካልእ በግእዝ | GZ-MEL-062:መልክዐ ቅዱስ ዮሐንስ ወንጌላዊ በግእዝ | GZ-MEL-104:መልክዐ አቡነ ዕጨጌ ዮሐንስ በግእዝ | GZ-MEL-109:መልክዐ አቡነ ዮሐንስ ከማ በግእዝ | GZ-MEL-110:መልክዐ አቡነ ዮሐንስ ዘድብረ ዳጋ በግእዝ | GZ-MEL-149:መልክዐ ዮሐንስ ወልደ ነጎድጓድ በግእዝ | GZ-MEL-150:መልክዐ ዮሐንስ ፍቁረ እግዚእ በግእዝ | AM-GDL-013:የቅዱስ ዮሐንስ ገድል በአማርኛ | GZ-GDL-018:ገድለ አቡነ ዮሐንስ በግእዝ | AM-GDL-027:ገድለ አቡነ እጨጌ ዮሐንስ ዘጸገሮ በአማርኛ,"1-1, 1-1, 1-2, 1-2, 1-4, 1-4, 1-4, 1-4, 1-4, 1-4"
12-20,350,ቅዱስ አክሎግ ቀሲስ,አክሎግ ቀሲስ,monthly,NO_BOOK,,,
12-20,350,ቅዱስ አፄ ካሌብ ጻድቅ (ንጉሠ ኢትዮዽያ),አፄ ካሌብ ጻድቅ,monthly,WRONG_DATE,,AM-MEL-003:መልክዐ ለአቡነ አቢብ ጻድቅ በአማርኛ | AM-MEL-021:መልክዐ አቡነ ዮሐንስ ጻድቅ በአማርኛ | AM-MEL-060:የአቡነ አባለ ክርስቶስ ጻድቅ መልክዕ በአማርኛ,"1-16, 1-25, 2-16, 2-25, 3-16, 3-25, 4-16, 4-19, 4-25, 5-16"
12-20,350,አባ አሞንዮስ ዘሃገረ ቶና,አሞንዮስ ዘሃገረ ቶና,monthly,NO_BOOK,,,
12-20,350,ቅድስት ሳድዥ የዋሒት,ሳድዥ የዋሒት,monthly,NO_BOOK,,,
12-20,350,ቅዱስ ወክቡር ማር ቴዎድሮስ ሰማዕት,ወክቡር ማር ቴዎድሮስ,monthly,CORRECT,GZ-MEL-040:መልክዐ ሰማዕት ቅዱስ ቴዎድሮስ በግእዝ | GZ-GDL-030:ገድለ ቅዱስ ቴዎድሮስ በግእዝ | GZ-GDL-031:ገድለ ሰማዕት ቅዱስ ቴዎድሮስ በግእዝ | AM-GDL-030:ገድለ ሰማዕት ቅዱስ ቴዎድሮስ በአማርኛ,GZ-MEL-040:መልክዐ ሰማዕት ቅዱስ ቴዎድሮስ በግእዝ | GZ-GDL-030:ገድለ ቅዱስ ቴዎድሮስ በግእዝ | GZ-GDL-031:ገድለ ሰማዕት ቅዱስ ቴዎድሮስ በግእዝ | AM-GDL-030:ገድለ ሰማዕት ቅዱስ ቴዎድሮስ በአማርኛ,"1-12, 1-12, 1-12, 1-12, 1-20, 1-20, 1-20, 1-20, 2-12, 2-12"
12-21,351,ተዝካረ ፍልሠታ ለማርያም ድንግል (፮ኛ ቀን),ተዝካረ ፍልሠታ ለማርያም ድንግል,annual,WRONG_DATE,,AM-MEL-019:መልክዐ አቡነ ሐራ ድንግል በአማርኛ | GZ-MEL-021:መልክዐ ሐራ ድንግል በግእዝ,"1-11, 1-11, 2-11, 2-11, 3-11, 3-11, 4-11, 4-11, 5-11, 5-11"
12-21,351,ቅድስት ኄራኒ ሐዋርያዊት (ሰማዕት),ኄራኒ ሐዋርያዊት,annual,NO_BOOK,,,
12-21,351,ቡርክት ንግሥተ ሳባ (ልደቷ),ቡርክት ንግሥተ ሳባ,annual,NO_BOOK,,,
12-21,351,ቅድስት ዕሌኒ ንግሥት (ልደቷ),ዕሌኒ ንግሥት,annual,NO_BOOK,,,
12-21,351,ቅድስት ድንግል እግዝእትነ ማርያም ወላዲተ አምላክ,ድንግል እግዝእትነ ማርያም ወላዲተ አምላክ,monthly,WRONG_DATE,,AM-MEL-019:መልክዐ አቡነ ሐራ ድንግል በአማርኛ | AM-WUD-003:ውዳሴ አምላክ በአማርኛ | GZ-MEL-021:መልክዐ ሐራ ድንግል በግእዝ | GZ-MEL-088:መልክዐ አቡነ ቡሩከ አምላክ ዘደብረ ኮል በግእዝ | GZ-MEL-089:መልክዐ አቡነ ብፁዓ አምላክ ዘደብረ ምዕዋን ወዘደብረ ኰዳዱ በግእዝ | TI-WUD-002:ውዳሴ አምላክ ብትግርኛ,"None-None, None-None, 1-11, 1-11, 2-11, 2-11, 3-11, 3-11, 4-1, 4-11"
12-21,351,አበው ጎርጎርዮሳት,አበው ጎርጎርዮሳት,monthly,WRONG_DATE,,AM-ZNA-002:ዜና አበው በአማርኛ,"3-4, 5-26"
12-21,351,አቡነ ምዕመነ ድንግል,ምዕመነ ድንግል,monthly,WRONG_DATE,,AM-MEL-019:መልክዐ አቡነ ሐራ ድንግል በአማርኛ | GZ-MEL-021:መልክዐ ሐራ ድንግል በግእዝ,"1-11, 1-11, 2-11, 2-11, 3-11, 3-11, 4-11, 4-11, 5-11, 5-11"
12-21,351,አቡነ አምደ ሥላሴ,አምደ ሥላሴ,monthly,WRONG_DATE,,AM-MEL-010:መልክዐ ሥላሴ በአማርኛ | AM-SEY-002:ሰይፈ ሥላሴ በአማርኛ | GZ-HIB-001:ኅብረ ሥላሴ በግእዝ | GZ-MEL-035:መልክዐ ሥላሴ በግእዝ | GZ-MEL-077:መልክዐ አቡነ መዝገበ ሥላሴ በግእዝ | GZ-SEY-002:ሰይፈ ሥላሴ በግእዝ | AM-ZNA-001:ዜና ሥላሴ በአማርኛ | GZ-ZNA-004:ዜና ሥላሴ በግእዝ | GZ-TAM-003:ተአምራቲሆሙ ለሥላሴ,"None-None, None-None, None-None, None-None, None-None, None-None, None-None, 1-7, 2-7, 2-9"
12-21,351,አባ አሮን ሶርያዊ,አሮን ሶርያዊ,monthly,WRONG_DATE,,GZ-MEL-128:መልክዐ አᎄነ አሮን መንክራዌ በግእዝ | GZ-GDL-024:ገድለ አቡነ አሮን መንክራዊ ግእዝ | AM-GDL-028:ገድለ አቡነ አሮን መንክራዊ በአማርኛ,"1-5, 1-5, 1-5, 2-5, 2-5, 2-5, 3-5, 3-5, 3-5, 4-5"
12-21,351,አባ መርትያኖስ ጻድቅ,መርትያኖስ,monthly,NO_BOOK,,,
12-22,352,ቅዱስ ሚክያስ ነቢይ,ሚክያስ,annual,NO_BOOK,,,
12-22,352,ቅዱስ ዑራኤል ሊቀ መላእክት,ዑራኤል ሊቀ መላእክት,monthly,CORRECT,GZ-MEL-011:መልክዐ ሊቀ መላእክት ቅዱስ ዑራኤል በግእዝ | GZ-MEL-012:መልክዐ ሊቀ መላእክት ቅዱስ ዑራኤል ካልእ በግእዝ | GZ-DRS-001:ድርሳነ ዑራኤል በግእዝ | AM-DRS-006:ድርሳነ ዑራኤል በአማርኛ,AM-DIR-001:የሰባቱ ሊቃነ መላእክት ድርሳን በአማርኛ | AM-MEL-038:የቅዱሳን አእላፍ መላእክት 2ኛ መልክዕ በአማርኛ | GZ-MEL-004:መልክዐ ሊቀ መላእክት ቅዱስ ሚካኤል ሣልስ በግእዝ | GZ-MEL-005:መልክዐ ሊቀ መላእክት ቅዱስ ሚካኤል ካልዕ በግእዝ | GZ-MEL-006:መልክዐ ሊቀ መላእክት ቅዱስ ሩፋኤል በግእዝ | GZ-MEL-007:መልክዐ ሊቀ መላእክት ቅዱስ ራጉኤል በግእዝ | GZ-MEL-008:መልክዐ ሊቀ መላእክት ቅዱስ ሱርያል በግእዝ | GZ-MEL-009:መልክዐ ሊቀ መላእክት ቅዱስ በግእዝ | GZ-MEL-010:መልክዐ ሊቀ መላእክት ቅዱስ አፍኒን በግእዝ | GZ-MEL-011:መልክዐ ሊቀ መላእክት ቅዱስ ዑራኤል በግእዝ | GZ-MEL-012:መልክዐ ሊቀ መላእክት ቅዱስ ዑራኤል ካልእ በግእዝ | GZ-MEL-013:መልክዐ ሊቀ መላእክት ቅዱስ ገብርኤል በግእዝ | GZ-MEL-014:መልክዐ ሊቀ መላእክት ቅዱስ ገብርኤል ካልዕ (ደቅስዮስ) በግእዝ | GZ-MEL-015:መልክዐ ሊቀ መላእክት ቅዱስ ፋኑኤል በግእዝ | GZ-MEL-125:መልክዐ አእላፍ መላእክት በግእዝ | GZ-MEL-126:መልክዐ አእላፍ መላእክት ካልእ በግእዝ | GZ-MEL-165:መልክዐ ሊቀ መላእክት ቅዱስ ሚካኤል ካልዕ በግእ | GZ-DRS-001:ድርሳነ ዑራኤል በግእዝ | AM-DRS-006:ድርሳነ ዑራኤል በአማርኛ,"1-1, 1-3, 1-9, 1-9, 1-9, 1-12, 1-12, 1-12, 1-12, 1-13"
12-22,352,ቅዱስ ሉቃስ ወንጌላዊ,ሉቃስ ወንጌላዊ,monthly,WRONG_DATE,,AM-MEL-016:መልክዐ ቅዱስ ዮሐንስ ወንጌላዊ በአማርኛ | GZ-MEL-062:መልክዐ ቅዱስ ዮሐንስ ወንጌላዊ በግእዝ,"1-4, 1-4, 1-29, 1-29, 2-4, 2-4, 3-4, 3-4, 4-4, 4-4"
12-22,352,ቅዱስ ደቅስዮስ (የእመቤታችን ወዳጅ),ደቅስዮስ,monthly,WRONG_DATE,,GZ-MEL-014:መልክዐ ሊቀ መላእክት ቅዱስ ገብርኤል ካልዕ (ደቅስዮስ) በግእዝ,"1-19, 2-19, 3-19, 4-19, 4-22, 5-19, 6-19, 7-19, 7-30, 8-19"
12-22,352,አባ እንጦንስ አበ መነኮሳት,እንጦንስ አበ መነኮሳት,monthly,NO_BOOK,,,
12-22,352,አባ ዻውሊ የዋህ,ዻውሊ የዋህ,monthly,NO_BOOK,,,
12-23,353,"""30,000"" የእስክንድርያ (ግብጽ) ሰማዕታት","""30,000"" የእስክንድርያ  ሰማዕታት",annual,CORRECT,AM-MEL-065:ጸሎተ መልክዐ ሥቃዩ ለቅዱስ ጊዮርጊስ ሊቀ ሰማዕታት በአማርኛ | AM-MEL-066:ጸሎተ መልክዕ ዘቅዱስ ጊዮርጊስ ሊቀ ሰማዕታት በአማርኛ | AM-MEL-067:ጸሎተ መልክዕ ዘቅዱስ ጊዮርጊስ ሊቀ ሰማዕታት ካልዕ በአማርኛ | AM-SIB-001:ስብሐተ ፍቁር ዘቅዱስ ጊዮርጊስ ሊቀ ሰማዕታት በአማርኛ,AM-MEL-065:ጸሎተ መልክዐ ሥቃዩ ለቅዱስ ጊዮርጊስ ሊቀ ሰማዕታት በአማርኛ | AM-MEL-066:ጸሎተ መልክዕ ዘቅዱስ ጊዮርጊስ ሊቀ ሰማዕታት በአማርኛ | AM-MEL-067:ጸሎተ መልክዕ ዘቅዱስ ጊዮርጊስ ሊቀ ሰማዕታት ካልዕ በአማርኛ | AM-SIB-001:ስብሐተ ፍቁር ዘቅዱስ ጊዮርጊስ ሊቀ ሰማዕታት በአማርኛ | GZ-MEL-016:መልክዐ ሊቀ ሰማዕታት ቅዱስ እስጢፋኖስ በግእዝ | GZ-MEL-017:መልክዐ ሊቀ ሰማዕታት ቅዱስ እስጢፋኖስ ካልእ በግእዝ | AM-GDL-010:ገድለ ሰማዕታት በአማርኛ,"1-15, 1-15, 1-17, 1-17, 1-23, 1-23, 1-23, 1-23, 2-17, 2-17"
12-23,353,ቅዱስ ድምያኖስ ሰማዕት,ድምያኖስ,annual,NO_BOOK,,,
12-23,353,ልበ አምላክ ቅዱስ ዳዊት,ልበ አምላክ ቅዱስ ዳዊት,monthly,CORRECT,AM-MEL-049:የቅዱስ ዳዊት መልክዕ በአማርኛ | GZ-MEL-064:መልክዐ ቅዱስ ዳዊት በግእዝ,AM-MEL-049:የቅዱስ ዳዊት መልክዕ በአማርኛ | AM-MZM-001:መዝሙረ ዳዊት በአማርኛ | AM-WUD-003:ውዳሴ አምላክ በአማርኛ | GZ-MEL-064:መልክዐ ቅዱስ ዳዊት በግእዝ | GZ-MEL-088:መልክዐ አቡነ ቡሩከ አምላክ ዘደብረ ኮል በግእዝ | GZ-MEL-089:መልክዐ አቡነ ብፁዓ አምላክ ዘደብረ ምዕዋን ወዘደብረ ኰዳዱ በግእዝ | GZ-MZM-004:መዝሙረ ዳዊት በግእዝ | TI-MZM-001:መዝሙረ ዳዊት ብትግርኛ | TI-WUD-002:ውዳሴ አምላክ ብትግርኛ,"None-None, None-None, None-None, None-None, None-None, 1-23, 1-23, 2-23, 2-23, 3-23"
12-23,353,ቅዱስ ጊዮርጊስ ሊቀ ሰማዕታት,ጊዮርጊስ ሊቀ ሰማዕታት,monthly,CORRECT,AM-MEL-065:ጸሎተ መልክዐ ሥቃዩ ለቅዱስ ጊዮርጊስ ሊቀ ሰማዕታት በአማርኛ | AM-MEL-066:ጸሎተ መልክዕ ዘቅዱስ ጊዮርጊስ ሊቀ ሰማዕታት በአማርኛ | AM-MEL-067:ጸሎተ መልክዕ ዘቅዱስ ጊዮርጊስ ሊቀ ሰማዕታት ካልዕ በአማርኛ | AM-SIB-001:ስብሐተ ፍቁር ዘቅዱስ ጊዮርጊስ ሊቀ ሰማዕታት በአማርኛ,AM-MEL-065:ጸሎተ መልክዐ ሥቃዩ ለቅዱስ ጊዮርጊስ ሊቀ ሰማዕታት በአማርኛ | AM-MEL-066:ጸሎተ መልክዕ ዘቅዱስ ጊዮርጊስ ሊቀ ሰማዕታት በአማርኛ | AM-MEL-067:ጸሎተ መልክዕ ዘቅዱስ ጊዮርጊስ ሊቀ ሰማዕታት ካልዕ በአማርኛ | AM-SIB-001:ስብሐተ ፍቁር ዘቅዱስ ጊዮርጊስ ሊቀ ሰማዕታት በአማርኛ,"1-23, 1-23, 1-23, 1-23, 2-23, 2-23, 2-23, 2-23, 3-7, 3-7"
12-23,353,ነቢየ ጽድቅ ቅዱስ ሰሎሞን (ንጉሠ እሥራኤል),ነቢየ ጽድቅ ቅዱስ ሰሎሞን,monthly,WRONG_DATE,,GZ-TBB-001:ጥበበ ሰሎሞን በግእዝ,
12-23,353,አባ ጢሞቴዎስ ገዳማዊ,ጢሞቴዎስ ገዳማዊ,monthly,NO_BOOK,,,
12-23,353,ቅዱስ ዳንኤል ነቢይ,ዳንኤል,monthly,WRONG_DATE,,GZ-MEL-114:መልክዐ አቡነ ዳንኤል በግእዝ | GZ-GDL-028:ገድለ አቡነ ዳንኤል በግእዝ,"3-6, 3-6"
12-23,353,አባ ሳሙኤል,ሳሙኤል,monthly,WRONG_DATE,,AM-MEL-054:የአቡነ ሳሙኤል ዘዋልድባ መልክዕ በአማርኛ | AM-MEL-055:የአቡነ ሳሙኤል ዘዋልድባ ኹለተኛ መልክዕ በአማርኛ | GZ-MEL-084:መልክዐ አቡነ ሳሙኤል በግእዝ ሣልስ በግእዝ | GZ-MEL-085:መልክዐ አቡነ ሳሙኤል ዘዋልድባ በግእዝ | GZ-MEL-086:መልክዐ አቡነ ሳሙኤል ዘዋልድባ ካልዕ በግእዝ,"1-12, 1-12, 1-12, 1-12, 1-12, 2-12, 2-12, 2-12, 2-12, 2-12"
12-23,353,አባ ስምዖን,ስምዖን,monthly,NO_BOOK,,,
12-23,353,አባ ገብርኤል,ገብርኤል,monthly,WRONG_DATE,,AM-MEL-050:የቅዱስ ገብርኤል መልክዕ በአማርኛ | GZ-MEL-013:መልክዐ ሊቀ መላእክት ቅዱስ ገብርኤል በግእዝ | GZ-MEL-014:መልክዐ ሊቀ መላእክት ቅዱስ ገብርኤል ካልዕ (ደቅስዮስ) በግእዝ | AM-DRS-003:ድርሳነ ገብርኤል በአማርኛ | GZ-DRS-010:ድርሳነ ገብርኤል በግእዝ,"1-19, 1-19, 1-19, 1-19, 1-19, 2-19, 2-19, 2-19, 2-19, 2-19"
12-24,354,ቅዱስ አቡነ ተክለ ሃይማኖት (መምሕረ ትሩፋት),ተክለ ሃይማኖት,annual,CORRECT,AM-MEL-057:የአቡነ ተክለ ሃይማኖት 2ኛ መልክዕ በአማርኛ | AM-MEL-058:የአቡነ ተክለ ሃይማኖት መልክዕ በአማርኛ | GZ-MEL-068:መልክዐ ተክለ ሃይማኖት በግእዝ | GZ-MEL-069:መልክዐ ተክለ ሃይማኖት ካልእ በግእዝ | GZ-MEL-092:መልክዐ አቡነ ተክለ ሃይማኖት በግእዝ | AM-GDL-004:ገድለ ተክለ ሃይማኖት በአማርኛ,AM-MEL-057:የአቡነ ተክለ ሃይማኖት 2ኛ መልክዕ በአማርኛ | AM-MEL-058:የአቡነ ተክለ ሃይማኖት መልክዕ በአማርኛ | GZ-MEL-068:መልክዐ ተክለ ሃይማኖት በግእዝ | GZ-MEL-069:መልክዐ ተክለ ሃይማኖት ካልእ በግእዝ | GZ-MEL-092:መልክዐ አቡነ ተክለ ሃይማኖት በግእዝ | AM-GDL-004:ገድለ ተክለ ሃይማኖት በአማርኛ,"1-24, 1-24, 1-24, 1-24, 1-24, 1-24, 2-24, 2-24, 2-24, 2-24"
12-24,354,ቅድስት ክርስቶስ ሠምራ (ጻድቅት),ክርስቶስ ሠምራ,annual,CORRECT,GZ-MEL-143:መልክዐ ክርስቶስ ሠምራ በግእዝ | AM-GDL-005:ገድለ ቅድስት ክርስቶስ ሠምራ በአማርኛ | GZ-GDL-019:ገድለ ቅድስት ክርስቶስ ሠምራ በግእዝ,GZ-MEL-143:መልክዐ ክርስቶስ ሠምራ በግእዝ | AM-GDL-005:ገድለ ቅድስት ክርስቶስ ሠምራ በአማርኛ | GZ-GDL-019:ገድለ ቅድስት ክርስቶስ ሠምራ በግእዝ,"1-24, 1-24, 1-24, 2-24, 2-24, 2-24, 3-24, 3-24, 3-24, 4-24"
12-24,354,ቅዱስ ቶማስ ዘመርዐስ,ቶማስ ዘመርዐስ,annual,WRONG_DATE,,GZ-MEL-094:መልክዐ አቡነ ቶማስ ዘዘናቁዴ በግእዝ,3-3
12-24,354,አበው አብርሃም ይስሐቅና ያዕቆብ,አበው አብርሃም ይስሐቅና ያዕቆብ,annual,CORRECT,AM-MEL-022:መልክዐ አብርሃም ይሥሐቅ ያዕቆብ በአማርኛ | GZ-MEL-124:መልክዐ አብርሃም ይሥሐቅ ወያዕቆብ በግእዝ,AM-MEL-022:መልክዐ አብርሃም ይሥሐቅ ያዕቆብ በአማርኛ | GZ-MEL-124:መልክዐ አብርሃም ይሥሐቅ ወያዕቆብ በግእዝ | AM-ZNA-002:ዜና አበው በአማርኛ,"1-28, 1-28, 2-28, 2-28, 3-4, 3-28, 3-28, 4-28, 4-28, 5-26"
12-24,354,አቡነ ዘዮሐንስ ጻድቅ ዘክብራን,ዘዮሐንስ ጻድቅ ዘክብራን,monthly,NO_BOOK,,,
12-24,354,ቅዱስ አጋቢጦስ (ጻድቅ),አጋቢጦስ,monthly,NO_BOOK,,,
12-24,354,ቅዱስ አብላርዮስ ታላቁ,አብላርዮስ ታላቁ,monthly,NO_BOOK,,,
12-24,354,"""፳፬ቱ"" ካኅናተ ሰማይ (ሱራፌል)","""፳፬ቱ"" ካኅናተ ሰማይ",monthly,CORRECT,GZ-MEL-142:መልክዐ ካህናተ ሰማይ በግእዝ,AM-MEN-001:መንገደ ሰማይ በአማርኛ | AM-ETA-001:በሰማይ ወበምድር በአማርኛ | GZ-ETA-001:እትአመነኪ ማርያም በሰማይ ወበምድር በግእዝ | GZ-MEL-142:መልክዐ ካህናተ ሰማይ በግእዝ,"None-None, 1-21, 1-24, 2-21, 2-24, 3-21, 3-24, 4-21, 4-24, 5-21"
12-24,354,ቅዱስ አባ ሙሴ ጸሊም,ሙሴ ጸሊም,monthly,NO_BOOK,,,
12-25,355,ቅዱስ እንድርያኖስ ሰማዕት,እንድርያኖስ,annual,NO_BOOK,,,
12-25,355,"""፳፬ቱ"" ሰማዕታት (ማሕበሩ)","""፳፬ቱ"" ሰማዕታት",annual,WRONG_DATE,,AM-MEL-065:ጸሎተ መልክዐ ሥቃዩ ለቅዱስ ጊዮርጊስ ሊቀ ሰማዕታት በአማርኛ | AM-MEL-066:ጸሎተ መልክዕ ዘቅዱስ ጊዮርጊስ ሊቀ ሰማዕታት በአማርኛ | AM-MEL-067:ጸሎተ መልክዕ ዘቅዱስ ጊዮርጊስ ሊቀ ሰማዕታት ካልዕ በአማርኛ | AM-SIB-001:ስብሐተ ፍቁር ዘቅዱስ ጊዮርጊስ ሊቀ ሰማዕታት በአማርኛ | GZ-MEL-016:መልክዐ ሊቀ ሰማዕታት ቅዱስ እስጢፋኖስ በግእዝ | GZ-MEL-017:መልክዐ ሊቀ ሰማዕታት ቅዱስ እስጢፋኖስ ካልእ በግእዝ | AM-GDL-010:ገድለ ሰማዕታት በአማርኛ,"1-15, 1-15, 1-17, 1-17, 1-23, 1-23, 1-23, 1-23, 2-17, 2-17"
12-25,355,ቅድስት ኤልያና (ሚስቱ),ኤልያና,annual,NO_BOOK,,,
12-25,355,ታላቁ አባ ቢጻርዮን ገዳማዊ,ታላቁ አባ ቢጻርዮን ገዳማዊ,annual,NO_BOOK,,,
12-25,355,ቅዱስ ኤልያኖስና እህቱ አውዶክስያ (ሰማዕታት),ኤልያኖስና እህቱ አውዶክስያ,annual,NO_BOOK,,,
12-25,355,ቅዱስ መርቆሬዎስ ሰማዕት,መርቆሬዎስ,monthly,CORRECT,GZ-MEL-039:መልክዐ ሰማዕት ቅዱስ መርቆሬዎስ በግእዝ | GZ-GDL-002:ገድለ ሰማዕት ቅዱስ መርቆሬዎስ በግእዝ | AM-GDL-015:ገድለ ሰማዕት ቅዱስ መርቆሬዎስ በአማርኛ,GZ-MEL-039:መልክዐ ሰማዕት ቅዱስ መርቆሬዎስ በግእዝ | GZ-MEL-076:መልክዐ አቡነ መርቆሬዎስ ዘደብረ ድማኅ በግእዝ | GZ-GDL-002:ገድለ ሰማዕት ቅዱስ መርቆሬዎስ በግእዝ | AM-GDL-015:ገድለ ሰማዕት ቅዱስ መርቆሬዎስ በአማርኛ,"1-25, 1-25, 1-25, 2-25, 2-25, 2-25, 3-25, 3-25, 3-25, 4-16"
12-25,355,ቅድስት ቴክላ ሐዋርያዊት,ቴክላ ሐዋርያዊት,monthly,NO_BOOK,,,
12-25,355,ቅዱስ አበከረዙን ሰማዕት,አበከረዙን,monthly,NO_BOOK,,,
12-25,355,ቅዱስ ዱማድዮስ ሶርያዊ,ዱማድዮስ ሶርያዊ,monthly,NO_BOOK,,,
12-25,355,አቡነ አቢብ (አባ ቡላ),አቢብ,monthly,CORRECT,AM-MEL-003:መልክዐ ለአቡነ አቢብ ጻድቅ በአማርኛ | AM-MEL-059:የአቡነ አቢብ መልክዕ በአማርኛ | GZ-MEL-095:መልክዐ አቡነ አቢብ በግእዝ | AM-GDL-024:ገድለ ቅዱስ አቡነ አቢብ በአማርኛ,AM-MEL-003:መልክዐ ለአቡነ አቢብ ጻድቅ በአማርኛ | AM-MEL-059:የአቡነ አቢብ መልክዕ በአማርኛ | GZ-MEL-095:መልክዐ አቡነ አቢብ በግእዝ | AM-GDL-024:ገድለ ቅዱስ አቡነ አቢብ በአማርኛ,"1-25, 1-25, 1-25, 1-25, 2-25, 2-25, 2-25, 2-25, 3-25, 3-25"
12-25,355,ቅዱስ አባ አቡፋና ጻድቅ,አቡፋና,monthly,NO_BOOK,,,
12-26,356,ብጽዕት ሣራ (የአብርሃም ሚስት),ብጽዕት ሣራ,annual,NO_BOOK,,,
12-26,356,ቅዱሳን አባ ሞይስስና እህቱ ሣራ (ሰማዕታት),ሞይስስና እህቱ ሣራ,annual,NO_BOOK,,,
12-26,356,ቅዱሳን አጋቦስና ቴክላ (ሰማዕታት),አጋቦስና ቴክላ,annual,NO_BOOK,,,
12-26,356,ቅዱስ ቶማስ ሐዋርያ,ቶማስ,monthly,WRONG_DATE,,GZ-MEL-094:መልክዐ አቡነ ቶማስ ዘዘናቁዴ በግእዝ,3-3
12-26,356,አቡነ ሐብተ ማርያም ጻድቅ,ሐብተ ማርያም,monthly,WRONG_DATE,,AM-LAH-001:ላሐ ማርያም በአማርኛ | AM-MEL-008:መልክዐ ማርያም ሣልሲት በአማርኛ | AM-MEL-009:መልክዐ ማርያም በአማርኛ | AM-MEL-017:መልክዐ ቅድስት ጸበለ ማርያም በአማርኛ | AM-MEL-064:የጽዮን ማርያም 3ኛ መልክዕ በአማርኛ | AM-RAY-001:ራዕየ ማርያም በአማርኛ | AM-WUD-002:ውዳሴ ማርያም በአማርኛ | GZ-ETA-001:እትአመነኪ ማርያም በሰማይ ወበምድር በግእዝ | GZ-LAH-001:ላሐ ማርያም በግእዝ | GZ-MEL-002:መልከዐ ማርያም ዳግሚት በግእዝ | GZ-MEL-031:መልክዐ ማርያም ሣልሲት በግእዝ | GZ-MEL-032:መልክዐ ማርያም በግእዝ | GZ-MEL-070:መልክዐ ተክለ ማርያም ዘይሰመይ መብዓ ጽዮን በግእዝ | GZ-MEL-099:መልክዐ አቡነ አብሳዲ ዘደብረ ማርያም በግእዝ | GZ-MEL-159:መልክዐ ጸበለ ማርያም ቅድስት በግእዝ | GZ-MEL-161:መልክዐ ጽዮን ማርያም ሣልስ በግእዝ | GZ-WUD-002:ውዳሴ ማርያም በግእዝ | TI-RAY-001:ራእየ ማርያም ብትግርኛ | TI-WUD-001:ውዳሴ ማርያም ብትግርኛ | AM-GDL-002:ገድለ ማርያም እንተ ዕፍረት በአማርኛ | GZ-TAM-001:ተአምረ ማርያም በግእዝ | AM-GDL-003:ገድለ ማርያም መግደላዊት በአማርኛ | GZ-MTS-001:መጽሐፈ ልደታ ለማርያም በግእዝ | AM-TAM-002:ተአምረ ማርያም በአማርኛ,"None-None, None-None, None-None, 1-1, 1-21, 1-21, 1-21, 1-21, 1-21, 1-21"
12-26,356,አቡነ ኢየሱስ ሞዐ ዘሐይቅ,ኢየሱስ ሞዐ ዘሐይቅ,monthly,CORRECT,GZ-MEL-130:መልክዐ ኢየሱስ ሞዐ በግእዝ | AM-GDL-026:ገድለ አቡነ ኢየሱስ ሞዐ በአማርኛ,AM-MEL-002:መልክአ ኢየሱስ በአማርኛ | GZ-MEL-130:መልክዐ ኢየሱስ ሞዐ በግእዝ | GZ-MEL-131:መልክዐ ኢየሱስ በግእዝ | GZ-MEL-132:መልክዐ ኢየሱስ ካልዕ በግእዝ | AM-TAM-001:ተአምረ ኢየሱስ በአማርኛ | TI-TAM-001:ተአምረ ኢየሱስ ብትግርኛ | GZ-TAM-002:ተአምረ ኢየሱስ በግእዝ | AM-GDL-026:ገድለ አቡነ ኢየሱስ ሞዐ በአማርኛ,"1-26, 1-26, 1-29, 1-29, 1-29, 1-29, 1-29, 1-29, 2-26, 2-26"
12-26,356,ቅዱሳን ሰማዕታተ ናግራን,ሰማዕታተ ናግራን,monthly,NO_BOOK,,,
12-26,356,ቅዱስ አቡነ ሰላማ ከሣቴ ብርሃን,ሰላማ ከሣቴ ብርሃን,monthly,WRONG_DATE,,AM-KOH-001:ኆኅተ ብርሃን በአማርኛ | AM-MEL-056:የአቡነ ተከስተ ብርሃን መልክዕ በአማርኛ | GZ-KOH-001:ኆኅተ ብርሃን በግእዝ | GZ-MEL-038:መልክዐ ሰላማ በግእዝ | GZ-MEL-091:መልክዐ አቡነ ተከስተ ብርሃን በግእዝ,"None-None, None-None, 4-18, 7-10, 7-10, 11-26"
12-27,357,"""፲፪ቱ"" ደቂቀ ያዕቆብ (እሥራኤል)","""፲፪ቱ"" ደቂቀ ያዕቆብ",annual,WRONG_DATE,,AM-MEL-022:መልክዐ አብርሃም ይሥሐቅ ያዕቆብ በአማርኛ | GZ-MEL-124:መልክዐ አብርሃም ይሥሐቅ ወያዕቆብ በግእዝ,"1-28, 1-28, 2-28, 2-28, 3-28, 3-28, 4-28, 4-28, 5-28, 5-28"
12-27,357,ቅዱስ ሳሙኤል ነቢይ (የተጠራበት),ሳሙኤል ነቢይ,annual,WRONG_DATE,,AM-MEL-054:የአቡነ ሳሙኤል ዘዋልድባ መልክዕ በአማርኛ | AM-MEL-055:የአቡነ ሳሙኤል ዘዋልድባ ኹለተኛ መልክዕ በአማርኛ | GZ-MEL-059:መልክዐ ቅዱስ ኤልያስ ነቢይ ሣልስ በግእዝ | GZ-MEL-084:መልክዐ አቡነ ሳሙኤል በግእዝ ሣልስ በግእዝ | GZ-MEL-085:መልክዐ አቡነ ሳሙኤል ዘዋልድባ በግእዝ | GZ-MEL-086:መልክዐ አቡነ ሳሙኤል ዘዋልድባ ካልዕ በግእዝ | AM-DRS-005:ድርሳነ ኤልያስ ነቢይ በአማርኛ,"1-6, 1-6, 1-12, 1-12, 1-12, 1-12, 1-12, 2-6, 2-6, 2-12"
12-27,357,ቅዱስ ሱርያል ሊቀ መላእክት,ሱርያል ሊቀ መላእክት,annual,CORRECT,GZ-MEL-008:መልክዐ ሊቀ መላእክት ቅዱስ ሱርያል በግእዝ,AM-DIR-001:የሰባቱ ሊቃነ መላእክት ድርሳን በአማርኛ | AM-MEL-038:የቅዱሳን አእላፍ መላእክት 2ኛ መልክዕ በአማርኛ | GZ-MEL-004:መልክዐ ሊቀ መላእክት ቅዱስ ሚካኤል ሣልስ በግእዝ | GZ-MEL-005:መልክዐ ሊቀ መላእክት ቅዱስ ሚካኤል ካልዕ በግእዝ | GZ-MEL-006:መልክዐ ሊቀ መላእክት ቅዱስ ሩፋኤል በግእዝ | GZ-MEL-007:መልክዐ ሊቀ መላእክት ቅዱስ ራጉኤል በግእዝ | GZ-MEL-008:መልክዐ ሊቀ መላእክት ቅዱስ ሱርያል በግእዝ | GZ-MEL-009:መልክዐ ሊቀ መላእክት ቅዱስ በግእዝ | GZ-MEL-010:መልክዐ ሊቀ መላእክት ቅዱስ አፍኒን በግእዝ | GZ-MEL-011:መልክዐ ሊቀ መላእክት ቅዱስ ዑራኤል በግእዝ | GZ-MEL-012:መልክዐ ሊቀ መላእክት ቅዱስ ዑራኤል ካልእ በግእዝ | GZ-MEL-013:መልክዐ ሊቀ መላእክት ቅዱስ ገብርኤል በግእዝ | GZ-MEL-014:መልክዐ ሊቀ መላእክት ቅዱስ ገብርኤል ካልዕ (ደቅስዮስ) በግእዝ | GZ-MEL-015:መልክዐ ሊቀ መላእክት ቅዱስ ፋኑኤል በግእዝ | GZ-MEL-125:መልክዐ አእላፍ መላእክት በግእዝ | GZ-MEL-126:መልክዐ አእላፍ መላእክት ካልእ በግእዝ | GZ-MEL-165:መልክዐ ሊቀ መላእክት ቅዱስ ሚካኤል ካልዕ በግእ,"1-1, 1-3, 1-9, 1-9, 1-9, 1-12, 1-12, 1-12, 1-12, 1-13"
12-27,357,ቅዱስ ብንያሚንና እህቱ አውዶከስያ (ሰማዕታት),ብንያሚንና እህቱ አውዶከስያ,annual,NO_BOOK,,,
12-27,357,ቅዱስ ፊቅጦርና እናቱ ሣራ,ፊቅጦርና እናቱ ሣራ,annual,NO_BOOK,,,
12-27,357,አባ ባስልዮስ ፓትርያርክ ዘኢትዮዽያ (የተሾሙበት),ባስልዮስ ፓትርያርክ ዘኢትዮዽያ,annual,NO_BOOK,,,
12-27,357,መድኃኔ ዓለም,መድኃኔ ዓለም,monthly,CORRECT,GZ-MEL-028:መልክዐ መድኃኔ ዓለም በግእዝ | GZ-DRS-005:ድርሳነ መድኃኔ ዓለም በግእዝ | AM-DRS-004:ድርሳነ መድኃኔ ዓለም በአማርኛ,GZ-MEL-028:መልክዐ መድኃኔ ዓለም በግእዝ | GZ-DRS-005:ድርሳነ መድኃኔ ዓለም በግእዝ | AM-DRS-004:ድርሳነ መድኃኔ ዓለም በአማርኛ,"1-27, 1-27, 1-27, 2-27, 2-27, 2-27, 3-27, 3-27, 3-27, 4-27"
12-27,357,አቡነ መብአፂዮን,መብአፂዮን,monthly,NO_BOOK,,,
12-28,358,ቅዱስ አብርሃም (የአባቶች አለቃ),አብርሃም,annual,CORRECT,AM-MEL-022:መልክዐ አብርሃም ይሥሐቅ ያዕቆብ በአማርኛ | AM-MEL-063:የአባታችን አብርሃም መልክዕ በአማርኛ | GZ-MEL-098:መልክዐ አቡነ አብርሃም በግእዝ | GZ-MEL-124:መልክዐ አብርሃም ይሥሐቅ ወያዕቆብ በግእዝ,AM-MEL-022:መልክዐ አብርሃም ይሥሐቅ ያዕቆብ በአማርኛ | AM-MEL-063:የአባታችን አብርሃም መልክዕ በአማርኛ | GZ-MEL-098:መልክዐ አቡነ አብርሃም በግእዝ | GZ-MEL-124:መልክዐ አብርሃም ይሥሐቅ ወያዕቆብ በግእዝ | GZ-GDL-013:ገድለ ዘርዐ አብርሃም በግእዝ,"1-28, 1-28, 2-28, 2-28, 3-28, 3-28, 4-24, 4-28, 4-28, 5-28"
12-28,358,ቅዱስ ይስሐቅ (የአባቶች አለቃ),ይስሐቅ,annual,NO_BOOK,,,
12-28,358,ቅዱስ ያዕቆብ (የአባቶች አለቃ),ያዕቆብ,annual,CORRECT,AM-MEL-022:መልክዐ አብርሃም ይሥሐቅ ያዕቆብ በአማርኛ | GZ-MEL-124:መልክዐ አብርሃም ይሥሐቅ ወያዕቆብ በግእዝ,AM-MEL-022:መልክዐ አብርሃም ይሥሐቅ ያዕቆብ በአማርኛ | GZ-MEL-124:መልክዐ አብርሃም ይሥሐቅ ወያዕቆብ በግእዝ,"1-28, 1-28, 2-28, 2-28, 3-28, 3-28, 4-28, 4-28, 5-28, 5-28"
12-29,359,ቅዱስ አባ ዮሐንስ ሐጺር (ፍልሠቱ),ዮሐንስ ሐጺር,annual,WRONG_DATE,,AM-MEL-016:መልክዐ ቅዱስ ዮሐንስ ወንጌላዊ በአማርኛ | AM-MEL-020:መልክዐ አቡነ ዕጨጌ ዮሐንስ በአማርኛ | AM-MEL-021:መልክዐ አቡነ ዮሐንስ ጻድቅ በአማርኛ | AM-MEL-047:የቅዱስ ዮሐንስ 2ኛ መልክዕ በአማርኛ | AM-MEL-048:የቅዱስ ዮሐንስ መጥምቅ መልክዕ በአማርኛ | GZ-MEL-060:መልክዐ ቅዱስ ዮሐንስ መጥምቅ በግእዝ | GZ-MEL-061:መልክዐ ቅዱስ ዮሐንስ ካልእ በግእዝ | GZ-MEL-062:መልክዐ ቅዱስ ዮሐንስ ወንጌላዊ በግእዝ | GZ-MEL-104:መልክዐ አቡነ ዕጨጌ ዮሐንስ በግእዝ | GZ-MEL-109:መልክዐ አቡነ ዮሐንስ ከማ በግእዝ | GZ-MEL-110:መልክዐ አቡነ ዮሐንስ ዘድብረ ዳጋ በግእዝ | GZ-MEL-149:መልክዐ ዮሐንስ ወልደ ነጎድጓድ በግእዝ | GZ-MEL-150:መልክዐ ዮሐንስ ፍቁረ እግዚእ በግእዝ | AM-GDL-013:የቅዱስ ዮሐንስ ገድል በአማርኛ | GZ-GDL-018:ገድለ አቡነ ዮሐንስ በግእዝ | AM-GDL-027:ገድለ አቡነ እጨጌ ዮሐንስ ዘጸገሮ በአማርኛ,"1-1, 1-1, 1-2, 1-2, 1-4, 1-4, 1-4, 1-4, 1-4, 1-4"
12-29,359,ቅዱስ አትናቴዎስ ሰማዕት,አትናቴዎስ,annual,NO_BOOK,,,
12-29,359,ቅዱሳን ገርሲሞስና ቴዎዶጦስ (ሰማዕታት),ገርሲሞስና ቴዎዶጦስ,annual,NO_BOOK,,,
12-29,359,አባ ባስልዮስ ጻድቅ (ዘትግራይ),ባስልዮስ ጻድቅ,annual,WRONG_DATE,,AM-MEL-003:መልክዐ ለአቡነ አቢብ ጻድቅ በአማርኛ | AM-MEL-021:መልክዐ አቡነ ዮሐንስ ጻድቅ በአማርኛ | AM-MEL-060:የአቡነ አባለ ክርስቶስ ጻድቅ መልክዕ በአማርኛ,"1-16, 1-25, 2-16, 2-25, 3-16, 3-25, 4-16, 4-19, 4-25, 5-16"
12-29,359,የፈጣሪያችንና ጌታችን ኢየሱስ ክርስቶስ በዓለ ልደት,የፈጣሪያችንና ጌታችን ኢየሱስ ክርስቶስ በዓለ ልደት,monthly,NO_BOOK,,,
12-29,359,ቅድስት አርሴማ ድንግል,አርሴማ ድንግል,monthly,WRONG_DATE,,AM-MEL-019:መልክዐ አቡነ ሐራ ድንግል በአማርኛ | GZ-MEL-021:መልክዐ ሐራ ድንግል በግእዝ | GZ-MEL-042:መልክዐ ሰማዕት ቅድስት አርሴማ በግእዝ | AM-GDL-008:ገድለ ሰማዕት ቅድስት አርሴማ በአማርኛ | GZ-GDL-033:ገድለ ሰማዕት ቅድስት አርሴማ በግእዝ,"1-6, 1-6, 1-6, 1-11, 1-11, 1-29, 1-29, 1-29, 2-6, 2-6"
12-29,359,ቅዱስ ዼጥሮስ ተፍጻሜተ ሰማዕት,ዼጥሮስ ተፍጻሜተ,monthly,NO_BOOK,,,
12-29,359,ቅዱስ ማርቆስ ዘቶርማቅ,ማርቆስ ዘቶርማቅ,monthly,WRONG_DATE,,AM-MEL-042:የቅዱስ ማርቆስ 2ኛ መልክዕ በአማርኛ | AM-MEL-062:የአቡነ ዜና ማርቆስ መልክዕ በአማርኛ | GZ-MEL-030:መልክዐ ማርቆስ በግእዝ | GZ-MEL-053:መልክዐ ቅዱስ ማርቆስ ካልእ በግእዝ | GZ-MEL-106:መልክዐ አቡነ ዜና ማርቆስ በግእዝ,"1-3, 1-3, 1-30, 1-30, 1-30, 2-3, 2-3, 2-30, 2-30, 2-30"
12-29,359,ቅድስት ፍቅርተ ክርስቶስ ኢትዮዽያዊት,ፍቅርተ ክርስቶስ ኢትዮዽያዊት,monthly,CORRECT,AM-MEL-018:መልክዐ ቅድስት ፍቅርተ ክርስቶስ በአማርኛ | GZ-MEL-066:መልክዐ ቅድስት ፍቅርተ ክርስቶስ በግእዝ,AM-MEL-018:መልክዐ ቅድስት ፍቅርተ ክርስቶስ በአማርኛ | GZ-MEL-066:መልክዐ ቅድስት ፍቅርተ ክርስቶስ በግእዝ,"1-29, 1-29, 2-29, 2-29, 3-29, 3-29, 4-29, 4-29, 5-29, 5-29"
12-29,359,ቅዱስ ዘርዐ ክርስቶስ (ጻድቅና ሰማዕት),ዘርዐ ክርስቶስ,monthly,CORRECT,AM-MEL-018:መልክዐ ቅድስት ፍቅርተ ክርስቶስ በአማርኛ | GZ-MEL-066:መልክዐ ቅድስት ፍቅርተ ክርስቶስ በግእዝ | GZ-MZM-001:መዝሙረ ክርስቶስ በግእዝ | GZ-MZM-002:መዝሙረ ክርስቶስ ካልዕ በግእዝ | GZ-MZM-003:መዝሙረ ክርስቶስ ዘመኃልየ መኃልይ። በግእዝ,AM-MEL-018:መልክዐ ቅድስት ፍቅርተ ክርስቶስ በአማርኛ | AM-MEL-060:የአቡነ አባለ ክርስቶስ ጻድቅ መልክዕ በአማርኛ | AM-MEL-061:የአቡነ ዘርዐ ቡሩክ መልክዕ በአማርኛ | AM-MIK-001:ምክሓ ምእመናን ክርስቶስ በአማርኛ | GZ-MEL-066:መልክዐ ቅድስት ፍቅርተ ክርስቶስ በግእዝ | GZ-MEL-082:መልክዐ አቡነ ሠምረ ክርስቶስ በግእዝ | GZ-MEL-096:መልክዐ አቡነ አባለ ክርስቶስ በግእዝ | GZ-MEL-105:መልክዐ አቡነ ዘርዐ ቡሩክ በግእዝ | GZ-MEL-136:መልክዐ እስትንፋሰ ክርስቶስ በግእዝ | GZ-MEL-143:መልክዐ ክርስቶስ ሠምራ በግእዝ | GZ-MEL-148:መልክዐ ይምርሃነ ክርስቶስ በግእዝ | GZ-MEL-153:መልክዐ ገብረ ክርስቶስ በግእዝ | GZ-MZM-001:መዝሙረ ክርስቶስ በግእዝ | GZ-MZM-002:መዝሙረ ክርስቶስ ካልዕ በግእዝ | GZ-MZM-003:መዝሙረ ክርስቶስ ዘመኃልየ መኃልይ። በግእዝ | GZ-GDL-004:ገድለ አቡነ ዘርዐ ቡሩከ በግእዝ | GZ-GDL-006:ገድለ አቡነ እስትንፋስ ክርስቶስ በግእዝ | AM-GDL-005:ገድለ ቅድስት ክርስቶስ ሠምራ በአማርኛ | AM-GDL-012:ገድለ አቡነ ዘርዐ ቡሩከ በአማርኛ | AM-GDL-014:የአቡነ እስትንፋሰ ክርስቶስ ገድል በአማርኛ | GZ-GDL-013:ገድለ ዘርዐ አብርሃም በግእዝ | GZ-GDL-019:ገድለ ቅድስት ክርስቶስ ሠምራ በግእዝ | GZ-GDL-023:ገድለ አቡነ መዝራዕተ ክርስቶስ በግእዝ | TI-GDL-002:ገድሊ አቡነ እስትንፋስ ክርስቶስ ትግርኛ,"1-9, 1-9, 1-9, 1-9, 1-13, 1-13, 1-13, 1-13, 1-24, 1-24"
12-29,359,ቅዱስ ላሊበላ,ላሊበላ,monthly,WRONG_DATE,,GZ-MEL-019:መልክዐ ላሊበላ በግዕዝ,"1-12, 2-12, 3-12, 4-12, 4-29, 5-12, 6-12, 7-12, 7-29, 8-12"
12-30,360,ቅዱስ እንድርያስ ሐዋርያ,እንድርያስ,annual,CORRECT,AM-MEL-046:የቅዱስ እንድርያስ ሐዋርያ መልክዕ በአማርኛ | GZ-MEL-137:መልክዐ እንድርያስ ሐዋርያ በግእዝ,AM-MEL-046:የቅዱስ እንድርያስ ሐዋርያ መልክዕ በአማርኛ | GZ-MEL-102:መልክዐ አቡነ እንድርያስ ዘደብረ ስኂን (ፅፉን) በግእዝ | GZ-MEL-103:መልክዐ አቡነ እንድርያስ ዘደብረ ጽጌ በግእዝ | GZ-MEL-137:መልክዐ እንድርያስ ሐዋርያ በግእዝ,"1-4, 1-4, 2-4, 2-4, 3-4, 3-4, 4-4, 4-4, 5-4, 5-4"
12-30,360,ቅዱስ ሚልክያስ ነቢይ,ሚልክያስ,annual,NO_BOOK,,,
12-30,360,አባ ሙሴ ዘሃገረ ፈርማ,ሙሴ ዘሃገረ ፈርማ,annual,NO_BOOK,,,
12-30,360,ቅዱስ ማርቆስ ዘአንበሳ (ሐዋርያ),ማርቆስ ዘአንበሳ,monthly,CORRECT,AM-MEL-042:የቅዱስ ማርቆስ 2ኛ መልክዕ በአማርኛ | GZ-MEL-030:መልክዐ ማርቆስ በግእዝ | GZ-MEL-053:መልክዐ ቅዱስ ማርቆስ ካልእ በግእዝ,AM-MEL-042:የቅዱስ ማርቆስ 2ኛ መልክዕ በአማርኛ | AM-MEL-062:የአቡነ ዜና ማርቆስ መልክዕ በአማርኛ | GZ-MEL-030:መልክዐ ማርቆስ በግእዝ | GZ-MEL-053:መልክዐ ቅዱስ ማርቆስ ካልእ በግእዝ | GZ-MEL-106:መልክዐ አቡነ ዜና ማርቆስ በግእዝ,"1-3, 1-3, 1-30, 1-30, 1-30, 2-3, 2-3, 2-30, 2-30, 2-30"
12-30,360,አባ ሣሉሲ ክቡር,ሣሉሲ ክቡር,monthly,NO_BOOK,,,
12-30,360,ቅዱስ ጐርጐርዮስ ነባቤ መለኮት,ጐርጐርዮስ ነባቤ መለኮት,monthly,WRONG_DATE,,AM-SEY-001:ሰይፈ መለኮት በአማርኛ | GZ-SEY-001:ሰይፈ መለኮት በግእዝ,"None-None, None-None"
12-30,360,ቅድስት ሶፍያ ሰማዕት,ሶፍያ,monthly,NO_BOOK,,,
12-30,360,ቅዱስ ዮሐንስ መጥምቀ መለኮት,ዮሐንስ መጥምቀ መለኮት,monthly,CORRECT,AM-MEL-048:የቅዱስ ዮሐንስ መጥምቅ መልክዕ በአማርኛ | GZ-MEL-060:መልክዐ ቅዱስ ዮሐንስ መጥምቅ በግእዝ,AM-MEL-016:መልክዐ ቅዱስ ዮሐንስ ወንጌላዊ በአማርኛ | AM-MEL-020:መልክዐ አቡነ ዕጨጌ ዮሐንስ በአማርኛ | AM-MEL-021:መልክዐ አቡነ ዮሐንስ ጻድቅ በአማርኛ | AM-MEL-047:የቅዱስ ዮሐንስ 2ኛ መልክዕ በአማርኛ | AM-MEL-048:የቅዱስ ዮሐንስ መጥምቅ መልክዕ በአማርኛ | AM-SEY-001:ሰይፈ መለኮት በአማርኛ | GZ-MEL-060:መልክዐ ቅዱስ ዮሐንስ መጥምቅ በግእዝ | GZ-MEL-061:መልክዐ ቅዱስ ዮሐንስ ካልእ በግእዝ | GZ-MEL-062:መልክዐ ቅዱስ ዮሐንስ ወንጌላዊ በግእዝ | GZ-MEL-104:መልክዐ አቡነ ዕጨጌ ዮሐንስ በግእዝ | GZ-MEL-109:መልክዐ አቡነ ዮሐንስ ከማ በግእዝ | GZ-MEL-110:መልክዐ አቡነ ዮሐንስ ዘድብረ ዳጋ በግእዝ | GZ-MEL-149:መልክዐ ዮሐንስ ወልደ ነጎድጓድ በግእዝ | GZ-MEL-150:መልክዐ ዮሐንስ ፍቁረ እግዚእ በግእዝ | GZ-SEY-001:ሰይፈ መለኮት በግእዝ | AM-GDL-013:የቅዱስ ዮሐንስ ገድል በአማርኛ | GZ-GDL-018:ገድለ አቡነ ዮሐንስ በግእዝ | AM-GDL-027:ገድለ አቡነ እጨጌ ዮሐንስ ዘጸገሮ በአማርኛ,"None-None, None-None, 1-1, 1-1, 1-2, 1-2, 1-4, 1-4, 1-4, 1-4"
13-1,361,ቅዱስ ዮሐንስ መጥምቅ (የታሠረበት),ዮሐንስ መጥምቅ,annual,CORRECT,AM-MEL-048:የቅዱስ ዮሐንስ መጥምቅ መልክዕ በአማርኛ | GZ-MEL-060:መልክዐ ቅዱስ ዮሐንስ መጥምቅ በግእዝ,AM-MEL-048:የቅዱስ ዮሐንስ መጥምቅ መልክዕ በአማርኛ | GZ-MEL-060:መልክዐ ቅዱስ ዮሐንስ መጥምቅ በግእዝ,"1-1, 1-1, 1-2, 1-2, 1-26, 1-26, 1-30, 1-30, 2-2, 2-2"
13-1,361,ቅዱስ ዑቲኮስ ሐዋርያ (ከ፯፪ቱ አርድእት),ዑቲኮስ ሐዋርያ,annual,WRONG_DATE,,AM-MEL-033:የሐዋርያው የቅዱስ ታዴዎስ መልክዕ በአማርኛ | AM-MEL-046:የቅዱስ እንድርያስ ሐዋርያ መልክዕ በአማርኛ | GZ-MEL-023:መልክዐ ሐዋርያት በግእዝ | GZ-MEL-137:መልክዐ እንድርያስ ሐዋርያ በግእዝ | GZ-GDL-017:ገድለ አቡነ ተክለ ሐዋርያት በግእዝ | GZ-GDL-032:መጽሐፈ ገድለ ቅዱሳን ሐዋርያት በግእዝ | AM-ZNA-003:ዜና ሐዋርያት በአማርኛ,"1-2, 1-4, 1-4, 2-2, 2-4, 2-4, 3-2, 3-4, 3-4, 3-27"
13-1,361,ቅዱስ ብሶይ ቀሲስ (ሰማዕት),ብሶይ ቀሲስ,annual,NO_BOOK,,,
13-1,361,"አባ ዻኩሚስ / ባኹም (የ፫,000 ቅዱሳን አባት)",ዻኩሚስ / ባኹም,annual,NO_BOOK,,,
13-1,361,"አባ ሰራብዮን / ሰራፕዮን (የ፲,000 ቅዱሳን አባት)",ሰራብዮን / ሰራፕዮን,annual,NO_BOOK,,,
13-2,362,ቅዱስ ቲቶ ሐዋርያ (ከ፯፪ቱ አርድእት),ቲቶ ሐዋርያ,annual,WRONG_DATE,,AM-MEL-033:የሐዋርያው የቅዱስ ታዴዎስ መልክዕ በአማርኛ | AM-MEL-046:የቅዱስ እንድርያስ ሐዋርያ መልክዕ በአማርኛ | GZ-MEL-023:መልክዐ ሐዋርያት በግእዝ | GZ-MEL-137:መልክዐ እንድርያስ ሐዋርያ በግእዝ | GZ-GDL-017:ገድለ አቡነ ተክለ ሐዋርያት በግእዝ | GZ-GDL-032:መጽሐፈ ገድለ ቅዱሳን ሐዋርያት በግእዝ | AM-ZNA-003:ዜና ሐዋርያት በአማርኛ,"1-2, 1-4, 1-4, 2-2, 2-4, 2-4, 3-2, 3-4, 3-4, 3-27"
13-3,363,ርኅወተ ሰማይ (የሰማይ መከፈት),ርኅወተ ሰማይ,annual,WRONG_DATE,,AM-MEN-001:መንገደ ሰማይ በአማርኛ | AM-ETA-001:በሰማይ ወበምድር በአማርኛ | GZ-ETA-001:እትአመነኪ ማርያም በሰማይ ወበምድር በግእዝ | GZ-MEL-142:መልክዐ ካህናተ ሰማይ በግእዝ,"None-None, 1-21, 1-24, 2-21, 2-24, 3-21, 3-24, 4-21, 4-24, 5-21"
13-3,363,ቅዱስ ሩፋኤል ሊቀ መላእክት,ሩፋኤል ሊቀ መላእክት,annual,CORRECT,AM-MEL-043:የቅዱስ ሩፋኤል መልክዕ በአማርኛ | GZ-MEL-006:መልክዐ ሊቀ መላእክት ቅዱስ ሩፋኤል በግእዝ | GZ-DRS-009:ድርሳን ቅዱስ ሩፋኤል በግእዝ,AM-DIR-001:የሰባቱ ሊቃነ መላእክት ድርሳን በአማርኛ | AM-MEL-038:የቅዱሳን አእላፍ መላእክት 2ኛ መልክዕ በአማርኛ | AM-MEL-043:የቅዱስ ሩፋኤል መልክዕ በአማርኛ | GZ-MEL-004:መልክዐ ሊቀ መላእክት ቅዱስ ሚካኤል ሣልስ በግእዝ | GZ-MEL-005:መልክዐ ሊቀ መላእክት ቅዱስ ሚካኤል ካልዕ በግእዝ | GZ-MEL-006:መልክዐ ሊቀ መላእክት ቅዱስ ሩፋኤል በግእዝ | GZ-MEL-007:መልክዐ ሊቀ መላእክት ቅዱስ ራጉኤል በግእዝ | GZ-MEL-008:መልክዐ ሊቀ መላእክት ቅዱስ ሱርያል በግእዝ | GZ-MEL-009:መልክዐ ሊቀ መላእክት ቅዱስ በግእዝ | GZ-MEL-010:መልክዐ ሊቀ መላእክት ቅዱስ አፍኒን በግእዝ | GZ-MEL-011:መልክዐ ሊቀ መላእክት ቅዱስ ዑራኤል በግእዝ | GZ-MEL-012:መልክዐ ሊቀ መላእክት ቅዱስ ዑራኤል ካልእ በግእዝ | GZ-MEL-013:መልክዐ ሊቀ መላእክት ቅዱስ ገብርኤል በግእዝ | GZ-MEL-014:መልክዐ ሊቀ መላእክት ቅዱስ ገብርኤል ካልዕ (ደቅስዮስ) በግእዝ | GZ-MEL-015:መልክዐ ሊቀ መላእክት ቅዱስ ፋኑኤል በግእዝ | GZ-MEL-125:መልክዐ አእላፍ መላእክት በግእዝ | GZ-MEL-126:መልክዐ አእላፍ መላእክት ካልእ በግእዝ | GZ-MEL-165:መልክዐ ሊቀ መላእክት ቅዱስ ሚካኤል ካልዕ በግእ | GZ-DRS-009:ድርሳን ቅዱስ ሩፋኤል በግእዝ,"1-1, 1-3, 1-9, 1-9, 1-9, 1-12, 1-12, 1-12, 1-12, 1-13"
13-3,363,ቅዱስ መልከ ጼዴቅ ካህን,መልከ ጼዴቅ ካህን,annual,CORRECT,AM-MEL-068:የአቡነ መልከ ጼዴቅ መልክእ በአማርኛ | GZ-MEL-075:መልክዐ አቡነ መልከ ጼዴቅ በግእዝ,AM-MEL-068:የአቡነ መልከ ጼዴቅ መልክእ በአማርኛ | GZ-MEL-002:መልከዐ ማርያም ዳግሚት በግእዝ | GZ-MEL-003:መልከዐ አቡነ ሊቃኖስ በግእዝ | GZ-MEL-075:መልክዐ አቡነ መልከ ጼዴቅ በግእዝ,"1-9, 1-9, 1-21, 2-9, 2-9, 2-21, 3-9, 3-9, 3-21, 3-28"
13-3,363,አፄ ዘርዓያ ዕቆብ ንጉሥ (የእመቤታችን ወዳጅ),አፄ ዘርዓያ ዕቆብ ንጉሥ,annual,WRONG_DATE,,GZ-ZNA-002:ዜናሁ ለንጉሥ ገላውዴዎስ በግእዝ | GZ-ZNA-003:ዜና ሕይወቱ ለንጉሥ ላልይበላ በግእዝ,7-27
13-3,363,ቅዱስ ሰራዽዮን ዘሰንዱን,ሰራዽዮን ዘሰንዱን,annual,NO_BOOK,,,
13-3,363,ቅዱስ አኖሬዎስ,አኖሬዎስ,annual,NO_BOOK,,,
13-3,363,ቅዱስ ቴዎፍሎስ,ቴዎፍሎስ,annual,NO_BOOK,,,
13-3,363,አባ ዮሐንስ,ዮሐንስ,annual,WRONG_DATE,,AM-MEL-016:መልክዐ ቅዱስ ዮሐንስ ወንጌላዊ በአማርኛ | AM-MEL-020:መልክዐ አቡነ ዕጨጌ ዮሐንስ በአማርኛ | AM-MEL-021:መልክዐ አቡነ ዮሐንስ ጻድቅ በአማርኛ | AM-MEL-047:የቅዱስ ዮሐንስ 2ኛ መልክዕ በአማርኛ | AM-MEL-048:የቅዱስ ዮሐንስ መጥምቅ መልክዕ በአማርኛ | GZ-MEL-060:መልክዐ ቅዱስ ዮሐንስ መጥምቅ በግእዝ | GZ-MEL-061:መልክዐ ቅዱስ ዮሐንስ ካልእ በግእዝ | GZ-MEL-062:መልክዐ ቅዱስ ዮሐንስ ወንጌላዊ በግእዝ | GZ-MEL-104:መልክዐ አቡነ ዕጨጌ ዮሐንስ በግእዝ | GZ-MEL-109:መልክዐ አቡነ ዮሐንስ ከማ በግእዝ | GZ-MEL-110:መልክዐ አቡነ ዮሐንስ ዘድብረ ዳጋ በግእዝ | GZ-MEL-149:መልክዐ ዮሐንስ ወልደ ነጎድጓድ በግእዝ | GZ-MEL-150:መልክዐ ዮሐንስ ፍቁረ እግዚእ በግእዝ | AM-GDL-013:የቅዱስ ዮሐንስ ገድል በአማርኛ | GZ-GDL-018:ገድለ አቡነ ዮሐንስ በግእዝ | AM-GDL-027:ገድለ አቡነ እጨጌ ዮሐንስ ዘጸገሮ በአማርኛ,"1-1, 1-1, 1-2, 1-2, 1-4, 1-4, 1-4, 1-4, 1-4, 1-4"
13-3,363,ቅዱስ ጦቢት,ጦቢት,annual,NO_BOOK,,,
13-3,363,ቅዱሳን ጦብያና ሣራ,ጦብያና ሣራ,annual,NO_BOOK,,,
13-4,364,ቅዱስ አባ ባይሞን (ዼሜን),ባይሞን,annual,NO_BOOK,,,
13-4,364,"""፮ቱ"" ወንድሞቹ (አብርሃም ያዕቆብ ዮሴፍ ኢዮብ ላስልዮስና ዮሐንስ)","""፮ቱ"" ወንድሞቹ",annual,NO_BOOK,,,
13-4,364,ቅዱስ ሊባርዮስ ሊቅ,ሊባርዮስ ሊቅ,annual,NO_BOOK,,,
13-5,365,ታላቁ አባ በርሶማ,ታላቁ አባ በርሶማ,annual,NO_BOOK,,,
13-5,365,ቅዱስ አሞጽ ነቢይ,አሞጽ,annual,NO_BOOK,,,
13-5,365,ቅዱስ ያዕቆብ ዘምስር,ያዕቆብ ዘምስር,annual,WRONG_DATE,,AM-MEL-022:መልክዐ አብርሃም ይሥሐቅ ያዕቆብ በአማርኛ | GZ-MEL-124:መልክዐ አብርሃም ይሥሐቅ ወያዕቆብ በግእዝ,"1-28, 1-28, 2-28, 2-28, 3-28, 3-28, 4-28, 4-28, 5-28, 5-28"
13-5,365,አባ መግደር ( እግዚአብሔር በጸሎቱ ይማረን),መግደር,annual,NO_BOOK,,,
