book_id,ethiopian_month,ethiopian_day,is_annual,kind
AM-BEE-001,1,1,0,ALWAYS
AM-BEE-001,1,2,0,ALWAYS
AM-BEE-001,1,3,0,ALWAYS
AM-BEE-001,1,4,0,ALWAYS
AM-BEE-001,1,5,0,ALWAYS
AM-BEE-001,1,6,0,ALWAYS
AM-BEE-001,1,7,0,ALWAYS
AM-BEE-001,1,8,0,ALWAYS
AM-BEE-001,1,9,0,ALWAYS
AM-BEE-001,1,10,0,ALWAYS
AM-BEE-001,1,11,0,ALWAYS
AM-BEE-001,1,12,0,ALWAYS
AM-BEE-001,1,13,0,ALWAYS
AM-BEE-001,1,14,0,ALWAYS
AM-BEE-001,1,15,0,ALWAYS
AM-BEE-001,1,16,0,ALWAYS
AM-BEE-001,1,17,0,ALWAYS
AM-BEE-001,1,18,0,ALWAYS
AM-BEE-001,1,19,0,ALWAYS
AM-BEE-001,1,20,0,ALWAYS
AM-BEE-001,1,21,0,ALWAYS
AM-BEE-001,1,22,0,ALWAYS
AM-BEE-001,1,23,0,ALWAYS
AM-BEE-001,1,24,0,ALWAYS
AM-BEE-001,1,25,0,ALWAYS
AM-BEE-001,1,26,0,ALWAYS
AM-BEE-001,1,27,0,ALWAYS
AM-BEE-001,1,28,0,ALWAYS
AM-BEE-001,1,29,0,ALWAYS
AM-BEE-001,1,30,0,ALWAYS
AM-BEE-001,2,1,0,ALWAYS
AM-BEE-001,2,2,0,ALWAYS
AM-BEE-001,2,3,0,ALWAYS
AM-BEE-001,2,4,0,ALWAYS
AM-BEE-001,2,5,0,ALWAYS
AM-BEE-001,2,6,0,ALWAYS
AM-BEE-001,2,7,0,ALWAYS
AM-BEE-001,2,8,0,ALWAYS
AM-BEE-001,2,9,0,ALWAYS
AM-BEE-001,2,10,0,ALWAYS
AM-BEE-001,2,11,0,ALWAYS
AM-BEE-001,2,12,0,ALWAYS
AM-BEE-001,2,13,0,ALWAYS
AM-BEE-001,2,14,0,ALWAYS
AM-BEE-001,2,15,0,ALWAYS
AM-BEE-001,2,16,0,ALWAYS
AM-BEE-001,2,17,0,ALWAYS
AM-BEE-001,2,18,0,ALWAYS
AM-BEE-001,2,19,0,ALWAYS
AM-BEE-001,2,20,0,ALWAYS
AM-BEE-001,2,21,0,ALWAYS
AM-BEE-001,2,22,0,ALWAYS
AM-BEE-001,2,23,0,ALWAYS
AM-BEE-001,2,24,0,ALWAYS
AM-BEE-001,2,25,0,ALWAYS
AM-BEE-001,2,26,0,ALWAYS
AM-BEE-001,2,27,0,ALWAYS
AM-BEE-001,2,28,0,ALWAYS
AM-BEE-001,2,29,0,ALWAYS
AM-BEE-001,2,30,0,ALWAYS
AM-BEE-001,3,1,0,ALWAYS
AM-BEE-001,3,2,0,ALWAYS
AM-BEE-001,3,3,0,ALWAYS
AM-BEE-001,3,4,0,ALWAYS
AM-BEE-001,3,5,0,ALWAYS
AM-BEE-001,3,6,0,ALWAYS
AM-BEE-001,3,7,0,ALWAYS
AM-BEE-001,3,8,0,ALWAYS
AM-BEE-001,3,9,0,ALWAYS
AM-BEE-001,3,10,0,ALWAYS
AM-BEE-001,3,11,0,ALWAYS
AM-BEE-001,3,12,0,ALWAYS
AM-BEE-001,3,13,0,ALWAYS
AM-BEE-001,3,14,0,ALWAYS
AM-BEE-001,3,15,0,ALWAYS
AM-BEE-001,3,16,0,ALWAYS
AM-BEE-001,3,17,0,ALWAYS
AM-BEE-001,3,18,0,ALWAYS
AM-BEE-001,3,19,0,ALWAYS
AM-BEE-001,3,20,0,ALWAYS
AM-BEE-001,3,21,0,ALWAYS
AM-BEE-001,3,22,0,ALWAYS
AM-BEE-001,3,23,0,ALWAYS
AM-BEE-001,3,24,0,ALWAYS
AM-BEE-001,3,25,0,ALWAYS
AM-BEE-001,3,26,0,ALWAYS
AM-BEE-001,3,27,0,ALWAYS
AM-BEE-001,3,28,0,ALWAYS
AM-BEE-001,3,29,0,ALWAYS
AM-BEE-001,3,30,0,ALWAYS
AM-BEE-001,4,1,0,ALWAYS
AM-BEE-001,4,2,0,ALWAYS
AM-BEE-001,4,3,0,ALWAYS
AM-BEE-001,4,4,0,ALWAYS
AM-BEE-001,4,5,0,ALWAYS
AM-BEE-001,4,6,0,ALWAYS
AM-BEE-001,4,7,0,ALWAYS
AM-BEE-001,4,8,0,ALWAYS
AM-BEE-001,4,9,0,ALWAYS
AM-BEE-001,4,10,0,ALWAYS
AM-BEE-001,4,11,0,ALWAYS
AM-BEE-001,4,12,0,ALWAYS
AM-BEE-001,4,13,0,ALWAYS
AM-BEE-001,4,14,0,ALWAYS
AM-BEE-001,4,15,0,ALWAYS
AM-BEE-001,4,16,0,ALWAYS
AM-BEE-001,4,17,0,ALWAYS
AM-BEE-001,4,18,0,ALWAYS
AM-BEE-001,4,19,0,ALWAYS
AM-BEE-001,4,20,0,ALWAYS
AM-BEE-001,4,21,0,ALWAYS
AM-BEE-001,4,22,0,ALWAYS
AM-BEE-001,4,23,0,ALWAYS
AM-BEE-001,4,24,0,ALWAYS
AM-BEE-001,4,25,0,ALWAYS
AM-BEE-001,4,26,0,ALWAYS
AM-BEE-001,4,27,0,ALWAYS
AM-BEE-001,4,28,0,ALWAYS
AM-BEE-001,4,29,0,ALWAYS
AM-BEE-001,4,30,0,ALWAYS
AM-BEE-001,5,1,0,ALWAYS
AM-BEE-001,5,2,0,ALWAYS
AM-BEE-001,5,3,0,ALWAYS
AM-BEE-001,5,4,0,ALWAYS
AM-BEE-001,5,5,0,ALWAYS
AM-BEE-001,5,6,0,ALWAYS
AM-BEE-001,5,7,0,ALWAYS
AM-BEE-001,5,8,0,ALWAYS
AM-BEE-001,5,9,0,ALWAYS
AM-BEE-001,5,10,0,ALWAYS
AM-BEE-001,5,11,0,ALWAYS
AM-BEE-001,5,12,0,ALWAYS
AM-BEE-001,5,13,0,ALWAYS
AM-BEE-001,5,14,0,ALWAYS
AM-BEE-001,5,15,0,ALWAYS
AM-BEE-001,5,16,0,ALWAYS
AM-BEE-001,5,17,0,ALWAYS
AM-BEE-001,5,18,0,ALWAYS
AM-BEE-001,5,19,0,ALWAYS
AM-BEE-001,5,20,0,ALWAYS
AM-BEE-001,5,21,0,ALWAYS
AM-BEE-001,5,22,0,ALWAYS
AM-BEE-001,5,23,0,ALWAYS
AM-BEE-001,5,24,0,ALWAYS
AM-BEE-001,5,25,0,ALWAYS
AM-BEE-001,5,26,0,ALWAYS
AM-BEE-001,5,27,0,ALWAYS
AM-BEE-001,5,28,0,ALWAYS
AM-BEE-001,5,29,0,ALWAYS
AM-BEE-001,5,30,0,ALWAYS
AM-BEE-001,6,1,0,ALWAYS
AM-BEE-001,6,2,0,ALWAYS
AM-BEE-001,6,3,0,ALWAYS
AM-BEE-001,6,4,0,ALWAYS
AM-BEE-001,6,5,0,ALWAYS
AM-BEE-001,6,6,0,ALWAYS
AM-BEE-001,6,7,0,ALWAYS
AM-BEE-001,6,8,0,ALWAYS
AM-BEE-001,6,9,0,ALWAYS
AM-BEE-001,6,10,0,ALWAYS
AM-BEE-001,6,11,0,ALWAYS
AM-BEE-001,6,12,0,ALWAYS
AM-BEE-001,6,13,0,ALWAYS
AM-BEE-001,6,14,0,ALWAYS
AM-BEE-001,6,15,0,ALWAYS
AM-BEE-001,6,16,0,ALWAYS
AM-BEE-001,6,17,0,ALWAYS
AM-BEE-001,6,18,0,ALWAYS
AM-BEE-001,6,19,0,ALWAYS
AM-BEE-001,6,20,0,ALWAYS
AM-BEE-001,6,21,0,ALWAYS
AM-BEE-001,6,22,0,ALWAYS
AM-BEE-001,6,23,0,ALWAYS
AM-BEE-001,6,24,0,ALWAYS
AM-BEE-001,6,25,0,ALWAYS
AM-BEE-001,6,26,0,ALWAYS
AM-BEE-001,6,27,0,ALWAYS
AM-BEE-001,6,28,0,ALWAYS
AM-BEE-001,6,29,0,ALWAYS
AM-BEE-001,6,30,0,ALWAYS
AM-BEE-001,7,1,0,ALWAYS
AM-BEE-001,7,2,0,ALWAYS
AM-BEE-001,7,3,0,ALWAYS
AM-BEE-001,7,4,0,ALWAYS
AM-BEE-001,7,5,0,ALWAYS
AM-BEE-001,7,6,0,ALWAYS
AM-BEE-001,7,7,0,ALWAYS
AM-BEE-001,7,8,0,ALWAYS
AM-BEE-001,7,9,0,ALWAYS
AM-BEE-001,7,10,0,ALWAYS
AM-BEE-001,7,11,0,ALWAYS
AM-BEE-001,7,12,0,ALWAYS
AM-BEE-001,7,13,0,ALWAYS
AM-BEE-001,7,14,0,ALWAYS
AM-BEE-001,7,15,0,ALWAYS
AM-BEE-001,7,16,0,ALWAYS
AM-BEE-001,7,17,0,ALWAYS
AM-BEE-001,7,18,0,ALWAYS
AM-BEE-001,7,19,0,ALWAYS
AM-BEE-001,7,20,0,ALWAYS
AM-BEE-001,7,21,0,ALWAYS
AM-BEE-001,7,22,0,ALWAYS
AM-BEE-001,7,23,0,ALWAYS
AM-BEE-001,7,24,0,ALWAYS
AM-BEE-001,7,25,0,ALWAYS
AM-BEE-001,7,26,0,ALWAYS
AM-BEE-001,7,27,0,ALWAYS
AM-BEE-001,7,28,0,ALWAYS
AM-BEE-001,7,29,0,ALWAYS
AM-BEE-001,7,30,0,ALWAYS
AM-BEE-001,8,1,0,ALWAYS
AM-BEE-001,8,2,0,ALWAYS
AM-BEE-001,8,3,0,ALWAYS
AM-BEE-001,8,4,0,ALWAYS
AM-BEE-001,8,5,0,ALWAYS
AM-BEE-001,8,6,0,ALWAYS
AM-BEE-001,8,7,0,ALWAYS
AM-BEE-001,8,8,0,ALWAYS
AM-BEE-001,8,9,0,ALWAYS
AM-BEE-001,8,10,0,ALWAYS
AM-BEE-001,8,11,0,ALWAYS
AM-BEE-001,8,12,0,ALWAYS
AM-BEE-001,8,13,0,ALWAYS
AM-BEE-001,8,14,0,ALWAYS
AM-BEE-001,8,15,0,ALWAYS
AM-BEE-001,8,16,0,ALWAYS
AM-BEE-001,8,17,0,ALWAYS
AM-BEE-001,8,18,0,ALWAYS
AM-BEE-001,8,19,0,ALWAYS
AM-BEE-001,8,20,0,ALWAYS
AM-BEE-001,8,21,0,ALWAYS
AM-BEE-001,8,22,0,ALWAYS
AM-BEE-001,8,23,0,ALWAYS
AM-BEE-001,8,24,0,ALWAYS
AM-BEE-001,8,25,0,ALWAYS
AM-BEE-001,8,26,0,ALWAYS
AM-BEE-001,8,27,0,ALWAYS
AM-BEE-001,8,28,0,ALWAYS
AM-BEE-001,8,29,0,ALWAYS
AM-BEE-001,8,30,0,ALWAYS
AM-BEE-001,9,1,0,ALWAYS
AM-BEE-001,9,2,0,ALWAYS
AM-BEE-001,9,3,0,ALWAYS
AM-BEE-001,9,4,0,ALWAYS
AM-BEE-001,9,5,0,ALWAYS
AM-BEE-001,9,6,0,ALWAYS
AM-BEE-001,9,7,0,ALWAYS
AM-BEE-001,9,8,0,ALWAYS
AM-BEE-001,9,9,0,ALWAYS
AM-BEE-001,9,10,0,ALWAYS
AM-BEE-001,9,11,0,ALWAYS
AM-BEE-001,9,12,0,ALWAYS
AM-BEE-001,9,13,0,ALWAYS
AM-BEE-001,9,14,0,ALWAYS
AM-BEE-001,9,15,0,ALWAYS
AM-BEE-001,9,16,0,ALWAYS
AM-BEE-001,9,17,0,ALWAYS
AM-BEE-001,9,18,0,ALWAYS
AM-BEE-001,9,19,0,ALWAYS
AM-BEE-001,9,20,0,ALWAYS
AM-BEE-001,9,21,0,ALWAYS
AM-BEE-001,9,22,0,ALWAYS
AM-BEE-001,9,23,0,ALWAYS
AM-BEE-001,9,24,0,ALWAYS
AM-BEE-001,9,25,0,ALWAYS
AM-BEE-001,9,26,0,ALWAYS
AM-BEE-001,9,27,0,ALWAYS
AM-BEE-001,9,28,0,ALWAYS
AM-BEE-001,9,29,0,ALWAYS
AM-BEE-001,9,30,0,ALWAYS
AM-BEE-001,10,1,0,ALWAYS
AM-BEE-001,10,2,0,ALWAYS
AM-BEE-001,10,3,0,ALWAYS
AM-BEE-001,10,4,0,ALWAYS
AM-BEE-001,10,5,0,ALWAYS
AM-BEE-001,10,6,0,ALWAYS
AM-BEE-001,10,7,0,ALWAYS
AM-BEE-001,10,8,0,ALWAYS
AM-BEE-001,10,9,0,ALWAYS
AM-BEE-001,10,10,0,ALWAYS
AM-BEE-001,10,11,0,ALWAYS
AM-BEE-001,10,12,0,ALWAYS
AM-BEE-001,10,13,0,ALWAYS
AM-BEE-001,10,14,0,ALWAYS
AM-BEE-001,10,15,0,ALWAYS
AM-BEE-001,10,16,0,ALWAYS
AM-BEE-001,10,17,0,ALWAYS
AM-BEE-001,10,18,0,ALWAYS
AM-BEE-001,10,19,0,ALWAYS
AM-BEE-001,10,20,0,ALWAYS
AM-BEE-001,10,21,0,ALWAYS
AM-BEE-001,10,22,0,ALWAYS
AM-BEE-001,10,23,0,ALWAYS
AM-BEE-001,10,24,0,ALWAYS
AM-BEE-001,10,25,0,ALWAYS
AM-BEE-001,10,26,0,ALWAYS
AM-BEE-001,10,27,0,ALWAYS
AM-BEE-001,10,28,0,ALWAYS
AM-BEE-001,10,29,0,ALWAYS
AM-BEE-001,10,30,0,ALWAYS
AM-BEE-001,11,1,0,ALWAYS
AM-BEE-001,11,2,0,ALWAYS
AM-BEE-001,11,3,0,ALWAYS
AM-BEE-001,11,4,0,ALWAYS
AM-BEE-001,11,5,0,ALWAYS
AM-BEE-001,11,6,0,ALWAYS
AM-BEE-001,11,7,0,ALWAYS
AM-BEE-001,11,8,0,ALWAYS
AM-BEE-001,11,9,0,ALWAYS
AM-BEE-001,11,10,0,ALWAYS
AM-BEE-001,11,11,0,ALWAYS
AM-BEE-001,11,12,0,ALWAYS
AM-BEE-001,11,13,0,ALWAYS
AM-BEE-001,11,14,0,ALWAYS
AM-BEE-001,11,15,0,ALWAYS
AM-BEE-001,11,16,0,ALWAYS
AM-BEE-001,11,17,0,ALWAYS
AM-BEE-001,11,18,0,ALWAYS
AM-BEE-001,11,19,0,ALWAYS
AM-BEE-001,11,20,0,ALWAYS
AM-BEE-001,11,21,0,ALWAYS
AM-BEE-001,11,22,0,ALWAYS
AM-BEE-001,11,23,0,ALWAYS
AM-BEE-001,11,24,0,ALWAYS
AM-BEE-001,11,25,0,ALWAYS
AM-BEE-001,11,26,0,ALWAYS
AM-BEE-001,11,27,0,ALWAYS
AM-BEE-001,11,28,0,ALWAYS
AM-BEE-001,11,29,0,ALWAYS
AM-BEE-001,11,30,0,ALWAYS
AM-BEE-001,12,1,0,ALWAYS
AM-BEE-001,12,2,0,ALWAYS
AM-BEE-001,12,3,0,ALWAYS
AM-BEE-001,12,4,0,ALWAYS
AM-BEE-001,12,5,0,ALWAYS
AM-BEE-001,12,6,0,ALWAYS
AM-BEE-001,12,7,0,ALWAYS
AM-BEE-001,12,8,0,ALWAYS
AM-BEE-001,12,9,0,ALWAYS
AM-BEE-001,12,10,0,ALWAYS
AM-BEE-001,12,11,0,ALWAYS
AM-BEE-001,12,12,0,ALWAYS
AM-BEE-001,12,13,0,ALWAYS
AM-BEE-001,12,14,0,ALWAYS
AM-BEE-001,12,15,0,ALWAYS
AM-BEE-001,12,16,0,ALWAYS
AM-BEE-001,12,17,0,ALWAYS
AM-BEE-001,12,18,0,ALWAYS
AM-BEE-001,12,19,0,ALWAYS
AM-BEE-001,12,20,0,ALWAYS
AM-BEE-001,12,21,0,ALWAYS
AM-BEE-001,12,22,0,ALWAYS
AM-BEE-001,12,23,0,ALWAYS
AM-BEE-001,12,24,0,ALWAYS
AM-BEE-001,12,25,0,ALWAYS
AM-BEE-001,12,26,0,ALWAYS
AM-BEE-001,12,27,0,ALWAYS
AM-BEE-001,12,28,0,ALWAYS
AM-BEE-001,12,29,0,ALWAYS
AM-BEE-001,12,30,0,ALWAYS
AM-BEE-001,13,1,0,ALWAYS
AM-BEE-001,13,2,0,ALWAYS
AM-BEE-001,13,3,0,ALWAYS
AM-BEE-001,13,4,0,ALWAYS
AM-BEE-001,13,5,0,ALWAYS
AM-BEE-001,13,6,0,ALWAYS
AM-LIT-001,1,1,0,ALWAYS
AM-LIT-001,1,2,0,ALWAYS
AM-LIT-001,1,3,0,ALWAYS
AM-LIT-001,1,4,0,ALWAYS
AM-LIT-001,1,5,0,ALWAYS
AM-LIT-001,1,6,0,ALWAYS
AM-LIT-001,1,7,0,ALWAYS
AM-LIT-001,1,8,0,ALWAYS
AM-LIT-001,1,9,0,ALWAYS
AM-LIT-001,1,10,0,ALWAYS
AM-LIT-001,1,11,0,ALWAYS
AM-LIT-001,1,12,0,ALWAYS
AM-LIT-001,1,13,0,ALWAYS
AM-LIT-001,1,14,0,ALWAYS
AM-LIT-001,1,15,0,ALWAYS
AM-LIT-001,1,16,0,ALWAYS
AM-LIT-001,1,17,0,ALWAYS
AM-LIT-001,1,18,0,ALWAYS
AM-LIT-001,1,19,0,ALWAYS
AM-LIT-001,1,20,0,ALWAYS
AM-LIT-001,1,21,0,ALWAYS
AM-LIT-001,1,22,0,ALWAYS
AM-LIT-001,1,23,0,ALWAYS
AM-LIT-001,1,24,0,ALWAYS
AM-LIT-001,1,25,0,ALWAYS
AM-LIT-001,1,26,0,ALWAYS
AM-LIT-001,1,27,0,ALWAYS
AM-LIT-001,1,28,0,ALWAYS
AM-LIT-001,1,29,0,ALWAYS
AM-LIT-001,1,30,0,ALWAYS
AM-LIT-001,2,1,0,ALWAYS
AM-LIT-001,2,2,0,ALWAYS
AM-LIT-001,2,3,0,ALWAYS
AM-LIT-001,2,4,0,ALWAYS
AM-LIT-001,2,5,0,ALWAYS
AM-LIT-001,2,6,0,ALWAYS
AM-LIT-001,2,7,0,ALWAYS
AM-LIT-001,2,8,0,ALWAYS
AM-LIT-001,2,9,0,ALWAYS
AM-LIT-001,2,10,0,ALWAYS
AM-LIT-001,2,11,0,ALWAYS
AM-LIT-001,2,12,0,ALWAYS
AM-LIT-001,2,13,0,ALWAYS
AM-LIT-001,2,14,0,ALWAYS
AM-LIT-001,2,15,0,ALWAYS
AM-LIT-001,2,16,0,ALWAYS
AM-LIT-001,2,17,0,ALWAYS
AM-LIT-001,2,18,0,ALWAYS
AM-LIT-001,2,19,0,ALWAYS
AM-LIT-001,2,20,0,ALWAYS
AM-LIT-001,2,21,0,ALWAYS
AM-LIT-001,2,22,0,ALWAYS
AM-LIT-001,2,23,0,ALWAYS
AM-LIT-001,2,24,0,ALWAYS
AM-LIT-001,2,25,0,ALWAYS
AM-LIT-001,2,26,0,ALWAYS
AM-LIT-001,2,27,0,ALWAYS
AM-LIT-001,2,28,0,ALWAYS
AM-LIT-001,2,29,0,ALWAYS
AM-LIT-001,2,30,0,ALWAYS
AM-LIT-001,3,1,0,ALWAYS
AM-LIT-001,3,2,0,ALWAYS
AM-LIT-001,3,3,0,ALWAYS
AM-LIT-001,3,4,0,ALWAYS
AM-LIT-001,3,5,0,ALWAYS
AM-LIT-001,3,6,0,ALWAYS
AM-LIT-001,3,7,0,ALWAYS
AM-LIT-001,3,8,0,ALWAYS
AM-LIT-001,3,9,0,ALWAYS
AM-LIT-001,3,10,0,ALWAYS
AM-LIT-001,3,11,0,ALWAYS
AM-LIT-001,3,12,0,ALWAYS
AM-LIT-001,3,13,0,ALWAYS
AM-LIT-001,3,14,0,ALWAYS
AM-LIT-001,3,15,0,ALWAYS
AM-LIT-001,3,16,0,ALWAYS
AM-LIT-001,3,17,0,ALWAYS
AM-LIT-001,3,18,0,ALWAYS
AM-LIT-001,3,19,0,ALWAYS
AM-LIT-001,3,20,0,ALWAYS
AM-LIT-001,3,21,0,ALWAYS
AM-LIT-001,3,22,0,ALWAYS
AM-LIT-001,3,23,0,ALWAYS
AM-LIT-001,3,24,0,ALWAYS
AM-LIT-001,3,25,0,ALWAYS
AM-LIT-001,3,26,0,ALWAYS
AM-LIT-001,3,27,0,ALWAYS
AM-LIT-001,3,28,0,ALWAYS
AM-LIT-001,3,29,0,ALWAYS
AM-LIT-001,3,30,0,ALWAYS
AM-LIT-001,4,1,0,ALWAYS
AM-LIT-001,4,2,0,ALWAYS
AM-LIT-001,4,3,0,ALWAYS
AM-LIT-001,4,4,0,ALWAYS
AM-LIT-001,4,5,0,ALWAYS
AM-LIT-001,4,6,0,ALWAYS
AM-LIT-001,4,7,0,ALWAYS
AM-LIT-001,4,8,0,ALWAYS
AM-LIT-001,4,9,0,ALWAYS
AM-LIT-001,4,10,0,ALWAYS
AM-LIT-001,4,11,0,ALWAYS
AM-LIT-001,4,12,0,ALWAYS
AM-LIT-001,4,13,0,ALWAYS
AM-LIT-001,4,14,0,ALWAYS
AM-LIT-001,4,15,0,ALWAYS
AM-LIT-001,4,16,0,ALWAYS
AM-LIT-001,4,17,0,ALWAYS
AM-LIT-001,4,18,0,ALWAYS
AM-LIT-001,4,19,0,ALWAYS
AM-LIT-001,4,20,0,ALWAYS
AM-LIT-001,4,21,0,ALWAYS
AM-LIT-001,4,22,0,ALWAYS
AM-LIT-001,4,23,0,ALWAYS
AM-LIT-001,4,24,0,ALWAYS
AM-LIT-001,4,25,0,ALWAYS
AM-LIT-001,4,26,0,ALWAYS
AM-LIT-001,4,27,0,ALWAYS
AM-LIT-001,4,28,0,ALWAYS
AM-LIT-001,4,29,0,ALWAYS
AM-LIT-001,4,30,0,ALWAYS
AM-LIT-001,5,1,0,ALWAYS
AM-LIT-001,5,2,0,ALWAYS
AM-LIT-001,5,3,0,ALWAYS
AM-LIT-001,5,4,0,ALWAYS
AM-LIT-001,5,5,0,ALWAYS
AM-LIT-001,5,6,0,ALWAYS
AM-LIT-001,5,7,0,ALWAYS
AM-LIT-001,5,8,0,ALWAYS
AM-LIT-001,5,9,0,ALWAYS
AM-LIT-001,5,10,0,ALWAYS
AM-LIT-001,5,11,0,ALWAYS
AM-LIT-001,5,12,0,ALWAYS
AM-LIT-001,5,13,0,ALWAYS
AM-LIT-001,5,14,0,ALWAYS
AM-LIT-001,5,15,0,ALWAYS
AM-LIT-001,5,16,0,ALWAYS
AM-LIT-001,5,17,0,ALWAYS
AM-LIT-001,5,18,0,ALWAYS
AM-LIT-001,5,19,0,ALWAYS
AM-LIT-001,5,20,0,ALWAYS
AM-LIT-001,5,21,0,ALWAYS
AM-LIT-001,5,22,0,ALWAYS
AM-LIT-001,5,23,0,ALWAYS
AM-LIT-001,5,24,0,ALWAYS
AM-LIT-001,5,25,0,ALWAYS
AM-LIT-001,5,26,0,ALWAYS
AM-LIT-001,5,27,0,ALWAYS
AM-LIT-001,5,28,0,ALWAYS
AM-LIT-001,5,29,0,ALWAYS
AM-LIT-001,5,30,0,ALWAYS
AM-LIT-001,6,1,0,ALWAYS
AM-LIT-001,6,2,0,ALWAYS
AM-LIT-001,6,3,0,ALWAYS
AM-LIT-001,6,4,0,ALWAYS
AM-LIT-001,6,5,0,ALWAYS
AM-LIT-001,6,6,0,ALWAYS
AM-LIT-001,6,7,0,ALWAYS
AM-LIT-001,6,8,0,ALWAYS
AM-LIT-001,6,9,0,ALWAYS
AM-LIT-001,6,10,0,ALWAYS
AM-LIT-001,6,11,0,ALWAYS
AM-LIT-001,6,12,0,ALWAYS
AM-LIT-001,6,13,0,ALWAYS
AM-LIT-001,6,14,0,ALWAYS
AM-LIT-001,6,15,0,ALWAYS
AM-LIT-001,6,16,0,ALWAYS
AM-LIT-001,6,17,0,ALWAYS
AM-LIT-001,6,18,0,ALWAYS
AM-LIT-001,6,19,0,ALWAYS
AM-LIT-001,6,20,0,ALWAYS
AM-LIT-001,6,21,0,ALWAYS
AM-LIT-001,6,22,0,ALWAYS
AM-LIT-001,6,23,0,ALWAYS
AM-LIT-001,6,24,0,ALWAYS
AM-LIT-001,6,25,0,ALWAYS
AM-LIT-001,6,26,0,ALWAYS
AM-LIT-001,6,27,0,ALWAYS
AM-LIT-001,6,28,0,ALWAYS
AM-LIT-001,6,29,0,ALWAYS
AM-LIT-001,6,30,0,ALWAYS
AM-LIT-001,7,1,0,ALWAYS
AM-LIT-001,7,2,0,ALWAYS
AM-LIT-001,7,3,0,ALWAYS
AM-LIT-001,7,4,0,ALWAYS
AM-LIT-001,7,5,0,ALWAYS
AM-LIT-001,7,6,0,ALWAYS
AM-LIT-001,7,7,0,ALWAYS
AM-LIT-001,7,8,0,ALWAYS
AM-LIT-001,7,9,0,ALWAYS
AM-LIT-001,7,10,0,ALWAYS
AM-LIT-001,7,11,0,ALWAYS
AM-LIT-001,7,12,0,ALWAYS
AM-LIT-001,7,13,0,ALWAYS
AM-LIT-001,7,14,0,ALWAYS
AM-LIT-001,7,15,0,ALWAYS
AM-LIT-001,7,16,0,ALWAYS
AM-LIT-001,7,17,0,ALWAYS
AM-LIT-001,7,18,0,ALWAYS
AM-LIT-001,7,19,0,ALWAYS
AM-LIT-001,7,20,0,ALWAYS
AM-LIT-001,7,21,0,ALWAYS
AM-LIT-001,7,22,0,ALWAYS
AM-LIT-001,7,23,0,ALWAYS
AM-LIT-001,7,24,0,ALWAYS
AM-LIT-001,7,25,0,ALWAYS
AM-LIT-001,7,26,0,ALWAYS
AM-LIT-001,7,27,0,ALWAYS
AM-LIT-001,7,28,0,ALWAYS
AM-LIT-001,7,29,0,ALWAYS
AM-LIT-001,7,30,0,ALWAYS
AM-LIT-001,8,1,0,ALWAYS
AM-LIT-001,8,2,0,ALWAYS
AM-LIT-001,8,3,0,ALWAYS
AM-LIT-001,8,4,0,ALWAYS
AM-LIT-001,8,5,0,ALWAYS
AM-LIT-001,8,6,0,ALWAYS
AM-LIT-001,8,7,0,ALWAYS
AM-LIT-001,8,8,0,ALWAYS
AM-LIT-001,8,9,0,ALWAYS
AM-LIT-001,8,10,0,ALWAYS
AM-LIT-001,8,11,0,ALWAYS
AM-LIT-001,8,12,0,ALWAYS
AM-LIT-001,8,13,0,ALWAYS
AM-LIT-001,8,14,0,ALWAYS
AM-LIT-001,8,15,0,ALWAYS
AM-LIT-001,8,16,0,ALWAYS
AM-LIT-001,8,17,0,ALWAYS
AM-LIT-001,8,18,0,ALWAYS
AM-LIT-001,8,19,0,ALWAYS
AM-LIT-001,8,20,0,ALWAYS
AM-LIT-001,8,21,0,ALWAYS
AM-LIT-001,8,22,0,ALWAYS
AM-LIT-001,8,23,0,ALWAYS
AM-LIT-001,8,24,0,ALWAYS
AM-LIT-001,8,25,0,ALWAYS
AM-LIT-001,8,26,0,ALWAYS
AM-LIT-001,8,27,0,ALWAYS
AM-LIT-001,8,28,0,ALWAYS
AM-LIT-001,8,29,0,ALWAYS
AM-LIT-001,8,30,0,ALWAYS
AM-LIT-001,9,1,0,ALWAYS
AM-LIT-001,9,2,0,ALWAYS
AM-LIT-001,9,3,0,ALWAYS
AM-LIT-001,9,4,0,ALWAYS
AM-LIT-001,9,5,0,ALWAYS
AM-LIT-001,9,6,0,ALWAYS
AM-LIT-001,9,7,0,ALWAYS
AM-LIT-001,9,8,0,ALWAYS
AM-LIT-001,9,9,0,ALWAYS
AM-LIT-001,9,10,0,ALWAYS
AM-LIT-001,9,11,0,ALWAYS
AM-LIT-001,9,12,0,ALWAYS
AM-LIT-001,9,13,0,ALWAYS
AM-LIT-001,9,14,0,ALWAYS
AM-LIT-001,9,15,0,ALWAYS
AM-LIT-001,9,16,0,ALWAYS
AM-LIT-001,9,17,0,ALWAYS
AM-LIT-001,9,18,0,ALWAYS
AM-LIT-001,9,19,0,ALWAYS
AM-LIT-001,9,20,0,ALWAYS
AM-LIT-001,9,21,0,ALWAYS
AM-LIT-001,9,22,0,ALWAYS
AM-LIT-001,9,23,0,ALWAYS
AM-LIT-001,9,24,0,ALWAYS
AM-LIT-001,9,25,0,ALWAYS
AM-LIT-001,9,26,0,ALWAYS
AM-LIT-001,9,27,0,ALWAYS
AM-LIT-001,9,28,0,ALWAYS
AM-LIT-001,9,29,0,ALWAYS
AM-LIT-001,9,30,0,ALWAYS
AM-LIT-001,10,1,0,ALWAYS
AM-LIT-001,10,2,0,ALWAYS
AM-LIT-001,10,3,0,ALWAYS
AM-LIT-001,10,4,0,ALWAYS
AM-LIT-001,10,5,0,ALWAYS
AM-LIT-001,10,6,0,ALWAYS
AM-LIT-001,10,7,0,ALWAYS
AM-LIT-001,10,8,0,ALWAYS
AM-LIT-001,10,9,0,ALWAYS
AM-LIT-001,10,10,0,ALWAYS
AM-LIT-001,10,11,0,ALWAYS
AM-LIT-001,10,12,0,ALWAYS
AM-LIT-001,10,13,0,ALWAYS
AM-LIT-001,10,14,0,ALWAYS
AM-LIT-001,10,15,0,ALWAYS
AM-LIT-001,10,16,0,ALWAYS
AM-LIT-001,10,17,0,ALWAYS
AM-LIT-001,10,18,0,ALWAYS
AM-LIT-001,10,19,0,ALWAYS
AM-LIT-001,10,20,0,ALWAYS
AM-LIT-001,10,21,0,ALWAYS
AM-LIT-001,10,22,0,ALWAYS
AM-LIT-001,10,23,0,ALWAYS
AM-LIT-001,10,24,0,ALWAYS
AM-LIT-001,10,25,0,ALWAYS
AM-LIT-001,10,26,0,ALWAYS
AM-LIT-001,10,27,0,ALWAYS
AM-LIT-001,10,28,0,ALWAYS
AM-LIT-001,10,29,0,ALWAYS
AM-LIT-001,10,30,0,ALWAYS
AM-LIT-001,11,1,0,ALWAYS
AM-LIT-001,11,2,0,ALWAYS
AM-LIT-001,11,3,0,ALWAYS
AM-LIT-001,11,4,0,ALWAYS
AM-LIT-001,11,5,0,ALWAYS
AM-LIT-001,11,6,0,ALWAYS
AM-LIT-001,11,7,0,ALWAYS
AM-LIT-001,11,8,0,ALWAYS
AM-LIT-001,11,9,0,ALWAYS
AM-LIT-001,11,10,0,ALWAYS
AM-LIT-001,11,11,0,ALWAYS
AM-LIT-001,11,12,0,ALWAYS
AM-LIT-001,11,13,0,ALWAYS
AM-LIT-001,11,14,0,ALWAYS
AM-LIT-001,11,15,0,ALWAYS
AM-LIT-001,11,16,0,ALWAYS
AM-LIT-001,11,17,0,ALWAYS
AM-LIT-001,11,18,0,ALWAYS
AM-LIT-001,11,19,0,ALWAYS
AM-LIT-001,11,20,0,ALWAYS
AM-LIT-001,11,21,0,ALWAYS
AM-LIT-001,11,22,0,ALWAYS
AM-LIT-001,11,23,0,ALWAYS
AM-LIT-001,11,24,0,ALWAYS
AM-LIT-001,11,25,0,ALWAYS
AM-LIT-001,11,26,0,ALWAYS
AM-LIT-001,11,27,0,ALWAYS
AM-LIT-001,11,28,0,ALWAYS
AM-LIT-001,11,29,0,ALWAYS
AM-LIT-001,11,30,0,ALWAYS
AM-LIT-001,12,1,0,ALWAYS
AM-LIT-001,12,2,0,ALWAYS
AM-LIT-001,12,3,0,ALWAYS
AM-LIT-001,12,4,0,ALWAYS
AM-LIT-001,12,5,0,ALWAYS
AM-LIT-001,12,6,0,ALWAYS
AM-LIT-001,12,7,0,ALWAYS
AM-LIT-001,12,8,0,ALWAYS
AM-LIT-001,12,9,0,ALWAYS
AM-LIT-001,12,10,0,ALWAYS
AM-LIT-001,12,11,0,ALWAYS
AM-LIT-001,12,12,0,ALWAYS
AM-LIT-001,12,13,0,ALWAYS
AM-LIT-001,12,14,0,ALWAYS
AM-LIT-001,12,15,0,ALWAYS
AM-LIT-001,12,16,0,ALWAYS
AM-LIT-001,12,17,0,ALWAYS
AM-LIT-001,12,18,0,ALWAYS
AM-LIT-001,12,19,0,ALWAYS
AM-LIT-001,12,20,0,ALWAYS
AM-LIT-001,12,21,0,ALWAYS
AM-LIT-001,12,22,0,ALWAYS
AM-LIT-001,12,23,0,ALWAYS
AM-LIT-001,12,24,0,ALWAYS
AM-LIT-001,12,25,0,ALWAYS
AM-LIT-001,12,26,0,ALWAYS
AM-LIT-001,12,27,0,ALWAYS
AM-LIT-001,12,28,0,ALWAYS
AM-LIT-001,12,29,0,ALWAYS
AM-LIT-001,12,30,0,ALWAYS
AM-LIT-001,13,1,0,ALWAYS
AM-LIT-001,13,2,0,ALWAYS
AM-LIT-001,13,3,0,ALWAYS
AM-LIT-001,13,4,0,ALWAYS
AM-LIT-001,13,5,0,ALWAYS
AM-LIT-001,13,6,0,ALWAYS
AM-MEL-028,1,1,0,ALWAYS
AM-MEL-028,1,2,0,ALWAYS
AM-MEL-028,1,3,0,ALWAYS
AM-MEL-028,1,4,0,ALWAYS
AM-MEL-028,1,5,0,ALWAYS
AM-MEL-028,1,6,0,ALWAYS
AM-MEL-028,1,7,0,ALWAYS
AM-MEL-028,1,8,0,ALWAYS
AM-MEL-028,1,9,0,ALWAYS
AM-MEL-028,1,10,0,ALWAYS
AM-MEL-028,1,11,0,ALWAYS
AM-MEL-028,1,12,0,ALWAYS
AM-MEL-028,1,13,0,ALWAYS
AM-MEL-028,1,14,0,ALWAYS
AM-MEL-028,1,15,0,ALWAYS
AM-MEL-028,1,16,0,ALWAYS
AM-MEL-028,1,17,0,ALWAYS
AM-MEL-028,1,18,0,ALWAYS
AM-MEL-028,1,19,0,ALWAYS
AM-MEL-028,1,20,0,ALWAYS
AM-MEL-028,1,21,0,ALWAYS
AM-MEL-028,1,22,0,ALWAYS
AM-MEL-028,1,23,0,ALWAYS
AM-MEL-028,1,24,0,ALWAYS
AM-MEL-028,1,25,0,ALWAYS
AM-MEL-028,1,26,0,ALWAYS
AM-MEL-028,1,27,0,ALWAYS
AM-MEL-028,1,28,0,ALWAYS
AM-MEL-028,1,29,0,ALWAYS
AM-MEL-028,1,30,0,ALWAYS
AM-MEL-028,2,1,0,ALWAYS
AM-MEL-028,2,2,0,ALWAYS
AM-MEL-028,2,3,0,ALWAYS
AM-MEL-028,2,4,0,ALWAYS
AM-MEL-028,2,5,0,ALWAYS
AM-MEL-028,2,6,0,ALWAYS
AM-MEL-028,2,7,0,ALWAYS
AM-MEL-028,2,8,0,ALWAYS
AM-MEL-028,2,9,0,ALWAYS
AM-MEL-028,2,10,0,ALWAYS
AM-MEL-028,2,11,0,ALWAYS
AM-MEL-028,2,12,0,ALWAYS
AM-MEL-028,2,13,0,ALWAYS
AM-MEL-028,2,14,0,ALWAYS
AM-MEL-028,2,15,0,ALWAYS
AM-MEL-028,2,16,0,ALWAYS
AM-MEL-028,2,17,0,ALWAYS
AM-MEL-028,2,18,0,ALWAYS
AM-MEL-028,2,19,0,ALWAYS
AM-MEL-028,2,20,0,ALWAYS
AM-MEL-028,2,21,0,ALWAYS
AM-MEL-028,2,22,0,ALWAYS
AM-MEL-028,2,23,0,ALWAYS
AM-MEL-028,2,24,0,ALWAYS
AM-MEL-028,2,25,0,ALWAYS
AM-MEL-028,2,26,0,ALWAYS
AM-MEL-028,2,27,0,ALWAYS
AM-MEL-028,2,28,0,ALWAYS
AM-MEL-028,2,29,0,ALWAYS
AM-MEL-028,2,30,0,ALWAYS
AM-MEL-028,3,1,0,ALWAYS
AM-MEL-028,3,2,0,ALWAYS
AM-MEL-028,3,3,0,ALWAYS
AM-MEL-028,3,4,0,ALWAYS
AM-MEL-028,3,5,0,ALWAYS
AM-MEL-028,3,6,0,ALWAYS
AM-MEL-028,3,7,0,ALWAYS
AM-MEL-028,3,8,0,ALWAYS
AM-MEL-028,3,9,0,ALWAYS
AM-MEL-028,3,10,0,ALWAYS
AM-MEL-028,3,11,0,ALWAYS
AM-MEL-028,3,12,0,ALWAYS
AM-MEL-028,3,13,0,ALWAYS
AM-MEL-028,3,14,0,ALWAYS
AM-MEL-028,3,15,0,ALWAYS
AM-MEL-028,3,16,0,ALWAYS
AM-MEL-028,3,17,0,ALWAYS
AM-MEL-028,3,18,0,ALWAYS
AM-MEL-028,3,19,0,ALWAYS
AM-MEL-028,3,20,0,ALWAYS
AM-MEL-028,3,21,0,ALWAYS
AM-MEL-028,3,22,0,ALWAYS
AM-MEL-028,3,23,0,ALWAYS
AM-MEL-028,3,24,0,ALWAYS
AM-MEL-028,3,25,0,ALWAYS
AM-MEL-028,3,26,0,ALWAYS
AM-MEL-028,3,27,0,ALWAYS
AM-MEL-028,3,28,0,ALWAYS
AM-MEL-028,3,29,0,ALWAYS
AM-MEL-028,3,30,0,ALWAYS
AM-MEL-028,4,1,0,ALWAYS
AM-MEL-028,4,2,0,ALWAYS
AM-MEL-028,4,3,0,ALWAYS
AM-MEL-028,4,4,0,ALWAYS
AM-MEL-028,4,5,0,ALWAYS
AM-MEL-028,4,6,0,ALWAYS
AM-MEL-028,4,7,0,ALWAYS
AM-MEL-028,4,8,0,ALWAYS
AM-MEL-028,4,9,0,ALWAYS
AM-MEL-028,4,10,0,ALWAYS
AM-MEL-028,4,11,0,ALWAYS
AM-MEL-028,4,12,0,ALWAYS
AM-MEL-028,4,13,0,ALWAYS
AM-MEL-028,4,14,0,ALWAYS
AM-MEL-028,4,15,0,ALWAYS
AM-MEL-028,4,16,0,ALWAYS
AM-MEL-028,4,17,0,ALWAYS
AM-MEL-028,4,18,0,ALWAYS
AM-MEL-028,4,19,0,ALWAYS
AM-MEL-028,4,20,0,ALWAYS
AM-MEL-028,4,21,0,ALWAYS
AM-MEL-028,4,22,0,ALWAYS
AM-MEL-028,4,23,0,ALWAYS
AM-MEL-028,4,24,0,ALWAYS
AM-MEL-028,4,25,0,ALWAYS
AM-MEL-028,4,26,0,ALWAYS
AM-MEL-028,4,27,0,ALWAYS
AM-MEL-028,4,28,0,ALWAYS
AM-MEL-028,4,29,0,ALWAYS
AM-MEL-028,4,30,0,ALWAYS
AM-MEL-028,5,1,0,ALWAYS
AM-MEL-028,5,2,0,ALWAYS
AM-MEL-028,5,3,0,ALWAYS
AM-MEL-028,5,4,0,ALWAYS
AM-MEL-028,5,5,0,ALWAYS
AM-MEL-028,5,6,0,ALWAYS
AM-MEL-028,5,7,0,ALWAYS
AM-MEL-028,5,8,0,ALWAYS
AM-MEL-028,5,9,0,ALWAYS
AM-MEL-028,5,10,0,ALWAYS
AM-MEL-028,5,11,0,ALWAYS
AM-MEL-028,5,12,0,ALWAYS
AM-MEL-028,5,13,0,ALWAYS
AM-MEL-028,5,14,0,ALWAYS
AM-MEL-028,5,15,0,ALWAYS
AM-MEL-028,5,16,0,ALWAYS
AM-MEL-028,5,17,0,ALWAYS
AM-MEL-028,5,18,0,ALWAYS
AM-MEL-028,5,19,0,ALWAYS
AM-MEL-028,5,20,0,ALWAYS
AM-MEL-028,5,21,0,ALWAYS
AM-MEL-028,5,22,0,ALWAYS
AM-MEL-028,5,23,0,ALWAYS
AM-MEL-028,5,24,0,ALWAYS
AM-MEL-028,5,25,0,ALWAYS
AM-MEL-028,5,26,0,ALWAYS
AM-MEL-028,5,27,0,ALWAYS
AM-MEL-028,5,28,0,ALWAYS
AM-MEL-028,5,29,0,ALWAYS
AM-MEL-028,5,30,0,ALWAYS
AM-MEL-028,6,1,0,ALWAYS
AM-MEL-028,6,2,0,ALWAYS
AM-MEL-028,6,3,0,ALWAYS
AM-MEL-028,6,4,0,ALWAYS
AM-MEL-028,6,5,0,ALWAYS
AM-MEL-028,6,6,0,ALWAYS
AM-MEL-028,6,7,0,ALWAYS
AM-MEL-028,6,8,0,ALWAYS
AM-MEL-028,6,9,0,ALWAYS
AM-MEL-028,6,10,0,ALWAYS
AM-MEL-028,6,11,0,ALWAYS
AM-MEL-028,6,12,0,ALWAYS
AM-MEL-028,6,13,0,ALWAYS
AM-MEL-028,6,14,0,ALWAYS
AM-MEL-028,6,15,0,ALWAYS
AM-MEL-028,6,16,0,ALWAYS
AM-MEL-028,6,17,0,ALWAYS
AM-MEL-028,6,18,0,ALWAYS
AM-MEL-028,6,19,0,ALWAYS
AM-MEL-028,6,20,0,ALWAYS
AM-MEL-028,6,21,0,ALWAYS
AM-MEL-028,6,22,0,ALWAYS
AM-MEL-028,6,23,0,ALWAYS
AM-MEL-028,6,24,0,ALWAYS
AM-MEL-028,6,25,0,ALWAYS
AM-MEL-028,6,26,0,ALWAYS
AM-MEL-028,6,27,0,ALWAYS
AM-MEL-028,6,28,0,ALWAYS
AM-MEL-028,6,29,0,ALWAYS
AM-MEL-028,6,30,0,ALWAYS
AM-MEL-028,7,1,0,ALWAYS
AM-MEL-028,7,2,0,ALWAYS
AM-MEL-028,7,3,0,ALWAYS
AM-MEL-028,7,4,0,ALWAYS
AM-MEL-028,7,5,0,ALWAYS
AM-MEL-028,7,6,0,ALWAYS
AM-MEL-028,7,7,0,ALWAYS
AM-MEL-028,7,8,0,ALWAYS
AM-MEL-028,7,9,0,ALWAYS
AM-MEL-028,7,10,0,ALWAYS
AM-MEL-028,7,11,0,ALWAYS
AM-MEL-028,7,12,0,ALWAYS
AM-MEL-028,7,13,0,ALWAYS
AM-MEL-028,7,14,0,ALWAYS
AM-MEL-028,7,15,0,ALWAYS
AM-MEL-028,7,16,0,ALWAYS
AM-MEL-028,7,17,0,ALWAYS
AM-MEL-028,7,18,0,ALWAYS
AM-MEL-028,7,19,0,ALWAYS
AM-MEL-028,7,20,0,ALWAYS
AM-MEL-028,7,21,0,ALWAYS
AM-MEL-028,7,22,0,ALWAYS
AM-MEL-028,7,23,0,ALWAYS
AM-MEL-028,7,24,0,ALWAYS
AM-MEL-028,7,25,0,ALWAYS
AM-MEL-028,7,26,0,ALWAYS
AM-MEL-028,7,27,0,ALWAYS
AM-MEL-028,7,28,0,ALWAYS
AM-MEL-028,7,29,0,ALWAYS
AM-MEL-028,7,30,0,ALWAYS
AM-MEL-028,8,1,0,ALWAYS
AM-MEL-028,8,2,0,ALWAYS
AM-MEL-028,8,3,0,ALWAYS
AM-MEL-028,8,4,0,ALWAYS
AM-MEL-028,8,5,0,ALWAYS
AM-MEL-028,8,6,0,ALWAYS
AM-MEL-028,8,7,0,ALWAYS
AM-MEL-028,8,8,0,ALWAYS
AM-MEL-028,8,9,0,ALWAYS
AM-MEL-028,8,10,0,ALWAYS
AM-MEL-028,8,11,0,ALWAYS
AM-MEL-028,8,12,0,ALWAYS
AM-MEL-028,8,13,0,ALWAYS
AM-MEL-028,8,14,0,ALWAYS
AM-MEL-028,8,15,0,ALWAYS
AM-MEL-028,8,16,0,ALWAYS
AM-MEL-028,8,17,0,ALWAYS
AM-MEL-028,8,18,0,ALWAYS
AM-MEL-028,8,19,0,ALWAYS
AM-MEL-028,8,20,0,ALWAYS
AM-MEL-028,8,21,0,ALWAYS
AM-MEL-028,8,22,0,ALWAYS
AM-MEL-028,8,23,0,ALWAYS
AM-MEL-028,8,24,0,ALWAYS
AM-MEL-028,8,25,0,ALWAYS
AM-MEL-028,8,26,0,ALWAYS
AM-MEL-028,8,27,0,ALWAYS
AM-MEL-028,8,28,0,ALWAYS
AM-MEL-028,8,29,0,ALWAYS
AM-MEL-028,8,30,0,ALWAYS
AM-MEL-028,9,1,0,ALWAYS
AM-MEL-028,9,2,0,ALWAYS
AM-MEL-028,9,3,0,ALWAYS
AM-MEL-028,9,4,0,ALWAYS
AM-MEL-028,9,5,0,ALWAYS
AM-MEL-028,9,6,0,ALWAYS
AM-MEL-028,9,7,0,ALWAYS
AM-MEL-028,9,8,0,ALWAYS
AM-MEL-028,9,9,0,ALWAYS
AM-MEL-028,9,10,0,ALWAYS
AM-MEL-028,9,11,0,ALWAYS
AM-MEL-028,9,12,0,ALWAYS
AM-MEL-028,9,13,0,ALWAYS
AM-MEL-028,9,14,0,ALWAYS
AM-MEL-028,9,15,0,ALWAYS
AM-MEL-028,9,16,0,ALWAYS
AM-MEL-028,9,17,0,ALWAYS
AM-MEL-028,9,18,0,ALWAYS
AM-MEL-028,9,19,0,ALWAYS
AM-MEL-028,9,20,0,ALWAYS
AM-MEL-028,9,21,0,ALWAYS
AM-MEL-028,9,22,0,ALWAYS
AM-MEL-028,9,23,0,ALWAYS
AM-MEL-028,9,24,0,ALWAYS
AM-MEL-028,9,25,0,ALWAYS
AM-MEL-028,9,26,0,ALWAYS
AM-MEL-028,9,27,0,ALWAYS
AM-MEL-028,9,28,0,ALWAYS
AM-MEL-028,9,29,0,ALWAYS
AM-MEL-028,9,30,0,ALWAYS
AM-MEL-028,10,1,0,ALWAYS
AM-MEL-028,10,2,0,ALWAYS
AM-MEL-028,10,3,0,ALWAYS
AM-MEL-028,10,4,0,ALWAYS
AM-MEL-028,10,5,0,ALWAYS
AM-MEL-028,10,6,0,ALWAYS
AM-MEL-028,10,7,0,ALWAYS
AM-MEL-028,10,8,0,ALWAYS
AM-MEL-028,10,9,0,ALWAYS
AM-MEL-028,10,10,0,ALWAYS
AM-MEL-028,10,11,0,ALWAYS
AM-MEL-028,10,12,0,ALWAYS
AM-MEL-028,10,13,0,ALWAYS
AM-MEL-028,10,14,0,ALWAYS
AM-MEL-028,10,15,0,ALWAYS
AM-MEL-028,10,16,0,ALWAYS
AM-MEL-028,10,17,0,ALWAYS
AM-MEL-028,10,18,0,ALWAYS
AM-MEL-028,10,19,0,ALWAYS
AM-MEL-028,10,20,0,ALWAYS
AM-MEL-028,10,21,0,ALWAYS
AM-MEL-028,10,22,0,ALWAYS
AM-MEL-028,10,23,0,ALWAYS
AM-MEL-028,10,24,0,ALWAYS
AM-MEL-028,10,25,0,ALWAYS
AM-MEL-028,10,26,0,ALWAYS
AM-MEL-028,10,27,0,ALWAYS
AM-MEL-028,10,28,0,ALWAYS
AM-MEL-028,10,29,0,ALWAYS
AM-MEL-028,10,30,0,ALWAYS
AM-MEL-028,11,1,0,ALWAYS
AM-MEL-028,11,2,0,ALWAYS
AM-MEL-028,11,3,0,ALWAYS
AM-MEL-028,11,4,0,ALWAYS
AM-MEL-028,11,5,0,ALWAYS
AM-MEL-028,11,6,0,ALWAYS
AM-MEL-028,11,7,0,ALWAYS
AM-MEL-028,11,8,0,ALWAYS
AM-MEL-028,11,9,0,ALWAYS
AM-MEL-028,11,10,0,ALWAYS
AM-MEL-028,11,11,0,ALWAYS
AM-MEL-028,11,12,0,ALWAYS
AM-MEL-028,11,13,0,ALWAYS
AM-MEL-028,11,14,0,ALWAYS
AM-MEL-028,11,15,0,ALWAYS
AM-MEL-028,11,16,0,ALWAYS
AM-MEL-028,11,17,0,ALWAYS
AM-MEL-028,11,18,0,ALWAYS
AM-MEL-028,11,19,0,ALWAYS
AM-MEL-028,11,20,0,ALWAYS
AM-MEL-028,11,21,0,ALWAYS
AM-MEL-028,11,22,0,ALWAYS
AM-MEL-028,11,23,0,ALWAYS
AM-MEL-028,11,24,0,ALWAYS
AM-MEL-028,11,25,0,ALWAYS
AM-MEL-028,11,26,0,ALWAYS
AM-MEL-028,11,27,0,ALWAYS
AM-MEL-028,11,28,0,ALWAYS
AM-MEL-028,11,29,0,ALWAYS
AM-MEL-028,11,30,0,ALWAYS
AM-MEL-028,12,1,0,ALWAYS
AM-MEL-028,12,2,0,ALWAYS
AM-MEL-028,12,3,0,ALWAYS
AM-MEL-028,12,4,0,ALWAYS
AM-MEL-028,12,5,0,ALWAYS
AM-MEL-028,12,6,0,ALWAYS
AM-MEL-028,12,7,0,ALWAYS
AM-MEL-028,12,8,0,ALWAYS
AM-MEL-028,12,9,0,ALWAYS
AM-MEL-028,12,10,0,ALWAYS
AM-MEL-028,12,11,0,ALWAYS
AM-MEL-028,12,12,0,ALWAYS
AM-MEL-028,12,13,0,ALWAYS
AM-MEL-028,12,14,0,ALWAYS
AM-MEL-028,12,15,0,ALWAYS
AM-MEL-028,12,16,0,ALWAYS
AM-MEL-028,12,17,0,ALWAYS
AM-MEL-028,12,18,0,ALWAYS
AM-MEL-028,12,19,0,ALWAYS
AM-MEL-028,12,20,0,ALWAYS
AM-MEL-028,12,21,0,ALWAYS
AM-MEL-028,12,22,0,ALWAYS
AM-MEL-028,12,23,0,ALWAYS
AM-MEL-028,12,24,0,ALWAYS
AM-MEL-028,12,25,0,ALWAYS
AM-MEL-028,12,26,0,ALWAYS
AM-MEL-028,12,27,0,ALWAYS
AM-MEL-028,12,28,0,ALWAYS
AM-MEL-028,12,29,0,ALWAYS
AM-MEL-028,12,30,0,ALWAYS
AM-MEL-028,13,1,0,ALWAYS
AM-MEL-028,13,2,0,ALWAYS
AM-MEL-028,13,3,0,ALWAYS
AM-MEL-028,13,4,0,ALWAYS
AM-MEL-028,13,5,0,ALWAYS
AM-MEL-028,13,6,0,ALWAYS
AM-MET-001,1,1,0,ALWAYS
AM-MET-001,1,2,0,ALWAYS
AM-MET-001,1,3,0,ALWAYS
AM-MET-001,1,4,0,ALWAYS
AM-MET-001,1,5,0,ALWAYS
AM-MET-001,1,6,0,ALWAYS
AM-MET-001,1,7,0,ALWAYS
AM-MET-001,1,8,0,ALWAYS
AM-MET-001,1,9,0,ALWAYS
AM-MET-001,1,10,0,ALWAYS
AM-MET-001,1,11,0,ALWAYS
AM-MET-001,1,12,0,ALWAYS
AM-MET-001,1,13,0,ALWAYS
AM-MET-001,1,14,0,ALWAYS
AM-MET-001,1,15,0,ALWAYS
AM-MET-001,1,16,0,ALWAYS
AM-MET-001,1,17,0,ALWAYS
AM-MET-001,1,18,0,ALWAYS
AM-MET-001,1,19,0,ALWAYS
AM-MET-001,1,20,0,ALWAYS
AM-MET-001,1,21,0,ALWAYS
AM-MET-001,1,22,0,ALWAYS
AM-MET-001,1,23,0,ALWAYS
AM-MET-001,1,24,0,ALWAYS
AM-MET-001,1,25,0,ALWAYS
AM-MET-001,1,26,0,ALWAYS
AM-MET-001,1,27,0,ALWAYS
AM-MET-001,1,28,0,ALWAYS
AM-MET-001,1,29,0,ALWAYS
AM-MET-001,1,30,0,ALWAYS
AM-MET-001,2,1,0,ALWAYS
AM-MET-001,2,2,0,ALWAYS
AM-MET-001,2,3,0,ALWAYS
AM-MET-001,2,4,0,ALWAYS
AM-MET-001,2,5,0,ALWAYS
AM-MET-001,2,6,0,ALWAYS
AM-MET-001,2,7,0,ALWAYS
AM-MET-001,2,8,0,ALWAYS
AM-MET-001,2,9,0,ALWAYS
AM-MET-001,2,10,0,ALWAYS
AM-MET-001,2,11,0,ALWAYS
AM-MET-001,2,12,0,ALWAYS
AM-MET-001,2,13,0,ALWAYS
AM-MET-001,2,14,0,ALWAYS
AM-MET-001,2,15,0,ALWAYS
AM-MET-001,2,16,0,ALWAYS
AM-MET-001,2,17,0,ALWAYS
AM-MET-001,2,18,0,ALWAYS
AM-MET-001,2,19,0,ALWAYS
AM-MET-001,2,20,0,ALWAYS
AM-MET-001,2,21,0,ALWAYS
AM-MET-001,2,22,0,ALWAYS
AM-MET-001,2,23,0,ALWAYS
AM-MET-001,2,24,0,ALWAYS
AM-MET-001,2,25,0,ALWAYS
AM-MET-001,2,26,0,ALWAYS
AM-MET-001,2,27,0,ALWAYS
AM-MET-001,2,28,0,ALWAYS
AM-MET-001,2,29,0,ALWAYS
AM-MET-001,2,30,0,ALWAYS
AM-MET-001,3,1,0,ALWAYS
AM-MET-001,3,2,0,ALWAYS
AM-MET-001,3,3,0,ALWAYS
AM-MET-001,3,4,0,ALWAYS
AM-MET-001,3,5,0,ALWAYS
AM-MET-001,3,6,0,ALWAYS
AM-MET-001,3,7,0,ALWAYS
AM-MET-001,3,8,0,ALWAYS
AM-MET-001,3,9,0,ALWAYS
AM-MET-001,3,10,0,ALWAYS
AM-MET-001,3,11,0,ALWAYS
AM-MET-001,3,12,0,ALWAYS
AM-MET-001,3,13,0,ALWAYS
AM-MET-001,3,14,0,ALWAYS
AM-MET-001,3,15,0,ALWAYS
AM-MET-001,3,16,0,ALWAYS
AM-MET-001,3,17,0,ALWAYS
AM-MET-001,3,18,0,ALWAYS
AM-MET-001,3,19,0,ALWAYS
AM-MET-001,3,20,0,ALWAYS
AM-MET-001,3,21,0,ALWAYS
AM-MET-001,3,22,0,ALWAYS
AM-MET-001,3,23,0,ALWAYS
AM-MET-001,3,24,0,ALWAYS
AM-MET-001,3,25,0,ALWAYS
AM-MET-001,3,26,0,ALWAYS
AM-MET-001,3,27,0,ALWAYS
AM-MET-001,3,28,0,ALWAYS
AM-MET-001,3,29,0,ALWAYS
AM-MET-001,3,30,0,ALWAYS
AM-MET-001,4,1,0,ALWAYS
AM-MET-001,4,2,0,ALWAYS
AM-MET-001,4,3,0,ALWAYS
AM-MET-001,4,4,0,ALWAYS
AM-MET-001,4,5,0,ALWAYS
AM-MET-001,4,6,0,ALWAYS
AM-MET-001,4,7,0,ALWAYS
AM-MET-001,4,8,0,ALWAYS
AM-MET-001,4,9,0,ALWAYS
AM-MET-001,4,10,0,ALWAYS
AM-MET-001,4,11,0,ALWAYS
AM-MET-001,4,12,0,ALWAYS
AM-MET-001,4,13,0,ALWAYS
AM-MET-001,4,14,0,ALWAYS
AM-MET-001,4,15,0,ALWAYS
AM-MET-001,4,16,0,ALWAYS
AM-MET-001,4,17,0,ALWAYS
AM-MET-001,4,18,0,ALWAYS
AM-MET-001,4,19,0,ALWAYS
AM-MET-001,4,20,0,ALWAYS
AM-MET-001,4,21,0,ALWAYS
AM-MET-001,4,22,0,ALWAYS
AM-MET-001,4,23,0,ALWAYS
AM-MET-001,4,24,0,ALWAYS
AM-MET-001,4,25,0,ALWAYS
AM-MET-001,4,26,0,ALWAYS
AM-MET-001,4,27,0,ALWAYS
AM-MET-001,4,28,0,ALWAYS
AM-MET-001,4,29,0,ALWAYS
AM-MET-001,4,30,0,ALWAYS
AM-MET-001,5,1,0,ALWAYS
AM-MET-001,5,2,0,ALWAYS
AM-MET-001,5,3,0,ALWAYS
AM-MET-001,5,4,0,ALWAYS
AM-MET-001,5,5,0,ALWAYS
AM-MET-001,5,6,0,ALWAYS
AM-MET-001,5,7,0,ALWAYS
AM-MET-001,5,8,0,ALWAYS
AM-MET-001,5,9,0,ALWAYS
AM-MET-001,5,10,0,ALWAYS
AM-MET-001,5,11,0,ALWAYS
AM-MET-001,5,12,0,ALWAYS
AM-MET-001,5,13,0,ALWAYS
AM-MET-001,5,14,0,ALWAYS
AM-MET-001,5,15,0,ALWAYS
AM-MET-001,5,16,0,ALWAYS
AM-MET-001,5,17,0,ALWAYS
AM-MET-001,5,18,0,ALWAYS
AM-MET-001,5,19,0,ALWAYS
AM-MET-001,5,20,0,ALWAYS
AM-MET-001,5,21,0,ALWAYS
AM-MET-001,5,22,0,ALWAYS
AM-MET-001,5,23,0,ALWAYS
AM-MET-001,5,24,0,ALWAYS
AM-MET-001,5,25,0,ALWAYS
AM-MET-001,5,26,0,ALWAYS
AM-MET-001,5,27,0,ALWAYS
AM-MET-001,5,28,0,ALWAYS
AM-MET-001,5,29,0,ALWAYS
AM-MET-001,5,30,0,ALWAYS
AM-MET-001,6,1,0,ALWAYS
AM-MET-001,6,2,0,ALWAYS
AM-MET-001,6,3,0,ALWAYS
AM-MET-001,6,4,0,ALWAYS
AM-MET-001,6,5,0,ALWAYS
AM-MET-001,6,6,0,ALWAYS
AM-MET-001,6,7,0,ALWAYS
AM-MET-001,6,8,0,ALWAYS
AM-MET-001,6,9,0,ALWAYS
AM-MET-001,6,10,0,ALWAYS
AM-MET-001,6,11,0,ALWAYS
AM-MET-001,6,12,0,ALWAYS
AM-MET-001,6,13,0,ALWAYS
AM-MET-001,6,14,0,ALWAYS
AM-MET-001,6,15,0,ALWAYS
AM-MET-001,6,16,0,ALWAYS
AM-MET-001,6,17,0,ALWAYS
AM-MET-001,6,18,0,ALWAYS
AM-MET-001,6,19,0,ALWAYS
AM-MET-001,6,20,0,ALWAYS
AM-MET-001,6,21,0,ALWAYS
AM-MET-001,6,22,0,ALWAYS
AM-MET-001,6,23,0,ALWAYS
AM-MET-001,6,24,0,ALWAYS
AM-MET-001,6,25,0,ALWAYS
AM-MET-001,6,26,0,ALWAYS
AM-MET-001,6,27,0,ALWAYS
AM-MET-001,6,28,0,ALWAYS
AM-MET-001,6,29,0,ALWAYS
AM-MET-001,6,30,0,ALWAYS
AM-MET-001,7,1,0,ALWAYS
AM-MET-001,7,2,0,ALWAYS
AM-MET-001,7,3,0,ALWAYS
AM-MET-001,7,4,0,ALWAYS
AM-MET-001,7,5,0,ALWAYS
AM-MET-001,7,6,0,ALWAYS
AM-MET-001,7,7,0,ALWAYS
AM-MET-001,7,8,0,ALWAYS
AM-MET-001,7,9,0,ALWAYS
AM-MET-001,7,10,0,ALWAYS
AM-MET-001,7,11,0,ALWAYS
AM-MET-001,7,12,0,ALWAYS
AM-MET-001,7,13,0,ALWAYS
AM-MET-001,7,14,0,ALWAYS
AM-MET-001,7,15,0,ALWAYS
AM-MET-001,7,16,0,ALWAYS
AM-MET-001,7,17,0,ALWAYS
AM-MET-001,7,18,0,ALWAYS
AM-MET-001,7,19,0,ALWAYS
AM-MET-001,7,20,0,ALWAYS
AM-MET-001,7,21,0,ALWAYS
AM-MET-001,7,22,0,ALWAYS
AM-MET-001,7,23,0,ALWAYS
AM-MET-001,7,24,0,ALWAYS
AM-MET-001,7,25,0,ALWAYS
AM-MET-001,7,26,0,ALWAYS
AM-MET-001,7,27,0,ALWAYS
AM-MET-001,7,28,0,ALWAYS
AM-MET-001,7,29,0,ALWAYS
AM-MET-001,7,30,0,ALWAYS
AM-MET-001,8,1,0,ALWAYS
AM-MET-001,8,2,0,ALWAYS
AM-MET-001,8,3,0,ALWAYS
AM-MET-001,8,4,0,ALWAYS
AM-MET-001,8,5,0,ALWAYS
AM-MET-001,8,6,0,ALWAYS
AM-MET-001,8,7,0,ALWAYS
AM-MET-001,8,8,0,ALWAYS
AM-MET-001,8,9,0,ALWAYS
AM-MET-001,8,10,0,ALWAYS
AM-MET-001,8,11,0,ALWAYS
AM-MET-001,8,12,0,ALWAYS
AM-MET-001,8,13,0,ALWAYS
AM-MET-001,8,14,0,ALWAYS
AM-MET-001,8,15,0,ALWAYS
AM-MET-001,8,16,0,ALWAYS
AM-MET-001,8,17,0,ALWAYS
AM-MET-001,8,18,0,ALWAYS
AM-MET-001,8,19,0,ALWAYS
AM-MET-001,8,20,0,ALWAYS
AM-MET-001,8,21,0,ALWAYS
AM-MET-001,8,22,0,ALWAYS
AM-MET-001,8,23,0,ALWAYS
AM-MET-001,8,24,0,ALWAYS
AM-MET-001,8,25,0,ALWAYS
AM-MET-001,8,26,0,ALWAYS
AM-MET-001,8,27,0,ALWAYS
AM-MET-001,8,28,0,ALWAYS
AM-MET-001,8,29,0,ALWAYS
AM-MET-001,8,30,0,ALWAYS
AM-MET-001,9,1,0,ALWAYS
AM-MET-001,9,2,0,ALWAYS
AM-MET-001,9,3,0,ALWAYS
AM-MET-001,9,4,0,ALWAYS
AM-MET-001,9,5,0,ALWAYS
AM-MET-001,9,6,0,ALWAYS
AM-MET-001,9,7,0,ALWAYS
AM-MET-001,9,8,0,ALWAYS
AM-MET-001,9,9,0,ALWAYS
AM-MET-001,9,10,0,ALWAYS
AM-MET-001,9,11,0,ALWAYS
AM-MET-001,9,12,0,ALWAYS
AM-MET-001,9,13,0,ALWAYS
AM-MET-001,9,14,0,ALWAYS
AM-MET-001,9,15,0,ALWAYS
AM-MET-001,9,16,0,ALWAYS
AM-MET-001,9,17,0,ALWAYS
AM-MET-001,9,18,0,ALWAYS
AM-MET-001,9,19,0,ALWAYS
AM-MET-001,9,20,0,ALWAYS
AM-MET-001,9,21,0,ALWAYS
AM-MET-001,9,22,0,ALWAYS
AM-MET-001,9,23,0,ALWAYS
AM-MET-001,9,24,0,ALWAYS
AM-MET-001,9,25,0,ALWAYS
AM-MET-001,9,26,0,ALWAYS
AM-MET-001,9,27,0,ALWAYS
AM-MET-001,9,28,0,ALWAYS
AM-MET-001,9,29,0,ALWAYS
AM-MET-001,9,30,0,ALWAYS
AM-MET-001,10,1,0,ALWAYS
AM-MET-001,10,2,0,ALWAYS
AM-MET-001,10,3,0,ALWAYS
AM-MET-001,10,4,0,ALWAYS
AM-MET-001,10,5,0,ALWAYS
AM-MET-001,10,6,0,ALWAYS
AM-MET-001,10,7,0,ALWAYS
AM-MET-001,10,8,0,ALWAYS
AM-MET-001,10,9,0,ALWAYS
AM-MET-001,10,10,0,ALWAYS
AM-MET-001,10,11,0,ALWAYS
AM-MET-001,10,12,0,ALWAYS
AM-MET-001,10,13,0,ALWAYS
AM-MET-001,10,14,0,ALWAYS
AM-MET-001,10,15,0,ALWAYS
AM-MET-001,10,16,0,ALWAYS
AM-MET-001,10,17,0,ALWAYS
AM-MET-001,10,18,0,ALWAYS
AM-MET-001,10,19,0,ALWAYS
AM-MET-001,10,20,0,ALWAYS
AM-MET-001,10,21,0,ALWAYS
AM-MET-001,10,22,0,ALWAYS
AM-MET-001,10,23,0,ALWAYS
AM-MET-001,10,24,0,ALWAYS
AM-MET-001,10,25,0,ALWAYS
AM-MET-001,10,26,0,ALWAYS
AM-MET-001,10,27,0,ALWAYS
AM-MET-001,10,28,0,ALWAYS
AM-MET-001,10,29,0,ALWAYS
AM-MET-001,10,30,0,ALWAYS
AM-MET-001,11,1,0,ALWAYS
AM-MET-001,11,2,0,ALWAYS
AM-MET-001,11,3,0,ALWAYS
AM-MET-001,11,4,0,ALWAYS
AM-MET-001,11,5,0,ALWAYS
AM-MET-001,11,6,0,ALWAYS
AM-MET-001,11,7,0,ALWAYS
AM-MET-001,11,8,0,ALWAYS
AM-MET-001,11,9,0,ALWAYS
AM-MET-001,11,10,0,ALWAYS
AM-MET-001,11,11,0,ALWAYS
AM-MET-001,11,12,0,ALWAYS
AM-MET-001,11,13,0,ALWAYS
AM-MET-001,11,14,0,ALWAYS
AM-MET-001,11,15,0,ALWAYS
AM-MET-001,11,16,0,ALWAYS
AM-MET-001,11,17,0,ALWAYS
AM-MET-001,11,18,0,ALWAYS
AM-MET-001,11,19,0,ALWAYS
AM-MET-001,11,20,0,ALWAYS
AM-MET-001,11,21,0,ALWAYS
AM-MET-001,11,22,0,ALWAYS
AM-MET-001,11,23,0,ALWAYS
AM-MET-001,11,24,0,ALWAYS
AM-MET-001,11,25,0,ALWAYS
AM-MET-001,11,26,0,ALWAYS
AM-MET-001,11,27,0,ALWAYS
AM-MET-001,11,28,0,ALWAYS
AM-MET-001,11,29,0,ALWAYS
AM-MET-001,11,30,0,ALWAYS
AM-MET-001,12,1,0,ALWAYS
AM-MET-001,12,2,0,ALWAYS
AM-MET-001,12,3,0,ALWAYS
AM-MET-001,12,4,0,ALWAYS
AM-MET-001,12,5,0,ALWAYS
AM-MET-001,12,6,0,ALWAYS
AM-MET-001,12,7,0,ALWAYS
AM-MET-001,12,8,0,ALWAYS
AM-MET-001,12,9,0,ALWAYS
AM-MET-001,12,10,0,ALWAYS
AM-MET-001,12,11,0,ALWAYS
AM-MET-001,12,12,0,ALWAYS
AM-MET-001,12,13,0,ALWAYS
AM-MET-001,12,14,0,ALWAYS
AM-MET-001,12,15,0,ALWAYS
AM-MET-001,12,16,0,ALWAYS
AM-MET-001,12,17,0,ALWAYS
AM-MET-001,12,18,0,ALWAYS
AM-MET-001,12,19,0,ALWAYS
AM-MET-001,12,20,0,ALWAYS
AM-MET-001,12,21,0,ALWAYS
AM-MET-001,12,22,0,ALWAYS
AM-MET-001,12,23,0,ALWAYS
AM-MET-001,12,24,0,ALWAYS
AM-MET-001,12,25,0,ALWAYS
AM-MET-001,12,26,0,ALWAYS
AM-MET-001,12,27,0,ALWAYS
AM-MET-001,12,28,0,ALWAYS
AM-MET-001,12,29,0,ALWAYS
AM-MET-001,12,30,0,ALWAYS
AM-MET-001,13,1,0,ALWAYS
AM-MET-001,13,2,0,ALWAYS
AM-MET-001,13,3,0,ALWAYS
AM-MET-001,13,4,0,ALWAYS
AM-MET-001,13,5,0,ALWAYS
AM-MET-001,13,6,0,ALWAYS
AM-MET-002,1,1,0,ALWAYS
AM-MET-002,1,2,0,ALWAYS
AM-MET-002,1,3,0,ALWAYS
AM-MET-002,1,4,0,ALWAYS
AM-MET-002,1,5,0,ALWAYS
AM-MET-002,1,6,0,ALWAYS
AM-MET-002,1,7,0,ALWAYS
AM-MET-002,1,8,0,ALWAYS
AM-MET-002,1,9,0,ALWAYS
AM-MET-002,1,10,0,ALWAYS
AM-MET-002,1,11,0,ALWAYS
AM-MET-002,1,12,0,ALWAYS
AM-MET-002,1,13,0,ALWAYS
AM-MET-002,1,14,0,ALWAYS
AM-MET-002,1,15,0,ALWAYS
AM-MET-002,1,16,0,ALWAYS
AM-MET-002,1,17,0,ALWAYS
AM-MET-002,1,18,0,ALWAYS
AM-MET-002,1,19,0,ALWAYS
AM-MET-002,1,20,0,ALWAYS
AM-MET-002,1,21,0,ALWAYS
AM-MET-002,1,22,0,ALWAYS
AM-MET-002,1,23,0,ALWAYS
AM-MET-002,1,24,0,ALWAYS
AM-MET-002,1,25,0,ALWAYS
AM-MET-002,1,26,0,ALWAYS
AM-MET-002,1,27,0,ALWAYS
AM-MET-002,1,28,0,ALWAYS
AM-MET-002,1,29,0,ALWAYS
AM-MET-002,1,30,0,ALWAYS
AM-MET-002,2,1,0,ALWAYS
AM-MET-002,2,2,0,ALWAYS
AM-MET-002,2,3,0,ALWAYS
AM-MET-002,2,4,0,ALWAYS
AM-MET-002,2,5,0,ALWAYS
AM-MET-002,2,6,0,ALWAYS
AM-MET-002,2,7,0,ALWAYS
AM-MET-002,2,8,0,ALWAYS
AM-MET-002,2,9,0,ALWAYS
AM-MET-002,2,10,0,ALWAYS
AM-MET-002,2,11,0,ALWAYS
AM-MET-002,2,12,0,ALWAYS
AM-MET-002,2,13,0,ALWAYS
AM-MET-002,2,14,0,ALWAYS
AM-MET-002,2,15,0,ALWAYS
AM-MET-002,2,16,0,ALWAYS
AM-MET-002,2,17,0,ALWAYS
AM-MET-002,2,18,0,ALWAYS
AM-MET-002,2,19,0,ALWAYS
AM-MET-002,2,20,0,ALWAYS
AM-MET-002,2,21,0,ALWAYS
AM-MET-002,2,22,0,ALWAYS
AM-MET-002,2,23,0,ALWAYS
AM-MET-002,2,24,0,ALWAYS
AM-MET-002,2,25,0,ALWAYS
AM-MET-002,2,26,0,ALWAYS
AM-MET-002,2,27,0,ALWAYS
AM-MET-002,2,28,0,ALWAYS
AM-MET-002,2,29,0,ALWAYS
AM-MET-002,2,30,0,ALWAYS
AM-MET-002,3,1,0,ALWAYS
AM-MET-002,3,2,0,ALWAYS
AM-MET-002,3,3,0,ALWAYS
AM-MET-002,3,4,0,ALWAYS
AM-MET-002,3,5,0,ALWAYS
AM-MET-002,3,6,0,ALWAYS
AM-MET-002,3,7,0,ALWAYS
AM-MET-002,3,8,0,ALWAYS
AM-MET-002,3,9,0,ALWAYS
AM-MET-002,3,10,0,ALWAYS
AM-MET-002,3,11,0,ALWAYS
AM-MET-002,3,12,0,ALWAYS
AM-MET-002,3,13,0,ALWAYS
AM-MET-002,3,14,0,ALWAYS
AM-MET-002,3,15,0,ALWAYS
AM-MET-002,3,16,0,ALWAYS
AM-MET-002,3,17,0,ALWAYS
AM-MET-002,3,18,0,ALWAYS
AM-MET-002,3,19,0,ALWAYS
AM-MET-002,3,20,0,ALWAYS
AM-MET-002,3,21,0,ALWAYS
AM-MET-002,3,22,0,ALWAYS
AM-MET-002,3,23,0,ALWAYS
AM-MET-002,3,24,0,ALWAYS
AM-MET-002,3,25,0,ALWAYS
AM-MET-002,3,26,0,ALWAYS
AM-MET-002,3,27,0,ALWAYS
AM-MET-002,3,28,0,ALWAYS
AM-MET-002,3,29,0,ALWAYS
AM-MET-002,3,30,0,ALWAYS
AM-MET-002,4,1,0,ALWAYS
AM-MET-002,4,2,0,ALWAYS
AM-MET-002,4,3,0,ALWAYS
AM-MET-002,4,4,0,ALWAYS
AM-MET-002,4,5,0,ALWAYS
AM-MET-002,4,6,0,ALWAYS
AM-MET-002,4,7,0,ALWAYS
AM-MET-002,4,8,0,ALWAYS
AM-MET-002,4,9,0,ALWAYS
AM-MET-002,4,10,0,ALWAYS
AM-MET-002,4,11,0,ALWAYS
AM-MET-002,4,12,0,ALWAYS
AM-MET-002,4,13,0,ALWAYS
AM-MET-002,4,14,0,ALWAYS
AM-MET-002,4,15,0,ALWAYS
AM-MET-002,4,16,0,ALWAYS
AM-MET-002,4,17,0,ALWAYS
AM-MET-002,4,18,0,ALWAYS
AM-MET-002,4,19,0,ALWAYS
AM-MET-002,4,20,0,ALWAYS
AM-MET-002,4,21,0,ALWAYS
AM-MET-002,4,22,0,ALWAYS
AM-MET-002,4,23,0,ALWAYS
AM-MET-002,4,24,0,ALWAYS
AM-MET-002,4,25,0,ALWAYS
AM-MET-002,4,26,0,ALWAYS
AM-MET-002,4,27,0,ALWAYS
AM-MET-002,4,28,0,ALWAYS
AM-MET-002,4,29,0,ALWAYS
AM-MET-002,4,30,0,ALWAYS
AM-MET-002,5,1,0,ALWAYS
AM-MET-002,5,2,0,ALWAYS
AM-MET-002,5,3,0,ALWAYS
AM-MET-002,5,4,0,ALWAYS
AM-MET-002,5,5,0,ALWAYS
AM-MET-002,5,6,0,ALWAYS
AM-MET-002,5,7,0,ALWAYS
AM-MET-002,5,8,0,ALWAYS
AM-MET-002,5,9,0,ALWAYS
AM-MET-002,5,10,0,ALWAYS
AM-MET-002,5,11,0,ALWAYS
AM-MET-002,5,12,0,ALWAYS
AM-MET-002,5,13,0,ALWAYS
AM-MET-002,5,14,0,ALWAYS
AM-MET-002,5,15,0,ALWAYS
AM-MET-002,5,16,0,ALWAYS
AM-MET-002,5,17,0,ALWAYS
AM-MET-002,5,18,0,ALWAYS
AM-MET-002,5,19,0,ALWAYS
AM-MET-002,5,20,0,ALWAYS
AM-MET-002,5,21,0,ALWAYS
AM-MET-002,5,22,0,ALWAYS
AM-MET-002,5,23,0,ALWAYS
AM-MET-002,5,24,0,ALWAYS
AM-MET-002,5,25,0,ALWAYS
AM-MET-002,5,26,0,ALWAYS
AM-MET-002,5,27,0,ALWAYS
AM-MET-002,5,28,0,ALWAYS
AM-MET-002,5,29,0,ALWAYS
AM-MET-002,5,30,0,ALWAYS
AM-MET-002,6,1,0,ALWAYS
AM-MET-002,6,2,0,ALWAYS
AM-MET-002,6,3,0,ALWAYS
AM-MET-002,6,4,0,ALWAYS
AM-MET-002,6,5,0,ALWAYS
AM-MET-002,6,6,0,ALWAYS
AM-MET-002,6,7,0,ALWAYS
AM-MET-002,6,8,0,ALWAYS
AM-MET-002,6,9,0,ALWAYS
AM-MET-002,6,10,0,ALWAYS
AM-MET-002,6,11,0,ALWAYS
AM-MET-002,6,12,0,ALWAYS
AM-MET-002,6,13,0,ALWAYS
AM-MET-002,6,14,0,ALWAYS
AM-MET-002,6,15,0,ALWAYS
AM-MET-002,6,16,0,ALWAYS
AM-MET-002,6,17,0,ALWAYS
AM-MET-002,6,18,0,ALWAYS
AM-MET-002,6,19,0,ALWAYS
AM-MET-002,6,20,0,ALWAYS
AM-MET-002,6,21,0,ALWAYS
AM-MET-002,6,22,0,ALWAYS
AM-MET-002,6,23,0,ALWAYS
AM-MET-002,6,24,0,ALWAYS
AM-MET-002,6,25,0,ALWAYS
AM-MET-002,6,26,0,ALWAYS
AM-MET-002,6,27,0,ALWAYS
AM-MET-002,6,28,0,ALWAYS
AM-MET-002,6,29,0,ALWAYS
AM-MET-002,6,30,0,ALWAYS
AM-MET-002,7,1,0,ALWAYS
AM-MET-002,7,2,0,ALWAYS
AM-MET-002,7,3,0,ALWAYS
AM-MET-002,7,4,0,ALWAYS
AM-MET-002,7,5,0,ALWAYS
AM-MET-002,7,6,0,ALWAYS
AM-MET-002,7,7,0,ALWAYS
AM-MET-002,7,8,0,ALWAYS
AM-MET-002,7,9,0,ALWAYS
AM-MET-002,7,10,0,ALWAYS
AM-MET-002,7,11,0,ALWAYS
AM-MET-002,7,12,0,ALWAYS
AM-MET-002,7,13,0,ALWAYS
AM-MET-002,7,14,0,ALWAYS
AM-MET-002,7,15,0,ALWAYS
AM-MET-002,7,16,0,ALWAYS
AM-MET-002,7,17,0,ALWAYS
AM-MET-002,7,18,0,ALWAYS
AM-MET-002,7,19,0,ALWAYS
AM-MET-002,7,20,0,ALWAYS
AM-MET-002,7,21,0,ALWAYS
AM-MET-002,7,22,0,ALWAYS
AM-MET-002,7,23,0,ALWAYS
AM-MET-002,7,24,0,ALWAYS
AM-MET-002,7,25,0,ALWAYS
AM-MET-002,7,26,0,ALWAYS
AM-MET-002,7,27,0,ALWAYS
AM-MET-002,7,28,0,ALWAYS
AM-MET-002,7,29,0,ALWAYS
AM-MET-002,7,30,0,ALWAYS
AM-MET-002,8,1,0,ALWAYS
AM-MET-002,8,2,0,ALWAYS
AM-MET-002,8,3,0,ALWAYS
AM-MET-002,8,4,0,ALWAYS
AM-MET-002,8,5,0,ALWAYS
AM-MET-002,8,6,0,ALWAYS
AM-MET-002,8,7,0,ALWAYS
AM-MET-002,8,8,0,ALWAYS
AM-MET-002,8,9,0,ALWAYS
AM-MET-002,8,10,0,ALWAYS
AM-MET-002,8,11,0,ALWAYS
AM-MET-002,8,12,0,ALWAYS
AM-MET-002,8,13,0,ALWAYS
AM-MET-002,8,14,0,ALWAYS
AM-MET-002,8,15,0,ALWAYS
AM-MET-002,8,16,0,ALWAYS
AM-MET-002,8,17,0,ALWAYS
AM-MET-002,8,18,0,ALWAYS
AM-MET-002,8,19,0,ALWAYS
AM-MET-002,8,20,0,ALWAYS
AM-MET-002,8,21,0,ALWAYS
AM-MET-002,8,22,0,ALWAYS
AM-MET-002,8,23,0,ALWAYS
AM-MET-002,8,24,0,ALWAYS
AM-MET-002,8,25,0,ALWAYS
AM-MET-002,8,26,0,ALWAYS
AM-MET-002,8,27,0,ALWAYS
AM-MET-002,8,28,0,ALWAYS
AM-MET-002,8,29,0,ALWAYS
AM-MET-002,8,30,0,ALWAYS
AM-MET-002,9,1,0,ALWAYS
AM-MET-002,9,2,0,ALWAYS
AM-MET-002,9,3,0,ALWAYS
AM-MET-002,9,4,0,ALWAYS
AM-MET-002,9,5,0,ALWAYS
AM-MET-002,9,6,0,ALWAYS
AM-MET-002,9,7,0,ALWAYS
AM-MET-002,9,8,0,ALWAYS
AM-MET-002,9,9,0,ALWAYS
AM-MET-002,9,10,0,ALWAYS
AM-MET-002,9,11,0,ALWAYS
AM-MET-002,9,12,0,ALWAYS
AM-MET-002,9,13,0,ALWAYS
AM-MET-002,9,14,0,ALWAYS
AM-MET-002,9,15,0,ALWAYS
AM-MET-002,9,16,0,ALWAYS
AM-MET-002,9,17,0,ALWAYS
AM-MET-002,9,18,0,ALWAYS
AM-MET-002,9,19,0,ALWAYS
AM-MET-002,9,20,0,ALWAYS
AM-MET-002,9,21,0,ALWAYS
AM-MET-002,9,22,0,ALWAYS
AM-MET-002,9,23,0,ALWAYS
AM-MET-002,9,24,0,ALWAYS
AM-MET-002,9,25,0,ALWAYS
AM-MET-002,9,26,0,ALWAYS
AM-MET-002,9,27,0,ALWAYS
AM-MET-002,9,28,0,ALWAYS
AM-MET-002,9,29,0,ALWAYS
AM-MET-002,9,30,0,ALWAYS
AM-MET-002,10,1,0,ALWAYS
AM-MET-002,10,2,0,ALWAYS
AM-MET-002,10,3,0,ALWAYS
AM-MET-002,10,4,0,ALWAYS
AM-MET-002,10,5,0,ALWAYS
AM-MET-002,10,6,0,ALWAYS
AM-MET-002,10,7,0,ALWAYS
AM-MET-002,10,8,0,ALWAYS
AM-MET-002,10,9,0,ALWAYS
AM-MET-002,10,10,0,ALWAYS
AM-MET-002,10,11,0,ALWAYS
AM-MET-002,10,12,0,ALWAYS
AM-MET-002,10,13,0,ALWAYS
AM-MET-002,10,14,0,ALWAYS
AM-MET-002,10,15,0,ALWAYS
AM-MET-002,10,16,0,ALWAYS
AM-MET-002,10,17,0,ALWAYS
AM-MET-002,10,18,0,ALWAYS
AM-MET-002,10,19,0,ALWAYS
AM-MET-002,10,20,0,ALWAYS
AM-MET-002,10,21,0,ALWAYS
AM-MET-002,10,22,0,ALWAYS
AM-MET-002,10,23,0,ALWAYS
AM-MET-002,10,24,0,ALWAYS
AM-MET-002,10,25,0,ALWAYS
AM-MET-002,10,26,0,ALWAYS
AM-MET-002,10,27,0,ALWAYS
AM-MET-002,10,28,0,ALWAYS
AM-MET-002,10,29,0,ALWAYS
AM-MET-002,10,30,0,ALWAYS
AM-MET-002,11,1,0,ALWAYS
AM-MET-002,11,2,0,ALWAYS
AM-MET-002,11,3,0,ALWAYS
AM-MET-002,11,4,0,ALWAYS
AM-MET-002,11,5,0,ALWAYS
AM-MET-002,11,6,0,ALWAYS
AM-MET-002,11,7,0,ALWAYS
AM-MET-002,11,8,0,ALWAYS
AM-MET-002,11,9,0,ALWAYS
AM-MET-002,11,10,0,ALWAYS
AM-MET-002,11,11,0,ALWAYS
AM-MET-002,11,12,0,ALWAYS
AM-MET-002,11,13,0,ALWAYS
AM-MET-002,11,14,0,ALWAYS
AM-MET-002,11,15,0,ALWAYS
AM-MET-002,11,16,0,ALWAYS
AM-MET-002,11,17,0,ALWAYS
AM-MET-002,11,18,0,ALWAYS
AM-MET-002,11,19,0,ALWAYS
AM-MET-002,11,20,0,ALWAYS
AM-MET-002,11,21,0,ALWAYS
AM-MET-002,11,22,0,ALWAYS
AM-MET-002,11,23,0,ALWAYS
AM-MET-002,11,24,0,ALWAYS
AM-MET-002,11,25,0,ALWAYS
AM-MET-002,11,26,0,ALWAYS
AM-MET-002,11,27,0,ALWAYS
AM-MET-002,11,28,0,ALWAYS
AM-MET-002,11,29,0,ALWAYS
AM-MET-002,11,30,0,ALWAYS
AM-MET-002,12,1,0,ALWAYS
AM-MET-002,12,2,0,ALWAYS
AM-MET-002,12,3,0,ALWAYS
AM-MET-002,12,4,0,ALWAYS
AM-MET-002,12,5,0,ALWAYS
AM-MET-002,12,6,0,ALWAYS
AM-MET-002,12,7,0,ALWAYS
AM-MET-002,12,8,0,ALWAYS
AM-MET-002,12,9,0,ALWAYS
AM-MET-002,12,10,0,ALWAYS
AM-MET-002,12,11,0,ALWAYS
AM-MET-002,12,12,0,ALWAYS
AM-MET-002,12,13,0,ALWAYS
AM-MET-002,12,14,0,ALWAYS
AM-MET-002,12,15,0,ALWAYS
AM-MET-002,12,16,0,ALWAYS
AM-MET-002,12,17,0,ALWAYS
AM-MET-002,12,18,0,ALWAYS
AM-MET-002,12,19,0,ALWAYS
AM-MET-002,12,20,0,ALWAYS
AM-MET-002,12,21,0,ALWAYS
AM-MET-002,12,22,0,ALWAYS
AM-MET-002,12,23,0,ALWAYS
AM-MET-002,12,24,0,ALWAYS
AM-MET-002,12,25,0,ALWAYS
AM-MET-002,12,26,0,ALWAYS
AM-MET-002,12,27,0,ALWAYS
AM-MET-002,12,28,0,ALWAYS
AM-MET-002,12,29,0,ALWAYS
AM-MET-002,12,30,0,ALWAYS
AM-MET-002,13,1,0,ALWAYS
AM-MET-002,13,2,0,ALWAYS
AM-MET-002,13,3,0,ALWAYS
AM-MET-002,13,4,0,ALWAYS
AM-MET-002,13,5,0,ALWAYS
AM-MET-002,13,6,0,ALWAYS
AM-MZM-001,1,1,0,ALWAYS
AM-MZM-001,1,2,0,ALWAYS
AM-MZM-001,1,3,0,ALWAYS
AM-MZM-001,1,4,0,ALWAYS
AM-MZM-001,1,5,0,ALWAYS
AM-MZM-001,1,6,0,ALWAYS
AM-MZM-001,1,7,0,ALWAYS
AM-MZM-001,1,8,0,ALWAYS
AM-MZM-001,1,9,0,ALWAYS
AM-MZM-001,1,10,0,ALWAYS
AM-MZM-001,1,11,0,ALWAYS
AM-MZM-001,1,12,0,ALWAYS
AM-MZM-001,1,13,0,ALWAYS
AM-MZM-001,1,14,0,ALWAYS
AM-MZM-001,1,15,0,ALWAYS
AM-MZM-001,1,16,0,ALWAYS
AM-MZM-001,1,17,0,ALWAYS
AM-MZM-001,1,18,0,ALWAYS
AM-MZM-001,1,19,0,ALWAYS
AM-MZM-001,1,20,0,ALWAYS
AM-MZM-001,1,21,0,ALWAYS
AM-MZM-001,1,22,0,ALWAYS
AM-MZM-001,1,23,0,ALWAYS
AM-MZM-001,1,24,0,ALWAYS
AM-MZM-001,1,25,0,ALWAYS
AM-MZM-001,1,26,0,ALWAYS
AM-MZM-001,1,27,0,ALWAYS
AM-MZM-001,1,28,0,ALWAYS
AM-MZM-001,1,29,0,ALWAYS
AM-MZM-001,1,30,0,ALWAYS
AM-MZM-001,2,1,0,ALWAYS
AM-MZM-001,2,2,0,ALWAYS
AM-MZM-001,2,3,0,ALWAYS
AM-MZM-001,2,4,0,ALWAYS
AM-MZM-001,2,5,0,ALWAYS
AM-MZM-001,2,6,0,ALWAYS
AM-MZM-001,2,7,0,ALWAYS
AM-MZM-001,2,8,0,ALWAYS
AM-MZM-001,2,9,0,ALWAYS
AM-MZM-001,2,10,0,ALWAYS
AM-MZM-001,2,11,0,ALWAYS
AM-MZM-001,2,12,0,ALWAYS
AM-MZM-001,2,13,0,ALWAYS
AM-MZM-001,2,14,0,ALWAYS
AM-MZM-001,2,15,0,ALWAYS
AM-MZM-001,2,16,0,ALWAYS
AM-MZM-001,2,17,0,ALWAYS
AM-MZM-001,2,18,0,ALWAYS
AM-MZM-001,2,19,0,ALWAYS
AM-MZM-001,2,20,0,ALWAYS
AM-MZM-001,2,21,0,ALWAYS
AM-MZM-001,2,22,0,ALWAYS
AM-MZM-001,2,23,0,ALWAYS
AM-MZM-001,2,24,0,ALWAYS
AM-MZM-001,2,25,0,ALWAYS
AM-MZM-001,2,26,0,ALWAYS
AM-MZM-001,2,27,0,ALWAYS
AM-MZM-001,2,28,0,ALWAYS
AM-MZM-001,2,29,0,ALWAYS
AM-MZM-001,2,30,0,ALWAYS
AM-MZM-001,3,1,0,ALWAYS
AM-MZM-001,3,2,0,ALWAYS
AM-MZM-001,3,3,0,ALWAYS
AM-MZM-001,3,4,0,ALWAYS
AM-MZM-001,3,5,0,ALWAYS
AM-MZM-001,3,6,0,ALWAYS
AM-MZM-001,3,7,0,ALWAYS
AM-MZM-001,3,8,0,ALWAYS
AM-MZM-001,3,9,0,ALWAYS
AM-MZM-001,3,10,0,ALWAYS
AM-MZM-001,3,11,0,ALWAYS
AM-MZM-001,3,12,0,ALWAYS
AM-MZM-001,3,13,0,ALWAYS
AM-MZM-001,3,14,0,ALWAYS
AM-MZM-001,3,15,0,ALWAYS
AM-MZM-001,3,16,0,ALWAYS
AM-MZM-001,3,17,0,ALWAYS
AM-MZM-001,3,18,0,ALWAYS
AM-MZM-001,3,19,0,ALWAYS
AM-MZM-001,3,20,0,ALWAYS
AM-MZM-001,3,21,0,ALWAYS
AM-MZM-001,3,22,0,ALWAYS
AM-MZM-001,3,23,0,ALWAYS
AM-MZM-001,3,24,0,ALWAYS
AM-MZM-001,3,25,0,ALWAYS
AM-MZM-001,3,26,0,ALWAYS
AM-MZM-001,3,27,0,ALWAYS
AM-MZM-001,3,28,0,ALWAYS
AM-MZM-001,3,29,0,ALWAYS
AM-MZM-001,3,30,0,ALWAYS
AM-MZM-001,4,1,0,ALWAYS
AM-MZM-001,4,2,0,ALWAYS
AM-MZM-001,4,3,0,ALWAYS
AM-MZM-001,4,4,0,ALWAYS
AM-MZM-001,4,5,0,ALWAYS
AM-MZM-001,4,6,0,ALWAYS
AM-MZM-001,4,7,0,ALWAYS
AM-MZM-001,4,8,0,ALWAYS
AM-MZM-001,4,9,0,ALWAYS
AM-MZM-001,4,10,0,ALWAYS
AM-MZM-001,4,11,0,ALWAYS
AM-MZM-001,4,12,0,ALWAYS
AM-MZM-001,4,13,0,ALWAYS
AM-MZM-001,4,14,0,ALWAYS
AM-MZM-001,4,15,0,ALWAYS
AM-MZM-001,4,16,0,ALWAYS
AM-MZM-001,4,17,0,ALWAYS
AM-MZM-001,4,18,0,ALWAYS
AM-MZM-001,4,19,0,ALWAYS
AM-MZM-001,4,20,0,ALWAYS
AM-MZM-001,4,21,0,ALWAYS
AM-MZM-001,4,22,0,ALWAYS
AM-MZM-001,4,23,0,ALWAYS
AM-MZM-001,4,24,0,ALWAYS
AM-MZM-001,4,25,0,ALWAYS
AM-MZM-001,4,26,0,ALWAYS
AM-MZM-001,4,27,0,ALWAYS
AM-MZM-001,4,28,0,ALWAYS
AM-MZM-001,4,29,0,ALWAYS
AM-MZM-001,4,30,0,ALWAYS
AM-MZM-001,5,1,0,ALWAYS
AM-MZM-001,5,2,0,ALWAYS
AM-MZM-001,5,3,0,ALWAYS
AM-MZM-001,5,4,0,ALWAYS
AM-MZM-001,5,5,0,ALWAYS
AM-MZM-001,5,6,0,ALWAYS
AM-MZM-001,5,7,0,ALWAYS
AM-MZM-001,5,8,0,ALWAYS
AM-MZM-001,5,9,0,ALWAYS
AM-MZM-001,5,10,0,ALWAYS
AM-MZM-001,5,11,0,ALWAYS
AM-MZM-001,5,12,0,ALWAYS
AM-MZM-001,5,13,0,ALWAYS
AM-MZM-001,5,14,0,ALWAYS
AM-MZM-001,5,15,0,ALWAYS
AM-MZM-001,5,16,0,ALWAYS
AM-MZM-001,5,17,0,ALWAYS
AM-MZM-001,5,18,0,ALWAYS
AM-MZM-001,5,19,0,ALWAYS
AM-MZM-001,5,20,0,ALWAYS
AM-MZM-001,5,21,0,ALWAYS
AM-MZM-001,5,22,0,ALWAYS
AM-MZM-001,5,23,0,ALWAYS
AM-MZM-001,5,24,0,ALWAYS
AM-MZM-001,5,25,0,ALWAYS
AM-MZM-001,5,26,0,ALWAYS
AM-MZM-001,5,27,0,ALWAYS
AM-MZM-001,5,28,0,ALWAYS
AM-MZM-001,5,29,0,ALWAYS
AM-MZM-001,5,30,0,ALWAYS
AM-MZM-001,6,1,0,ALWAYS
AM-MZM-001,6,2,0,ALWAYS
AM-MZM-001,6,3,0,ALWAYS
AM-MZM-001,6,4,0,ALWAYS
AM-MZM-001,6,5,0,ALWAYS
AM-MZM-001,6,6,0,ALWAYS
AM-MZM-001,6,7,0,ALWAYS
AM-MZM-001,6,8,0,ALWAYS
AM-MZM-001,6,9,0,ALWAYS
AM-MZM-001,6,10,0,ALWAYS
AM-MZM-001,6,11,0,ALWAYS
AM-MZM-001,6,12,0,ALWAYS
AM-MZM-001,6,13,0,ALWAYS
AM-MZM-001,6,14,0,ALWAYS
AM-MZM-001,6,15,0,ALWAYS
AM-MZM-001,6,16,0,ALWAYS
AM-MZM-001,6,17,0,ALWAYS
AM-MZM-001,6,18,0,ALWAYS
AM-MZM-001,6,19,0,ALWAYS
AM-MZM-001,6,20,0,ALWAYS
AM-MZM-001,6,21,0,ALWAYS
AM-MZM-001,6,22,0,ALWAYS
AM-MZM-001,6,23,0,ALWAYS
AM-MZM-001,6,24,0,ALWAYS
AM-MZM-001,6,25,0,ALWAYS
AM-MZM-001,6,26,0,ALWAYS
AM-MZM-001,6,27,0,ALWAYS
AM-MZM-001,6,28,0,ALWAYS
AM-MZM-001,6,29,0,ALWAYS
AM-MZM-001,6,30,0,ALWAYS
AM-MZM-001,7,1,0,ALWAYS
AM-MZM-001,7,2,0,ALWAYS
AM-MZM-001,7,3,0,ALWAYS
AM-MZM-001,7,4,0,ALWAYS
AM-MZM-001,7,5,0,ALWAYS
AM-MZM-001,7,6,0,ALWAYS
AM-MZM-001,7,7,0,ALWAYS
AM-MZM-001,7,8,0,ALWAYS
AM-MZM-001,7,9,0,ALWAYS
AM-MZM-001,7,10,0,ALWAYS
AM-MZM-001,7,11,0,ALWAYS
AM-MZM-001,7,12,0,ALWAYS
AM-MZM-001,7,13,0,ALWAYS
AM-MZM-001,7,14,0,ALWAYS
AM-MZM-001,7,15,0,ALWAYS
AM-MZM-001,7,16,0,ALWAYS
AM-MZM-001,7,17,0,ALWAYS
AM-MZM-001,7,18,0,ALWAYS
AM-MZM-001,7,19,0,ALWAYS
AM-MZM-001,7,20,0,ALWAYS
AM-MZM-001,7,21,0,ALWAYS
AM-MZM-001,7,22,0,ALWAYS
AM-MZM-001,7,23,0,ALWAYS
AM-MZM-001,7,24,0,ALWAYS
AM-MZM-001,7,25,0,ALWAYS
AM-MZM-001,7,26,0,ALWAYS
AM-MZM-001,7,27,0,ALWAYS
AM-MZM-001,7,28,0,ALWAYS
AM-MZM-001,7,29,0,ALWAYS
AM-MZM-001,7,30,0,ALWAYS
AM-MZM-001,8,1,0,ALWAYS
AM-MZM-001,8,2,0,ALWAYS
AM-MZM-001,8,3,0,ALWAYS
AM-MZM-001,8,4,0,ALWAYS
AM-MZM-001,8,5,0,ALWAYS
AM-MZM-001,8,6,0,ALWAYS
AM-MZM-001,8,7,0,ALWAYS
AM-MZM-001,8,8,0,ALWAYS
AM-MZM-001,8,9,0,ALWAYS
AM-MZM-001,8,10,0,ALWAYS
AM-MZM-001,8,11,0,ALWAYS
AM-MZM-001,8,12,0,ALWAYS
AM-MZM-001,8,13,0,ALWAYS
AM-MZM-001,8,14,0,ALWAYS
AM-MZM-001,8,15,0,ALWAYS
AM-MZM-001,8,16,0,ALWAYS
AM-MZM-001,8,17,0,ALWAYS
AM-MZM-001,8,18,0,ALWAYS
AM-MZM-001,8,19,0,ALWAYS
AM-MZM-001,8,20,0,ALWAYS
AM-MZM-001,8,21,0,ALWAYS
AM-MZM-001,8,22,0,ALWAYS
AM-MZM-001,8,23,0,ALWAYS
AM-MZM-001,8,24,0,ALWAYS
AM-MZM-001,8,25,0,ALWAYS
AM-MZM-001,8,26,0,ALWAYS
AM-MZM-001,8,27,0,ALWAYS
AM-MZM-001,8,28,0,ALWAYS
AM-MZM-001,8,29,0,ALWAYS
AM-MZM-001,8,30,0,ALWAYS
AM-MZM-001,9,1,0,ALWAYS
AM-MZM-001,9,2,0,ALWAYS
AM-MZM-001,9,3,0,ALWAYS
AM-MZM-001,9,4,0,ALWAYS
AM-MZM-001,9,5,0,ALWAYS
AM-MZM-001,9,6,0,ALWAYS
AM-MZM-001,9,7,0,ALWAYS
AM-MZM-001,9,8,0,ALWAYS
AM-MZM-001,9,9,0,ALWAYS
AM-MZM-001,9,10,0,ALWAYS
AM-MZM-001,9,11,0,ALWAYS
AM-MZM-001,9,12,0,ALWAYS
AM-MZM-001,9,13,0,ALWAYS
AM-MZM-001,9,14,0,ALWAYS
AM-MZM-001,9,15,0,ALWAYS
AM-MZM-001,9,16,0,ALWAYS
AM-MZM-001,9,17,0,ALWAYS
AM-MZM-001,9,18,0,ALWAYS
AM-MZM-001,9,19,0,ALWAYS
AM-MZM-001,9,20,0,ALWAYS
AM-MZM-001,9,21,0,ALWAYS
AM-MZM-001,9,22,0,ALWAYS
AM-MZM-001,9,23,0,ALWAYS
AM-MZM-001,9,24,0,ALWAYS
AM-MZM-001,9,25,0,ALWAYS
AM-MZM-001,9,26,0,ALWAYS
AM-MZM-001,9,27,0,ALWAYS
AM-MZM-001,9,28,0,ALWAYS
AM-MZM-001,9,29,0,ALWAYS
AM-MZM-001,9,30,0,ALWAYS
AM-MZM-001,10,1,0,ALWAYS
AM-MZM-001,10,2,0,ALWAYS
AM-MZM-001,10,3,0,ALWAYS
AM-MZM-001,10,4,0,ALWAYS
AM-MZM-001,10,5,0,ALWAYS
AM-MZM-001,10,6,0,ALWAYS
AM-MZM-001,10,7,0,ALWAYS
AM-MZM-001,10,8,0,ALWAYS
AM-MZM-001,10,9,0,ALWAYS
AM-MZM-001,10,10,0,ALWAYS
AM-MZM-001,10,11,0,ALWAYS
AM-MZM-001,10,12,0,ALWAYS
AM-MZM-001,10,13,0,ALWAYS
AM-MZM-001,10,14,0,ALWAYS
AM-MZM-001,10,15,0,ALWAYS
AM-MZM-001,10,16,0,ALWAYS
AM-MZM-001,10,17,0,ALWAYS
AM-MZM-001,10,18,0,ALWAYS
AM-MZM-001,10,19,0,ALWAYS
AM-MZM-001,10,20,0,ALWAYS
AM-MZM-001,10,21,0,ALWAYS
AM-MZM-001,10,22,0,ALWAYS
AM-MZM-001,10,23,0,ALWAYS
AM-MZM-001,10,24,0,ALWAYS
AM-MZM-001,10,25,0,ALWAYS
AM-MZM-001,10,26,0,ALWAYS
AM-MZM-001,10,27,0,ALWAYS
AM-MZM-001,10,28,0,ALWAYS
AM-MZM-001,10,29,0,ALWAYS
AM-MZM-001,10,30,0,ALWAYS
AM-MZM-001,11,1,0,ALWAYS
AM-MZM-001,11,2,0,ALWAYS
AM-MZM-001,11,3,0,ALWAYS
AM-MZM-001,11,4,0,ALWAYS
AM-MZM-001,11,5,0,ALWAYS
AM-MZM-001,11,6,0,ALWAYS
AM-MZM-001,11,7,0,ALWAYS
AM-MZM-001,11,8,0,ALWAYS
AM-MZM-001,11,9,0,ALWAYS
AM-MZM-001,11,10,0,ALWAYS
AM-MZM-001,11,11,0,ALWAYS
AM-MZM-001,11,12,0,ALWAYS
AM-MZM-001,11,13,0,ALWAYS
AM-MZM-001,11,14,0,ALWAYS
AM-MZM-001,11,15,0,ALWAYS
AM-MZM-001,11,16,0,ALWAYS
AM-MZM-001,11,17,0,ALWAYS
AM-MZM-001,11,18,0,ALWAYS
AM-MZM-001,11,19,0,ALWAYS
AM-MZM-001,11,20,0,ALWAYS
AM-MZM-001,11,21,0,ALWAYS
AM-MZM-001,11,22,0,ALWAYS
AM-MZM-001,11,23,0,ALWAYS
AM-MZM-001,11,24,0,ALWAYS
AM-MZM-001,11,25,0,ALWAYS
AM-MZM-001,11,26,0,ALWAYS
AM-MZM-001,11,27,0,ALWAYS
AM-MZM-001,11,28,0,ALWAYS
AM-MZM-001,11,29,0,ALWAYS
AM-MZM-001,11,30,0,ALWAYS
AM-MZM-001,12,1,0,ALWAYS
AM-MZM-001,12,2,0,ALWAYS
AM-MZM-001,12,3,0,ALWAYS
AM-MZM-001,12,4,0,ALWAYS
AM-MZM-001,12,5,0,ALWAYS
AM-MZM-001,12,6,0,ALWAYS
AM-MZM-001,12,7,0,ALWAYS
AM-MZM-001,12,8,0,ALWAYS
AM-MZM-001,12,9,0,ALWAYS
AM-MZM-001,12,10,0,ALWAYS
AM-MZM-001,12,11,0,ALWAYS
AM-MZM-001,12,12,0,ALWAYS
AM-MZM-001,12,13,0,ALWAYS
AM-MZM-001,12,14,0,ALWAYS
AM-MZM-001,12,15,0,ALWAYS
AM-MZM-001,12,16,0,ALWAYS
AM-MZM-001,12,17,0,ALWAYS
AM-MZM-001,12,18,0,ALWAYS
AM-MZM-001,12,19,0,ALWAYS
AM-MZM-001,12,20,0,ALWAYS
AM-MZM-001,12,21,0,ALWAYS
AM-MZM-001,12,22,0,ALWAYS
AM-MZM-001,12,23,0,ALWAYS
AM-MZM-001,12,24,0,ALWAYS
AM-MZM-001,12,25,0,ALWAYS
AM-MZM-001,12,26,0,ALWAYS
AM-MZM-001,12,27,0,ALWAYS
AM-MZM-001,12,28,0,ALWAYS
AM-MZM-001,12,29,0,ALWAYS
AM-MZM-001,12,30,0,ALWAYS
AM-MZM-001,13,1,0,ALWAYS
AM-MZM-001,13,2,0,ALWAYS
AM-MZM-001,13,3,0,ALWAYS
AM-MZM-001,13,4,0,ALWAYS
AM-MZM-001,13,5,0,ALWAYS
AM-MZM-001,13,6,0,ALWAYS
AM-SEY-001,1,1,0,ALWAYS
AM-SEY-001,1,2,0,ALWAYS
AM-SEY-001,1,3,0,ALWAYS
AM-SEY-001,1,4,0,ALWAYS
AM-SEY-001,1,5,0,ALWAYS
AM-SEY-001,1,6,0,ALWAYS
AM-SEY-001,1,7,0,ALWAYS
AM-SEY-001,1,8,0,ALWAYS
AM-SEY-001,1,9,0,ALWAYS
AM-SEY-001,1,10,0,ALWAYS
AM-SEY-001,1,11,0,ALWAYS
AM-SEY-001,1,12,0,ALWAYS
AM-SEY-001,1,13,0,ALWAYS
AM-SEY-001,1,14,0,ALWAYS
AM-SEY-001,1,15,0,ALWAYS
AM-SEY-001,1,16,0,ALWAYS
AM-SEY-001,1,17,0,ALWAYS
AM-SEY-001,1,18,0,ALWAYS
AM-SEY-001,1,19,0,ALWAYS
AM-SEY-001,1,20,0,ALWAYS
AM-SEY-001,1,21,0,ALWAYS
AM-SEY-001,1,22,0,ALWAYS
AM-SEY-001,1,23,0,ALWAYS
AM-SEY-001,1,24,0,ALWAYS
AM-SEY-001,1,25,0,ALWAYS
AM-SEY-001,1,26,0,ALWAYS
AM-SEY-001,1,27,0,ALWAYS
AM-SEY-001,1,28,0,ALWAYS
AM-SEY-001,1,29,0,ALWAYS
AM-SEY-001,1,30,0,ALWAYS
AM-SEY-001,2,1,0,ALWAYS
AM-SEY-001,2,2,0,ALWAYS
AM-SEY-001,2,3,0,ALWAYS
AM-SEY-001,2,4,0,ALWAYS
AM-SEY-001,2,5,0,ALWAYS
AM-SEY-001,2,6,0,ALWAYS
AM-SEY-001,2,7,0,ALWAYS
AM-SEY-001,2,8,0,ALWAYS
AM-SEY-001,2,9,0,ALWAYS
AM-SEY-001,2,10,0,ALWAYS
AM-SEY-001,2,11,0,ALWAYS
AM-SEY-001,2,12,0,ALWAYS
AM-SEY-001,2,13,0,ALWAYS
AM-SEY-001,2,14,0,ALWAYS
AM-SEY-001,2,15,0,ALWAYS
AM-SEY-001,2,16,0,ALWAYS
AM-SEY-001,2,17,0,ALWAYS
AM-SEY-001,2,18,0,ALWAYS
AM-SEY-001,2,19,0,ALWAYS
AM-SEY-001,2,20,0,ALWAYS
AM-SEY-001,2,21,0,ALWAYS
AM-SEY-001,2,22,0,ALWAYS
AM-SEY-001,2,23,0,ALWAYS
AM-SEY-001,2,24,0,ALWAYS
AM-SEY-001,2,25,0,ALWAYS
AM-SEY-001,2,26,0,ALWAYS
AM-SEY-001,2,27,0,ALWAYS
AM-SEY-001,2,28,0,ALWAYS
AM-SEY-001,2,29,0,ALWAYS
AM-SEY-001,2,30,0,ALWAYS
AM-SEY-001,3,1,0,ALWAYS
AM-SEY-001,3,2,0,ALWAYS
AM-SEY-001,3,3,0,ALWAYS
AM-SEY-001,3,4,0,ALWAYS
AM-SEY-001,3,5,0,ALWAYS
AM-SEY-001,3,6,0,ALWAYS
AM-SEY-001,3,7,0,ALWAYS
AM-SEY-001,3,8,0,ALWAYS
AM-SEY-001,3,9,0,ALWAYS
AM-SEY-001,3,10,0,ALWAYS
AM-SEY-001,3,11,0,ALWAYS
AM-SEY-001,3,12,0,ALWAYS
AM-SEY-001,3,13,0,ALWAYS
AM-SEY-001,3,14,0,ALWAYS
AM-SEY-001,3,15,0,ALWAYS
AM-SEY-001,3,16,0,ALWAYS
AM-SEY-001,3,17,0,ALWAYS
AM-SEY-001,3,18,0,ALWAYS
AM-SEY-001,3,19,0,ALWAYS
AM-SEY-001,3,20,0,ALWAYS
AM-SEY-001,3,21,0,ALWAYS
AM-SEY-001,3,22,0,ALWAYS
AM-SEY-001,3,23,0,ALWAYS
AM-SEY-001,3,24,0,ALWAYS
AM-SEY-001,3,25,0,ALWAYS
AM-SEY-001,3,26,0,ALWAYS
AM-SEY-001,3,27,0,ALWAYS
AM-SEY-001,3,28,0,ALWAYS
AM-SEY-001,3,29,0,ALWAYS
AM-SEY-001,3,30,0,ALWAYS
AM-SEY-001,4,1,0,ALWAYS
AM-SEY-001,4,2,0,ALWAYS
AM-SEY-001,4,3,0,ALWAYS
AM-SEY-001,4,4,0,ALWAYS
AM-SEY-001,4,5,0,ALWAYS
AM-SEY-001,4,6,0,ALWAYS
AM-SEY-001,4,7,0,ALWAYS
AM-SEY-001,4,8,0,ALWAYS
AM-SEY-001,4,9,0,ALWAYS
AM-SEY-001,4,10,0,ALWAYS
AM-SEY-001,4,11,0,ALWAYS
AM-SEY-001,4,12,0,ALWAYS
AM-SEY-001,4,13,0,ALWAYS
AM-SEY-001,4,14,0,ALWAYS
AM-SEY-001,4,15,0,ALWAYS
AM-SEY-001,4,16,0,ALWAYS
AM-SEY-001,4,17,0,ALWAYS
AM-SEY-001,4,18,0,ALWAYS
AM-SEY-001,4,19,0,ALWAYS
AM-SEY-001,4,20,0,ALWAYS
AM-SEY-001,4,21,0,ALWAYS
AM-SEY-001,4,22,0,ALWAYS
AM-SEY-001,4,23,0,ALWAYS
AM-SEY-001,4,24,0,ALWAYS
AM-SEY-001,4,25,0,ALWAYS
AM-SEY-001,4,26,0,ALWAYS
AM-SEY-001,4,27,0,ALWAYS
AM-SEY-001,4,28,0,ALWAYS
AM-SEY-001,4,29,0,ALWAYS
AM-SEY-001,4,30,0,ALWAYS
AM-SEY-001,5,1,0,ALWAYS
AM-SEY-001,5,2,0,ALWAYS
AM-SEY-001,5,3,0,ALWAYS
AM-SEY-001,5,4,0,ALWAYS
AM-SEY-001,5,5,0,ALWAYS
AM-SEY-001,5,6,0,ALWAYS
AM-SEY-001,5,7,0,ALWAYS
AM-SEY-001,5,8,0,ALWAYS
AM-SEY-001,5,9,0,ALWAYS
AM-SEY-001,5,10,0,ALWAYS
AM-SEY-001,5,11,0,ALWAYS
AM-SEY-001,5,12,0,ALWAYS
AM-SEY-001,5,13,0,ALWAYS
AM-SEY-001,5,14,0,ALWAYS
AM-SEY-001,5,15,0,ALWAYS
AM-SEY-001,5,16,0,ALWAYS
AM-SEY-001,5,17,0,ALWAYS
AM-SEY-001,5,18,0,ALWAYS
AM-SEY-001,5,19,0,ALWAYS
AM-SEY-001,5,20,0,ALWAYS
AM-SEY-001,5,21,0,ALWAYS
AM-SEY-001,5,22,0,ALWAYS
AM-SEY-001,5,23,0,ALWAYS
AM-SEY-001,5,24,0,ALWAYS
AM-SEY-001,5,25,0,ALWAYS
AM-SEY-001,5,26,0,ALWAYS
AM-SEY-001,5,27,0,ALWAYS
AM-SEY-001,5,28,0,ALWAYS
AM-SEY-001,5,29,0,ALWAYS
AM-SEY-001,5,30,0,ALWAYS
AM-SEY-001,6,1,0,ALWAYS
AM-SEY-001,6,2,0,ALWAYS
AM-SEY-001,6,3,0,ALWAYS
AM-SEY-001,6,4,0,ALWAYS
AM-SEY-001,6,5,0,ALWAYS
AM-SEY-001,6,6,0,ALWAYS
AM-SEY-001,6,7,0,ALWAYS
AM-SEY-001,6,8,0,ALWAYS
AM-SEY-001,6,9,0,ALWAYS
AM-SEY-001,6,10,0,ALWAYS
AM-SEY-001,6,11,0,ALWAYS
AM-SEY-001,6,12,0,ALWAYS
AM-SEY-001,6,13,0,ALWAYS
AM-SEY-001,6,14,0,ALWAYS
AM-SEY-001,6,15,0,ALWAYS
AM-SEY-001,6,16,0,ALWAYS
AM-SEY-001,6,17,0,ALWAYS
AM-SEY-001,6,18,0,ALWAYS
AM-SEY-001,6,19,0,ALWAYS
AM-SEY-001,6,20,0,ALWAYS
AM-SEY-001,6,21,0,ALWAYS
AM-SEY-001,6,22,0,ALWAYS
AM-SEY-001,6,23,0,ALWAYS
AM-SEY-001,6,24,0,ALWAYS
AM-SEY-001,6,25,0,ALWAYS
AM-SEY-001,6,26,0,ALWAYS
AM-SEY-001,6,27,0,ALWAYS
AM-SEY-001,6,28,0,ALWAYS
AM-SEY-001,6,29,0,ALWAYS
AM-SEY-001,6,30,0,ALWAYS
AM-SEY-001,7,1,0,ALWAYS
AM-SEY-001,7,2,0,ALWAYS
AM-SEY-001,7,3,0,ALWAYS
AM-SEY-001,7,4,0,ALWAYS
AM-SEY-001,7,5,0,ALWAYS
AM-SEY-001,7,6,0,ALWAYS
AM-SEY-001,7,7,0,ALWAYS
AM-SEY-001,7,8,0,ALWAYS
AM-SEY-001,7,9,0,ALWAYS
AM-SEY-001,7,10,0,ALWAYS
AM-SEY-001,7,11,0,ALWAYS
AM-SEY-001,7,12,0,ALWAYS
AM-SEY-001,7,13,0,ALWAYS
AM-SEY-001,7,14,0,ALWAYS
AM-SEY-001,7,15,0,ALWAYS
AM-SEY-001,7,16,0,ALWAYS
AM-SEY-001,7,17,0,ALWAYS
AM-SEY-001,7,18,0,ALWAYS
AM-SEY-001,7,19,0,ALWAYS
AM-SEY-001,7,20,0,ALWAYS
AM-SEY-001,7,21,0,ALWAYS
AM-SEY-001,7,22,0,ALWAYS
AM-SEY-001,7,23,0,ALWAYS
AM-SEY-001,7,24,0,ALWAYS
AM-SEY-001,7,25,0,ALWAYS
AM-SEY-001,7,26,0,ALWAYS
AM-SEY-001,7,27,0,ALWAYS
AM-SEY-001,7,28,0,ALWAYS
AM-SEY-001,7,29,0,ALWAYS
AM-SEY-001,7,30,0,ALWAYS
AM-SEY-001,8,1,0,ALWAYS
AM-SEY-001,8,2,0,ALWAYS
AM-SEY-001,8,3,0,ALWAYS
AM-SEY-001,8,4,0,ALWAYS
AM-SEY-001,8,5,0,ALWAYS
AM-SEY-001,8,6,0,ALWAYS
AM-SEY-001,8,7,0,ALWAYS
AM-SEY-001,8,8,0,ALWAYS
AM-SEY-001,8,9,0,ALWAYS
AM-SEY-001,8,10,0,ALWAYS
AM-SEY-001,8,11,0,ALWAYS
AM-SEY-001,8,12,0,ALWAYS
AM-SEY-001,8,13,0,ALWAYS
AM-SEY-001,8,14,0,ALWAYS
AM-SEY-001,8,15,0,ALWAYS
AM-SEY-001,8,16,0,ALWAYS
AM-SEY-001,8,17,0,ALWAYS
AM-SEY-001,8,18,0,ALWAYS
AM-SEY-001,8,19,0,ALWAYS
AM-SEY-001,8,20,0,ALWAYS
AM-SEY-001,8,21,0,ALWAYS
AM-SEY-001,8,22,0,ALWAYS
AM-SEY-001,8,23,0,ALWAYS
AM-SEY-001,8,24,0,ALWAYS
AM-SEY-001,8,25,0,ALWAYS
AM-SEY-001,8,26,0,ALWAYS
AM-SEY-001,8,27,0,ALWAYS
AM-SEY-001,8,28,0,ALWAYS
AM-SEY-001,8,29,0,ALWAYS
AM-SEY-001,8,30,0,ALWAYS
AM-SEY-001,9,1,0,ALWAYS
AM-SEY-001,9,2,0,ALWAYS
AM-SEY-001,9,3,0,ALWAYS
AM-SEY-001,9,4,0,ALWAYS
AM-SEY-001,9,5,0,ALWAYS
AM-SEY-001,9,6,0,ALWAYS
AM-SEY-001,9,7,0,ALWAYS
AM-SEY-001,9,8,0,ALWAYS
AM-SEY-001,9,9,0,ALWAYS
AM-SEY-001,9,10,0,ALWAYS
AM-SEY-001,9,11,0,ALWAYS
AM-SEY-001,9,12,0,ALWAYS
AM-SEY-001,9,13,0,ALWAYS
AM-SEY-001,9,14,0,ALWAYS
AM-SEY-001,9,15,0,ALWAYS
AM-SEY-001,9,16,0,ALWAYS
AM-SEY-001,9,17,0,ALWAYS
AM-SEY-001,9,18,0,ALWAYS
AM-SEY-001,9,19,0,ALWAYS
AM-SEY-001,9,20,0,ALWAYS
AM-SEY-001,9,21,0,ALWAYS
AM-SEY-001,9,22,0,ALWAYS
AM-SEY-001,9,23,0,ALWAYS
AM-SEY-001,9,24,0,ALWAYS
AM-SEY-001,9,25,0,ALWAYS
AM-SEY-001,9,26,0,ALWAYS
AM-SEY-001,9,27,0,ALWAYS
AM-SEY-001,9,28,0,ALWAYS
AM-SEY-001,9,29,0,ALWAYS
AM-SEY-001,9,30,0,ALWAYS
AM-SEY-001,10,1,0,ALWAYS
AM-SEY-001,10,2,0,ALWAYS
AM-SEY-001,10,3,0,ALWAYS
AM-SEY-001,10,4,0,ALWAYS
AM-SEY-001,10,5,0,ALWAYS
AM-SEY-001,10,6,0,ALWAYS
AM-SEY-001,10,7,0,ALWAYS
AM-SEY-001,10,8,0,ALWAYS
AM-SEY-001,10,9,0,ALWAYS
AM-SEY-001,10,10,0,ALWAYS
AM-SEY-001,10,11,0,ALWAYS
AM-SEY-001,10,12,0,ALWAYS
AM-SEY-001,10,13,0,ALWAYS
AM-SEY-001,10,14,0,ALWAYS
AM-SEY-001,10,15,0,ALWAYS
AM-SEY-001,10,16,0,ALWAYS
AM-SEY-001,10,17,0,ALWAYS
AM-SEY-001,10,18,0,ALWAYS
AM-SEY-001,10,19,0,ALWAYS
AM-SEY-001,10,20,0,ALWAYS
AM-SEY-001,10,21,0,ALWAYS
AM-SEY-001,10,22,0,ALWAYS
AM-SEY-001,10,23,0,ALWAYS
AM-SEY-001,10,24,0,ALWAYS
AM-SEY-001,10,25,0,ALWAYS
AM-SEY-001,10,26,0,ALWAYS
AM-SEY-001,10,27,0,ALWAYS
AM-SEY-001,10,28,0,ALWAYS
AM-SEY-001,10,29,0,ALWAYS
AM-SEY-001,10,30,0,ALWAYS
AM-SEY-001,11,1,0,ALWAYS
AM-SEY-001,11,2,0,ALWAYS
AM-SEY-001,11,3,0,ALWAYS
AM-SEY-001,11,4,0,ALWAYS
AM-SEY-001,11,5,0,ALWAYS
AM-SEY-001,11,6,0,ALWAYS
AM-SEY-001,11,7,0,ALWAYS
AM-SEY-001,11,8,0,ALWAYS
AM-SEY-001,11,9,0,ALWAYS
AM-SEY-001,11,10,0,ALWAYS
AM-SEY-001,11,11,0,ALWAYS
AM-SEY-001,11,12,0,ALWAYS
AM-SEY-001,11,13,0,ALWAYS
AM-SEY-001,11,14,0,ALWAYS
AM-SEY-001,11,15,0,ALWAYS
AM-SEY-001,11,16,0,ALWAYS
AM-SEY-001,11,17,0,ALWAYS
AM-SEY-001,11,18,0,ALWAYS
AM-SEY-001,11,19,0,ALWAYS
AM-SEY-001,11,20,0,ALWAYS
AM-SEY-001,11,21,0,ALWAYS
AM-SEY-001,11,22,0,ALWAYS
AM-SEY-001,11,23,0,ALWAYS
AM-SEY-001,11,24,0,ALWAYS
AM-SEY-001,11,25,0,ALWAYS
AM-SEY-001,11,26,0,ALWAYS
AM-SEY-001,11,27,0,ALWAYS
AM-SEY-001,11,28,0,ALWAYS
AM-SEY-001,11,29,0,ALWAYS
AM-SEY-001,11,30,0,ALWAYS
AM-SEY-001,12,1,0,ALWAYS
AM-SEY-001,12,2,0,ALWAYS
AM-SEY-001,12,3,0,ALWAYS
AM-SEY-001,12,4,0,ALWAYS
AM-SEY-001,12,5,0,ALWAYS
AM-SEY-001,12,6,0,ALWAYS
AM-SEY-001,12,7,0,ALWAYS
AM-SEY-001,12,8,0,ALWAYS
AM-SEY-001,12,9,0,ALWAYS
AM-SEY-001,12,10,0,ALWAYS
AM-SEY-001,12,11,0,ALWAYS
AM-SEY-001,12,12,0,ALWAYS
AM-SEY-001,12,13,0,ALWAYS
AM-SEY-001,12,14,0,ALWAYS
AM-SEY-001,12,15,0,ALWAYS
AM-SEY-001,12,16,0,ALWAYS
AM-SEY-001,12,17,0,ALWAYS
AM-SEY-001,12,18,0,ALWAYS
AM-SEY-001,12,19,0,ALWAYS
AM-SEY-001,12,20,0,ALWAYS
AM-SEY-001,12,21,0,ALWAYS
AM-SEY-001,12,22,0,ALWAYS
AM-SEY-001,12,23,0,ALWAYS
AM-SEY-001,12,24,0,ALWAYS
AM-SEY-001,12,25,0,ALWAYS
AM-SEY-001,12,26,0,ALWAYS
AM-SEY-001,12,27,0,ALWAYS
AM-SEY-001,12,28,0,ALWAYS
AM-SEY-001,12,29,0,ALWAYS
AM-SEY-001,12,30,0,ALWAYS
AM-SEY-001,13,1,0,ALWAYS
AM-SEY-001,13,2,0,ALWAYS
AM-SEY-001,13,3,0,ALWAYS
AM-SEY-001,13,4,0,ALWAYS
AM-SEY-001,13,5,0,ALWAYS
AM-SEY-001,13,6,0,ALWAYS
AM-TEA-002,1,1,0,ALWAYS
AM-TEA-002,1,2,0,ALWAYS
AM-TEA-002,1,3,0,ALWAYS
AM-TEA-002,1,4,0,ALWAYS
AM-TEA-002,1,5,0,ALWAYS
AM-TEA-002,1,6,0,ALWAYS
AM-TEA-002,1,7,0,ALWAYS
AM-TEA-002,1,8,0,ALWAYS
AM-TEA-002,1,9,0,ALWAYS
AM-TEA-002,1,10,0,ALWAYS
AM-TEA-002,1,11,0,ALWAYS
AM-TEA-002,1,12,0,ALWAYS
AM-TEA-002,1,13,0,ALWAYS
AM-TEA-002,1,14,0,ALWAYS
AM-TEA-002,1,15,0,ALWAYS
AM-TEA-002,1,16,0,ALWAYS
AM-TEA-002,1,17,0,ALWAYS
AM-TEA-002,1,18,0,ALWAYS
AM-TEA-002,1,19,0,ALWAYS
AM-TEA-002,1,20,0,ALWAYS
AM-TEA-002,1,21,0,ALWAYS
AM-TEA-002,1,22,0,ALWAYS
AM-TEA-002,1,23,0,ALWAYS
AM-TEA-002,1,24,0,ALWAYS
AM-TEA-002,1,25,0,ALWAYS
AM-TEA-002,1,26,0,ALWAYS
AM-TEA-002,1,27,0,ALWAYS
AM-TEA-002,1,28,0,ALWAYS
AM-TEA-002,1,29,0,ALWAYS
AM-TEA-002,1,30,0,ALWAYS
AM-TEA-002,2,1,0,ALWAYS
AM-TEA-002,2,2,0,ALWAYS
AM-TEA-002,2,3,0,ALWAYS
AM-TEA-002,2,4,0,ALWAYS
AM-TEA-002,2,5,0,ALWAYS
AM-TEA-002,2,6,0,ALWAYS
AM-TEA-002,2,7,0,ALWAYS
AM-TEA-002,2,8,0,ALWAYS
AM-TEA-002,2,9,0,ALWAYS
AM-TEA-002,2,10,0,ALWAYS
AM-TEA-002,2,11,0,ALWAYS
AM-TEA-002,2,12,0,ALWAYS
AM-TEA-002,2,13,0,ALWAYS
AM-TEA-002,2,14,0,ALWAYS
AM-TEA-002,2,15,0,ALWAYS
AM-TEA-002,2,16,0,ALWAYS
AM-TEA-002,2,17,0,ALWAYS
AM-TEA-002,2,18,0,ALWAYS
AM-TEA-002,2,19,0,ALWAYS
AM-TEA-002,2,20,0,ALWAYS
AM-TEA-002,2,21,0,ALWAYS
AM-TEA-002,2,22,0,ALWAYS
AM-TEA-002,2,23,0,ALWAYS
AM-TEA-002,2,24,0,ALWAYS
AM-TEA-002,2,25,0,ALWAYS
AM-TEA-002,2,26,0,ALWAYS
AM-TEA-002,2,27,0,ALWAYS
AM-TEA-002,2,28,0,ALWAYS
AM-TEA-002,2,29,0,ALWAYS
AM-TEA-002,2,30,0,ALWAYS
AM-TEA-002,3,1,0,ALWAYS
AM-TEA-002,3,2,0,ALWAYS
AM-TEA-002,3,3,0,ALWAYS
AM-TEA-002,3,4,0,ALWAYS
AM-TEA-002,3,5,0,ALWAYS
AM-TEA-002,3,6,0,ALWAYS
AM-TEA-002,3,7,0,ALWAYS
AM-TEA-002,3,8,0,ALWAYS
AM-TEA-002,3,9,0,ALWAYS
AM-TEA-002,3,10,0,ALWAYS
AM-TEA-002,3,11,0,ALWAYS
AM-TEA-002,3,12,0,ALWAYS
AM-TEA-002,3,13,0,ALWAYS
AM-TEA-002,3,14,0,ALWAYS
AM-TEA-002,3,15,0,ALWAYS
AM-TEA-002,3,16,0,ALWAYS
AM-TEA-002,3,17,0,ALWAYS
AM-TEA-002,3,18,0,ALWAYS
AM-TEA-002,3,19,0,ALWAYS
AM-TEA-002,3,20,0,ALWAYS
AM-TEA-002,3,21,0,ALWAYS
AM-TEA-002,3,22,0,ALWAYS
AM-TEA-002,3,23,0,ALWAYS
AM-TEA-002,3,24,0,ALWAYS
AM-TEA-002,3,25,0,ALWAYS
AM-TEA-002,3,26,0,ALWAYS
AM-TEA-002,3,27,0,ALWAYS
AM-TEA-002,3,28,0,ALWAYS
AM-TEA-002,3,29,0,ALWAYS
AM-TEA-002,3,30,0,ALWAYS
AM-TEA-002,4,1,0,ALWAYS
AM-TEA-002,4,2,0,ALWAYS
AM-TEA-002,4,3,0,ALWAYS
AM-TEA-002,4,4,0,ALWAYS
AM-TEA-002,4,5,0,ALWAYS
AM-TEA-002,4,6,0,ALWAYS
AM-TEA-002,4,7,0,ALWAYS
AM-TEA-002,4,8,0,ALWAYS
AM-TEA-002,4,9,0,ALWAYS
AM-TEA-002,4,10,0,ALWAYS
AM-TEA-002,4,11,0,ALWAYS
AM-TEA-002,4,12,0,ALWAYS
AM-TEA-002,4,13,0,ALWAYS
AM-TEA-002,4,14,0,ALWAYS
AM-TEA-002,4,15,0,ALWAYS
AM-TEA-002,4,16,0,ALWAYS
AM-TEA-002,4,17,0,ALWAYS
AM-TEA-002,4,18,0,ALWAYS
AM-TEA-002,4,19,0,ALWAYS
AM-TEA-002,4,20,0,ALWAYS
AM-TEA-002,4,21,0,ALWAYS
AM-TEA-002,4,22,0,ALWAYS
AM-TEA-002,4,23,0,ALWAYS
AM-TEA-002,4,24,0,ALWAYS
AM-TEA-002,4,25,0,ALWAYS
AM-TEA-002,4,26,0,ALWAYS
AM-TEA-002,4,27,0,ALWAYS
AM-TEA-002,4,28,0,ALWAYS
AM-TEA-002,4,29,0,ALWAYS
AM-TEA-002,4,30,0,ALWAYS
AM-TEA-002,5,1,0,ALWAYS
AM-TEA-002,5,2,0,ALWAYS
AM-TEA-002,5,3,0,ALWAYS
AM-TEA-002,5,4,0,ALWAYS
AM-TEA-002,5,5,0,ALWAYS
AM-TEA-002,5,6,0,ALWAYS
AM-TEA-002,5,7,0,ALWAYS
AM-TEA-002,5,8,0,ALWAYS
AM-TEA-002,5,9,0,ALWAYS
AM-TEA-002,5,10,0,ALWAYS
AM-TEA-002,5,11,0,ALWAYS
AM-TEA-002,5,12,0,ALWAYS
AM-TEA-002,5,13,0,ALWAYS
AM-TEA-002,5,14,0,ALWAYS
AM-TEA-002,5,15,0,ALWAYS
AM-TEA-002,5,16,0,ALWAYS
AM-TEA-002,5,17,0,ALWAYS
AM-TEA-002,5,18,0,ALWAYS
AM-TEA-002,5,19,0,ALWAYS
AM-TEA-002,5,20,0,ALWAYS
AM-TEA-002,5,21,0,ALWAYS
AM-TEA-002,5,22,0,ALWAYS
AM-TEA-002,5,23,0,ALWAYS
AM-TEA-002,5,24,0,ALWAYS
AM-TEA-002,5,25,0,ALWAYS
AM-TEA-002,5,26,0,ALWAYS
AM-TEA-002,5,27,0,ALWAYS
AM-TEA-002,5,28,0,ALWAYS
AM-TEA-002,5,29,0,ALWAYS
AM-TEA-002,5,30,0,ALWAYS
AM-TEA-002,6,1,0,ALWAYS
AM-TEA-002,6,2,0,ALWAYS
AM-TEA-002,6,3,0,ALWAYS
AM-TEA-002,6,4,0,ALWAYS
AM-TEA-002,6,5,0,ALWAYS
AM-TEA-002,6,6,0,ALWAYS
AM-TEA-002,6,7,0,ALWAYS
AM-TEA-002,6,8,0,ALWAYS
AM-TEA-002,6,9,0,ALWAYS
AM-TEA-002,6,10,0,ALWAYS
AM-TEA-002,6,11,0,ALWAYS
AM-TEA-002,6,12,0,ALWAYS
AM-TEA-002,6,13,0,ALWAYS
AM-TEA-002,6,14,0,ALWAYS
AM-TEA-002,6,15,0,ALWAYS
AM-TEA-002,6,16,0,ALWAYS
AM-TEA-002,6,17,0,ALWAYS
AM-TEA-002,6,18,0,ALWAYS
AM-TEA-002,6,19,0,ALWAYS
AM-TEA-002,6,20,0,ALWAYS
AM-TEA-002,6,21,0,ALWAYS
AM-TEA-002,6,22,0,ALWAYS
AM-TEA-002,6,23,0,ALWAYS
AM-TEA-002,6,24,0,ALWAYS
AM-TEA-002,6,25,0,ALWAYS
AM-TEA-002,6,26,0,ALWAYS
AM-TEA-002,6,27,0,ALWAYS
AM-TEA-002,6,28,0,ALWAYS
AM-TEA-002,6,29,0,ALWAYS
AM-TEA-002,6,30,0,ALWAYS
AM-TEA-002,7,1,0,ALWAYS
AM-TEA-002,7,2,0,ALWAYS
AM-TEA-002,7,3,0,ALWAYS
AM-TEA-002,7,4,0,ALWAYS
AM-TEA-002,7,5,0,ALWAYS
AM-TEA-002,7,6,0,ALWAYS
AM-TEA-002,7,7,0,ALWAYS
AM-TEA-002,7,8,0,ALWAYS
AM-TEA-002,7,9,0,ALWAYS
AM-TEA-002,7,10,0,ALWAYS
AM-TEA-002,7,11,0,ALWAYS
AM-TEA-002,7,12,0,ALWAYS
AM-TEA-002,7,13,0,ALWAYS
AM-TEA-002,7,14,0,ALWAYS
AM-TEA-002,7,15,0,ALWAYS
AM-TEA-002,7,16,0,ALWAYS
AM-TEA-002,7,17,0,ALWAYS
AM-TEA-002,7,18,0,ALWAYS
AM-TEA-002,7,19,0,ALWAYS
AM-TEA-002,7,20,0,ALWAYS
AM-TEA-002,7,21,0,ALWAYS
AM-TEA-002,7,22,0,ALWAYS
AM-TEA-002,7,23,0,ALWAYS
AM-TEA-002,7,24,0,ALWAYS
AM-TEA-002,7,25,0,ALWAYS
AM-TEA-002,7,26,0,ALWAYS
AM-TEA-002,7,27,0,ALWAYS
AM-TEA-002,7,28,0,ALWAYS
AM-TEA-002,7,29,0,ALWAYS
AM-TEA-002,7,30,0,ALWAYS
AM-TEA-002,8,1,0,ALWAYS
AM-TEA-002,8,2,0,ALWAYS
AM-TEA-002,8,3,0,ALWAYS
AM-TEA-002,8,4,0,ALWAYS
AM-TEA-002,8,5,0,ALWAYS
AM-TEA-002,8,6,0,ALWAYS
AM-TEA-002,8,7,0,ALWAYS
AM-TEA-002,8,8,0,ALWAYS
AM-TEA-002,8,9,0,ALWAYS
AM-TEA-002,8,10,0,ALWAYS
AM-TEA-002,8,11,0,ALWAYS
AM-TEA-002,8,12,0,ALWAYS
AM-TEA-002,8,13,0,ALWAYS
AM-TEA-002,8,14,0,ALWAYS
AM-TEA-002,8,15,0,ALWAYS
AM-TEA-002,8,16,0,ALWAYS
AM-TEA-002,8,17,0,ALWAYS
AM-TEA-002,8,18,0,ALWAYS
AM-TEA-002,8,19,0,ALWAYS
AM-TEA-002,8,20,0,ALWAYS
AM-TEA-002,8,21,0,ALWAYS
AM-TEA-002,8,22,0,ALWAYS
AM-TEA-002,8,23,0,ALWAYS
AM-TEA-002,8,24,0,ALWAYS
AM-TEA-002,8,25,0,ALWAYS
AM-TEA-002,8,26,0,ALWAYS
AM-TEA-002,8,27,0,ALWAYS
AM-TEA-002,8,28,0,ALWAYS
AM-TEA-002,8,29,0,ALWAYS
AM-TEA-002,8,30,0,ALWAYS
AM-TEA-002,9,1,0,ALWAYS
AM-TEA-002,9,2,0,ALWAYS
AM-TEA-002,9,3,0,ALWAYS
AM-TEA-002,9,4,0,ALWAYS
AM-TEA-002,9,5,0,ALWAYS
AM-TEA-002,9,6,0,ALWAYS
AM-TEA-002,9,7,0,ALWAYS
AM-TEA-002,9,8,0,ALWAYS
AM-TEA-002,9,9,0,ALWAYS
AM-TEA-002,9,10,0,ALWAYS
AM-TEA-002,9,11,0,ALWAYS
AM-TEA-002,9,12,0,ALWAYS
AM-TEA-002,9,13,0,ALWAYS
AM-TEA-002,9,14,0,ALWAYS
AM-TEA-002,9,15,0,ALWAYS
AM-TEA-002,9,16,0,ALWAYS
AM-TEA-002,9,17,0,ALWAYS
AM-TEA-002,9,18,0,ALWAYS
AM-TEA-002,9,19,0,ALWAYS
AM-TEA-002,9,20,0,ALWAYS
AM-TEA-002,9,21,0,ALWAYS
AM-TEA-002,9,22,0,ALWAYS
AM-TEA-002,9,23,0,ALWAYS
AM-TEA-002,9,24,0,ALWAYS
AM-TEA-002,9,25,0,ALWAYS
AM-TEA-002,9,26,0,ALWAYS
AM-TEA-002,9,27,0,ALWAYS
AM-TEA-002,9,28,0,ALWAYS
AM-TEA-002,9,29,0,ALWAYS
AM-TEA-002,9,30,0,ALWAYS
AM-TEA-002,10,1,0,ALWAYS
AM-TEA-002,10,2,0,ALWAYS
AM-TEA-002,10,3,0,ALWAYS
AM-TEA-002,10,4,0,ALWAYS
AM-TEA-002,10,5,0,ALWAYS
AM-TEA-002,10,6,0,ALWAYS
AM-TEA-002,10,7,0,ALWAYS
AM-TEA-002,10,8,0,ALWAYS
AM-TEA-002,10,9,0,ALWAYS
AM-TEA-002,10,10,0,ALWAYS
AM-TEA-002,10,11,0,ALWAYS
AM-TEA-002,10,12,0,ALWAYS
AM-TEA-002,10,13,0,ALWAYS
AM-TEA-002,10,14,0,ALWAYS
AM-TEA-002,10,15,0,ALWAYS
AM-TEA-002,10,16,0,ALWAYS
AM-TEA-002,10,17,0,ALWAYS
AM-TEA-002,10,18,0,ALWAYS
AM-TEA-002,10,19,0,ALWAYS
AM-TEA-002,10,20,0,ALWAYS
AM-TEA-002,10,21,0,ALWAYS
AM-TEA-002,10,22,0,ALWAYS
AM-TEA-002,10,23,0,ALWAYS
AM-TEA-002,10,24,0,ALWAYS
AM-TEA-002,10,25,0,ALWAYS
AM-TEA-002,10,26,0,ALWAYS
AM-TEA-002,10,27,0,ALWAYS
AM-TEA-002,10,28,0,ALWAYS
AM-TEA-002,10,29,0,ALWAYS
AM-TEA-002,10,30,0,ALWAYS
AM-TEA-002,11,1,0,ALWAYS
AM-TEA-002,11,2,0,ALWAYS
AM-TEA-002,11,3,0,ALWAYS
AM-TEA-002,11,4,0,ALWAYS
AM-TEA-002,11,5,0,ALWAYS
AM-TEA-002,11,6,0,ALWAYS
AM-TEA-002,11,7,0,ALWAYS
AM-TEA-002,11,8,0,ALWAYS
AM-TEA-002,11,9,0,ALWAYS
AM-TEA-002,11,10,0,ALWAYS
AM-TEA-002,11,11,0,ALWAYS
AM-TEA-002,11,12,0,ALWAYS
AM-TEA-002,11,13,0,ALWAYS
AM-TEA-002,11,14,0,ALWAYS
AM-TEA-002,11,15,0,ALWAYS
AM-TEA-002,11,16,0,ALWAYS
AM-TEA-002,11,17,0,ALWAYS
AM-TEA-002,11,18,0,ALWAYS
AM-TEA-002,11,19,0,ALWAYS
AM-TEA-002,11,20,0,ALWAYS
AM-TEA-002,11,21,0,ALWAYS
AM-TEA-002,11,22,0,ALWAYS
AM-TEA-002,11,23,0,ALWAYS
AM-TEA-002,11,24,0,ALWAYS
AM-TEA-002,11,25,0,ALWAYS
AM-TEA-002,11,26,0,ALWAYS
AM-TEA-002,11,27,0,ALWAYS
AM-TEA-002,11,28,0,ALWAYS
AM-TEA-002,11,29,0,ALWAYS
AM-TEA-002,11,30,0,ALWAYS
AM-TEA-002,12,1,0,ALWAYS
AM-TEA-002,12,2,0,ALWAYS
AM-TEA-002,12,3,0,ALWAYS
AM-TEA-002,12,4,0,ALWAYS
AM-TEA-002,12,5,0,ALWAYS
AM-TEA-002,12,6,0,ALWAYS
AM-TEA-002,12,7,0,ALWAYS
AM-TEA-002,12,8,0,ALWAYS
AM-TEA-002,12,9,0,ALWAYS
AM-TEA-002,12,10,0,ALWAYS
AM-TEA-002,12,11,0,ALWAYS
AM-TEA-002,12,12,0,ALWAYS
AM-TEA-002,12,13,0,ALWAYS
AM-TEA-002,12,14,0,ALWAYS
AM-TEA-002,12,15,0,ALWAYS
AM-TEA-002,12,16,0,ALWAYS
AM-TEA-002,12,17,0,ALWAYS
AM-TEA-002,12,18,0,ALWAYS
AM-TEA-002,12,19,0,ALWAYS
AM-TEA-002,12,20,0,ALWAYS
AM-TEA-002,12,21,0,ALWAYS
AM-TEA-002,12,22,0,ALWAYS
AM-TEA-002,12,23,0,ALWAYS
AM-TEA-002,12,24,0,ALWAYS
AM-TEA-002,12,25,0,ALWAYS
AM-TEA-002,12,26,0,ALWAYS
AM-TEA-002,12,27,0,ALWAYS
AM-TEA-002,12,28,0,ALWAYS
AM-TEA-002,12,29,0,ALWAYS
AM-TEA-002,12,30,0,ALWAYS
AM-TEA-002,13,1,0,ALWAYS
AM-TEA-002,13,2,0,ALWAYS
AM-TEA-002,13,3,0,ALWAYS
AM-TEA-002,13,4,0,ALWAYS
AM-TEA-002,13,5,0,ALWAYS
AM-TEA-002,13,6,0,ALWAYS
AM-TEA-003,1,1,0,ALWAYS
AM-TEA-003,1,2,0,ALWAYS
AM-TEA-003,1,3,0,ALWAYS
AM-TEA-003,1,4,0,ALWAYS
AM-TEA-003,1,5,0,ALWAYS
AM-TEA-003,1,6,0,ALWAYS
AM-TEA-003,1,7,0,ALWAYS
AM-TEA-003,1,8,0,ALWAYS
AM-TEA-003,1,9,0,ALWAYS
AM-TEA-003,1,10,0,ALWAYS
AM-TEA-003,1,11,0,ALWAYS
AM-TEA-003,1,12,0,ALWAYS
AM-TEA-003,1,13,0,ALWAYS
AM-TEA-003,1,14,0,ALWAYS
AM-TEA-003,1,15,0,ALWAYS
AM-TEA-003,1,16,0,ALWAYS
AM-TEA-003,1,17,0,ALWAYS
AM-TEA-003,1,18,0,ALWAYS
AM-TEA-003,1,19,0,ALWAYS
AM-TEA-003,1,20,0,ALWAYS
AM-TEA-003,1,21,0,ALWAYS
AM-TEA-003,1,22,0,ALWAYS
AM-TEA-003,1,23,0,ALWAYS
AM-TEA-003,1,24,0,ALWAYS
AM-TEA-003,1,25,0,ALWAYS
AM-TEA-003,1,26,0,ALWAYS
AM-TEA-003,1,27,0,ALWAYS
AM-TEA-003,1,28,0,ALWAYS
AM-TEA-003,1,29,0,ALWAYS
AM-TEA-003,1,30,0,ALWAYS
AM-TEA-003,2,1,0,ALWAYS
AM-TEA-003,2,2,0,ALWAYS
AM-TEA-003,2,3,0,ALWAYS
AM-TEA-003,2,4,0,ALWAYS
AM-TEA-003,2,5,0,ALWAYS
AM-TEA-003,2,6,0,ALWAYS
AM-TEA-003,2,7,0,ALWAYS
AM-TEA-003,2,8,0,ALWAYS
AM-TEA-003,2,9,0,ALWAYS
AM-TEA-003,2,10,0,ALWAYS
AM-TEA-003,2,11,0,ALWAYS
AM-TEA-003,2,12,0,ALWAYS
AM-TEA-003,2,13,0,ALWAYS
AM-TEA-003,2,14,0,ALWAYS
AM-TEA-003,2,15,0,ALWAYS
AM-TEA-003,2,16,0,ALWAYS
AM-TEA-003,2,17,0,ALWAYS
AM-TEA-003,2,18,0,ALWAYS
AM-TEA-003,2,19,0,ALWAYS
AM-TEA-003,2,20,0,ALWAYS
AM-TEA-003,2,21,0,ALWAYS
AM-TEA-003,2,22,0,ALWAYS
AM-TEA-003,2,23,0,ALWAYS
AM-TEA-003,2,24,0,ALWAYS
AM-TEA-003,2,25,0,ALWAYS
AM-TEA-003,2,26,0,ALWAYS
AM-TEA-003,2,27,0,ALWAYS
AM-TEA-003,2,28,0,ALWAYS
AM-TEA-003,2,29,0,ALWAYS
AM-TEA-003,2,30,0,ALWAYS
AM-TEA-003,3,1,0,ALWAYS
AM-TEA-003,3,2,0,ALWAYS
AM-TEA-003,3,3,0,ALWAYS
AM-TEA-003,3,4,0,ALWAYS
AM-TEA-003,3,5,0,ALWAYS
AM-TEA-003,3,6,0,ALWAYS
AM-TEA-003,3,7,0,ALWAYS
AM-TEA-003,3,8,0,ALWAYS
AM-TEA-003,3,9,0,ALWAYS
AM-TEA-003,3,10,0,ALWAYS
AM-TEA-003,3,11,0,ALWAYS
AM-TEA-003,3,12,0,ALWAYS
AM-TEA-003,3,13,0,ALWAYS
AM-TEA-003,3,14,0,ALWAYS
AM-TEA-003,3,15,0,ALWAYS
AM-TEA-003,3,16,0,ALWAYS
AM-TEA-003,3,17,0,ALWAYS
AM-TEA-003,3,18,0,ALWAYS
AM-TEA-003,3,19,0,ALWAYS
AM-TEA-003,3,20,0,ALWAYS
AM-TEA-003,3,21,0,ALWAYS
AM-TEA-003,3,22,0,ALWAYS
AM-TEA-003,3,23,0,ALWAYS
AM-TEA-003,3,24,0,ALWAYS
AM-TEA-003,3,25,0,ALWAYS
AM-TEA-003,3,26,0,ALWAYS
AM-TEA-003,3,27,0,ALWAYS
AM-TEA-003,3,28,0,ALWAYS
AM-TEA-003,3,29,0,ALWAYS
AM-TEA-003,3,30,0,ALWAYS
AM-TEA-003,4,1,0,ALWAYS
AM-TEA-003,4,2,0,ALWAYS
AM-TEA-003,4,3,0,ALWAYS
AM-TEA-003,4,4,0,ALWAYS
AM-TEA-003,4,5,0,ALWAYS
AM-TEA-003,4,6,0,ALWAYS
AM-TEA-003,4,7,0,ALWAYS
AM-TEA-003,4,8,0,ALWAYS
AM-TEA-003,4,9,0,ALWAYS
AM-TEA-003,4,10,0,ALWAYS
AM-TEA-003,4,11,0,ALWAYS
AM-TEA-003,4,12,0,ALWAYS
AM-TEA-003,4,13,0,ALWAYS
AM-TEA-003,4,14,0,ALWAYS
AM-TEA-003,4,15,0,ALWAYS
AM-TEA-003,4,16,0,ALWAYS
AM-TEA-003,4,17,0,ALWAYS
AM-TEA-003,4,18,0,ALWAYS
AM-TEA-003,4,19,0,ALWAYS
AM-TEA-003,4,20,0,ALWAYS
AM-TEA-003,4,21,0,ALWAYS
AM-TEA-003,4,22,0,ALWAYS
AM-TEA-003,4,23,0,ALWAYS
AM-TEA-003,4,24,0,ALWAYS
AM-TEA-003,4,25,0,ALWAYS
AM-TEA-003,4,26,0,ALWAYS
AM-TEA-003,4,27,0,ALWAYS
AM-TEA-003,4,28,0,ALWAYS
AM-TEA-003,4,29,0,ALWAYS
AM-TEA-003,4,30,0,ALWAYS
AM-TEA-003,5,1,0,ALWAYS
AM-TEA-003,5,2,0,ALWAYS
AM-TEA-003,5,3,0,ALWAYS
AM-TEA-003,5,4,0,ALWAYS
AM-TEA-003,5,5,0,ALWAYS
AM-TEA-003,5,6,0,ALWAYS
AM-TEA-003,5,7,0,ALWAYS
AM-TEA-003,5,8,0,ALWAYS
AM-TEA-003,5,9,0,ALWAYS
AM-TEA-003,5,10,0,ALWAYS
AM-TEA-003,5,11,0,ALWAYS
AM-TEA-003,5,12,0,ALWAYS
AM-TEA-003,5,13,0,ALWAYS
AM-TEA-003,5,14,0,ALWAYS
AM-TEA-003,5,15,0,ALWAYS
AM-TEA-003,5,16,0,ALWAYS
AM-TEA-003,5,17,0,ALWAYS
AM-TEA-003,5,18,0,ALWAYS
AM-TEA-003,5,19,0,ALWAYS
AM-TEA-003,5,20,0,ALWAYS
AM-TEA-003,5,21,0,ALWAYS
AM-TEA-003,5,22,0,ALWAYS
AM-TEA-003,5,23,0,ALWAYS
AM-TEA-003,5,24,0,ALWAYS
AM-TEA-003,5,25,0,ALWAYS
AM-TEA-003,5,26,0,ALWAYS
AM-TEA-003,5,27,0,ALWAYS
AM-TEA-003,5,28,0,ALWAYS
AM-TEA-003,5,29,0,ALWAYS
AM-TEA-003,5,30,0,ALWAYS
AM-TEA-003,6,1,0,ALWAYS
AM-TEA-003,6,2,0,ALWAYS
AM-TEA-003,6,3,0,ALWAYS
AM-TEA-003,6,4,0,ALWAYS
AM-TEA-003,6,5,0,ALWAYS
AM-TEA-003,6,6,0,ALWAYS
AM-TEA-003,6,7,0,ALWAYS
AM-TEA-003,6,8,0,ALWAYS
AM-TEA-003,6,9,0,ALWAYS
AM-TEA-003,6,10,0,ALWAYS
AM-TEA-003,6,11,0,ALWAYS
AM-TEA-003,6,12,0,ALWAYS
AM-TEA-003,6,13,0,ALWAYS
AM-TEA-003,6,14,0,ALWAYS
AM-TEA-003,6,15,0,ALWAYS
AM-TEA-003,6,16,0,ALWAYS
AM-TEA-003,6,17,0,ALWAYS
AM-TEA-003,6,18,0,ALWAYS
AM-TEA-003,6,19,0,ALWAYS
AM-TEA-003,6,20,0,ALWAYS
AM-TEA-003,6,21,0,ALWAYS
AM-TEA-003,6,22,0,ALWAYS
AM-TEA-003,6,23,0,ALWAYS
AM-TEA-003,6,24,0,ALWAYS
AM-TEA-003,6,25,0,ALWAYS
AM-TEA-003,6,26,0,ALWAYS
AM-TEA-003,6,27,0,ALWAYS
AM-TEA-003,6,28,0,ALWAYS
AM-TEA-003,6,29,0,ALWAYS
AM-TEA-003,6,30,0,ALWAYS
AM-TEA-003,7,1,0,ALWAYS
AM-TEA-003,7,2,0,ALWAYS
AM-TEA-003,7,3,0,ALWAYS
AM-TEA-003,7,4,0,ALWAYS
AM-TEA-003,7,5,0,ALWAYS
AM-TEA-003,7,6,0,ALWAYS
AM-TEA-003,7,7,0,ALWAYS
AM-TEA-003,7,8,0,ALWAYS
AM-TEA-003,7,9,0,ALWAYS
AM-TEA-003,7,10,0,ALWAYS
AM-TEA-003,7,11,0,ALWAYS
AM-TEA-003,7,12,0,ALWAYS
AM-TEA-003,7,13,0,ALWAYS
AM-TEA-003,7,14,0,ALWAYS
AM-TEA-003,7,15,0,ALWAYS
AM-TEA-003,7,16,0,ALWAYS
AM-TEA-003,7,17,0,ALWAYS
AM-TEA-003,7,18,0,ALWAYS
AM-TEA-003,7,19,0,ALWAYS
AM-TEA-003,7,20,0,ALWAYS
AM-TEA-003,7,21,0,ALWAYS
AM-TEA-003,7,22,0,ALWAYS
AM-TEA-003,7,23,0,ALWAYS
AM-TEA-003,7,24,0,ALWAYS
AM-TEA-003,7,25,0,ALWAYS
AM-TEA-003,7,26,0,ALWAYS
AM-TEA-003,7,27,0,ALWAYS
AM-TEA-003,7,28,0,ALWAYS
AM-TEA-003,7,29,0,ALWAYS
AM-TEA-003,7,30,0,ALWAYS
AM-TEA-003,8,1,0,ALWAYS
AM-TEA-003,8,2,0,ALWAYS
AM-TEA-003,8,3,0,ALWAYS
AM-TEA-003,8,4,0,ALWAYS
AM-TEA-003,8,5,0,ALWAYS
AM-TEA-003,8,6,0,ALWAYS
AM-TEA-003,8,7,0,ALWAYS
AM-TEA-003,8,8,0,ALWAYS
AM-TEA-003,8,9,0,ALWAYS
AM-TEA-003,8,10,0,ALWAYS
AM-TEA-003,8,11,0,ALWAYS
AM-TEA-003,8,12,0,ALWAYS
AM-TEA-003,8,13,0,ALWAYS
AM-TEA-003,8,14,0,ALWAYS
AM-TEA-003,8,15,0,ALWAYS
AM-TEA-003,8,16,0,ALWAYS
AM-TEA-003,8,17,0,ALWAYS
AM-TEA-003,8,18,0,ALWAYS
AM-TEA-003,8,19,0,ALWAYS
AM-TEA-003,8,20,0,ALWAYS
AM-TEA-003,8,21,0,ALWAYS
AM-TEA-003,8,22,0,ALWAYS
AM-TEA-003,8,23,0,ALWAYS
AM-TEA-003,8,24,0,ALWAYS
AM-TEA-003,8,25,0,ALWAYS
AM-TEA-003,8,26,0,ALWAYS
AM-TEA-003,8,27,0,ALWAYS
AM-TEA-003,8,28,0,ALWAYS
AM-TEA-003,8,29,0,ALWAYS
AM-TEA-003,8,30,0,ALWAYS
AM-TEA-003,9,1,0,ALWAYS
AM-TEA-003,9,2,0,ALWAYS
AM-TEA-003,9,3,0,ALWAYS
AM-TEA-003,9,4,0,ALWAYS
AM-TEA-003,9,5,0,ALWAYS
AM-TEA-003,9,6,0,ALWAYS
AM-TEA-003,9,7,0,ALWAYS
AM-TEA-003,9,8,0,ALWAYS
AM-TEA-003,9,9,0,ALWAYS
AM-TEA-003,9,10,0,ALWAYS
AM-TEA-003,9,11,0,ALWAYS
AM-TEA-003,9,12,0,ALWAYS
AM-TEA-003,9,13,0,ALWAYS
AM-TEA-003,9,14,0,ALWAYS
AM-TEA-003,9,15,0,ALWAYS
AM-TEA-003,9,16,0,ALWAYS
AM-TEA-003,9,17,0,ALWAYS
AM-TEA-003,9,18,0,ALWAYS
AM-TEA-003,9,19,0,ALWAYS
AM-TEA-003,9,20,0,ALWAYS
AM-TEA-003,9,21,0,ALWAYS
AM-TEA-003,9,22,0,ALWAYS
AM-TEA-003,9,23,0,ALWAYS
AM-TEA-003,9,24,0,ALWAYS
AM-TEA-003,9,25,0,ALWAYS
AM-TEA-003,9,26,0,ALWAYS
AM-TEA-003,9,27,0,ALWAYS
AM-TEA-003,9,28,0,ALWAYS
AM-TEA-003,9,29,0,ALWAYS
AM-TEA-003,9,30,0,ALWAYS
AM-TEA-003,10,1,0,ALWAYS
AM-TEA-003,10,2,0,ALWAYS
AM-TEA-003,10,3,0,ALWAYS
AM-TEA-003,10,4,0,ALWAYS
AM-TEA-003,10,5,0,ALWAYS
AM-TEA-003,10,6,0,ALWAYS
AM-TEA-003,10,7,0,ALWAYS
AM-TEA-003,10,8,0,ALWAYS
AM-TEA-003,10,9,0,ALWAYS
AM-TEA-003,10,10,0,ALWAYS
AM-TEA-003,10,11,0,ALWAYS
AM-TEA-003,10,12,0,ALWAYS
AM-TEA-003,10,13,0,ALWAYS
AM-TEA-003,10,14,0,ALWAYS
AM-TEA-003,10,15,0,ALWAYS
AM-TEA-003,10,16,0,ALWAYS
AM-TEA-003,10,17,0,ALWAYS
AM-TEA-003,10,18,0,ALWAYS
AM-TEA-003,10,19,0,ALWAYS
AM-TEA-003,10,20,0,ALWAYS
AM-TEA-003,10,21,0,ALWAYS
AM-TEA-003,10,22,0,ALWAYS
AM-TEA-003,10,23,0,ALWAYS
AM-TEA-003,10,24,0,ALWAYS
AM-TEA-003,10,25,0,ALWAYS
AM-TEA-003,10,26,0,ALWAYS
AM-TEA-003,10,27,0,ALWAYS
AM-TEA-003,10,28,0,ALWAYS
AM-TEA-003,10,29,0,ALWAYS
AM-TEA-003,10,30,0,ALWAYS
AM-TEA-003,11,1,0,ALWAYS
AM-TEA-003,11,2,0,ALWAYS
AM-TEA-003,11,3,0,ALWAYS
AM-TEA-003,11,4,0,ALWAYS
AM-TEA-003,11,5,0,ALWAYS
AM-TEA-003,11,6,0,ALWAYS
AM-TEA-003,11,7,0,ALWAYS
AM-TEA-003,11,8,0,ALWAYS
AM-TEA-003,11,9,0,ALWAYS
AM-TEA-003,11,10,0,ALWAYS
AM-TEA-003,11,11,0,ALWAYS
AM-TEA-003,11,12,0,ALWAYS
AM-TEA-003,11,13,0,ALWAYS
AM-TEA-003,11,14,0,ALWAYS
AM-TEA-003,11,15,0,ALWAYS
AM-TEA-003,11,16,0,ALWAYS
AM-TEA-003,11,17,0,ALWAYS
AM-TEA-003,11,18,0,ALWAYS
AM-TEA-003,11,19,0,ALWAYS
AM-TEA-003,11,20,0,ALWAYS
AM-TEA-003,11,21,0,ALWAYS
AM-TEA-003,11,22,0,ALWAYS
AM-TEA-003,11,23,0,ALWAYS
AM-TEA-003,11,24,0,ALWAYS
AM-TEA-003,11,25,0,ALWAYS
AM-TEA-003,11,26,0,ALWAYS
AM-TEA-003,11,27,0,ALWAYS
AM-TEA-003,11,28,0,ALWAYS
AM-TEA-003,11,29,0,ALWAYS
AM-TEA-003,11,30,0,ALWAYS
AM-TEA-003,12,1,0,ALWAYS
AM-TEA-003,12,2,0,ALWAYS
AM-TEA-003,12,3,0,ALWAYS
AM-TEA-003,12,4,0,ALWAYS
AM-TEA-003,12,5,0,ALWAYS
AM-TEA-003,12,6,0,ALWAYS
AM-TEA-003,12,7,0,ALWAYS
AM-TEA-003,12,8,0,ALWAYS
AM-TEA-003,12,9,0,ALWAYS
AM-TEA-003,12,10,0,ALWAYS
AM-TEA-003,12,11,0,ALWAYS
AM-TEA-003,12,12,0,ALWAYS
AM-TEA-003,12,13,0,ALWAYS
AM-TEA-003,12,14,0,ALWAYS
AM-TEA-003,12,15,0,ALWAYS
AM-TEA-003,12,16,0,ALWAYS
AM-TEA-003,12,17,0,ALWAYS
AM-TEA-003,12,18,0,ALWAYS
AM-TEA-003,12,19,0,ALWAYS
AM-TEA-003,12,20,0,ALWAYS
AM-TEA-003,12,21,0,ALWAYS
AM-TEA-003,12,22,0,ALWAYS
AM-TEA-003,12,23,0,ALWAYS
AM-TEA-003,12,24,0,ALWAYS
AM-TEA-003,12,25,0,ALWAYS
AM-TEA-003,12,26,0,ALWAYS
AM-TEA-003,12,27,0,ALWAYS
AM-TEA-003,12,28,0,ALWAYS
AM-TEA-003,12,29,0,ALWAYS
AM-TEA-003,12,30,0,ALWAYS
AM-TEA-003,13,1,0,ALWAYS
AM-TEA-003,13,2,0,ALWAYS
AM-TEA-003,13,3,0,ALWAYS
AM-TEA-003,13,4,0,ALWAYS
AM-TEA-003,13,5,0,ALWAYS
AM-TEA-003,13,6,0,ALWAYS
AM-TSE-001,1,1,0,ALWAYS
AM-TSE-001,1,2,0,ALWAYS
AM-TSE-001,1,3,0,ALWAYS
AM-TSE-001,1,4,0,ALWAYS
AM-TSE-001,1,5,0,ALWAYS
AM-TSE-001,1,6,0,ALWAYS
AM-TSE-001,1,7,0,ALWAYS
AM-TSE-001,1,8,0,ALWAYS
AM-TSE-001,1,9,0,ALWAYS
AM-TSE-001,1,10,0,ALWAYS
AM-TSE-001,1,11,0,ALWAYS
AM-TSE-001,1,12,0,ALWAYS
AM-TSE-001,1,13,0,ALWAYS
AM-TSE-001,1,14,0,ALWAYS
AM-TSE-001,1,15,0,ALWAYS
AM-TSE-001,1,16,0,ALWAYS
AM-TSE-001,1,17,0,ALWAYS
AM-TSE-001,1,18,0,ALWAYS
AM-TSE-001,1,19,0,ALWAYS
AM-TSE-001,1,20,0,ALWAYS
AM-TSE-001,1,21,0,ALWAYS
AM-TSE-001,1,22,0,ALWAYS
AM-TSE-001,1,23,0,ALWAYS
AM-TSE-001,1,24,0,ALWAYS
AM-TSE-001,1,25,0,ALWAYS
AM-TSE-001,1,26,0,ALWAYS
AM-TSE-001,1,27,0,ALWAYS
AM-TSE-001,1,28,0,ALWAYS
AM-TSE-001,1,29,0,ALWAYS
AM-TSE-001,1,30,0,ALWAYS
AM-TSE-001,2,1,0,ALWAYS
AM-TSE-001,2,2,0,ALWAYS
AM-TSE-001,2,3,0,ALWAYS
AM-TSE-001,2,4,0,ALWAYS
AM-TSE-001,2,5,0,ALWAYS
AM-TSE-001,2,6,0,ALWAYS
AM-TSE-001,2,7,0,ALWAYS
AM-TSE-001,2,8,0,ALWAYS
AM-TSE-001,2,9,0,ALWAYS
AM-TSE-001,2,10,0,ALWAYS
AM-TSE-001,2,11,0,ALWAYS
AM-TSE-001,2,12,0,ALWAYS
AM-TSE-001,2,13,0,ALWAYS
AM-TSE-001,2,14,0,ALWAYS
AM-TSE-001,2,15,0,ALWAYS
AM-TSE-001,2,16,0,ALWAYS
AM-TSE-001,2,17,0,ALWAYS
AM-TSE-001,2,18,0,ALWAYS
AM-TSE-001,2,19,0,ALWAYS
AM-TSE-001,2,20,0,ALWAYS
AM-TSE-001,2,21,0,ALWAYS
AM-TSE-001,2,22,0,ALWAYS
AM-TSE-001,2,23,0,ALWAYS
AM-TSE-001,2,24,0,ALWAYS
AM-TSE-001,2,25,0,ALWAYS
AM-TSE-001,2,26,0,ALWAYS
AM-TSE-001,2,27,0,ALWAYS
AM-TSE-001,2,28,0,ALWAYS
AM-TSE-001,2,29,0,ALWAYS
AM-TSE-001,2,30,0,ALWAYS
AM-TSE-001,3,1,0,ALWAYS
AM-TSE-001,3,2,0,ALWAYS
AM-TSE-001,3,3,0,ALWAYS
AM-TSE-001,3,4,0,ALWAYS
AM-TSE-001,3,5,0,ALWAYS
AM-TSE-001,3,6,0,ALWAYS
AM-TSE-001,3,7,0,ALWAYS
AM-TSE-001,3,8,0,ALWAYS
AM-TSE-001,3,9,0,ALWAYS
AM-TSE-001,3,10,0,ALWAYS
AM-TSE-001,3,11,0,ALWAYS
AM-TSE-001,3,12,0,ALWAYS
AM-TSE-001,3,13,0,ALWAYS
AM-TSE-001,3,14,0,ALWAYS
AM-TSE-001,3,15,0,ALWAYS
AM-TSE-001,3,16,0,ALWAYS
AM-TSE-001,3,17,0,ALWAYS
AM-TSE-001,3,18,0,ALWAYS
AM-TSE-001,3,19,0,ALWAYS
AM-TSE-001,3,20,0,ALWAYS
AM-TSE-001,3,21,0,ALWAYS
AM-TSE-001,3,22,0,ALWAYS
AM-TSE-001,3,23,0,ALWAYS
AM-TSE-001,3,24,0,ALWAYS
AM-TSE-001,3,25,0,ALWAYS
AM-TSE-001,3,26,0,ALWAYS
AM-TSE-001,3,27,0,ALWAYS
AM-TSE-001,3,28,0,ALWAYS
AM-TSE-001,3,29,0,ALWAYS
AM-TSE-001,3,30,0,ALWAYS
AM-TSE-001,4,1,0,ALWAYS
AM-TSE-001,4,2,0,ALWAYS
AM-TSE-001,4,3,0,ALWAYS
AM-TSE-001,4,4,0,ALWAYS
AM-TSE-001,4,5,0,ALWAYS
AM-TSE-001,4,6,0,ALWAYS
AM-TSE-001,4,7,0,ALWAYS
AM-TSE-001,4,8,0,ALWAYS
AM-TSE-001,4,9,0,ALWAYS
AM-TSE-001,4,10,0,ALWAYS
AM-TSE-001,4,11,0,ALWAYS
AM-TSE-001,4,12,0,ALWAYS
AM-TSE-001,4,13,0,ALWAYS
AM-TSE-001,4,14,0,ALWAYS
AM-TSE-001,4,15,0,ALWAYS
AM-TSE-001,4,16,0,ALWAYS
AM-TSE-001,4,17,0,ALWAYS
AM-TSE-001,4,18,0,ALWAYS
AM-TSE-001,4,19,0,ALWAYS
AM-TSE-001,4,20,0,ALWAYS
AM-TSE-001,4,21,0,ALWAYS
AM-TSE-001,4,22,0,ALWAYS
AM-TSE-001,4,23,0,ALWAYS
AM-TSE-001,4,24,0,ALWAYS
AM-TSE-001,4,25,0,ALWAYS
AM-TSE-001,4,26,0,ALWAYS
AM-TSE-001,4,27,0,ALWAYS
AM-TSE-001,4,28,0,ALWAYS
AM-TSE-001,4,29,0,ALWAYS
AM-TSE-001,4,30,0,ALWAYS
AM-TSE-001,5,1,0,ALWAYS
AM-TSE-001,5,2,0,ALWAYS
AM-TSE-001,5,3,0,ALWAYS
AM-TSE-001,5,4,0,ALWAYS
AM-TSE-001,5,5,0,ALWAYS
AM-TSE-001,5,6,0,ALWAYS
AM-TSE-001,5,7,0,ALWAYS
AM-TSE-001,5,8,0,ALWAYS
AM-TSE-001,5,9,0,ALWAYS
AM-TSE-001,5,10,0,ALWAYS
AM-TSE-001,5,11,0,ALWAYS
AM-TSE-001,5,12,0,ALWAYS
AM-TSE-001,5,13,0,ALWAYS
AM-TSE-001,5,14,0,ALWAYS
AM-TSE-001,5,15,0,ALWAYS
AM-TSE-001,5,16,0,ALWAYS
AM-TSE-001,5,17,0,ALWAYS
AM-TSE-001,5,18,0,ALWAYS
AM-TSE-001,5,19,0,ALWAYS
AM-TSE-001,5,20,0,ALWAYS
AM-TSE-001,5,21,0,ALWAYS
AM-TSE-001,5,22,0,ALWAYS
AM-TSE-001,5,23,0,ALWAYS
AM-TSE-001,5,24,0,ALWAYS
AM-TSE-001,5,25,0,ALWAYS
AM-TSE-001,5,26,0,ALWAYS
AM-TSE-001,5,27,0,ALWAYS
AM-TSE-001,5,28,0,ALWAYS
AM-TSE-001,5,29,0,ALWAYS
AM-TSE-001,5,30,0,ALWAYS
AM-TSE-001,6,1,0,ALWAYS
AM-TSE-001,6,2,0,ALWAYS
AM-TSE-001,6,3,0,ALWAYS
AM-TSE-001,6,4,0,ALWAYS
AM-TSE-001,6,5,0,ALWAYS
AM-TSE-001,6,6,0,ALWAYS
AM-TSE-001,6,7,0,ALWAYS
AM-TSE-001,6,8,0,ALWAYS
AM-TSE-001,6,9,0,ALWAYS
AM-TSE-001,6,10,0,ALWAYS
AM-TSE-001,6,11,0,ALWAYS
AM-TSE-001,6,12,0,ALWAYS
AM-TSE-001,6,13,0,ALWAYS
AM-TSE-001,6,14,0,ALWAYS
AM-TSE-001,6,15,0,ALWAYS
AM-TSE-001,6,16,0,ALWAYS
AM-TSE-001,6,17,0,ALWAYS
AM-TSE-001,6,18,0,ALWAYS
AM-TSE-001,6,19,0,ALWAYS
AM-TSE-001,6,20,0,ALWAYS
AM-TSE-001,6,21,0,ALWAYS
AM-TSE-001,6,22,0,ALWAYS
AM-TSE-001,6,23,0,ALWAYS
AM-TSE-001,6,24,0,ALWAYS
AM-TSE-001,6,25,0,ALWAYS
AM-TSE-001,6,26,0,ALWAYS
AM-TSE-001,6,27,0,ALWAYS
AM-TSE-001,6,28,0,ALWAYS
AM-TSE-001,6,29,0,ALWAYS
AM-TSE-001,6,30,0,ALWAYS
AM-TSE-001,7,1,0,ALWAYS
AM-TSE-001,7,2,0,ALWAYS
AM-TSE-001,7,3,0,ALWAYS
AM-TSE-001,7,4,0,ALWAYS
AM-TSE-001,7,5,0,ALWAYS
AM-TSE-001,7,6,0,ALWAYS
AM-TSE-001,7,7,0,ALWAYS
AM-TSE-001,7,8,0,ALWAYS
AM-TSE-001,7,9,0,ALWAYS
AM-TSE-001,7,10,0,ALWAYS
AM-TSE-001,7,11,0,ALWAYS
AM-TSE-001,7,12,0,ALWAYS
AM-TSE-001,7,13,0,ALWAYS
AM-TSE-001,7,14,0,ALWAYS
AM-TSE-001,7,15,0,ALWAYS
AM-TSE-001,7,16,0,ALWAYS
AM-TSE-001,7,17,0,ALWAYS
AM-TSE-001,7,18,0,ALWAYS
AM-TSE-001,7,19,0,ALWAYS
AM-TSE-001,7,20,0,ALWAYS
AM-TSE-001,7,21,0,ALWAYS
AM-TSE-001,7,22,0,ALWAYS
AM-TSE-001,7,23,0,ALWAYS
AM-TSE-001,7,24,0,ALWAYS
AM-TSE-001,7,25,0,ALWAYS
AM-TSE-001,7,26,0,ALWAYS
AM-TSE-001,7,27,0,ALWAYS
AM-TSE-001,7,28,0,ALWAYS
AM-TSE-001,7,29,0,ALWAYS
AM-TSE-001,7,30,0,ALWAYS
AM-TSE-001,8,1,0,ALWAYS
AM-TSE-001,8,2,0,ALWAYS
AM-TSE-001,8,3,0,ALWAYS
AM-TSE-001,8,4,0,ALWAYS
AM-TSE-001,8,5,0,ALWAYS
AM-TSE-001,8,6,0,ALWAYS
AM-TSE-001,8,7,0,ALWAYS
AM-TSE-001,8,8,0,ALWAYS
AM-TSE-001,8,9,0,ALWAYS
AM-TSE-001,8,10,0,ALWAYS
AM-TSE-001,8,11,0,ALWAYS
AM-TSE-001,8,12,0,ALWAYS
AM-TSE-001,8,13,0,ALWAYS
AM-TSE-001,8,14,0,ALWAYS
AM-TSE-001,8,15,0,ALWAYS
AM-TSE-001,8,16,0,ALWAYS
AM-TSE-001,8,17,0,ALWAYS
AM-TSE-001,8,18,0,ALWAYS
AM-TSE-001,8,19,0,ALWAYS
AM-TSE-001,8,20,0,ALWAYS
AM-TSE-001,8,21,0,ALWAYS
AM-TSE-001,8,22,0,ALWAYS
AM-TSE-001,8,23,0,ALWAYS
AM-TSE-001,8,24,0,ALWAYS
AM-TSE-001,8,25,0,ALWAYS
AM-TSE-001,8,26,0,ALWAYS
AM-TSE-001,8,27,0,ALWAYS
AM-TSE-001,8,28,0,ALWAYS
AM-TSE-001,8,29,0,ALWAYS
AM-TSE-001,8,30,0,ALWAYS
AM-TSE-001,9,1,0,ALWAYS
AM-TSE-001,9,2,0,ALWAYS
AM-TSE-001,9,3,0,ALWAYS
AM-TSE-001,9,4,0,ALWAYS
AM-TSE-001,9,5,0,ALWAYS
AM-TSE-001,9,6,0,ALWAYS
AM-TSE-001,9,7,0,ALWAYS
AM-TSE-001,9,8,0,ALWAYS
AM-TSE-001,9,9,0,ALWAYS
AM-TSE-001,9,10,0,ALWAYS
AM-TSE-001,9,11,0,ALWAYS
AM-TSE-001,9,12,0,ALWAYS
AM-TSE-001,9,13,0,ALWAYS
AM-TSE-001,9,14,0,ALWAYS
AM-TSE-001,9,15,0,ALWAYS
AM-TSE-001,9,16,0,ALWAYS
AM-TSE-001,9,17,0,ALWAYS
AM-TSE-001,9,18,0,ALWAYS
AM-TSE-001,9,19,0,ALWAYS
AM-TSE-001,9,20,0,ALWAYS
AM-TSE-001,9,21,0,ALWAYS
AM-TSE-001,9,22,0,ALWAYS
AM-TSE-001,9,23,0,ALWAYS
AM-TSE-001,9,24,0,ALWAYS
AM-TSE-001,9,25,0,ALWAYS
AM-TSE-001,9,26,0,ALWAYS
AM-TSE-001,9,27,0,ALWAYS
AM-TSE-001,9,28,0,ALWAYS
AM-TSE-001,9,29,0,ALWAYS
AM-TSE-001,9,30,0,ALWAYS
AM-TSE-001,10,1,0,ALWAYS
AM-TSE-001,10,2,0,ALWAYS
AM-TSE-001,10,3,0,ALWAYS
AM-TSE-001,10,4,0,ALWAYS
AM-TSE-001,10,5,0,ALWAYS
AM-TSE-001,10,6,0,ALWAYS
AM-TSE-001,10,7,0,ALWAYS
AM-TSE-001,10,8,0,ALWAYS
AM-TSE-001,10,9,0,ALWAYS
AM-TSE-001,10,10,0,ALWAYS
AM-TSE-001,10,11,0,ALWAYS
AM-TSE-001,10,12,0,ALWAYS
AM-TSE-001,10,13,0,ALWAYS
AM-TSE-001,10,14,0,ALWAYS
AM-TSE-001,10,15,0,ALWAYS
AM-TSE-001,10,16,0,ALWAYS
AM-TSE-001,10,17,0,ALWAYS
AM-TSE-001,10,18,0,ALWAYS
AM-TSE-001,10,19,0,ALWAYS
AM-TSE-001,10,20,0,ALWAYS
AM-TSE-001,10,21,0,ALWAYS
AM-TSE-001,10,22,0,ALWAYS
AM-TSE-001,10,23,0,ALWAYS
AM-TSE-001,10,24,0,ALWAYS
AM-TSE-001,10,25,0,ALWAYS
AM-TSE-001,10,26,0,ALWAYS
AM-TSE-001,10,27,0,ALWAYS
AM-TSE-001,10,28,0,ALWAYS
AM-TSE-001,10,29,0,ALWAYS
AM-TSE-001,10,30,0,ALWAYS
AM-TSE-001,11,1,0,ALWAYS
AM-TSE-001,11,2,0,ALWAYS
AM-TSE-001,11,3,0,ALWAYS
AM-TSE-001,11,4,0,ALWAYS
AM-TSE-001,11,5,0,ALWAYS
AM-TSE-001,11,6,0,ALWAYS
AM-TSE-001,11,7,0,ALWAYS
AM-TSE-001,11,8,0,ALWAYS
AM-TSE-001,11,9,0,ALWAYS
AM-TSE-001,11,10,0,ALWAYS
AM-TSE-001,11,11,0,ALWAYS
AM-TSE-001,11,12,0,ALWAYS
AM-TSE-001,11,13,0,ALWAYS
AM-TSE-001,11,14,0,ALWAYS
AM-TSE-001,11,15,0,ALWAYS
AM-TSE-001,11,16,0,ALWAYS
AM-TSE-001,11,17,0,ALWAYS
AM-TSE-001,11,18,0,ALWAYS
AM-TSE-001,11,19,0,ALWAYS
AM-TSE-001,11,20,0,ALWAYS
AM-TSE-001,11,21,0,ALWAYS
AM-TSE-001,11,22,0,ALWAYS
AM-TSE-001,11,23,0,ALWAYS
AM-TSE-001,11,24,0,ALWAYS
AM-TSE-001,11,25,0,ALWAYS
AM-TSE-001,11,26,0,ALWAYS
AM-TSE-001,11,27,0,ALWAYS
AM-TSE-001,11,28,0,ALWAYS
AM-TSE-001,11,29,0,ALWAYS
AM-TSE-001,11,30,0,ALWAYS
AM-TSE-001,12,1,0,ALWAYS
AM-TSE-001,12,2,0,ALWAYS
AM-TSE-001,12,3,0,ALWAYS
AM-TSE-001,12,4,0,ALWAYS
AM-TSE-001,12,5,0,ALWAYS
AM-TSE-001,12,6,0,ALWAYS
AM-TSE-001,12,7,0,ALWAYS
AM-TSE-001,12,8,0,ALWAYS
AM-TSE-001,12,9,0,ALWAYS
AM-TSE-001,12,10,0,ALWAYS
AM-TSE-001,12,11,0,ALWAYS
AM-TSE-001,12,12,0,ALWAYS
AM-TSE-001,12,13,0,ALWAYS
AM-TSE-001,12,14,0,ALWAYS
AM-TSE-001,12,15,0,ALWAYS
AM-TSE-001,12,16,0,ALWAYS
AM-TSE-001,12,17,0,ALWAYS
AM-TSE-001,12,18,0,ALWAYS
AM-TSE-001,12,19,0,ALWAYS
AM-TSE-001,12,20,0,ALWAYS
AM-TSE-001,12,21,0,ALWAYS
AM-TSE-001,12,22,0,ALWAYS
AM-TSE-001,12,23,0,ALWAYS
AM-TSE-001,12,24,0,ALWAYS
AM-TSE-001,12,25,0,ALWAYS
AM-TSE-001,12,26,0,ALWAYS
AM-TSE-001,12,27,0,ALWAYS
AM-TSE-001,12,28,0,ALWAYS
AM-TSE-001,12,29,0,ALWAYS
AM-TSE-001,12,30,0,ALWAYS
AM-TSE-001,13,1,0,ALWAYS
AM-TSE-001,13,2,0,ALWAYS
AM-TSE-001,13,3,0,ALWAYS
AM-TSE-001,13,4,0,ALWAYS
AM-TSE-001,13,5,0,ALWAYS
AM-TSE-001,13,6,0,ALWAYS
AM-TSE-002,1,1,0,ALWAYS
AM-TSE-002,1,2,0,ALWAYS
AM-TSE-002,1,3,0,ALWAYS
AM-TSE-002,1,4,0,ALWAYS
AM-TSE-002,1,5,0,ALWAYS
AM-TSE-002,1,6,0,ALWAYS
AM-TSE-002,1,7,0,ALWAYS
AM-TSE-002,1,8,0,ALWAYS
AM-TSE-002,1,9,0,ALWAYS
AM-TSE-002,1,10,0,ALWAYS
AM-TSE-002,1,11,0,ALWAYS
AM-TSE-002,1,12,0,ALWAYS
AM-TSE-002,1,13,0,ALWAYS
AM-TSE-002,1,14,0,ALWAYS
AM-TSE-002,1,15,0,ALWAYS
AM-TSE-002,1,16,0,ALWAYS
AM-TSE-002,1,17,0,ALWAYS
AM-TSE-002,1,18,0,ALWAYS
AM-TSE-002,1,19,0,ALWAYS
AM-TSE-002,1,20,0,ALWAYS
AM-TSE-002,1,21,0,ALWAYS
AM-TSE-002,1,22,0,ALWAYS
AM-TSE-002,1,23,0,ALWAYS
AM-TSE-002,1,24,0,ALWAYS
AM-TSE-002,1,25,0,ALWAYS
AM-TSE-002,1,26,0,ALWAYS
AM-TSE-002,1,27,0,ALWAYS
AM-TSE-002,1,28,0,ALWAYS
AM-TSE-002,1,29,0,ALWAYS
AM-TSE-002,1,30,0,ALWAYS
AM-TSE-002,2,1,0,ALWAYS
AM-TSE-002,2,2,0,ALWAYS
AM-TSE-002,2,3,0,ALWAYS
AM-TSE-002,2,4,0,ALWAYS
AM-TSE-002,2,5,0,ALWAYS
AM-TSE-002,2,6,0,ALWAYS
AM-TSE-002,2,7,0,ALWAYS
AM-TSE-002,2,8,0,ALWAYS
AM-TSE-002,2,9,0,ALWAYS
AM-TSE-002,2,10,0,ALWAYS
AM-TSE-002,2,11,0,ALWAYS
AM-TSE-002,2,12,0,ALWAYS
AM-TSE-002,2,13,0,ALWAYS
AM-TSE-002,2,14,0,ALWAYS
AM-TSE-002,2,15,0,ALWAYS
AM-TSE-002,2,16,0,ALWAYS
AM-TSE-002,2,17,0,ALWAYS
AM-TSE-002,2,18,0,ALWAYS
AM-TSE-002,2,19,0,ALWAYS
AM-TSE-002,2,20,0,ALWAYS
AM-TSE-002,2,21,0,ALWAYS
AM-TSE-002,2,22,0,ALWAYS
AM-TSE-002,2,23,0,ALWAYS
AM-TSE-002,2,24,0,ALWAYS
AM-TSE-002,2,25,0,ALWAYS
AM-TSE-002,2,26,0,ALWAYS
AM-TSE-002,2,27,0,ALWAYS
AM-TSE-002,2,28,0,ALWAYS
AM-TSE-002,2,29,0,ALWAYS
AM-TSE-002,2,30,0,ALWAYS
AM-TSE-002,3,1,0,ALWAYS
AM-TSE-002,3,2,0,ALWAYS
AM-TSE-002,3,3,0,ALWAYS
AM-TSE-002,3,4,0,ALWAYS
AM-TSE-002,3,5,0,ALWAYS
AM-TSE-002,3,6,0,ALWAYS
AM-TSE-002,3,7,0,ALWAYS
AM-TSE-002,3,8,0,ALWAYS
AM-TSE-002,3,9,0,ALWAYS
AM-TSE-002,3,10,0,ALWAYS
AM-TSE-002,3,11,0,ALWAYS
AM-TSE-002,3,12,0,ALWAYS
AM-TSE-002,3,13,0,ALWAYS
AM-TSE-002,3,14,0,ALWAYS
AM-TSE-002,3,15,0,ALWAYS
AM-TSE-002,3,16,0,ALWAYS
AM-TSE-002,3,17,0,ALWAYS
AM-TSE-002,3,18,0,ALWAYS
AM-TSE-002,3,19,0,ALWAYS
AM-TSE-002,3,20,0,ALWAYS
AM-TSE-002,3,21,0,ALWAYS
AM-TSE-002,3,22,0,ALWAYS
AM-TSE-002,3,23,0,ALWAYS
AM-TSE-002,3,24,0,ALWAYS
AM-TSE-002,3,25,0,ALWAYS
AM-TSE-002,3,26,0,ALWAYS
AM-TSE-002,3,27,0,ALWAYS
AM-TSE-002,3,28,0,ALWAYS
AM-TSE-002,3,29,0,ALWAYS
AM-TSE-002,3,30,0,ALWAYS
AM-TSE-002,4,1,0,ALWAYS
AM-TSE-002,4,2,0,ALWAYS
AM-TSE-002,4,3,0,ALWAYS
AM-TSE-002,4,4,0,ALWAYS
AM-TSE-002,4,5,0,ALWAYS
AM-TSE-002,4,6,0,ALWAYS
AM-TSE-002,4,7,0,ALWAYS
AM-TSE-002,4,8,0,ALWAYS
AM-TSE-002,4,9,0,ALWAYS
AM-TSE-002,4,10,0,ALWAYS
AM-TSE-002,4,11,0,ALWAYS
AM-TSE-002,4,12,0,ALWAYS
AM-TSE-002,4,13,0,ALWAYS
AM-TSE-002,4,14,0,ALWAYS
AM-TSE-002,4,15,0,ALWAYS
AM-TSE-002,4,16,0,ALWAYS
AM-TSE-002,4,17,0,ALWAYS
AM-TSE-002,4,18,0,ALWAYS
AM-TSE-002,4,19,0,ALWAYS
AM-TSE-002,4,20,0,ALWAYS
AM-TSE-002,4,21,0,ALWAYS
AM-TSE-002,4,22,0,ALWAYS
AM-TSE-002,4,23,0,ALWAYS
AM-TSE-002,4,24,0,ALWAYS
AM-TSE-002,4,25,0,ALWAYS
AM-TSE-002,4,26,0,ALWAYS
AM-TSE-002,4,27,0,ALWAYS
AM-TSE-002,4,28,0,ALWAYS
AM-TSE-002,4,29,0,ALWAYS
AM-TSE-002,4,30,0,ALWAYS
AM-TSE-002,5,1,0,ALWAYS
AM-TSE-002,5,2,0,ALWAYS
AM-TSE-002,5,3,0,ALWAYS
AM-TSE-002,5,4,0,ALWAYS
AM-TSE-002,5,5,0,ALWAYS
AM-TSE-002,5,6,0,ALWAYS
AM-TSE-002,5,7,0,ALWAYS
AM-TSE-002,5,8,0,ALWAYS
AM-TSE-002,5,9,0,ALWAYS
AM-TSE-002,5,10,0,ALWAYS
AM-TSE-002,5,11,0,ALWAYS
AM-TSE-002,5,12,0,ALWAYS
AM-TSE-002,5,13,0,ALWAYS
AM-TSE-002,5,14,0,ALWAYS
AM-TSE-002,5,15,0,ALWAYS
AM-TSE-002,5,16,0,ALWAYS
AM-TSE-002,5,17,0,ALWAYS
AM-TSE-002,5,18,0,ALWAYS
AM-TSE-002,5,19,0,ALWAYS
AM-TSE-002,5,20,0,ALWAYS
AM-TSE-002,5,21,0,ALWAYS
AM-TSE-002,5,22,0,ALWAYS
AM-TSE-002,5,23,0,ALWAYS
AM-TSE-002,5,24,0,ALWAYS
AM-TSE-002,5,25,0,ALWAYS
AM-TSE-002,5,26,0,ALWAYS
AM-TSE-002,5,27,0,ALWAYS
AM-TSE-002,5,28,0,ALWAYS
AM-TSE-002,5,29,0,ALWAYS
AM-TSE-002,5,30,0,ALWAYS
AM-TSE-002,6,1,0,ALWAYS
AM-TSE-002,6,2,0,ALWAYS
AM-TSE-002,6,3,0,ALWAYS
AM-TSE-002,6,4,0,ALWAYS
AM-TSE-002,6,5,0,ALWAYS
AM-TSE-002,6,6,0,ALWAYS
AM-TSE-002,6,7,0,ALWAYS
AM-TSE-002,6,8,0,ALWAYS
AM-TSE-002,6,9,0,ALWAYS
AM-TSE-002,6,10,0,ALWAYS
AM-TSE-002,6,11,0,ALWAYS
AM-TSE-002,6,12,0,ALWAYS
AM-TSE-002,6,13,0,ALWAYS
AM-TSE-002,6,14,0,ALWAYS
AM-TSE-002,6,15,0,ALWAYS
AM-TSE-002,6,16,0,ALWAYS
AM-TSE-002,6,17,0,ALWAYS
AM-TSE-002,6,18,0,ALWAYS
AM-TSE-002,6,19,0,ALWAYS
AM-TSE-002,6,20,0,ALWAYS
AM-TSE-002,6,21,0,ALWAYS
AM-TSE-002,6,22,0,ALWAYS
AM-TSE-002,6,23,0,ALWAYS
AM-TSE-002,6,24,0,ALWAYS
AM-TSE-002,6,25,0,ALWAYS
AM-TSE-002,6,26,0,ALWAYS
AM-TSE-002,6,27,0,ALWAYS
AM-TSE-002,6,28,0,ALWAYS
AM-TSE-002,6,29,0,ALWAYS
AM-TSE-002,6,30,0,ALWAYS
AM-TSE-002,7,1,0,ALWAYS
AM-TSE-002,7,2,0,ALWAYS
AM-TSE-002,7,3,0,ALWAYS
AM-TSE-002,7,4,0,ALWAYS
AM-TSE-002,7,5,0,ALWAYS
AM-TSE-002,7,6,0,ALWAYS
AM-TSE-002,7,7,0,ALWAYS
AM-TSE-002,7,8,0,ALWAYS
AM-TSE-002,7,9,0,ALWAYS
AM-TSE-002,7,10,0,ALWAYS
AM-TSE-002,7,11,0,ALWAYS
AM-TSE-002,7,12,0,ALWAYS
AM-TSE-002,7,13,0,ALWAYS
AM-TSE-002,7,14,0,ALWAYS
AM-TSE-002,7,15,0,ALWAYS
AM-TSE-002,7,16,0,ALWAYS
AM-TSE-002,7,17,0,ALWAYS
AM-TSE-002,7,18,0,ALWAYS
AM-TSE-002,7,19,0,ALWAYS
AM-TSE-002,7,20,0,ALWAYS
AM-TSE-002,7,21,0,ALWAYS
AM-TSE-002,7,22,0,ALWAYS
AM-TSE-002,7,23,0,ALWAYS
AM-TSE-002,7,24,0,ALWAYS
AM-TSE-002,7,25,0,ALWAYS
AM-TSE-002,7,26,0,ALWAYS
AM-TSE-002,7,27,0,ALWAYS
AM-TSE-002,7,28,0,ALWAYS
AM-TSE-002,7,29,0,ALWAYS
AM-TSE-002,7,30,0,ALWAYS
AM-TSE-002,8,1,0,ALWAYS
AM-TSE-002,8,2,0,ALWAYS
AM-TSE-002,8,3,0,ALWAYS
AM-TSE-002,8,4,0,ALWAYS
AM-TSE-002,8,5,0,ALWAYS
AM-TSE-002,8,6,0,ALWAYS
AM-TSE-002,8,7,0,ALWAYS
AM-TSE-002,8,8,0,ALWAYS
AM-TSE-002,8,9,0,ALWAYS
AM-TSE-002,8,10,0,ALWAYS
AM-TSE-002,8,11,0,ALWAYS
AM-TSE-002,8,12,0,ALWAYS
AM-TSE-002,8,13,0,ALWAYS
AM-TSE-002,8,14,0,ALWAYS
AM-TSE-002,8,15,0,ALWAYS
AM-TSE-002,8,16,0,ALWAYS
AM-TSE-002,8,17,0,ALWAYS
AM-TSE-002,8,18,0,ALWAYS
AM-TSE-002,8,19,0,ALWAYS
AM-TSE-002,8,20,0,ALWAYS
AM-TSE-002,8,21,0,ALWAYS
AM-TSE-002,8,22,0,ALWAYS
AM-TSE-002,8,23,0,ALWAYS
AM-TSE-002,8,24,0,ALWAYS
AM-TSE-002,8,25,0,ALWAYS
AM-TSE-002,8,26,0,ALWAYS
AM-TSE-002,8,27,0,ALWAYS
AM-TSE-002,8,28,0,ALWAYS
AM-TSE-002,8,29,0,ALWAYS
AM-TSE-002,8,30,0,ALWAYS
AM-TSE-002,9,1,0,ALWAYS
AM-TSE-002,9,2,0,ALWAYS
AM-TSE-002,9,3,0,ALWAYS
AM-TSE-002,9,4,0,ALWAYS
AM-TSE-002,9,5,0,ALWAYS
AM-TSE-002,9,6,0,ALWAYS
AM-TSE-002,9,7,0,ALWAYS
AM-TSE-002,9,8,0,ALWAYS
AM-TSE-002,9,9,0,ALWAYS
AM-TSE-002,9,10,0,ALWAYS
AM-TSE-002,9,11,0,ALWAYS
AM-TSE-002,9,12,0,ALWAYS
AM-TSE-002,9,13,0,ALWAYS
AM-TSE-002,9,14,0,ALWAYS
AM-TSE-002,9,15,0,ALWAYS
AM-TSE-002,9,16,0,ALWAYS
AM-TSE-002,9,17,0,ALWAYS
AM-TSE-002,9,18,0,ALWAYS
AM-TSE-002,9,19,0,ALWAYS
AM-TSE-002,9,20,0,ALWAYS
AM-TSE-002,9,21,0,ALWAYS
AM-TSE-002,9,22,0,ALWAYS
AM-TSE-002,9,23,0,ALWAYS
AM-TSE-002,9,24,0,ALWAYS
AM-TSE-002,9,25,0,ALWAYS
AM-TSE-002,9,26,0,ALWAYS
AM-TSE-002,9,27,0,ALWAYS
AM-TSE-002,9,28,0,ALWAYS
AM-TSE-002,9,29,0,ALWAYS
AM-TSE-002,9,30,0,ALWAYS
AM-TSE-002,10,1,0,ALWAYS
AM-TSE-002,10,2,0,ALWAYS
AM-TSE-002,10,3,0,ALWAYS
AM-TSE-002,10,4,0,ALWAYS
AM-TSE-002,10,5,0,ALWAYS
AM-TSE-002,10,6,0,ALWAYS
AM-TSE-002,10,7,0,ALWAYS
AM-TSE-002,10,8,0,ALWAYS
AM-TSE-002,10,9,0,ALWAYS
AM-TSE-002,10,10,0,ALWAYS
AM-TSE-002,10,11,0,ALWAYS
AM-TSE-002,10,12,0,ALWAYS
AM-TSE-002,10,13,0,ALWAYS
AM-TSE-002,10,14,0,ALWAYS
AM-TSE-002,10,15,0,ALWAYS
AM-TSE-002,10,16,0,ALWAYS
AM-TSE-002,10,17,0,ALWAYS
AM-TSE-002,10,18,0,ALWAYS
AM-TSE-002,10,19,0,ALWAYS
AM-TSE-002,10,20,0,ALWAYS
AM-TSE-002,10,21,0,ALWAYS
AM-TSE-002,10,22,0,ALWAYS
AM-TSE-002,10,23,0,ALWAYS
AM-TSE-002,10,24,0,ALWAYS
AM-TSE-002,10,25,0,ALWAYS
AM-TSE-002,10,26,0,ALWAYS
AM-TSE-002,10,27,0,ALWAYS
AM-TSE-002,10,28,0,ALWAYS
AM-TSE-002,10,29,0,ALWAYS
AM-TSE-002,10,30,0,ALWAYS
AM-TSE-002,11,1,0,ALWAYS
AM-TSE-002,11,2,0,ALWAYS
AM-TSE-002,11,3,0,ALWAYS
AM-TSE-002,11,4,0,ALWAYS
AM-TSE-002,11,5,0,ALWAYS
AM-TSE-002,11,6,0,ALWAYS
AM-TSE-002,11,7,0,ALWAYS
AM-TSE-002,11,8,0,ALWAYS
AM-TSE-002,11,9,0,ALWAYS
AM-TSE-002,11,10,0,ALWAYS
AM-TSE-002,11,11,0,ALWAYS
AM-TSE-002,11,12,0,ALWAYS
AM-TSE-002,11,13,0,ALWAYS
AM-TSE-002,11,14,0,ALWAYS
AM-TSE-002,11,15,0,ALWAYS
AM-TSE-002,11,16,0,ALWAYS
AM-TSE-002,11,17,0,ALWAYS
AM-TSE-002,11,18,0,ALWAYS
AM-TSE-002,11,19,0,ALWAYS
AM-TSE-002,11,20,0,ALWAYS
AM-TSE-002,11,21,0,ALWAYS
AM-TSE-002,11,22,0,ALWAYS
AM-TSE-002,11,23,0,ALWAYS
AM-TSE-002,11,24,0,ALWAYS
AM-TSE-002,11,25,0,ALWAYS
AM-TSE-002,11,26,0,ALWAYS
AM-TSE-002,11,27,0,ALWAYS
AM-TSE-002,11,28,0,ALWAYS
AM-TSE-002,11,29,0,ALWAYS
AM-TSE-002,11,30,0,ALWAYS
AM-TSE-002,12,1,0,ALWAYS
AM-TSE-002,12,2,0,ALWAYS
AM-TSE-002,12,3,0,ALWAYS
AM-TSE-002,12,4,0,ALWAYS
AM-TSE-002,12,5,0,ALWAYS
AM-TSE-002,12,6,0,ALWAYS
AM-TSE-002,12,7,0,ALWAYS
AM-TSE-002,12,8,0,ALWAYS
AM-TSE-002,12,9,0,ALWAYS
AM-TSE-002,12,10,0,ALWAYS
AM-TSE-002,12,11,0,ALWAYS
AM-TSE-002,12,12,0,ALWAYS
AM-TSE-002,12,13,0,ALWAYS
AM-TSE-002,12,14,0,ALWAYS
AM-TSE-002,12,15,0,ALWAYS
AM-TSE-002,12,16,0,ALWAYS
AM-TSE-002,12,17,0,ALWAYS
AM-TSE-002,12,18,0,ALWAYS
AM-TSE-002,12,19,0,ALWAYS
AM-TSE-002,12,20,0,ALWAYS
AM-TSE-002,12,21,0,ALWAYS
AM-TSE-002,12,22,0,ALWAYS
AM-TSE-002,12,23,0,ALWAYS
AM-TSE-002,12,24,0,ALWAYS
AM-TSE-002,12,25,0,ALWAYS
AM-TSE-002,12,26,0,ALWAYS
AM-TSE-002,12,27,0,ALWAYS
AM-TSE-002,12,28,0,ALWAYS
AM-TSE-002,12,29,0,ALWAYS
AM-TSE-002,12,30,0,ALWAYS
AM-TSE-002,13,1,0,ALWAYS
AM-TSE-002,13,2,0,ALWAYS
AM-TSE-002,13,3,0,ALWAYS
AM-TSE-002,13,4,0,ALWAYS
AM-TSE-002,13,5,0,ALWAYS
AM-TSE-002,13,6,0,ALWAYS
AM-TSE-003,1,1,0,ALWAYS
AM-TSE-003,1,2,0,ALWAYS
AM-TSE-003,1,3,0,ALWAYS
AM-TSE-003,1,4,0,ALWAYS
AM-TSE-003,1,5,0,ALWAYS
AM-TSE-003,1,6,0,ALWAYS
AM-TSE-003,1,7,0,ALWAYS
AM-TSE-003,1,8,0,ALWAYS
AM-TSE-003,1,9,0,ALWAYS
AM-TSE-003,1,10,0,ALWAYS
AM-TSE-003,1,11,0,ALWAYS
AM-TSE-003,1,12,0,ALWAYS
AM-TSE-003,1,13,0,ALWAYS
AM-TSE-003,1,14,0,ALWAYS
AM-TSE-003,1,15,0,ALWAYS
AM-TSE-003,1,16,0,ALWAYS
AM-TSE-003,1,17,0,ALWAYS
AM-TSE-003,1,18,0,ALWAYS
AM-TSE-003,1,19,0,ALWAYS
AM-TSE-003,1,20,0,ALWAYS
AM-TSE-003,1,21,0,ALWAYS
AM-TSE-003,1,22,0,ALWAYS
AM-TSE-003,1,23,0,ALWAYS
AM-TSE-003,1,24,0,ALWAYS
AM-TSE-003,1,25,0,ALWAYS
AM-TSE-003,1,26,0,ALWAYS
AM-TSE-003,1,27,0,ALWAYS
AM-TSE-003,1,28,0,ALWAYS
AM-TSE-003,1,29,0,ALWAYS
AM-TSE-003,1,30,0,ALWAYS
AM-TSE-003,2,1,0,ALWAYS
AM-TSE-003,2,2,0,ALWAYS
AM-TSE-003,2,3,0,ALWAYS
AM-TSE-003,2,4,0,ALWAYS
AM-TSE-003,2,5,0,ALWAYS
AM-TSE-003,2,6,0,ALWAYS
AM-TSE-003,2,7,0,ALWAYS
AM-TSE-003,2,8,0,ALWAYS
AM-TSE-003,2,9,0,ALWAYS
AM-TSE-003,2,10,0,ALWAYS
AM-TSE-003,2,11,0,ALWAYS
AM-TSE-003,2,12,0,ALWAYS
AM-TSE-003,2,13,0,ALWAYS
AM-TSE-003,2,14,0,ALWAYS
AM-TSE-003,2,15,0,ALWAYS
AM-TSE-003,2,16,0,ALWAYS
AM-TSE-003,2,17,0,ALWAYS
AM-TSE-003,2,18,0,ALWAYS
AM-TSE-003,2,19,0,ALWAYS
AM-TSE-003,2,20,0,ALWAYS
AM-TSE-003,2,21,0,ALWAYS
AM-TSE-003,2,22,0,ALWAYS
AM-TSE-003,2,23,0,ALWAYS
AM-TSE-003,2,24,0,ALWAYS
AM-TSE-003,2,25,0,ALWAYS
AM-TSE-003,2,26,0,ALWAYS
AM-TSE-003,2,27,0,ALWAYS
AM-TSE-003,2,28,0,ALWAYS
AM-TSE-003,2,29,0,ALWAYS
AM-TSE-003,2,30,0,ALWAYS
AM-TSE-003,3,1,0,ALWAYS
AM-TSE-003,3,2,0,ALWAYS
AM-TSE-003,3,3,0,ALWAYS
AM-TSE-003,3,4,0,ALWAYS
AM-TSE-003,3,5,0,ALWAYS
AM-TSE-003,3,6,0,ALWAYS
AM-TSE-003,3,7,0,ALWAYS
AM-TSE-003,3,8,0,ALWAYS
AM-TSE-003,3,9,0,ALWAYS
AM-TSE-003,3,10,0,ALWAYS
AM-TSE-003,3,11,0,ALWAYS
AM-TSE-003,3,12,0,ALWAYS
AM-TSE-003,3,13,0,ALWAYS
AM-TSE-003,3,14,0,ALWAYS
AM-TSE-003,3,15,0,ALWAYS
AM-TSE-003,3,16,0,ALWAYS
AM-TSE-003,3,17,0,ALWAYS
AM-TSE-003,3,18,0,ALWAYS
AM-TSE-003,3,19,0,ALWAYS
AM-TSE-003,3,20,0,ALWAYS
AM-TSE-003,3,21,0,ALWAYS
AM-TSE-003,3,22,0,ALWAYS
AM-TSE-003,3,23,0,ALWAYS
AM-TSE-003,3,24,0,ALWAYS
AM-TSE-003,3,25,0,ALWAYS
AM-TSE-003,3,26,0,ALWAYS
AM-TSE-003,3,27,0,ALWAYS
AM-TSE-003,3,28,0,ALWAYS
AM-TSE-003,3,29,0,ALWAYS
AM-TSE-003,3,30,0,ALWAYS
AM-TSE-003,4,1,0,ALWAYS
AM-TSE-003,4,2,0,ALWAYS
AM-TSE-003,4,3,0,ALWAYS
AM-TSE-003,4,4,0,ALWAYS
AM-TSE-003,4,5,0,ALWAYS
AM-TSE-003,4,6,0,ALWAYS
AM-TSE-003,4,7,0,ALWAYS
AM-TSE-003,4,8,0,ALWAYS
AM-TSE-003,4,9,0,ALWAYS
AM-TSE-003,4,10,0,ALWAYS
AM-TSE-003,4,11,0,ALWAYS
AM-TSE-003,4,12,0,ALWAYS
AM-TSE-003,4,13,0,ALWAYS
AM-TSE-003,4,14,0,ALWAYS
AM-TSE-003,4,15,0,ALWAYS
AM-TSE-003,4,16,0,ALWAYS
AM-TSE-003,4,17,0,ALWAYS
AM-TSE-003,4,18,0,ALWAYS
AM-TSE-003,4,19,0,ALWAYS
AM-TSE-003,4,20,0,ALWAYS
AM-TSE-003,4,21,0,ALWAYS
AM-TSE-003,4,22,0,ALWAYS
AM-TSE-003,4,23,0,ALWAYS
AM-TSE-003,4,24,0,ALWAYS
AM-TSE-003,4,25,0,ALWAYS
AM-TSE-003,4,26,0,ALWAYS
AM-TSE-003,4,27,0,ALWAYS
AM-TSE-003,4,28,0,ALWAYS
AM-TSE-003,4,29,0,ALWAYS
AM-TSE-003,4,30,0,ALWAYS
AM-TSE-003,5,1,0,ALWAYS
AM-TSE-003,5,2,0,ALWAYS
AM-TSE-003,5,3,0,ALWAYS
AM-TSE-003,5,4,0,ALWAYS
AM-TSE-003,5,5,0,ALWAYS
AM-TSE-003,5,6,0,ALWAYS
AM-TSE-003,5,7,0,ALWAYS
AM-TSE-003,5,8,0,ALWAYS
AM-TSE-003,5,9,0,ALWAYS
AM-TSE-003,5,10,0,ALWAYS
AM-TSE-003,5,11,0,ALWAYS
AM-TSE-003,5,12,0,ALWAYS
AM-TSE-003,5,13,0,ALWAYS
AM-TSE-003,5,14,0,ALWAYS
AM-TSE-003,5,15,0,ALWAYS
AM-TSE-003,5,16,0,ALWAYS
AM-TSE-003,5,17,0,ALWAYS
AM-TSE-003,5,18,0,ALWAYS
AM-TSE-003,5,19,0,ALWAYS
AM-TSE-003,5,20,0,ALWAYS
AM-TSE-003,5,21,0,ALWAYS
AM-TSE-003,5,22,0,ALWAYS
AM-TSE-003,5,23,0,ALWAYS
AM-TSE-003,5,24,0,ALWAYS
AM-TSE-003,5,25,0,ALWAYS
AM-TSE-003,5,26,0,ALWAYS
AM-TSE-003,5,27,0,ALWAYS
AM-TSE-003,5,28,0,ALWAYS
AM-TSE-003,5,29,0,ALWAYS
AM-TSE-003,5,30,0,ALWAYS
AM-TSE-003,6,1,0,ALWAYS
AM-TSE-003,6,2,0,ALWAYS
AM-TSE-003,6,3,0,ALWAYS
AM-TSE-003,6,4,0,ALWAYS
AM-TSE-003,6,5,0,ALWAYS
AM-TSE-003,6,6,0,ALWAYS
AM-TSE-003,6,7,0,ALWAYS
AM-TSE-003,6,8,0,ALWAYS
AM-TSE-003,6,9,0,ALWAYS
AM-TSE-003,6,10,0,ALWAYS
AM-TSE-003,6,11,0,ALWAYS
AM-TSE-003,6,12,0,ALWAYS
AM-TSE-003,6,13,0,ALWAYS
AM-TSE-003,6,14,0,ALWAYS
AM-TSE-003,6,15,0,ALWAYS
AM-TSE-003,6,16,0,ALWAYS
AM-TSE-003,6,17,0,ALWAYS
AM-TSE-003,6,18,0,ALWAYS
AM-TSE-003,6,19,0,ALWAYS
AM-TSE-003,6,20,0,ALWAYS
AM-TSE-003,6,21,0,ALWAYS
AM-TSE-003,6,22,0,ALWAYS
AM-TSE-003,6,23,0,ALWAYS
AM-TSE-003,6,24,0,ALWAYS
AM-TSE-003,6,25,0,ALWAYS
AM-TSE-003,6,26,0,ALWAYS
AM-TSE-003,6,27,0,ALWAYS
AM-TSE-003,6,28,0,ALWAYS
AM-TSE-003,6,29,0,ALWAYS
AM-TSE-003,6,30,0,ALWAYS
AM-TSE-003,7,1,0,ALWAYS
AM-TSE-003,7,2,0,ALWAYS
AM-TSE-003,7,3,0,ALWAYS
AM-TSE-003,7,4,0,ALWAYS
AM-TSE-003,7,5,0,ALWAYS
AM-TSE-003,7,6,0,ALWAYS
AM-TSE-003,7,7,0,ALWAYS
AM-TSE-003,7,8,0,ALWAYS
AM-TSE-003,7,9,0,ALWAYS
AM-TSE-003,7,10,0,ALWAYS
AM-TSE-003,7,11,0,ALWAYS
AM-TSE-003,7,12,0,ALWAYS
AM-TSE-003,7,13,0,ALWAYS
AM-TSE-003,7,14,0,ALWAYS
AM-TSE-003,7,15,0,ALWAYS
AM-TSE-003,7,16,0,ALWAYS
AM-TSE-003,7,17,0,ALWAYS
AM-TSE-003,7,18,0,ALWAYS
AM-TSE-003,7,19,0,ALWAYS
AM-TSE-003,7,20,0,ALWAYS
AM-TSE-003,7,21,0,ALWAYS
AM-TSE-003,7,22,0,ALWAYS
AM-TSE-003,7,23,0,ALWAYS
AM-TSE-003,7,24,0,ALWAYS
AM-TSE-003,7,25,0,ALWAYS
AM-TSE-003,7,26,0,ALWAYS
AM-TSE-003,7,27,0,ALWAYS
AM-TSE-003,7,28,0,ALWAYS
AM-TSE-003,7,29,0,ALWAYS
AM-TSE-003,7,30,0,ALWAYS
AM-TSE-003,8,1,0,ALWAYS
AM-TSE-003,8,2,0,ALWAYS
AM-TSE-003,8,3,0,ALWAYS
AM-TSE-003,8,4,0,ALWAYS
AM-TSE-003,8,5,0,ALWAYS
AM-TSE-003,8,6,0,ALWAYS
AM-TSE-003,8,7,0,ALWAYS
AM-TSE-003,8,8,0,ALWAYS
AM-TSE-003,8,9,0,ALWAYS
AM-TSE-003,8,10,0,ALWAYS
AM-TSE-003,8,11,0,ALWAYS
AM-TSE-003,8,12,0,ALWAYS
AM-TSE-003,8,13,0,ALWAYS
AM-TSE-003,8,14,0,ALWAYS
AM-TSE-003,8,15,0,ALWAYS
AM-TSE-003,8,16,0,ALWAYS
AM-TSE-003,8,17,0,ALWAYS
AM-TSE-003,8,18,0,ALWAYS
AM-TSE-003,8,19,0,ALWAYS
AM-TSE-003,8,20,0,ALWAYS
AM-TSE-003,8,21,0,ALWAYS
AM-TSE-003,8,22,0,ALWAYS
AM-TSE-003,8,23,0,ALWAYS
AM-TSE-003,8,24,0,ALWAYS
AM-TSE-003,8,25,0,ALWAYS
AM-TSE-003,8,26,0,ALWAYS
AM-TSE-003,8,27,0,ALWAYS
AM-TSE-003,8,28,0,ALWAYS
AM-TSE-003,8,29,0,ALWAYS
AM-TSE-003,8,30,0,ALWAYS
AM-TSE-003,9,1,0,ALWAYS
AM-TSE-003,9,2,0,ALWAYS
AM-TSE-003,9,3,0,ALWAYS
AM-TSE-003,9,4,0,ALWAYS
AM-TSE-003,9,5,0,ALWAYS
AM-TSE-003,9,6,0,ALWAYS
AM-TSE-003,9,7,0,ALWAYS
AM-TSE-003,9,8,0,ALWAYS
AM-TSE-003,9,9,0,ALWAYS
AM-TSE-003,9,10,0,ALWAYS
AM-TSE-003,9,11,0,ALWAYS
AM-TSE-003,9,12,0,ALWAYS
AM-TSE-003,9,13,0,ALWAYS
AM-TSE-003,9,14,0,ALWAYS
AM-TSE-003,9,15,0,ALWAYS
AM-TSE-003,9,16,0,ALWAYS
AM-TSE-003,9,17,0,ALWAYS
AM-TSE-003,9,18,0,ALWAYS
AM-TSE-003,9,19,0,ALWAYS
AM-TSE-003,9,20,0,ALWAYS
AM-TSE-003,9,21,0,ALWAYS
AM-TSE-003,9,22,0,ALWAYS
AM-TSE-003,9,23,0,ALWAYS
AM-TSE-003,9,24,0,ALWAYS
AM-TSE-003,9,25,0,ALWAYS
AM-TSE-003,9,26,0,ALWAYS
AM-TSE-003,9,27,0,ALWAYS
AM-TSE-003,9,28,0,ALWAYS
AM-TSE-003,9,29,0,ALWAYS
AM-TSE-003,9,30,0,ALWAYS
AM-TSE-003,10,1,0,ALWAYS
AM-TSE-003,10,2,0,ALWAYS
AM-TSE-003,10,3,0,ALWAYS
AM-TSE-003,10,4,0,ALWAYS
AM-TSE-003,10,5,0,ALWAYS
AM-TSE-003,10,6,0,ALWAYS
AM-TSE-003,10,7,0,ALWAYS
AM-TSE-003,10,8,0,ALWAYS
AM-TSE-003,10,9,0,ALWAYS
AM-TSE-003,10,10,0,ALWAYS
AM-TSE-003,10,11,0,ALWAYS
AM-TSE-003,10,12,0,ALWAYS
AM-TSE-003,10,13,0,ALWAYS
AM-TSE-003,10,14,0,ALWAYS
AM-TSE-003,10,15,0,ALWAYS
AM-TSE-003,10,16,0,ALWAYS
AM-TSE-003,10,17,0,ALWAYS
AM-TSE-003,10,18,0,ALWAYS
AM-TSE-003,10,19,0,ALWAYS
AM-TSE-003,10,20,0,ALWAYS
AM-TSE-003,10,21,0,ALWAYS
AM-TSE-003,10,22,0,ALWAYS
AM-TSE-003,10,23,0,ALWAYS
AM-TSE-003,10,24,0,ALWAYS
AM-TSE-003,10,25,0,ALWAYS
AM-TSE-003,10,26,0,ALWAYS
AM-TSE-003,10,27,0,ALWAYS
AM-TSE-003,10,28,0,ALWAYS
AM-TSE-003,10,29,0,ALWAYS
AM-TSE-003,10,30,0,ALWAYS
AM-TSE-003,11,1,0,ALWAYS
AM-TSE-003,11,2,0,ALWAYS
AM-TSE-003,11,3,0,ALWAYS
AM-TSE-003,11,4,0,ALWAYS
AM-TSE-003,11,5,0,ALWAYS
AM-TSE-003,11,6,0,ALWAYS
AM-TSE-003,11,7,0,ALWAYS
AM-TSE-003,11,8,0,ALWAYS
AM-TSE-003,11,9,0,ALWAYS
AM-TSE-003,11,10,0,ALWAYS
AM-TSE-003,11,11,0,ALWAYS
AM-TSE-003,11,12,0,ALWAYS
AM-TSE-003,11,13,0,ALWAYS
AM-TSE-003,11,14,0,ALWAYS
AM-TSE-003,11,15,0,ALWAYS
AM-TSE-003,11,16,0,ALWAYS
AM-TSE-003,11,17,0,ALWAYS
AM-TSE-003,11,18,0,ALWAYS
AM-TSE-003,11,19,0,ALWAYS
AM-TSE-003,11,20,0,ALWAYS
AM-TSE-003,11,21,0,ALWAYS
AM-TSE-003,11,22,0,ALWAYS
AM-TSE-003,11,23,0,ALWAYS
AM-TSE-003,11,24,0,ALWAYS
AM-TSE-003,11,25,0,ALWAYS
AM-TSE-003,11,26,0,ALWAYS
AM-TSE-003,11,27,0,ALWAYS
AM-TSE-003,11,28,0,ALWAYS
AM-TSE-003,11,29,0,ALWAYS
AM-TSE-003,11,30,0,ALWAYS
AM-TSE-003,12,1,0,ALWAYS
AM-TSE-003,12,2,0,ALWAYS
AM-TSE-003,12,3,0,ALWAYS
AM-TSE-003,12,4,0,ALWAYS
AM-TSE-003,12,5,0,ALWAYS
AM-TSE-003,12,6,0,ALWAYS
AM-TSE-003,12,7,0,ALWAYS
AM-TSE-003,12,8,0,ALWAYS
AM-TSE-003,12,9,0,ALWAYS
AM-TSE-003,12,10,0,ALWAYS
AM-TSE-003,12,11,0,ALWAYS
AM-TSE-003,12,12,0,ALWAYS
AM-TSE-003,12,13,0,ALWAYS
AM-TSE-003,12,14,0,ALWAYS
AM-TSE-003,12,15,0,ALWAYS
AM-TSE-003,12,16,0,ALWAYS
AM-TSE-003,12,17,0,ALWAYS
AM-TSE-003,12,18,0,ALWAYS
AM-TSE-003,12,19,0,ALWAYS
AM-TSE-003,12,20,0,ALWAYS
AM-TSE-003,12,21,0,ALWAYS
AM-TSE-003,12,22,0,ALWAYS
AM-TSE-003,12,23,0,ALWAYS
AM-TSE-003,12,24,0,ALWAYS
AM-TSE-003,12,25,0,ALWAYS
AM-TSE-003,12,26,0,ALWAYS
AM-TSE-003,12,27,0,ALWAYS
AM-TSE-003,12,28,0,ALWAYS
AM-TSE-003,12,29,0,ALWAYS
AM-TSE-003,12,30,0,ALWAYS
AM-TSE-003,13,1,0,ALWAYS
AM-TSE-003,13,2,0,ALWAYS
AM-TSE-003,13,3,0,ALWAYS
AM-TSE-003,13,4,0,ALWAYS
AM-TSE-003,13,5,0,ALWAYS
AM-TSE-003,13,6,0,ALWAYS
AM-TSE-004,1,1,0,ALWAYS
AM-TSE-004,1,2,0,ALWAYS
AM-TSE-004,1,3,0,ALWAYS
AM-TSE-004,1,4,0,ALWAYS
AM-TSE-004,1,5,0,ALWAYS
AM-TSE-004,1,6,0,ALWAYS
AM-TSE-004,1,7,0,ALWAYS
AM-TSE-004,1,8,0,ALWAYS
AM-TSE-004,1,9,0,ALWAYS
AM-TSE-004,1,10,0,ALWAYS
AM-TSE-004,1,11,0,ALWAYS
AM-TSE-004,1,12,0,ALWAYS
AM-TSE-004,1,13,0,ALWAYS
AM-TSE-004,1,14,0,ALWAYS
AM-TSE-004,1,15,0,ALWAYS
AM-TSE-004,1,16,0,ALWAYS
AM-TSE-004,1,17,0,ALWAYS
AM-TSE-004,1,18,0,ALWAYS
AM-TSE-004,1,19,0,ALWAYS
AM-TSE-004,1,20,0,ALWAYS
AM-TSE-004,1,21,0,ALWAYS
AM-TSE-004,1,22,0,ALWAYS
AM-TSE-004,1,23,0,ALWAYS
AM-TSE-004,1,24,0,ALWAYS
AM-TSE-004,1,25,0,ALWAYS
AM-TSE-004,1,26,0,ALWAYS
AM-TSE-004,1,27,0,ALWAYS
AM-TSE-004,1,28,0,ALWAYS
AM-TSE-004,1,29,0,ALWAYS
AM-TSE-004,1,30,0,ALWAYS
AM-TSE-004,2,1,0,ALWAYS
AM-TSE-004,2,2,0,ALWAYS
AM-TSE-004,2,3,0,ALWAYS
AM-TSE-004,2,4,0,ALWAYS
AM-TSE-004,2,5,0,ALWAYS
AM-TSE-004,2,6,0,ALWAYS
AM-TSE-004,2,7,0,ALWAYS
AM-TSE-004,2,8,0,ALWAYS
AM-TSE-004,2,9,0,ALWAYS
AM-TSE-004,2,10,0,ALWAYS
AM-TSE-004,2,11,0,ALWAYS
AM-TSE-004,2,12,0,ALWAYS
AM-TSE-004,2,13,0,ALWAYS
AM-TSE-004,2,14,0,ALWAYS
AM-TSE-004,2,15,0,ALWAYS
AM-TSE-004,2,16,0,ALWAYS
AM-TSE-004,2,17,0,ALWAYS
AM-TSE-004,2,18,0,ALWAYS
AM-TSE-004,2,19,0,ALWAYS
AM-TSE-004,2,20,0,ALWAYS
AM-TSE-004,2,21,0,ALWAYS
AM-TSE-004,2,22,0,ALWAYS
AM-TSE-004,2,23,0,ALWAYS
AM-TSE-004,2,24,0,ALWAYS
AM-TSE-004,2,25,0,ALWAYS
AM-TSE-004,2,26,0,ALWAYS
AM-TSE-004,2,27,0,ALWAYS
AM-TSE-004,2,28,0,ALWAYS
AM-TSE-004,2,29,0,ALWAYS
AM-TSE-004,2,30,0,ALWAYS
AM-TSE-004,3,1,0,ALWAYS
AM-TSE-004,3,2,0,ALWAYS
AM-TSE-004,3,3,0,ALWAYS
AM-TSE-004,3,4,0,ALWAYS
AM-TSE-004,3,5,0,ALWAYS
AM-TSE-004,3,6,0,ALWAYS
AM-TSE-004,3,7,0,ALWAYS
AM-TSE-004,3,8,0,ALWAYS
AM-TSE-004,3,9,0,ALWAYS
AM-TSE-004,3,10,0,ALWAYS
AM-TSE-004,3,11,0,ALWAYS
AM-TSE-004,3,12,0,ALWAYS
AM-TSE-004,3,13,0,ALWAYS
AM-TSE-004,3,14,0,ALWAYS
AM-TSE-004,3,15,0,ALWAYS
AM-TSE-004,3,16,0,ALWAYS
AM-TSE-004,3,17,0,ALWAYS
AM-TSE-004,3,18,0,ALWAYS
AM-TSE-004,3,19,0,ALWAYS
AM-TSE-004,3,20,0,ALWAYS
AM-TSE-004,3,21,0,ALWAYS
AM-TSE-004,3,22,0,ALWAYS
AM-TSE-004,3,23,0,ALWAYS
AM-TSE-004,3,24,0,ALWAYS
AM-TSE-004,3,25,0,ALWAYS
AM-TSE-004,3,26,0,ALWAYS
AM-TSE-004,3,27,0,ALWAYS
AM-TSE-004,3,28,0,ALWAYS
AM-TSE-004,3,29,0,ALWAYS
AM-TSE-004,3,30,0,ALWAYS
AM-TSE-004,4,1,0,ALWAYS
AM-TSE-004,4,2,0,ALWAYS
AM-TSE-004,4,3,0,ALWAYS
AM-TSE-004,4,4,0,ALWAYS
AM-TSE-004,4,5,0,ALWAYS
AM-TSE-004,4,6,0,ALWAYS
AM-TSE-004,4,7,0,ALWAYS
AM-TSE-004,4,8,0,ALWAYS
AM-TSE-004,4,9,0,ALWAYS
AM-TSE-004,4,10,0,ALWAYS
AM-TSE-004,4,11,0,ALWAYS
AM-TSE-004,4,12,0,ALWAYS
AM-TSE-004,4,13,0,ALWAYS
AM-TSE-004,4,14,0,ALWAYS
AM-TSE-004,4,15,0,ALWAYS
AM-TSE-004,4,16,0,ALWAYS
AM-TSE-004,4,17,0,ALWAYS
AM-TSE-004,4,18,0,ALWAYS
AM-TSE-004,4,19,0,ALWAYS
AM-TSE-004,4,20,0,ALWAYS
AM-TSE-004,4,21,0,ALWAYS
AM-TSE-004,4,22,0,ALWAYS
AM-TSE-004,4,23,0,ALWAYS
AM-TSE-004,4,24,0,ALWAYS
AM-TSE-004,4,25,0,ALWAYS
AM-TSE-004,4,26,0,ALWAYS
AM-TSE-004,4,27,0,ALWAYS
AM-TSE-004,4,28,0,ALWAYS
AM-TSE-004,4,29,0,ALWAYS
AM-TSE-004,4,30,0,ALWAYS
AM-TSE-004,5,1,0,ALWAYS
AM-TSE-004,5,2,0,ALWAYS
AM-TSE-004,5,3,0,ALWAYS
AM-TSE-004,5,4,0,ALWAYS
AM-TSE-004,5,5,0,ALWAYS
AM-TSE-004,5,6,0,ALWAYS
AM-TSE-004,5,7,0,ALWAYS
AM-TSE-004,5,8,0,ALWAYS
AM-TSE-004,5,9,0,ALWAYS
AM-TSE-004,5,10,0,ALWAYS
AM-TSE-004,5,11,0,ALWAYS
AM-TSE-004,5,12,0,ALWAYS
AM-TSE-004,5,13,0,ALWAYS
AM-TSE-004,5,14,0,ALWAYS
AM-TSE-004,5,15,0,ALWAYS
AM-TSE-004,5,16,0,ALWAYS
AM-TSE-004,5,17,0,ALWAYS
AM-TSE-004,5,18,0,ALWAYS
AM-TSE-004,5,19,0,ALWAYS
AM-TSE-004,5,20,0,ALWAYS
AM-TSE-004,5,21,0,ALWAYS
AM-TSE-004,5,22,0,ALWAYS
AM-TSE-004,5,23,0,ALWAYS
AM-TSE-004,5,24,0,ALWAYS
AM-TSE-004,5,25,0,ALWAYS
AM-TSE-004,5,26,0,ALWAYS
AM-TSE-004,5,27,0,ALWAYS
AM-TSE-004,5,28,0,ALWAYS
AM-TSE-004,5,29,0,ALWAYS
AM-TSE-004,5,30,0,ALWAYS
AM-TSE-004,6,1,0,ALWAYS
AM-TSE-004,6,2,0,ALWAYS
AM-TSE-004,6,3,0,ALWAYS
AM-TSE-004,6,4,0,ALWAYS
AM-TSE-004,6,5,0,ALWAYS
AM-TSE-004,6,6,0,ALWAYS
AM-TSE-004,6,7,0,ALWAYS
AM-TSE-004,6,8,0,ALWAYS
AM-TSE-004,6,9,0,ALWAYS
AM-TSE-004,6,10,0,ALWAYS
AM-TSE-004,6,11,0,ALWAYS
AM-TSE-004,6,12,0,ALWAYS
AM-TSE-004,6,13,0,ALWAYS
AM-TSE-004,6,14,0,ALWAYS
AM-TSE-004,6,15,0,ALWAYS
AM-TSE-004,6,16,0,ALWAYS
AM-TSE-004,6,17,0,ALWAYS
AM-TSE-004,6,18,0,ALWAYS
AM-TSE-004,6,19,0,ALWAYS
AM-TSE-004,6,20,0,ALWAYS
AM-TSE-004,6,21,0,ALWAYS
AM-TSE-004,6,22,0,ALWAYS
AM-TSE-004,6,23,0,ALWAYS
AM-TSE-004,6,24,0,ALWAYS
AM-TSE-004,6,25,0,ALWAYS
AM-TSE-004,6,26,0,ALWAYS
AM-TSE-004,6,27,0,ALWAYS
AM-TSE-004,6,28,0,ALWAYS
AM-TSE-004,6,29,0,ALWAYS
AM-TSE-004,6,30,0,ALWAYS
AM-TSE-004,7,1,0,ALWAYS
AM-TSE-004,7,2,0,ALWAYS
AM-TSE-004,7,3,0,ALWAYS
AM-TSE-004,7,4,0,ALWAYS
AM-TSE-004,7,5,0,ALWAYS
AM-TSE-004,7,6,0,ALWAYS
AM-TSE-004,7,7,0,ALWAYS
AM-TSE-004,7,8,0,ALWAYS
AM-TSE-004,7,9,0,ALWAYS
AM-TSE-004,7,10,0,ALWAYS
AM-TSE-004,7,11,0,ALWAYS
AM-TSE-004,7,12,0,ALWAYS
AM-TSE-004,7,13,0,ALWAYS
AM-TSE-004,7,14,0,ALWAYS
AM-TSE-004,7,15,0,ALWAYS
AM-TSE-004,7,16,0,ALWAYS
AM-TSE-004,7,17,0,ALWAYS
AM-TSE-004,7,18,0,ALWAYS
AM-TSE-004,7,19,0,ALWAYS
AM-TSE-004,7,20,0,ALWAYS
AM-TSE-004,7,21,0,ALWAYS
AM-TSE-004,7,22,0,ALWAYS
AM-TSE-004,7,23,0,ALWAYS
AM-TSE-004,7,24,0,ALWAYS
AM-TSE-004,7,25,0,ALWAYS
AM-TSE-004,7,26,0,ALWAYS
AM-TSE-004,7,27,0,ALWAYS
AM-TSE-004,7,28,0,ALWAYS
AM-TSE-004,7,29,0,ALWAYS
AM-TSE-004,7,30,0,ALWAYS
AM-TSE-004,8,1,0,ALWAYS
AM-TSE-004,8,2,0,ALWAYS
AM-TSE-004,8,3,0,ALWAYS
AM-TSE-004,8,4,0,ALWAYS
AM-TSE-004,8,5,0,ALWAYS
AM-TSE-004,8,6,0,ALWAYS
AM-TSE-004,8,7,0,ALWAYS
AM-TSE-004,8,8,0,ALWAYS
AM-TSE-004,8,9,0,ALWAYS
AM-TSE-004,8,10,0,ALWAYS
AM-TSE-004,8,11,0,ALWAYS
AM-TSE-004,8,12,0,ALWAYS
AM-TSE-004,8,13,0,ALWAYS
AM-TSE-004,8,14,0,ALWAYS
AM-TSE-004,8,15,0,ALWAYS
AM-TSE-004,8,16,0,ALWAYS
AM-TSE-004,8,17,0,ALWAYS
AM-TSE-004,8,18,0,ALWAYS
AM-TSE-004,8,19,0,ALWAYS
AM-TSE-004,8,20,0,ALWAYS
AM-TSE-004,8,21,0,ALWAYS
AM-TSE-004,8,22,0,ALWAYS
AM-TSE-004,8,23,0,ALWAYS
AM-TSE-004,8,24,0,ALWAYS
AM-TSE-004,8,25,0,ALWAYS
AM-TSE-004,8,26,0,ALWAYS
AM-TSE-004,8,27,0,ALWAYS
AM-TSE-004,8,28,0,ALWAYS
AM-TSE-004,8,29,0,ALWAYS
AM-TSE-004,8,30,0,ALWAYS
AM-TSE-004,9,1,0,ALWAYS
AM-TSE-004,9,2,0,ALWAYS
AM-TSE-004,9,3,0,ALWAYS
AM-TSE-004,9,4,0,ALWAYS
AM-TSE-004,9,5,0,ALWAYS
AM-TSE-004,9,6,0,ALWAYS
AM-TSE-004,9,7,0,ALWAYS
AM-TSE-004,9,8,0,ALWAYS
AM-TSE-004,9,9,0,ALWAYS
AM-TSE-004,9,10,0,ALWAYS
AM-TSE-004,9,11,0,ALWAYS
AM-TSE-004,9,12,0,ALWAYS
AM-TSE-004,9,13,0,ALWAYS
AM-TSE-004,9,14,0,ALWAYS
AM-TSE-004,9,15,0,ALWAYS
AM-TSE-004,9,16,0,ALWAYS
AM-TSE-004,9,17,0,ALWAYS
AM-TSE-004,9,18,0,ALWAYS
AM-TSE-004,9,19,0,ALWAYS
AM-TSE-004,9,20,0,ALWAYS
AM-TSE-004,9,21,0,ALWAYS
AM-TSE-004,9,22,0,ALWAYS
AM-TSE-004,9,23,0,ALWAYS
AM-TSE-004,9,24,0,ALWAYS
AM-TSE-004,9,25,0,ALWAYS
AM-TSE-004,9,26,0,ALWAYS
AM-TSE-004,9,27,0,ALWAYS
AM-TSE-004,9,28,0,ALWAYS
AM-TSE-004,9,29,0,ALWAYS
AM-TSE-004,9,30,0,ALWAYS
AM-TSE-004,10,1,0,ALWAYS
AM-TSE-004,10,2,0,ALWAYS
AM-TSE-004,10,3,0,ALWAYS
AM-TSE-004,10,4,0,ALWAYS
AM-TSE-004,10,5,0,ALWAYS
AM-TSE-004,10,6,0,ALWAYS
AM-TSE-004,10,7,0,ALWAYS
AM-TSE-004,10,8,0,ALWAYS
AM-TSE-004,10,9,0,ALWAYS
AM-TSE-004,10,10,0,ALWAYS
AM-TSE-004,10,11,0,ALWAYS
AM-TSE-004,10,12,0,ALWAYS
AM-TSE-004,10,13,0,ALWAYS
AM-TSE-004,10,14,0,ALWAYS
AM-TSE-004,10,15,0,ALWAYS
AM-TSE-004,10,16,0,ALWAYS
AM-TSE-004,10,17,0,ALWAYS
AM-TSE-004,10,18,0,ALWAYS
AM-TSE-004,10,19,0,ALWAYS
AM-TSE-004,10,20,0,ALWAYS
AM-TSE-004,10,21,0,ALWAYS
AM-TSE-004,10,22,0,ALWAYS
AM-TSE-004,10,23,0,ALWAYS
AM-TSE-004,10,24,0,ALWAYS
AM-TSE-004,10,25,0,ALWAYS
AM-TSE-004,10,26,0,ALWAYS
AM-TSE-004,10,27,0,ALWAYS
AM-TSE-004,10,28,0,ALWAYS
AM-TSE-004,10,29,0,ALWAYS
AM-TSE-004,10,30,0,ALWAYS
AM-TSE-004,11,1,0,ALWAYS
AM-TSE-004,11,2,0,ALWAYS
AM-TSE-004,11,3,0,ALWAYS
AM-TSE-004,11,4,0,ALWAYS
AM-TSE-004,11,5,0,ALWAYS
AM-TSE-004,11,6,0,ALWAYS
AM-TSE-004,11,7,0,ALWAYS
AM-TSE-004,11,8,0,ALWAYS
AM-TSE-004,11,9,0,ALWAYS
AM-TSE-004,11,10,0,ALWAYS
AM-TSE-004,11,11,0,ALWAYS
AM-TSE-004,11,12,0,ALWAYS
AM-TSE-004,11,13,0,ALWAYS
AM-TSE-004,11,14,0,ALWAYS
AM-TSE-004,11,15,0,ALWAYS
AM-TSE-004,11,16,0,ALWAYS
AM-TSE-004,11,17,0,ALWAYS
AM-TSE-004,11,18,0,ALWAYS
AM-TSE-004,11,19,0,ALWAYS
AM-TSE-004,11,20,0,ALWAYS
AM-TSE-004,11,21,0,ALWAYS
AM-TSE-004,11,22,0,ALWAYS
AM-TSE-004,11,23,0,ALWAYS
AM-TSE-004,11,24,0,ALWAYS
AM-TSE-004,11,25,0,ALWAYS
AM-TSE-004,11,26,0,ALWAYS
AM-TSE-004,11,27,0,ALWAYS
AM-TSE-004,11,28,0,ALWAYS
AM-TSE-004,11,29,0,ALWAYS
AM-TSE-004,11,30,0,ALWAYS
AM-TSE-004,12,1,0,ALWAYS
AM-TSE-004,12,2,0,ALWAYS
AM-TSE-004,12,3,0,ALWAYS
AM-TSE-004,12,4,0,ALWAYS
AM-TSE-004,12,5,0,ALWAYS
AM-TSE-004,12,6,0,ALWAYS
AM-TSE-004,12,7,0,ALWAYS
AM-TSE-004,12,8,0,ALWAYS
AM-TSE-004,12,9,0,ALWAYS
AM-TSE-004,12,10,0,ALWAYS
AM-TSE-004,12,11,0,ALWAYS
AM-TSE-004,12,12,0,ALWAYS
AM-TSE-004,12,13,0,ALWAYS
AM-TSE-004,12,14,0,ALWAYS
AM-TSE-004,12,15,0,ALWAYS
AM-TSE-004,12,16,0,ALWAYS
AM-TSE-004,12,17,0,ALWAYS
AM-TSE-004,12,18,0,ALWAYS
AM-TSE-004,12,19,0,ALWAYS
AM-TSE-004,12,20,0,ALWAYS
AM-TSE-004,12,21,0,ALWAYS
AM-TSE-004,12,22,0,ALWAYS
AM-TSE-004,12,23,0,ALWAYS
AM-TSE-004,12,24,0,ALWAYS
AM-TSE-004,12,25,0,ALWAYS
AM-TSE-004,12,26,0,ALWAYS
AM-TSE-004,12,27,0,ALWAYS
AM-TSE-004,12,28,0,ALWAYS
AM-TSE-004,12,29,0,ALWAYS
AM-TSE-004,12,30,0,ALWAYS
AM-TSE-004,13,1,0,ALWAYS
AM-TSE-004,13,2,0,ALWAYS
AM-TSE-004,13,3,0,ALWAYS
AM-TSE-004,13,4,0,ALWAYS
AM-TSE-004,13,5,0,ALWAYS
AM-TSE-004,13,6,0,ALWAYS
AM-TSE-005,1,1,0,ALWAYS
AM-TSE-005,1,2,0,ALWAYS
AM-TSE-005,1,3,0,ALWAYS
AM-TSE-005,1,4,0,ALWAYS
AM-TSE-005,1,5,0,ALWAYS
AM-TSE-005,1,6,0,ALWAYS
AM-TSE-005,1,7,0,ALWAYS
AM-TSE-005,1,8,0,ALWAYS
AM-TSE-005,1,9,0,ALWAYS
AM-TSE-005,1,10,0,ALWAYS
AM-TSE-005,1,11,0,ALWAYS
AM-TSE-005,1,12,0,ALWAYS
AM-TSE-005,1,13,0,ALWAYS
AM-TSE-005,1,14,0,ALWAYS
AM-TSE-005,1,15,0,ALWAYS
AM-TSE-005,1,16,0,ALWAYS
AM-TSE-005,1,17,0,ALWAYS
AM-TSE-005,1,18,0,ALWAYS
AM-TSE-005,1,19,0,ALWAYS
AM-TSE-005,1,20,0,ALWAYS
AM-TSE-005,1,21,0,ALWAYS
AM-TSE-005,1,22,0,ALWAYS
AM-TSE-005,1,23,0,ALWAYS
AM-TSE-005,1,24,0,ALWAYS
AM-TSE-005,1,25,0,ALWAYS
AM-TSE-005,1,26,0,ALWAYS
AM-TSE-005,1,27,0,ALWAYS
AM-TSE-005,1,28,0,ALWAYS
AM-TSE-005,1,29,0,ALWAYS
AM-TSE-005,1,30,0,ALWAYS
AM-TSE-005,2,1,0,ALWAYS
AM-TSE-005,2,2,0,ALWAYS
AM-TSE-005,2,3,0,ALWAYS
AM-TSE-005,2,4,0,ALWAYS
AM-TSE-005,2,5,0,ALWAYS
AM-TSE-005,2,6,0,ALWAYS
AM-TSE-005,2,7,0,ALWAYS
AM-TSE-005,2,8,0,ALWAYS
AM-TSE-005,2,9,0,ALWAYS
AM-TSE-005,2,10,0,ALWAYS
AM-TSE-005,2,11,0,ALWAYS
AM-TSE-005,2,12,0,ALWAYS
AM-TSE-005,2,13,0,ALWAYS
AM-TSE-005,2,14,0,ALWAYS
AM-TSE-005,2,15,0,ALWAYS
AM-TSE-005,2,16,0,ALWAYS
AM-TSE-005,2,17,0,ALWAYS
AM-TSE-005,2,18,0,ALWAYS
AM-TSE-005,2,19,0,ALWAYS
AM-TSE-005,2,20,0,ALWAYS
AM-TSE-005,2,21,0,ALWAYS
AM-TSE-005,2,22,0,ALWAYS
AM-TSE-005,2,23,0,ALWAYS
AM-TSE-005,2,24,0,ALWAYS
AM-TSE-005,2,25,0,ALWAYS
AM-TSE-005,2,26,0,ALWAYS
AM-TSE-005,2,27,0,ALWAYS
AM-TSE-005,2,28,0,ALWAYS
AM-TSE-005,2,29,0,ALWAYS
AM-TSE-005,2,30,0,ALWAYS
AM-TSE-005,3,1,0,ALWAYS
AM-TSE-005,3,2,0,ALWAYS
AM-TSE-005,3,3,0,ALWAYS
AM-TSE-005,3,4,0,ALWAYS
AM-TSE-005,3,5,0,ALWAYS
AM-TSE-005,3,6,0,ALWAYS
AM-TSE-005,3,7,0,ALWAYS
AM-TSE-005,3,8,0,ALWAYS
AM-TSE-005,3,9,0,ALWAYS
AM-TSE-005,3,10,0,ALWAYS
AM-TSE-005,3,11,0,ALWAYS
AM-TSE-005,3,12,0,ALWAYS
AM-TSE-005,3,13,0,ALWAYS
AM-TSE-005,3,14,0,ALWAYS
AM-TSE-005,3,15,0,ALWAYS
AM-TSE-005,3,16,0,ALWAYS
AM-TSE-005,3,17,0,ALWAYS
AM-TSE-005,3,18,0,ALWAYS
AM-TSE-005,3,19,0,ALWAYS
AM-TSE-005,3,20,0,ALWAYS
AM-TSE-005,3,21,0,ALWAYS
AM-TSE-005,3,22,0,ALWAYS
AM-TSE-005,3,23,0,ALWAYS
AM-TSE-005,3,24,0,ALWAYS
AM-TSE-005,3,25,0,ALWAYS
AM-TSE-005,3,26,0,ALWAYS
AM-TSE-005,3,27,0,ALWAYS
AM-TSE-005,3,28,0,ALWAYS
AM-TSE-005,3,29,0,ALWAYS
AM-TSE-005,3,30,0,ALWAYS
AM-TSE-005,4,1,0,ALWAYS
AM-TSE-005,4,2,0,ALWAYS
AM-TSE-005,4,3,0,ALWAYS
AM-TSE-005,4,4,0,ALWAYS
AM-TSE-005,4,5,0,ALWAYS
AM-TSE-005,4,6,0,ALWAYS
AM-TSE-005,4,7,0,ALWAYS
AM-TSE-005,4,8,0,ALWAYS
AM-TSE-005,4,9,0,ALWAYS
AM-TSE-005,4,10,0,ALWAYS
AM-TSE-005,4,11,0,ALWAYS
AM-TSE-005,4,12,0,ALWAYS
AM-TSE-005,4,13,0,ALWAYS
AM-TSE-005,4,14,0,ALWAYS
AM-TSE-005,4,15,0,ALWAYS
AM-TSE-005,4,16,0,ALWAYS
AM-TSE-005,4,17,0,ALWAYS
AM-TSE-005,4,18,0,ALWAYS
AM-TSE-005,4,19,0,ALWAYS
AM-TSE-005,4,20,0,ALWAYS
AM-TSE-005,4,21,0,ALWAYS
AM-TSE-005,4,22,0,ALWAYS
AM-TSE-005,4,23,0,ALWAYS
AM-TSE-005,4,24,0,ALWAYS
AM-TSE-005,4,25,0,ALWAYS
AM-TSE-005,4,26,0,ALWAYS
AM-TSE-005,4,27,0,ALWAYS
AM-TSE-005,4,28,0,ALWAYS
AM-TSE-005,4,29,0,ALWAYS
AM-TSE-005,4,30,0,ALWAYS
AM-TSE-005,5,1,0,ALWAYS
AM-TSE-005,5,2,0,ALWAYS
AM-TSE-005,5,3,0,ALWAYS
AM-TSE-005,5,4,0,ALWAYS
AM-TSE-005,5,5,0,ALWAYS
AM-TSE-005,5,6,0,ALWAYS
AM-TSE-005,5,7,0,ALWAYS
AM-TSE-005,5,8,0,ALWAYS
AM-TSE-005,5,9,0,ALWAYS
AM-TSE-005,5,10,0,ALWAYS
AM-TSE-005,5,11,0,ALWAYS
AM-TSE-005,5,12,0,ALWAYS
AM-TSE-005,5,13,0,ALWAYS
AM-TSE-005,5,14,0,ALWAYS
AM-TSE-005,5,15,0,ALWAYS
AM-TSE-005,5,16,0,ALWAYS
AM-TSE-005,5,17,0,ALWAYS
AM-TSE-005,5,18,0,ALWAYS
AM-TSE-005,5,19,0,ALWAYS
AM-TSE-005,5,20,0,ALWAYS
AM-TSE-005,5,21,0,ALWAYS
AM-TSE-005,5,22,0,ALWAYS
AM-TSE-005,5,23,0,ALWAYS
AM-TSE-005,5,24,0,ALWAYS
AM-TSE-005,5,25,0,ALWAYS
AM-TSE-005,5,26,0,ALWAYS
AM-TSE-005,5,27,0,ALWAYS
AM-TSE-005,5,28,0,ALWAYS
AM-TSE-005,5,29,0,ALWAYS
AM-TSE-005,5,30,0,ALWAYS
AM-TSE-005,6,1,0,ALWAYS
AM-TSE-005,6,2,0,ALWAYS
AM-TSE-005,6,3,0,ALWAYS
AM-TSE-005,6,4,0,ALWAYS
AM-TSE-005,6,5,0,ALWAYS
AM-TSE-005,6,6,0,ALWAYS
AM-TSE-005,6,7,0,ALWAYS
AM-TSE-005,6,8,0,ALWAYS
AM-TSE-005,6,9,0,ALWAYS
AM-TSE-005,6,10,0,ALWAYS
AM-TSE-005,6,11,0,ALWAYS
AM-TSE-005,6,12,0,ALWAYS
AM-TSE-005,6,13,0,ALWAYS
AM-TSE-005,6,14,0,ALWAYS
AM-TSE-005,6,15,0,ALWAYS
AM-TSE-005,6,16,0,ALWAYS
AM-TSE-005,6,17,0,ALWAYS
AM-TSE-005,6,18,0,ALWAYS
AM-TSE-005,6,19,0,ALWAYS
AM-TSE-005,6,20,0,ALWAYS
AM-TSE-005,6,21,0,ALWAYS
AM-TSE-005,6,22,0,ALWAYS
AM-TSE-005,6,23,0,ALWAYS
AM-TSE-005,6,24,0,ALWAYS
AM-TSE-005,6,25,0,ALWAYS
AM-TSE-005,6,26,0,ALWAYS
AM-TSE-005,6,27,0,ALWAYS
AM-TSE-005,6,28,0,ALWAYS
AM-TSE-005,6,29,0,ALWAYS
AM-TSE-005,6,30,0,ALWAYS
AM-TSE-005,7,1,0,ALWAYS
AM-TSE-005,7,2,0,ALWAYS
AM-TSE-005,7,3,0,ALWAYS
AM-TSE-005,7,4,0,ALWAYS
AM-TSE-005,7,5,0,ALWAYS
AM-TSE-005,7,6,0,ALWAYS
AM-TSE-005,7,7,0,ALWAYS
AM-TSE-005,7,8,0,ALWAYS
AM-TSE-005,7,9,0,ALWAYS
AM-TSE-005,7,10,0,ALWAYS
AM-TSE-005,7,11,0,ALWAYS
AM-TSE-005,7,12,0,ALWAYS
AM-TSE-005,7,13,0,ALWAYS
AM-TSE-005,7,14,0,ALWAYS
AM-TSE-005,7,15,0,ALWAYS
AM-TSE-005,7,16,0,ALWAYS
AM-TSE-005,7,17,0,ALWAYS
AM-TSE-005,7,18,0,ALWAYS
AM-TSE-005,7,19,0,ALWAYS
AM-TSE-005,7,20,0,ALWAYS
AM-TSE-005,7,21,0,ALWAYS
AM-TSE-005,7,22,0,ALWAYS
AM-TSE-005,7,23,0,ALWAYS
AM-TSE-005,7,24,0,ALWAYS
AM-TSE-005,7,25,0,ALWAYS
AM-TSE-005,7,26,0,ALWAYS
AM-TSE-005,7,27,0,ALWAYS
AM-TSE-005,7,28,0,ALWAYS
AM-TSE-005,7,29,0,ALWAYS
AM-TSE-005,7,30,0,ALWAYS
AM-TSE-005,8,1,0,ALWAYS
AM-TSE-005,8,2,0,ALWAYS
AM-TSE-005,8,3,0,ALWAYS
AM-TSE-005,8,4,0,ALWAYS
AM-TSE-005,8,5,0,ALWAYS
AM-TSE-005,8,6,0,ALWAYS
AM-TSE-005,8,7,0,ALWAYS
AM-TSE-005,8,8,0,ALWAYS
AM-TSE-005,8,9,0,ALWAYS
AM-TSE-005,8,10,0,ALWAYS
AM-TSE-005,8,11,0,ALWAYS
AM-TSE-005,8,12,0,ALWAYS
AM-TSE-005,8,13,0,ALWAYS
AM-TSE-005,8,14,0,ALWAYS
AM-TSE-005,8,15,0,ALWAYS
AM-TSE-005,8,16,0,ALWAYS
AM-TSE-005,8,17,0,ALWAYS
AM-TSE-005,8,18,0,ALWAYS
AM-TSE-005,8,19,0,ALWAYS
AM-TSE-005,8,20,0,ALWAYS
AM-TSE-005,8,21,0,ALWAYS
AM-TSE-005,8,22,0,ALWAYS
AM-TSE-005,8,23,0,ALWAYS
AM-TSE-005,8,24,0,ALWAYS
AM-TSE-005,8,25,0,ALWAYS
AM-TSE-005,8,26,0,ALWAYS
AM-TSE-005,8,27,0,ALWAYS
AM-TSE-005,8,28,0,ALWAYS
AM-TSE-005,8,29,0,ALWAYS
AM-TSE-005,8,30,0,ALWAYS
AM-TSE-005,9,1,0,ALWAYS
AM-TSE-005,9,2,0,ALWAYS
AM-TSE-005,9,3,0,ALWAYS
AM-TSE-005,9,4,0,ALWAYS
AM-TSE-005,9,5,0,ALWAYS
AM-TSE-005,9,6,0,ALWAYS
AM-TSE-005,9,7,0,ALWAYS
AM-TSE-005,9,8,0,ALWAYS
AM-TSE-005,9,9,0,ALWAYS
AM-TSE-005,9,10,0,ALWAYS
AM-TSE-005,9,11,0,ALWAYS
AM-TSE-005,9,12,0,ALWAYS
AM-TSE-005,9,13,0,ALWAYS
AM-TSE-005,9,14,0,ALWAYS
AM-TSE-005,9,15,0,ALWAYS
AM-TSE-005,9,16,0,ALWAYS
AM-TSE-005,9,17,0,ALWAYS
AM-TSE-005,9,18,0,ALWAYS
AM-TSE-005,9,19,0,ALWAYS
AM-TSE-005,9,20,0,ALWAYS
AM-TSE-005,9,21,0,ALWAYS
AM-TSE-005,9,22,0,ALWAYS
AM-TSE-005,9,23,0,ALWAYS
AM-TSE-005,9,24,0,ALWAYS
AM-TSE-005,9,25,0,ALWAYS
AM-TSE-005,9,26,0,ALWAYS
AM-TSE-005,9,27,0,ALWAYS
AM-TSE-005,9,28,0,ALWAYS
AM-TSE-005,9,29,0,ALWAYS
AM-TSE-005,9,30,0,ALWAYS
AM-TSE-005,10,1,0,ALWAYS
AM-TSE-005,10,2,0,ALWAYS
AM-TSE-005,10,3,0,ALWAYS
AM-TSE-005,10,4,0,ALWAYS
AM-TSE-005,10,5,0,ALWAYS
AM-TSE-005,10,6,0,ALWAYS
AM-TSE-005,10,7,0,ALWAYS
AM-TSE-005,10,8,0,ALWAYS
AM-TSE-005,10,9,0,ALWAYS
AM-TSE-005,10,10,0,ALWAYS
AM-TSE-005,10,11,0,ALWAYS
AM-TSE-005,10,12,0,ALWAYS
AM-TSE-005,10,13,0,ALWAYS
AM-TSE-005,10,14,0,ALWAYS
AM-TSE-005,10,15,0,ALWAYS
AM-TSE-005,10,16,0,ALWAYS
AM-TSE-005,10,17,0,ALWAYS
AM-TSE-005,10,18,0,ALWAYS
AM-TSE-005,10,19,0,ALWAYS
AM-TSE-005,10,20,0,ALWAYS
AM-TSE-005,10,21,0,ALWAYS
AM-TSE-005,10,22,0,ALWAYS
AM-TSE-005,10,23,0,ALWAYS
AM-TSE-005,10,24,0,ALWAYS
AM-TSE-005,10,25,0,ALWAYS
AM-TSE-005,10,26,0,ALWAYS
AM-TSE-005,10,27,0,ALWAYS
AM-TSE-005,10,28,0,ALWAYS
AM-TSE-005,10,29,0,ALWAYS
AM-TSE-005,10,30,0,ALWAYS
AM-TSE-005,11,1,0,ALWAYS
AM-TSE-005,11,2,0,ALWAYS
AM-TSE-005,11,3,0,ALWAYS
AM-TSE-005,11,4,0,ALWAYS
AM-TSE-005,11,5,0,ALWAYS
AM-TSE-005,11,6,0,ALWAYS
AM-TSE-005,11,7,0,ALWAYS
AM-TSE-005,11,8,0,ALWAYS
AM-TSE-005,11,9,0,ALWAYS
AM-TSE-005,11,10,0,ALWAYS
AM-TSE-005,11,11,0,ALWAYS
AM-TSE-005,11,12,0,ALWAYS
AM-TSE-005,11,13,0,ALWAYS
AM-TSE-005,11,14,0,ALWAYS
AM-TSE-005,11,15,0,ALWAYS
AM-TSE-005,11,16,0,ALWAYS
AM-TSE-005,11,17,0,ALWAYS
AM-TSE-005,11,18,0,ALWAYS
AM-TSE-005,11,19,0,ALWAYS
AM-TSE-005,11,20,0,ALWAYS
AM-TSE-005,11,21,0,ALWAYS
AM-TSE-005,11,22,0,ALWAYS
AM-TSE-005,11,23,0,ALWAYS
AM-TSE-005,11,24,0,ALWAYS
AM-TSE-005,11,25,0,ALWAYS
AM-TSE-005,11,26,0,ALWAYS
AM-TSE-005,11,27,0,ALWAYS
AM-TSE-005,11,28,0,ALWAYS
AM-TSE-005,11,29,0,ALWAYS
AM-TSE-005,11,30,0,ALWAYS
AM-TSE-005,12,1,0,ALWAYS
AM-TSE-005,12,2,0,ALWAYS
AM-TSE-005,12,3,0,ALWAYS
AM-TSE-005,12,4,0,ALWAYS
AM-TSE-005,12,5,0,ALWAYS
AM-TSE-005,12,6,0,ALWAYS
AM-TSE-005,12,7,0,ALWAYS
AM-TSE-005,12,8,0,ALWAYS
AM-TSE-005,12,9,0,ALWAYS
AM-TSE-005,12,10,0,ALWAYS
AM-TSE-005,12,11,0,ALWAYS
AM-TSE-005,12,12,0,ALWAYS
AM-TSE-005,12,13,0,ALWAYS
AM-TSE-005,12,14,0,ALWAYS
AM-TSE-005,12,15,0,ALWAYS
AM-TSE-005,12,16,0,ALWAYS
AM-TSE-005,12,17,0,ALWAYS
AM-TSE-005,12,18,0,ALWAYS
AM-TSE-005,12,19,0,ALWAYS
AM-TSE-005,12,20,0,ALWAYS
AM-TSE-005,12,21,0,ALWAYS
AM-TSE-005,12,22,0,ALWAYS
AM-TSE-005,12,23,0,ALWAYS
AM-TSE-005,12,24,0,ALWAYS
AM-TSE-005,12,25,0,ALWAYS
AM-TSE-005,12,26,0,ALWAYS
AM-TSE-005,12,27,0,ALWAYS
AM-TSE-005,12,28,0,ALWAYS
AM-TSE-005,12,29,0,ALWAYS
AM-TSE-005,12,30,0,ALWAYS
AM-TSE-005,13,1,0,ALWAYS
AM-TSE-005,13,2,0,ALWAYS
AM-TSE-005,13,3,0,ALWAYS
AM-TSE-005,13,4,0,ALWAYS
AM-TSE-005,13,5,0,ALWAYS
AM-TSE-005,13,6,0,ALWAYS
AM-WUD-001,1,1,0,ALWAYS
AM-WUD-001,1,2,0,ALWAYS
AM-WUD-001,1,3,0,ALWAYS
AM-WUD-001,1,4,0,ALWAYS
AM-WUD-001,1,5,0,ALWAYS
AM-WUD-001,1,6,0,ALWAYS
AM-WUD-001,1,7,0,ALWAYS
AM-WUD-001,1,8,0,ALWAYS
AM-WUD-001,1,9,0,ALWAYS
AM-WUD-001,1,10,0,ALWAYS
AM-WUD-001,1,11,0,ALWAYS
AM-WUD-001,1,12,0,ALWAYS
AM-WUD-001,1,13,0,ALWAYS
AM-WUD-001,1,14,0,ALWAYS
AM-WUD-001,1,15,0,ALWAYS
AM-WUD-001,1,16,0,ALWAYS
AM-WUD-001,1,17,0,ALWAYS
AM-WUD-001,1,18,0,ALWAYS
AM-WUD-001,1,19,0,ALWAYS
AM-WUD-001,1,20,0,ALWAYS
AM-WUD-001,1,21,0,ALWAYS
AM-WUD-001,1,22,0,ALWAYS
AM-WUD-001,1,23,0,ALWAYS
AM-WUD-001,1,24,0,ALWAYS
AM-WUD-001,1,25,0,ALWAYS
AM-WUD-001,1,26,0,ALWAYS
AM-WUD-001,1,27,0,ALWAYS
AM-WUD-001,1,28,0,ALWAYS
AM-WUD-001,1,29,0,ALWAYS
AM-WUD-001,1,30,0,ALWAYS
AM-WUD-001,2,1,0,ALWAYS
AM-WUD-001,2,2,0,ALWAYS
AM-WUD-001,2,3,0,ALWAYS
AM-WUD-001,2,4,0,ALWAYS
AM-WUD-001,2,5,0,ALWAYS
AM-WUD-001,2,6,0,ALWAYS
AM-WUD-001,2,7,0,ALWAYS
AM-WUD-001,2,8,0,ALWAYS
AM-WUD-001,2,9,0,ALWAYS
AM-WUD-001,2,10,0,ALWAYS
AM-WUD-001,2,11,0,ALWAYS
AM-WUD-001,2,12,0,ALWAYS
AM-WUD-001,2,13,0,ALWAYS
AM-WUD-001,2,14,0,ALWAYS
AM-WUD-001,2,15,0,ALWAYS
AM-WUD-001,2,16,0,ALWAYS
AM-WUD-001,2,17,0,ALWAYS
AM-WUD-001,2,18,0,ALWAYS
AM-WUD-001,2,19,0,ALWAYS
AM-WUD-001,2,20,0,ALWAYS
AM-WUD-001,2,21,0,ALWAYS
AM-WUD-001,2,22,0,ALWAYS
AM-WUD-001,2,23,0,ALWAYS
AM-WUD-001,2,24,0,ALWAYS
AM-WUD-001,2,25,0,ALWAYS
AM-WUD-001,2,26,0,ALWAYS
AM-WUD-001,2,27,0,ALWAYS
AM-WUD-001,2,28,0,ALWAYS
AM-WUD-001,2,29,0,ALWAYS
AM-WUD-001,2,30,0,ALWAYS
AM-WUD-001,3,1,0,ALWAYS
AM-WUD-001,3,2,0,ALWAYS
AM-WUD-001,3,3,0,ALWAYS
AM-WUD-001,3,4,0,ALWAYS
AM-WUD-001,3,5,0,ALWAYS
AM-WUD-001,3,6,0,ALWAYS
AM-WUD-001,3,7,0,ALWAYS
AM-WUD-001,3,8,0,ALWAYS
AM-WUD-001,3,9,0,ALWAYS
AM-WUD-001,3,10,0,ALWAYS
AM-WUD-001,3,11,0,ALWAYS
AM-WUD-001,3,12,0,ALWAYS
AM-WUD-001,3,13,0,ALWAYS
AM-WUD-001,3,14,0,ALWAYS
AM-WUD-001,3,15,0,ALWAYS
AM-WUD-001,3,16,0,ALWAYS
AM-WUD-001,3,17,0,ALWAYS
AM-WUD-001,3,18,0,ALWAYS
AM-WUD-001,3,19,0,ALWAYS
AM-WUD-001,3,20,0,ALWAYS
AM-WUD-001,3,21,0,ALWAYS
AM-WUD-001,3,22,0,ALWAYS
AM-WUD-001,3,23,0,ALWAYS
AM-WUD-001,3,24,0,ALWAYS
AM-WUD-001,3,25,0,ALWAYS
AM-WUD-001,3,26,0,ALWAYS
AM-WUD-001,3,27,0,ALWAYS
AM-WUD-001,3,28,0,ALWAYS
AM-WUD-001,3,29,0,ALWAYS
AM-WUD-001,3,30,0,ALWAYS
AM-WUD-001,4,1,0,ALWAYS
AM-WUD-001,4,2,0,ALWAYS
AM-WUD-001,4,3,0,ALWAYS
AM-WUD-001,4,4,0,ALWAYS
AM-WUD-001,4,5,0,ALWAYS
AM-WUD-001,4,6,0,ALWAYS
AM-WUD-001,4,7,0,ALWAYS
AM-WUD-001,4,8,0,ALWAYS
AM-WUD-001,4,9,0,ALWAYS
AM-WUD-001,4,10,0,ALWAYS
AM-WUD-001,4,11,0,ALWAYS
AM-WUD-001,4,12,0,ALWAYS
AM-WUD-001,4,13,0,ALWAYS
AM-WUD-001,4,14,0,ALWAYS
AM-WUD-001,4,15,0,ALWAYS
AM-WUD-001,4,16,0,ALWAYS
AM-WUD-001,4,17,0,ALWAYS
AM-WUD-001,4,18,0,ALWAYS
AM-WUD-001,4,19,0,ALWAYS
AM-WUD-001,4,20,0,ALWAYS
AM-WUD-001,4,21,0,ALWAYS
AM-WUD-001,4,22,0,ALWAYS
AM-WUD-001,4,23,0,ALWAYS
AM-WUD-001,4,24,0,ALWAYS
AM-WUD-001,4,25,0,ALWAYS
AM-WUD-001,4,26,0,ALWAYS
AM-WUD-001,4,27,0,ALWAYS
AM-WUD-001,4,28,0,ALWAYS
AM-WUD-001,4,29,0,ALWAYS
AM-WUD-001,4,30,0,ALWAYS
AM-WUD-001,5,1,0,ALWAYS
AM-WUD-001,5,2,0,ALWAYS
AM-WUD-001,5,3,0,ALWAYS
AM-WUD-001,5,4,0,ALWAYS
AM-WUD-001,5,5,0,ALWAYS
AM-WUD-001,5,6,0,ALWAYS
AM-WUD-001,5,7,0,ALWAYS
AM-WUD-001,5,8,0,ALWAYS
AM-WUD-001,5,9,0,ALWAYS
AM-WUD-001,5,10,0,ALWAYS
AM-WUD-001,5,11,0,ALWAYS
AM-WUD-001,5,12,0,ALWAYS
AM-WUD-001,5,13,0,ALWAYS
AM-WUD-001,5,14,0,ALWAYS
AM-WUD-001,5,15,0,ALWAYS
AM-WUD-001,5,16,0,ALWAYS
AM-WUD-001,5,17,0,ALWAYS
AM-WUD-001,5,18,0,ALWAYS
AM-WUD-001,5,19,0,ALWAYS
AM-WUD-001,5,20,0,ALWAYS
AM-WUD-001,5,21,0,ALWAYS
AM-WUD-001,5,22,0,ALWAYS
AM-WUD-001,5,23,0,ALWAYS
AM-WUD-001,5,24,0,ALWAYS
AM-WUD-001,5,25,0,ALWAYS
AM-WUD-001,5,26,0,ALWAYS
AM-WUD-001,5,27,0,ALWAYS
AM-WUD-001,5,28,0,ALWAYS
AM-WUD-001,5,29,0,ALWAYS
AM-WUD-001,5,30,0,ALWAYS
AM-WUD-001,6,1,0,ALWAYS
AM-WUD-001,6,2,0,ALWAYS
AM-WUD-001,6,3,0,ALWAYS
AM-WUD-001,6,4,0,ALWAYS
AM-WUD-001,6,5,0,ALWAYS
AM-WUD-001,6,6,0,ALWAYS
AM-WUD-001,6,7,0,ALWAYS
AM-WUD-001,6,8,0,ALWAYS
AM-WUD-001,6,9,0,ALWAYS
AM-WUD-001,6,10,0,ALWAYS
AM-WUD-001,6,11,0,ALWAYS
AM-WUD-001,6,12,0,ALWAYS
AM-WUD-001,6,13,0,ALWAYS
AM-WUD-001,6,14,0,ALWAYS
AM-WUD-001,6,15,0,ALWAYS
AM-WUD-001,6,16,0,ALWAYS
AM-WUD-001,6,17,0,ALWAYS
AM-WUD-001,6,18,0,ALWAYS
AM-WUD-001,6,19,0,ALWAYS
AM-WUD-001,6,20,0,ALWAYS
AM-WUD-001,6,21,0,ALWAYS
AM-WUD-001,6,22,0,ALWAYS
AM-WUD-001,6,23,0,ALWAYS
AM-WUD-001,6,24,0,ALWAYS
AM-WUD-001,6,25,0,ALWAYS
AM-WUD-001,6,26,0,ALWAYS
AM-WUD-001,6,27,0,ALWAYS
AM-WUD-001,6,28,0,ALWAYS
AM-WUD-001,6,29,0,ALWAYS
AM-WUD-001,6,30,0,ALWAYS
AM-WUD-001,7,1,0,ALWAYS
AM-WUD-001,7,2,0,ALWAYS
AM-WUD-001,7,3,0,ALWAYS
AM-WUD-001,7,4,0,ALWAYS
AM-WUD-001,7,5,0,ALWAYS
AM-WUD-001,7,6,0,ALWAYS
AM-WUD-001,7,7,0,ALWAYS
AM-WUD-001,7,8,0,ALWAYS
AM-WUD-001,7,9,0,ALWAYS
AM-WUD-001,7,10,0,ALWAYS
AM-WUD-001,7,11,0,ALWAYS
AM-WUD-001,7,12,0,ALWAYS
AM-WUD-001,7,13,0,ALWAYS
AM-WUD-001,7,14,0,ALWAYS
AM-WUD-001,7,15,0,ALWAYS
AM-WUD-001,7,16,0,ALWAYS
AM-WUD-001,7,17,0,ALWAYS
AM-WUD-001,7,18,0,ALWAYS
AM-WUD-001,7,19,0,ALWAYS
AM-WUD-001,7,20,0,ALWAYS
AM-WUD-001,7,21,0,ALWAYS
AM-WUD-001,7,22,0,ALWAYS
AM-WUD-001,7,23,0,ALWAYS
AM-WUD-001,7,24,0,ALWAYS
AM-WUD-001,7,25,0,ALWAYS
AM-WUD-001,7,26,0,ALWAYS
AM-WUD-001,7,27,0,ALWAYS
AM-WUD-001,7,28,0,ALWAYS
AM-WUD-001,7,29,0,ALWAYS
AM-WUD-001,7,30,0,ALWAYS
AM-WUD-001,8,1,0,ALWAYS
AM-WUD-001,8,2,0,ALWAYS
AM-WUD-001,8,3,0,ALWAYS
AM-WUD-001,8,4,0,ALWAYS
AM-WUD-001,8,5,0,ALWAYS
AM-WUD-001,8,6,0,ALWAYS
AM-WUD-001,8,7,0,ALWAYS
AM-WUD-001,8,8,0,ALWAYS
AM-WUD-001,8,9,0,ALWAYS
AM-WUD-001,8,10,0,ALWAYS
AM-WUD-001,8,11,0,ALWAYS
AM-WUD-001,8,12,0,ALWAYS
AM-WUD-001,8,13,0,ALWAYS
AM-WUD-001,8,14,0,ALWAYS
AM-WUD-001,8,15,0,ALWAYS
AM-WUD-001,8,16,0,ALWAYS
AM-WUD-001,8,17,0,ALWAYS
AM-WUD-001,8,18,0,ALWAYS
AM-WUD-001,8,19,0,ALWAYS
AM-WUD-001,8,20,0,ALWAYS
AM-WUD-001,8,21,0,ALWAYS
AM-WUD-001,8,22,0,ALWAYS
AM-WUD-001,8,23,0,ALWAYS
AM-WUD-001,8,24,0,ALWAYS
AM-WUD-001,8,25,0,ALWAYS
AM-WUD-001,8,26,0,ALWAYS
AM-WUD-001,8,27,0,ALWAYS
AM-WUD-001,8,28,0,ALWAYS
AM-WUD-001,8,29,0,ALWAYS
AM-WUD-001,8,30,0,ALWAYS
AM-WUD-001,9,1,0,ALWAYS
AM-WUD-001,9,2,0,ALWAYS
AM-WUD-001,9,3,0,ALWAYS
AM-WUD-001,9,4,0,ALWAYS
AM-WUD-001,9,5,0,ALWAYS
AM-WUD-001,9,6,0,ALWAYS
AM-WUD-001,9,7,0,ALWAYS
AM-WUD-001,9,8,0,ALWAYS
AM-WUD-001,9,9,0,ALWAYS
AM-WUD-001,9,10,0,ALWAYS
AM-WUD-001,9,11,0,ALWAYS
AM-WUD-001,9,12,0,ALWAYS
AM-WUD-001,9,13,0,ALWAYS
AM-WUD-001,9,14,0,ALWAYS
AM-WUD-001,9,15,0,ALWAYS
AM-WUD-001,9,16,0,ALWAYS
AM-WUD-001,9,17,0,ALWAYS
AM-WUD-001,9,18,0,ALWAYS
AM-WUD-001,9,19,0,ALWAYS
AM-WUD-001,9,20,0,ALWAYS
AM-WUD-001,9,21,0,ALWAYS
AM-WUD-001,9,22,0,ALWAYS
AM-WUD-001,9,23,0,ALWAYS
AM-WUD-001,9,24,0,ALWAYS
AM-WUD-001,9,25,0,ALWAYS
AM-WUD-001,9,26,0,ALWAYS
AM-WUD-001,9,27,0,ALWAYS
AM-WUD-001,9,28,0,ALWAYS
AM-WUD-001,9,29,0,ALWAYS
AM-WUD-001,9,30,0,ALWAYS
AM-WUD-001,10,1,0,ALWAYS
AM-WUD-001,10,2,0,ALWAYS
AM-WUD-001,10,3,0,ALWAYS
AM-WUD-001,10,4,0,ALWAYS
AM-WUD-001,10,5,0,ALWAYS
AM-WUD-001,10,6,0,ALWAYS
AM-WUD-001,10,7,0,ALWAYS
AM-WUD-001,10,8,0,ALWAYS
AM-WUD-001,10,9,0,ALWAYS
AM-WUD-001,10,10,0,ALWAYS
AM-WUD-001,10,11,0,ALWAYS
AM-WUD-001,10,12,0,ALWAYS
AM-WUD-001,10,13,0,ALWAYS
AM-WUD-001,10,14,0,ALWAYS
AM-WUD-001,10,15,0,ALWAYS
AM-WUD-001,10,16,0,ALWAYS
AM-WUD-001,10,17,0,ALWAYS
AM-WUD-001,10,18,0,ALWAYS
AM-WUD-001,10,19,0,ALWAYS
AM-WUD-001,10,20,0,ALWAYS
AM-WUD-001,10,21,0,ALWAYS
AM-WUD-001,10,22,0,ALWAYS
AM-WUD-001,10,23,0,ALWAYS
AM-WUD-001,10,24,0,ALWAYS
AM-WUD-001,10,25,0,ALWAYS
AM-WUD-001,10,26,0,ALWAYS
AM-WUD-001,10,27,0,ALWAYS
AM-WUD-001,10,28,0,ALWAYS
AM-WUD-001,10,29,0,ALWAYS
AM-WUD-001,10,30,0,ALWAYS
AM-WUD-001,11,1,0,ALWAYS
AM-WUD-001,11,2,0,ALWAYS
AM-WUD-001,11,3,0,ALWAYS
AM-WUD-001,11,4,0,ALWAYS
AM-WUD-001,11,5,0,ALWAYS
AM-WUD-001,11,6,0,ALWAYS
AM-WUD-001,11,7,0,ALWAYS
AM-WUD-001,11,8,0,ALWAYS
AM-WUD-001,11,9,0,ALWAYS
AM-WUD-001,11,10,0,ALWAYS
AM-WUD-001,11,11,0,ALWAYS
AM-WUD-001,11,12,0,ALWAYS
AM-WUD-001,11,13,0,ALWAYS
AM-WUD-001,11,14,0,ALWAYS
AM-WUD-001,11,15,0,ALWAYS
AM-WUD-001,11,16,0,ALWAYS
AM-WUD-001,11,17,0,ALWAYS
AM-WUD-001,11,18,0,ALWAYS
AM-WUD-001,11,19,0,ALWAYS
AM-WUD-001,11,20,0,ALWAYS
AM-WUD-001,11,21,0,ALWAYS
AM-WUD-001,11,22,0,ALWAYS
AM-WUD-001,11,23,0,ALWAYS
AM-WUD-001,11,24,0,ALWAYS
AM-WUD-001,11,25,0,ALWAYS
AM-WUD-001,11,26,0,ALWAYS
AM-WUD-001,11,27,0,ALWAYS
AM-WUD-001,11,28,0,ALWAYS
AM-WUD-001,11,29,0,ALWAYS
AM-WUD-001,11,30,0,ALWAYS
AM-WUD-001,12,1,0,ALWAYS
AM-WUD-001,12,2,0,ALWAYS
AM-WUD-001,12,3,0,ALWAYS
AM-WUD-001,12,4,0,ALWAYS
AM-WUD-001,12,5,0,ALWAYS
AM-WUD-001,12,6,0,ALWAYS
AM-WUD-001,12,7,0,ALWAYS
AM-WUD-001,12,8,0,ALWAYS
AM-WUD-001,12,9,0,ALWAYS
AM-WUD-001,12,10,0,ALWAYS
AM-WUD-001,12,11,0,ALWAYS
AM-WUD-001,12,12,0,ALWAYS
AM-WUD-001,12,13,0,ALWAYS
AM-WUD-001,12,14,0,ALWAYS
AM-WUD-001,12,15,0,ALWAYS
AM-WUD-001,12,16,0,ALWAYS
AM-WUD-001,12,17,0,ALWAYS
AM-WUD-001,12,18,0,ALWAYS
AM-WUD-001,12,19,0,ALWAYS
AM-WUD-001,12,20,0,ALWAYS
AM-WUD-001,12,21,0,ALWAYS
AM-WUD-001,12,22,0,ALWAYS
AM-WUD-001,12,23,0,ALWAYS
AM-WUD-001,12,24,0,ALWAYS
AM-WUD-001,12,25,0,ALWAYS
AM-WUD-001,12,26,0,ALWAYS
AM-WUD-001,12,27,0,ALWAYS
AM-WUD-001,12,28,0,ALWAYS
AM-WUD-001,12,29,0,ALWAYS
AM-WUD-001,12,30,0,ALWAYS
AM-WUD-001,13,1,0,ALWAYS
AM-WUD-001,13,2,0,ALWAYS
AM-WUD-001,13,3,0,ALWAYS
AM-WUD-001,13,4,0,ALWAYS
AM-WUD-001,13,5,0,ALWAYS
AM-WUD-001,13,6,0,ALWAYS
EN-TSE-001,1,1,0,ALWAYS
EN-TSE-001,1,2,0,ALWAYS
EN-TSE-001,1,3,0,ALWAYS
EN-TSE-001,1,4,0,ALWAYS
EN-TSE-001,1,5,0,ALWAYS
EN-TSE-001,1,6,0,ALWAYS
EN-TSE-001,1,7,0,ALWAYS
EN-TSE-001,1,8,0,ALWAYS
EN-TSE-001,1,9,0,ALWAYS
EN-TSE-001,1,10,0,ALWAYS
EN-TSE-001,1,11,0,ALWAYS
EN-TSE-001,1,12,0,ALWAYS
EN-TSE-001,1,13,0,ALWAYS
EN-TSE-001,1,14,0,ALWAYS
EN-TSE-001,1,15,0,ALWAYS
EN-TSE-001,1,16,0,ALWAYS
EN-TSE-001,1,17,0,ALWAYS
EN-TSE-001,1,18,0,ALWAYS
EN-TSE-001,1,19,0,ALWAYS
EN-TSE-001,1,20,0,ALWAYS
EN-TSE-001,1,21,0,ALWAYS
EN-TSE-001,1,22,0,ALWAYS
EN-TSE-001,1,23,0,ALWAYS
EN-TSE-001,1,24,0,ALWAYS
EN-TSE-001,1,25,0,ALWAYS
EN-TSE-001,1,26,0,ALWAYS
EN-TSE-001,1,27,0,ALWAYS
EN-TSE-001,1,28,0,ALWAYS
EN-TSE-001,1,29,0,ALWAYS
EN-TSE-001,1,30,0,ALWAYS
EN-TSE-001,2,1,0,ALWAYS
EN-TSE-001,2,2,0,ALWAYS
EN-TSE-001,2,3,0,ALWAYS
EN-TSE-001,2,4,0,ALWAYS
EN-TSE-001,2,5,0,ALWAYS
EN-TSE-001,2,6,0,ALWAYS
EN-TSE-001,2,7,0,ALWAYS
EN-TSE-001,2,8,0,ALWAYS
EN-TSE-001,2,9,0,ALWAYS
EN-TSE-001,2,10,0,ALWAYS
EN-TSE-001,2,11,0,ALWAYS
EN-TSE-001,2,12,0,ALWAYS
EN-TSE-001,2,13,0,ALWAYS
EN-TSE-001,2,14,0,ALWAYS
EN-TSE-001,2,15,0,ALWAYS
EN-TSE-001,2,16,0,ALWAYS
EN-TSE-001,2,17,0,ALWAYS
EN-TSE-001,2,18,0,ALWAYS
EN-TSE-001,2,19,0,ALWAYS
EN-TSE-001,2,20,0,ALWAYS
EN-TSE-001,2,21,0,ALWAYS
EN-TSE-001,2,22,0,ALWAYS
EN-TSE-001,2,23,0,ALWAYS
EN-TSE-001,2,24,0,ALWAYS
EN-TSE-001,2,25,0,ALWAYS
EN-TSE-001,2,26,0,ALWAYS
EN-TSE-001,2,27,0,ALWAYS
EN-TSE-001,2,28,0,ALWAYS
EN-TSE-001,2,29,0,ALWAYS
EN-TSE-001,2,30,0,ALWAYS
EN-TSE-001,3,1,0,ALWAYS
EN-TSE-001,3,2,0,ALWAYS
EN-TSE-001,3,3,0,ALWAYS
EN-TSE-001,3,4,0,ALWAYS
EN-TSE-001,3,5,0,ALWAYS
EN-TSE-001,3,6,0,ALWAYS
EN-TSE-001,3,7,0,ALWAYS
EN-TSE-001,3,8,0,ALWAYS
EN-TSE-001,3,9,0,ALWAYS
EN-TSE-001,3,10,0,ALWAYS
EN-TSE-001,3,11,0,ALWAYS
EN-TSE-001,3,12,0,ALWAYS
EN-TSE-001,3,13,0,ALWAYS
EN-TSE-001,3,14,0,ALWAYS
EN-TSE-001,3,15,0,ALWAYS
EN-TSE-001,3,16,0,ALWAYS
EN-TSE-001,3,17,0,ALWAYS
EN-TSE-001,3,18,0,ALWAYS
EN-TSE-001,3,19,0,ALWAYS
EN-TSE-001,3,20,0,ALWAYS
EN-TSE-001,3,21,0,ALWAYS
EN-TSE-001,3,22,0,ALWAYS
EN-TSE-001,3,23,0,ALWAYS
EN-TSE-001,3,24,0,ALWAYS
EN-TSE-001,3,25,0,ALWAYS
EN-TSE-001,3,26,0,ALWAYS
EN-TSE-001,3,27,0,ALWAYS
EN-TSE-001,3,28,0,ALWAYS
EN-TSE-001,3,29,0,ALWAYS
EN-TSE-001,3,30,0,ALWAYS
EN-TSE-001,4,1,0,ALWAYS
EN-TSE-001,4,2,0,ALWAYS
EN-TSE-001,4,3,0,ALWAYS
EN-TSE-001,4,4,0,ALWAYS
EN-TSE-001,4,5,0,ALWAYS
EN-TSE-001,4,6,0,ALWAYS
EN-TSE-001,4,7,0,ALWAYS
EN-TSE-001,4,8,0,ALWAYS
EN-TSE-001,4,9,0,ALWAYS
EN-TSE-001,4,10,0,ALWAYS
EN-TSE-001,4,11,0,ALWAYS
EN-TSE-001,4,12,0,ALWAYS
EN-TSE-001,4,13,0,ALWAYS
EN-TSE-001,4,14,0,ALWAYS
EN-TSE-001,4,15,0,ALWAYS
EN-TSE-001,4,16,0,ALWAYS
EN-TSE-001,4,17,0,ALWAYS
EN-TSE-001,4,18,0,ALWAYS
EN-TSE-001,4,19,0,ALWAYS
EN-TSE-001,4,20,0,ALWAYS
EN-TSE-001,4,21,0,ALWAYS
EN-TSE-001,4,22,0,ALWAYS
EN-TSE-001,4,23,0,ALWAYS
EN-TSE-001,4,24,0,ALWAYS
EN-TSE-001,4,25,0,ALWAYS
EN-TSE-001,4,26,0,ALWAYS
EN-TSE-001,4,27,0,ALWAYS
EN-TSE-001,4,28,0,ALWAYS
EN-TSE-001,4,29,0,ALWAYS
EN-TSE-001,4,30,0,ALWAYS
EN-TSE-001,5,1,0,ALWAYS
EN-TSE-001,5,2,0,ALWAYS
EN-TSE-001,5,3,0,ALWAYS
EN-TSE-001,5,4,0,ALWAYS
EN-TSE-001,5,5,0,ALWAYS
EN-TSE-001,5,6,0,ALWAYS
EN-TSE-001,5,7,0,ALWAYS
EN-TSE-001,5,8,0,ALWAYS
EN-TSE-001,5,9,0,ALWAYS
EN-TSE-001,5,10,0,ALWAYS
EN-TSE-001,5,11,0,ALWAYS
EN-TSE-001,5,12,0,ALWAYS
EN-TSE-001,5,13,0,ALWAYS
EN-TSE-001,5,14,0,ALWAYS
EN-TSE-001,5,15,0,ALWAYS
EN-TSE-001,5,16,0,ALWAYS
EN-TSE-001,5,17,0,ALWAYS
EN-TSE-001,5,18,0,ALWAYS
EN-TSE-001,5,19,0,ALWAYS
EN-TSE-001,5,20,0,ALWAYS
EN-TSE-001,5,21,0,ALWAYS
EN-TSE-001,5,22,0,ALWAYS
EN-TSE-001,5,23,0,ALWAYS
EN-TSE-001,5,24,0,ALWAYS
EN-TSE-001,5,25,0,ALWAYS
EN-TSE-001,5,26,0,ALWAYS
EN-TSE-001,5,27,0,ALWAYS
EN-TSE-001,5,28,0,ALWAYS
EN-TSE-001,5,29,0,ALWAYS
EN-TSE-001,5,30,0,ALWAYS
EN-TSE-001,6,1,0,ALWAYS
EN-TSE-001,6,2,0,ALWAYS
EN-TSE-001,6,3,0,ALWAYS
EN-TSE-001,6,4,0,ALWAYS
EN-TSE-001,6,5,0,ALWAYS
EN-TSE-001,6,6,0,ALWAYS
EN-TSE-001,6,7,0,ALWAYS
EN-TSE-001,6,8,0,ALWAYS
EN-TSE-001,6,9,0,ALWAYS
EN-TSE-001,6,10,0,ALWAYS
EN-TSE-001,6,11,0,ALWAYS
EN-TSE-001,6,12,0,ALWAYS
EN-TSE-001,6,13,0,ALWAYS
EN-TSE-001,6,14,0,ALWAYS
EN-TSE-001,6,15,0,ALWAYS
EN-TSE-001,6,16,0,ALWAYS
EN-TSE-001,6,17,0,ALWAYS
EN-TSE-001,6,18,0,ALWAYS
EN-TSE-001,6,19,0,ALWAYS
EN-TSE-001,6,20,0,ALWAYS
EN-TSE-001,6,21,0,ALWAYS
EN-TSE-001,6,22,0,ALWAYS
EN-TSE-001,6,23,0,ALWAYS
EN-TSE-001,6,24,0,ALWAYS
EN-TSE-001,6,25,0,ALWAYS
EN-TSE-001,6,26,0,ALWAYS
EN-TSE-001,6,27,0,ALWAYS
EN-TSE-001,6,28,0,ALWAYS
EN-TSE-001,6,29,0,ALWAYS
EN-TSE-001,6,30,0,ALWAYS
EN-TSE-001,7,1,0,ALWAYS
EN-TSE-001,7,2,0,ALWAYS
EN-TSE-001,7,3,0,ALWAYS
EN-TSE-001,7,4,0,ALWAYS
EN-TSE-001,7,5,0,ALWAYS
EN-TSE-001,7,6,0,ALWAYS
EN-TSE-001,7,7,0,ALWAYS
EN-TSE-001,7,8,0,ALWAYS
EN-TSE-001,7,9,0,ALWAYS
EN-TSE-001,7,10,0,ALWAYS
EN-TSE-001,7,11,0,ALWAYS
EN-TSE-001,7,12,0,ALWAYS
EN-TSE-001,7,13,0,ALWAYS
EN-TSE-001,7,14,0,ALWAYS
EN-TSE-001,7,15,0,ALWAYS
EN-TSE-001,7,16,0,ALWAYS
EN-TSE-001,7,17,0,ALWAYS
EN-TSE-001,7,18,0,ALWAYS
EN-TSE-001,7,19,0,ALWAYS
EN-TSE-001,7,20,0,ALWAYS
EN-TSE-001,7,21,0,ALWAYS
EN-TSE-001,7,22,0,ALWAYS
EN-TSE-001,7,23,0,ALWAYS
EN-TSE-001,7,24,0,ALWAYS
EN-TSE-001,7,25,0,ALWAYS
EN-TSE-001,7,26,0,ALWAYS
EN-TSE-001,7,27,0,ALWAYS
EN-TSE-001,7,28,0,ALWAYS
EN-TSE-001,7,29,0,ALWAYS
EN-TSE-001,7,30,0,ALWAYS
EN-TSE-001,8,1,0,ALWAYS
EN-TSE-001,8,2,0,ALWAYS
EN-TSE-001,8,3,0,ALWAYS
EN-TSE-001,8,4,0,ALWAYS
EN-TSE-001,8,5,0,ALWAYS
EN-TSE-001,8,6,0,ALWAYS
EN-TSE-001,8,7,0,ALWAYS
EN-TSE-001,8,8,0,ALWAYS
EN-TSE-001,8,9,0,ALWAYS
EN-TSE-001,8,10,0,ALWAYS
EN-TSE-001,8,11,0,ALWAYS
EN-TSE-001,8,12,0,ALWAYS
EN-TSE-001,8,13,0,ALWAYS
EN-TSE-001,8,14,0,ALWAYS
EN-TSE-001,8,15,0,ALWAYS
EN-TSE-001,8,16,0,ALWAYS
EN-TSE-001,8,17,0,ALWAYS
EN-TSE-001,8,18,0,ALWAYS
EN-TSE-001,8,19,0,ALWAYS
EN-TSE-001,8,20,0,ALWAYS
EN-TSE-001,8,21,0,ALWAYS
EN-TSE-001,8,22,0,ALWAYS
EN-TSE-001,8,23,0,ALWAYS
EN-TSE-001,8,24,0,ALWAYS
EN-TSE-001,8,25,0,ALWAYS
EN-TSE-001,8,26,0,ALWAYS
EN-TSE-001,8,27,0,ALWAYS
EN-TSE-001,8,28,0,ALWAYS
EN-TSE-001,8,29,0,ALWAYS
EN-TSE-001,8,30,0,ALWAYS
EN-TSE-001,9,1,0,ALWAYS
EN-TSE-001,9,2,0,ALWAYS
EN-TSE-001,9,3,0,ALWAYS
EN-TSE-001,9,4,0,ALWAYS
EN-TSE-001,9,5,0,ALWAYS
EN-TSE-001,9,6,0,ALWAYS
EN-TSE-001,9,7,0,ALWAYS
EN-TSE-001,9,8,0,ALWAYS
EN-TSE-001,9,9,0,ALWAYS
EN-TSE-001,9,10,0,ALWAYS
EN-TSE-001,9,11,0,ALWAYS
EN-TSE-001,9,12,0,ALWAYS
EN-TSE-001,9,13,0,ALWAYS
EN-TSE-001,9,14,0,ALWAYS
EN-TSE-001,9,15,0,ALWAYS
EN-TSE-001,9,16,0,ALWAYS
EN-TSE-001,9,17,0,ALWAYS
EN-TSE-001,9,18,0,ALWAYS
EN-TSE-001,9,19,0,ALWAYS
EN-TSE-001,9,20,0,ALWAYS
EN-TSE-001,9,21,0,ALWAYS
EN-TSE-001,9,22,0,ALWAYS
EN-TSE-001,9,23,0,ALWAYS
EN-TSE-001,9,24,0,ALWAYS
EN-TSE-001,9,25,0,ALWAYS
EN-TSE-001,9,26,0,ALWAYS
EN-TSE-001,9,27,0,ALWAYS
EN-TSE-001,9,28,0,ALWAYS
EN-TSE-001,9,29,0,ALWAYS
EN-TSE-001,9,30,0,ALWAYS
EN-TSE-001,10,1,0,ALWAYS
EN-TSE-001,10,2,0,ALWAYS
EN-TSE-001,10,3,0,ALWAYS
EN-TSE-001,10,4,0,ALWAYS
EN-TSE-001,10,5,0,ALWAYS
EN-TSE-001,10,6,0,ALWAYS
EN-TSE-001,10,7,0,ALWAYS
EN-TSE-001,10,8,0,ALWAYS
EN-TSE-001,10,9,0,ALWAYS
EN-TSE-001,10,10,0,ALWAYS
EN-TSE-001,10,11,0,ALWAYS
EN-TSE-001,10,12,0,ALWAYS
EN-TSE-001,10,13,0,ALWAYS
EN-TSE-001,10,14,0,ALWAYS
EN-TSE-001,10,15,0,ALWAYS
EN-TSE-001,10,16,0,ALWAYS
EN-TSE-001,10,17,0,ALWAYS
EN-TSE-001,10,18,0,ALWAYS
EN-TSE-001,10,19,0,ALWAYS
EN-TSE-001,10,20,0,ALWAYS
EN-TSE-001,10,21,0,ALWAYS
EN-TSE-001,10,22,0,ALWAYS
EN-TSE-001,10,23,0,ALWAYS
EN-TSE-001,10,24,0,ALWAYS
EN-TSE-001,10,25,0,ALWAYS
EN-TSE-001,10,26,0,ALWAYS
EN-TSE-001,10,27,0,ALWAYS
EN-TSE-001,10,28,0,ALWAYS
EN-TSE-001,10,29,0,ALWAYS
EN-TSE-001,10,30,0,ALWAYS
EN-TSE-001,11,1,0,ALWAYS
EN-TSE-001,11,2,0,ALWAYS
EN-TSE-001,11,3,0,ALWAYS
EN-TSE-001,11,4,0,ALWAYS
EN-TSE-001,11,5,0,ALWAYS
EN-TSE-001,11,6,0,ALWAYS
EN-TSE-001,11,7,0,ALWAYS
EN-TSE-001,11,8,0,ALWAYS
EN-TSE-001,11,9,0,ALWAYS
EN-TSE-001,11,10,0,ALWAYS
EN-TSE-001,11,11,0,ALWAYS
EN-TSE-001,11,12,0,ALWAYS
EN-TSE-001,11,13,0,ALWAYS
EN-TSE-001,11,14,0,ALWAYS
EN-TSE-001,11,15,0,ALWAYS
EN-TSE-001,11,16,0,ALWAYS
EN-TSE-001,11,17,0,ALWAYS
EN-TSE-001,11,18,0,ALWAYS
EN-TSE-001,11,19,0,ALWAYS
EN-TSE-001,11,20,0,ALWAYS
EN-TSE-001,11,21,0,ALWAYS
EN-TSE-001,11,22,0,ALWAYS
EN-TSE-001,11,23,0,ALWAYS
EN-TSE-001,11,24,0,ALWAYS
EN-TSE-001,11,25,0,ALWAYS
EN-TSE-001,11,26,0,ALWAYS
EN-TSE-001,11,27,0,ALWAYS
EN-TSE-001,11,28,0,ALWAYS
EN-TSE-001,11,29,0,ALWAYS
EN-TSE-001,11,30,0,ALWAYS
EN-TSE-001,12,1,0,ALWAYS
EN-TSE-001,12,2,0,ALWAYS
EN-TSE-001,12,3,0,ALWAYS
EN-TSE-001,12,4,0,ALWAYS
EN-TSE-001,12,5,0,ALWAYS
EN-TSE-001,12,6,0,ALWAYS
EN-TSE-001,12,7,0,ALWAYS
EN-TSE-001,12,8,0,ALWAYS
EN-TSE-001,12,9,0,ALWAYS
EN-TSE-001,12,10,0,ALWAYS
EN-TSE-001,12,11,0,ALWAYS
EN-TSE-001,12,12,0,ALWAYS
EN-TSE-001,12,13,0,ALWAYS
EN-TSE-001,12,14,0,ALWAYS
EN-TSE-001,12,15,0,ALWAYS
EN-TSE-001,12,16,0,ALWAYS
EN-TSE-001,12,17,0,ALWAYS
EN-TSE-001,12,18,0,ALWAYS
EN-TSE-001,12,19,0,ALWAYS
EN-TSE-001,12,20,0,ALWAYS
EN-TSE-001,12,21,0,ALWAYS
EN-TSE-001,12,22,0,ALWAYS
EN-TSE-001,12,23,0,ALWAYS
EN-TSE-001,12,24,0,ALWAYS
EN-TSE-001,12,25,0,ALWAYS
EN-TSE-001,12,26,0,ALWAYS
EN-TSE-001,12,27,0,ALWAYS
EN-TSE-001,12,28,0,ALWAYS
EN-TSE-001,12,29,0,ALWAYS
EN-TSE-001,12,30,0,ALWAYS
EN-TSE-001,13,1,0,ALWAYS
EN-TSE-001,13,2,0,ALWAYS
EN-TSE-001,13,3,0,ALWAYS
EN-TSE-001,13,4,0,ALWAYS
EN-TSE-001,13,5,0,ALWAYS
EN-TSE-001,13,6,0,ALWAYS
GZ-BEE-001,1,1,0,ALWAYS
GZ-BEE-001,1,2,0,ALWAYS
GZ-BEE-001,1,3,0,ALWAYS
GZ-BEE-001,1,4,0,ALWAYS
GZ-BEE-001,1,5,0,ALWAYS
GZ-BEE-001,1,6,0,ALWAYS
GZ-BEE-001,1,7,0,ALWAYS
GZ-BEE-001,1,8,0,ALWAYS
GZ-BEE-001,1,9,0,ALWAYS
GZ-BEE-001,1,10,0,ALWAYS
GZ-BEE-001,1,11,0,ALWAYS
GZ-BEE-001,1,12,0,ALWAYS
GZ-BEE-001,1,13,0,ALWAYS
GZ-BEE-001,1,14,0,ALWAYS
GZ-BEE-001,1,15,0,ALWAYS
GZ-BEE-001,1,16,0,ALWAYS
GZ-BEE-001,1,17,0,ALWAYS
GZ-BEE-001,1,18,0,ALWAYS
GZ-BEE-001,1,19,0,ALWAYS
GZ-BEE-001,1,20,0,ALWAYS
GZ-BEE-001,1,21,0,ALWAYS
GZ-BEE-001,1,22,0,ALWAYS
GZ-BEE-001,1,23,0,ALWAYS
GZ-BEE-001,1,24,0,ALWAYS
GZ-BEE-001,1,25,0,ALWAYS
GZ-BEE-001,1,26,0,ALWAYS
GZ-BEE-001,1,27,0,ALWAYS
GZ-BEE-001,1,28,0,ALWAYS
GZ-BEE-001,1,29,0,ALWAYS
GZ-BEE-001,1,30,0,ALWAYS
GZ-BEE-001,2,1,0,ALWAYS
GZ-BEE-001,2,2,0,ALWAYS
GZ-BEE-001,2,3,0,ALWAYS
GZ-BEE-001,2,4,0,ALWAYS
GZ-BEE-001,2,5,0,ALWAYS
GZ-BEE-001,2,6,0,ALWAYS
GZ-BEE-001,2,7,0,ALWAYS
GZ-BEE-001,2,8,0,ALWAYS
GZ-BEE-001,2,9,0,ALWAYS
GZ-BEE-001,2,10,0,ALWAYS
GZ-BEE-001,2,11,0,ALWAYS
GZ-BEE-001,2,12,0,ALWAYS
GZ-BEE-001,2,13,0,ALWAYS
GZ-BEE-001,2,14,0,ALWAYS
GZ-BEE-001,2,15,0,ALWAYS
GZ-BEE-001,2,16,0,ALWAYS
GZ-BEE-001,2,17,0,ALWAYS
GZ-BEE-001,2,18,0,ALWAYS
GZ-BEE-001,2,19,0,ALWAYS
GZ-BEE-001,2,20,0,ALWAYS
GZ-BEE-001,2,21,0,ALWAYS
GZ-BEE-001,2,22,0,ALWAYS
GZ-BEE-001,2,23,0,ALWAYS
GZ-BEE-001,2,24,0,ALWAYS
GZ-BEE-001,2,25,0,ALWAYS
GZ-BEE-001,2,26,0,ALWAYS
GZ-BEE-001,2,27,0,ALWAYS
GZ-BEE-001,2,28,0,ALWAYS
GZ-BEE-001,2,29,0,ALWAYS
GZ-BEE-001,2,30,0,ALWAYS
GZ-BEE-001,3,1,0,ALWAYS
GZ-BEE-001,3,2,0,ALWAYS
GZ-BEE-001,3,3,0,ALWAYS
GZ-BEE-001,3,4,0,ALWAYS
GZ-BEE-001,3,5,0,ALWAYS
GZ-BEE-001,3,6,0,ALWAYS
GZ-BEE-001,3,7,0,ALWAYS
GZ-BEE-001,3,8,0,ALWAYS
GZ-BEE-001,3,9,0,ALWAYS
GZ-BEE-001,3,10,0,ALWAYS
GZ-BEE-001,3,11,0,ALWAYS
GZ-BEE-001,3,12,0,ALWAYS
GZ-BEE-001,3,13,0,ALWAYS
GZ-BEE-001,3,14,0,ALWAYS
GZ-BEE-001,3,15,0,ALWAYS
GZ-BEE-001,3,16,0,ALWAYS
GZ-BEE-001,3,17,0,ALWAYS
GZ-BEE-001,3,18,0,ALWAYS
GZ-BEE-001,3,19,0,ALWAYS
GZ-BEE-001,3,20,0,ALWAYS
GZ-BEE-001,3,21,0,ALWAYS
GZ-BEE-001,3,22,0,ALWAYS
GZ-BEE-001,3,23,0,ALWAYS
GZ-BEE-001,3,24,0,ALWAYS
GZ-BEE-001,3,25,0,ALWAYS
GZ-BEE-001,3,26,0,ALWAYS
GZ-BEE-001,3,27,0,ALWAYS
GZ-BEE-001,3,28,0,ALWAYS
GZ-BEE-001,3,29,0,ALWAYS
GZ-BEE-001,3,30,0,ALWAYS
GZ-BEE-001,4,1,0,ALWAYS
GZ-BEE-001,4,2,0,ALWAYS
GZ-BEE-001,4,3,0,ALWAYS
GZ-BEE-001,4,4,0,ALWAYS
GZ-BEE-001,4,5,0,ALWAYS
GZ-BEE-001,4,6,0,ALWAYS
GZ-BEE-001,4,7,0,ALWAYS
GZ-BEE-001,4,8,0,ALWAYS
GZ-BEE-001,4,9,0,ALWAYS
GZ-BEE-001,4,10,0,ALWAYS
GZ-BEE-001,4,11,0,ALWAYS
GZ-BEE-001,4,12,0,ALWAYS
GZ-BEE-001,4,13,0,ALWAYS
GZ-BEE-001,4,14,0,ALWAYS
GZ-BEE-001,4,15,0,ALWAYS
GZ-BEE-001,4,16,0,ALWAYS
GZ-BEE-001,4,17,0,ALWAYS
GZ-BEE-001,4,18,0,ALWAYS
GZ-BEE-001,4,19,0,ALWAYS
GZ-BEE-001,4,20,0,ALWAYS
GZ-BEE-001,4,21,0,ALWAYS
GZ-BEE-001,4,22,0,ALWAYS
GZ-BEE-001,4,23,0,ALWAYS
GZ-BEE-001,4,24,0,ALWAYS
GZ-BEE-001,4,25,0,ALWAYS
GZ-BEE-001,4,26,0,ALWAYS
GZ-BEE-001,4,27,0,ALWAYS
GZ-BEE-001,4,28,0,ALWAYS
GZ-BEE-001,4,29,0,ALWAYS
GZ-BEE-001,4,30,0,ALWAYS
GZ-BEE-001,5,1,0,ALWAYS
GZ-BEE-001,5,2,0,ALWAYS
GZ-BEE-001,5,3,0,ALWAYS
GZ-BEE-001,5,4,0,ALWAYS
GZ-BEE-001,5,5,0,ALWAYS
GZ-BEE-001,5,6,0,ALWAYS
GZ-BEE-001,5,7,0,ALWAYS
GZ-BEE-001,5,8,0,ALWAYS
GZ-BEE-001,5,9,0,ALWAYS
GZ-BEE-001,5,10,0,ALWAYS
GZ-BEE-001,5,11,0,ALWAYS
GZ-BEE-001,5,12,0,ALWAYS
GZ-BEE-001,5,13,0,ALWAYS
GZ-BEE-001,5,14,0,ALWAYS
GZ-BEE-001,5,15,0,ALWAYS
GZ-BEE-001,5,16,0,ALWAYS
GZ-BEE-001,5,17,0,ALWAYS
GZ-BEE-001,5,18,0,ALWAYS
GZ-BEE-001,5,19,0,ALWAYS
GZ-BEE-001,5,20,0,ALWAYS
GZ-BEE-001,5,21,0,ALWAYS
GZ-BEE-001,5,22,0,ALWAYS
GZ-BEE-001,5,23,0,ALWAYS
GZ-BEE-001,5,24,0,ALWAYS
GZ-BEE-001,5,25,0,ALWAYS
GZ-BEE-001,5,26,0,ALWAYS
GZ-BEE-001,5,27,0,ALWAYS
GZ-BEE-001,5,28,0,ALWAYS
GZ-BEE-001,5,29,0,ALWAYS
GZ-BEE-001,5,30,0,ALWAYS
GZ-BEE-001,6,1,0,ALWAYS
GZ-BEE-001,6,2,0,ALWAYS
GZ-BEE-001,6,3,0,ALWAYS
GZ-BEE-001,6,4,0,ALWAYS
GZ-BEE-001,6,5,0,ALWAYS
GZ-BEE-001,6,6,0,ALWAYS
GZ-BEE-001,6,7,0,ALWAYS
GZ-BEE-001,6,8,0,ALWAYS
GZ-BEE-001,6,9,0,ALWAYS
GZ-BEE-001,6,10,0,ALWAYS
GZ-BEE-001,6,11,0,ALWAYS
GZ-BEE-001,6,12,0,ALWAYS
GZ-BEE-001,6,13,0,ALWAYS
GZ-BEE-001,6,14,0,ALWAYS
GZ-BEE-001,6,15,0,ALWAYS
GZ-BEE-001,6,16,0,ALWAYS
GZ-BEE-001,6,17,0,ALWAYS
GZ-BEE-001,6,18,0,ALWAYS
GZ-BEE-001,6,19,0,ALWAYS
GZ-BEE-001,6,20,0,ALWAYS
GZ-BEE-001,6,21,0,ALWAYS
GZ-BEE-001,6,22,0,ALWAYS
GZ-BEE-001,6,23,0,ALWAYS
GZ-BEE-001,6,24,0,ALWAYS
GZ-BEE-001,6,25,0,ALWAYS
GZ-BEE-001,6,26,0,ALWAYS
GZ-BEE-001,6,27,0,ALWAYS
GZ-BEE-001,6,28,0,ALWAYS
GZ-BEE-001,6,29,0,ALWAYS
GZ-BEE-001,6,30,0,ALWAYS
GZ-BEE-001,7,1,0,ALWAYS
GZ-BEE-001,7,2,0,ALWAYS
GZ-BEE-001,7,3,0,ALWAYS
GZ-BEE-001,7,4,0,ALWAYS
GZ-BEE-001,7,5,0,ALWAYS
GZ-BEE-001,7,6,0,ALWAYS
GZ-BEE-001,7,7,0,ALWAYS
GZ-BEE-001,7,8,0,ALWAYS
GZ-BEE-001,7,9,0,ALWAYS
GZ-BEE-001,7,10,0,ALWAYS
GZ-BEE-001,7,11,0,ALWAYS
GZ-BEE-001,7,12,0,ALWAYS
GZ-BEE-001,7,13,0,ALWAYS
GZ-BEE-001,7,14,0,ALWAYS
GZ-BEE-001,7,15,0,ALWAYS
GZ-BEE-001,7,16,0,ALWAYS
GZ-BEE-001,7,17,0,ALWAYS
GZ-BEE-001,7,18,0,ALWAYS
GZ-BEE-001,7,19,0,ALWAYS
GZ-BEE-001,7,20,0,ALWAYS
GZ-BEE-001,7,21,0,ALWAYS
GZ-BEE-001,7,22,0,ALWAYS
GZ-BEE-001,7,23,0,ALWAYS
GZ-BEE-001,7,24,0,ALWAYS
GZ-BEE-001,7,25,0,ALWAYS
GZ-BEE-001,7,26,0,ALWAYS
GZ-BEE-001,7,27,0,ALWAYS
GZ-BEE-001,7,28,0,ALWAYS
GZ-BEE-001,7,29,0,ALWAYS
GZ-BEE-001,7,30,0,ALWAYS
GZ-BEE-001,8,1,0,ALWAYS
GZ-BEE-001,8,2,0,ALWAYS
GZ-BEE-001,8,3,0,ALWAYS
GZ-BEE-001,8,4,0,ALWAYS
GZ-BEE-001,8,5,0,ALWAYS
GZ-BEE-001,8,6,0,ALWAYS
GZ-BEE-001,8,7,0,ALWAYS
GZ-BEE-001,8,8,0,ALWAYS
GZ-BEE-001,8,9,0,ALWAYS
GZ-BEE-001,8,10,0,ALWAYS
GZ-BEE-001,8,11,0,ALWAYS
GZ-BEE-001,8,12,0,ALWAYS
GZ-BEE-001,8,13,0,ALWAYS
GZ-BEE-001,8,14,0,ALWAYS
GZ-BEE-001,8,15,0,ALWAYS
GZ-BEE-001,8,16,0,ALWAYS
GZ-BEE-001,8,17,0,ALWAYS
GZ-BEE-001,8,18,0,ALWAYS
GZ-BEE-001,8,19,0,ALWAYS
GZ-BEE-001,8,20,0,ALWAYS
GZ-BEE-001,8,21,0,ALWAYS
GZ-BEE-001,8,22,0,ALWAYS
GZ-BEE-001,8,23,0,ALWAYS
GZ-BEE-001,8,24,0,ALWAYS
GZ-BEE-001,8,25,0,ALWAYS
GZ-BEE-001,8,26,0,ALWAYS
GZ-BEE-001,8,27,0,ALWAYS
GZ-BEE-001,8,28,0,ALWAYS
GZ-BEE-001,8,29,0,ALWAYS
GZ-BEE-001,8,30,0,ALWAYS
GZ-BEE-001,9,1,0,ALWAYS
GZ-BEE-001,9,2,0,ALWAYS
GZ-BEE-001,9,3,0,ALWAYS
GZ-BEE-001,9,4,0,ALWAYS
GZ-BEE-001,9,5,0,ALWAYS
GZ-BEE-001,9,6,0,ALWAYS
GZ-BEE-001,9,7,0,ALWAYS
GZ-BEE-001,9,8,0,ALWAYS
GZ-BEE-001,9,9,0,ALWAYS
GZ-BEE-001,9,10,0,ALWAYS
GZ-BEE-001,9,11,0,ALWAYS
GZ-BEE-001,9,12,0,ALWAYS
GZ-BEE-001,9,13,0,ALWAYS
GZ-BEE-001,9,14,0,ALWAYS
GZ-BEE-001,9,15,0,ALWAYS
GZ-BEE-001,9,16,0,ALWAYS
GZ-BEE-001,9,17,0,ALWAYS
GZ-BEE-001,9,18,0,ALWAYS
GZ-BEE-001,9,19,0,ALWAYS
GZ-BEE-001,9,20,0,ALWAYS
GZ-BEE-001,9,21,0,ALWAYS
GZ-BEE-001,9,22,0,ALWAYS
GZ-BEE-001,9,23,0,ALWAYS
GZ-BEE-001,9,24,0,ALWAYS
GZ-BEE-001,9,25,0,ALWAYS
GZ-BEE-001,9,26,0,ALWAYS
GZ-BEE-001,9,27,0,ALWAYS
GZ-BEE-001,9,28,0,ALWAYS
GZ-BEE-001,9,29,0,ALWAYS
GZ-BEE-001,9,30,0,ALWAYS
GZ-BEE-001,10,1,0,ALWAYS
GZ-BEE-001,10,2,0,ALWAYS
GZ-BEE-001,10,3,0,ALWAYS
GZ-BEE-001,10,4,0,ALWAYS
GZ-BEE-001,10,5,0,ALWAYS
GZ-BEE-001,10,6,0,ALWAYS
GZ-BEE-001,10,7,0,ALWAYS
GZ-BEE-001,10,8,0,ALWAYS
GZ-BEE-001,10,9,0,ALWAYS
GZ-BEE-001,10,10,0,ALWAYS
GZ-BEE-001,10,11,0,ALWAYS
GZ-BEE-001,10,12,0,ALWAYS
GZ-BEE-001,10,13,0,ALWAYS
GZ-BEE-001,10,14,0,ALWAYS
GZ-BEE-001,10,15,0,ALWAYS
GZ-BEE-001,10,16,0,ALWAYS
GZ-BEE-001,10,17,0,ALWAYS
GZ-BEE-001,10,18,0,ALWAYS
GZ-BEE-001,10,19,0,ALWAYS
GZ-BEE-001,10,20,0,ALWAYS
GZ-BEE-001,10,21,0,ALWAYS
GZ-BEE-001,10,22,0,ALWAYS
GZ-BEE-001,10,23,0,ALWAYS
GZ-BEE-001,10,24,0,ALWAYS
GZ-BEE-001,10,25,0,ALWAYS
GZ-BEE-001,10,26,0,ALWAYS
GZ-BEE-001,10,27,0,ALWAYS
GZ-BEE-001,10,28,0,ALWAYS
GZ-BEE-001,10,29,0,ALWAYS
GZ-BEE-001,10,30,0,ALWAYS
GZ-BEE-001,11,1,0,ALWAYS
GZ-BEE-001,11,2,0,ALWAYS
GZ-BEE-001,11,3,0,ALWAYS
GZ-BEE-001,11,4,0,ALWAYS
GZ-BEE-001,11,5,0,ALWAYS
GZ-BEE-001,11,6,0,ALWAYS
GZ-BEE-001,11,7,0,ALWAYS
GZ-BEE-001,11,8,0,ALWAYS
GZ-BEE-001,11,9,0,ALWAYS
GZ-BEE-001,11,10,0,ALWAYS
GZ-BEE-001,11,11,0,ALWAYS
GZ-BEE-001,11,12,0,ALWAYS
GZ-BEE-001,11,13,0,ALWAYS
GZ-BEE-001,11,14,0,ALWAYS
GZ-BEE-001,11,15,0,ALWAYS
GZ-BEE-001,11,16,0,ALWAYS
GZ-BEE-001,11,17,0,ALWAYS
GZ-BEE-001,11,18,0,ALWAYS
GZ-BEE-001,11,19,0,ALWAYS
GZ-BEE-001,11,20,0,ALWAYS
GZ-BEE-001,11,21,0,ALWAYS
GZ-BEE-001,11,22,0,ALWAYS
GZ-BEE-001,11,23,0,ALWAYS
GZ-BEE-001,11,24,0,ALWAYS
GZ-BEE-001,11,25,0,ALWAYS
GZ-BEE-001,11,26,0,ALWAYS
GZ-BEE-001,11,27,0,ALWAYS
GZ-BEE-001,11,28,0,ALWAYS
GZ-BEE-001,11,29,0,ALWAYS
GZ-BEE-001,11,30,0,ALWAYS
GZ-BEE-001,12,1,0,ALWAYS
GZ-BEE-001,12,2,0,ALWAYS
GZ-BEE-001,12,3,0,ALWAYS
GZ-BEE-001,12,4,0,ALWAYS
GZ-BEE-001,12,5,0,ALWAYS
GZ-BEE-001,12,6,0,ALWAYS
GZ-BEE-001,12,7,0,ALWAYS
GZ-BEE-001,12,8,0,ALWAYS
GZ-BEE-001,12,9,0,ALWAYS
GZ-BEE-001,12,10,0,ALWAYS
GZ-BEE-001,12,11,0,ALWAYS
GZ-BEE-001,12,12,0,ALWAYS
GZ-BEE-001,12,13,0,ALWAYS
GZ-BEE-001,12,14,0,ALWAYS
GZ-BEE-001,12,15,0,ALWAYS
GZ-BEE-001,12,16,0,ALWAYS
GZ-BEE-001,12,17,0,ALWAYS
GZ-BEE-001,12,18,0,ALWAYS
GZ-BEE-001,12,19,0,ALWAYS
GZ-BEE-001,12,20,0,ALWAYS
GZ-BEE-001,12,21,0,ALWAYS
GZ-BEE-001,12,22,0,ALWAYS
GZ-BEE-001,12,23,0,ALWAYS
GZ-BEE-001,12,24,0,ALWAYS
GZ-BEE-001,12,25,0,ALWAYS
GZ-BEE-001,12,26,0,ALWAYS
GZ-BEE-001,12,27,0,ALWAYS
GZ-BEE-001,12,28,0,ALWAYS
GZ-BEE-001,12,29,0,ALWAYS
GZ-BEE-001,12,30,0,ALWAYS
GZ-BEE-001,13,1,0,ALWAYS
GZ-BEE-001,13,2,0,ALWAYS
GZ-BEE-001,13,3,0,ALWAYS
GZ-BEE-001,13,4,0,ALWAYS
GZ-BEE-001,13,5,0,ALWAYS
GZ-BEE-001,13,6,0,ALWAYS
GZ-DRS-004,1,1,0,ALWAYS
GZ-DRS-004,1,2,0,ALWAYS
GZ-DRS-004,1,3,0,ALWAYS
GZ-DRS-004,1,4,0,ALWAYS
GZ-DRS-004,1,5,0,ALWAYS
GZ-DRS-004,1,6,0,ALWAYS
GZ-DRS-004,1,7,0,ALWAYS
GZ-DRS-004,1,8,0,ALWAYS
GZ-DRS-004,1,9,0,ALWAYS
GZ-DRS-004,1,10,0,ALWAYS
GZ-DRS-004,1,11,0,ALWAYS
GZ-DRS-004,1,12,0,ALWAYS
GZ-DRS-004,1,13,0,ALWAYS
GZ-DRS-004,1,14,0,ALWAYS
GZ-DRS-004,1,15,0,ALWAYS
GZ-DRS-004,1,16,0,ALWAYS
GZ-DRS-004,1,17,0,ALWAYS
GZ-DRS-004,1,18,0,ALWAYS
GZ-DRS-004,1,19,0,ALWAYS
GZ-DRS-004,1,20,0,ALWAYS
GZ-DRS-004,1,21,0,ALWAYS
GZ-DRS-004,1,22,0,ALWAYS
GZ-DRS-004,1,23,0,ALWAYS
GZ-DRS-004,1,24,0,ALWAYS
GZ-DRS-004,1,25,0,ALWAYS
GZ-DRS-004,1,26,0,ALWAYS
GZ-DRS-004,1,27,0,ALWAYS
GZ-DRS-004,1,28,0,ALWAYS
GZ-DRS-004,1,29,0,ALWAYS
GZ-DRS-004,1,30,0,ALWAYS
GZ-DRS-004,2,1,0,ALWAYS
GZ-DRS-004,2,2,0,ALWAYS
GZ-DRS-004,2,3,0,ALWAYS
GZ-DRS-004,2,4,0,ALWAYS
GZ-DRS-004,2,5,0,ALWAYS
GZ-DRS-004,2,6,0,ALWAYS
GZ-DRS-004,2,7,0,ALWAYS
GZ-DRS-004,2,8,0,ALWAYS
GZ-DRS-004,2,9,0,ALWAYS
GZ-DRS-004,2,10,0,ALWAYS
GZ-DRS-004,2,11,0,ALWAYS
GZ-DRS-004,2,12,0,ALWAYS
GZ-DRS-004,2,13,0,ALWAYS
GZ-DRS-004,2,14,0,ALWAYS
GZ-DRS-004,2,15,0,ALWAYS
GZ-DRS-004,2,16,0,ALWAYS
GZ-DRS-004,2,17,0,ALWAYS
GZ-DRS-004,2,18,0,ALWAYS
GZ-DRS-004,2,19,0,ALWAYS
GZ-DRS-004,2,20,0,ALWAYS
GZ-DRS-004,2,21,0,ALWAYS
GZ-DRS-004,2,22,0,ALWAYS
GZ-DRS-004,2,23,0,ALWAYS
GZ-DRS-004,2,24,0,ALWAYS
GZ-DRS-004,2,25,0,ALWAYS
GZ-DRS-004,2,26,0,ALWAYS
GZ-DRS-004,2,27,0,ALWAYS
GZ-DRS-004,2,28,0,ALWAYS
GZ-DRS-004,2,29,0,ALWAYS
GZ-DRS-004,2,30,0,ALWAYS
GZ-DRS-004,3,1,0,ALWAYS
GZ-DRS-004,3,2,0,ALWAYS
GZ-DRS-004,3,3,0,ALWAYS
GZ-DRS-004,3,4,0,ALWAYS
GZ-DRS-004,3,5,0,ALWAYS
GZ-DRS-004,3,6,0,ALWAYS
GZ-DRS-004,3,7,0,ALWAYS
GZ-DRS-004,3,8,0,ALWAYS
GZ-DRS-004,3,9,0,ALWAYS
GZ-DRS-004,3,10,0,ALWAYS
GZ-DRS-004,3,11,0,ALWAYS
GZ-DRS-004,3,12,0,ALWAYS
GZ-DRS-004,3,13,0,ALWAYS
GZ-DRS-004,3,14,0,ALWAYS
GZ-DRS-004,3,15,0,ALWAYS
GZ-DRS-004,3,16,0,ALWAYS
GZ-DRS-004,3,17,0,ALWAYS
GZ-DRS-004,3,18,0,ALWAYS
GZ-DRS-004,3,19,0,ALWAYS
GZ-DRS-004,3,20,0,ALWAYS
GZ-DRS-004,3,21,0,ALWAYS
GZ-DRS-004,3,22,0,ALWAYS
GZ-DRS-004,3,23,0,ALWAYS
GZ-DRS-004,3,24,0,ALWAYS
GZ-DRS-004,3,25,0,ALWAYS
GZ-DRS-004,3,26,0,ALWAYS
GZ-DRS-004,3,27,0,ALWAYS
GZ-DRS-004,3,28,0,ALWAYS
GZ-DRS-004,3,29,0,ALWAYS
GZ-DRS-004,3,30,0,ALWAYS
GZ-DRS-004,4,1,0,ALWAYS
GZ-DRS-004,4,2,0,ALWAYS
GZ-DRS-004,4,3,0,ALWAYS
GZ-DRS-004,4,4,0,ALWAYS
GZ-DRS-004,4,5,0,ALWAYS
GZ-DRS-004,4,6,0,ALWAYS
GZ-DRS-004,4,7,0,ALWAYS
GZ-DRS-004,4,8,0,ALWAYS
GZ-DRS-004,4,9,0,ALWAYS
GZ-DRS-004,4,10,0,ALWAYS
GZ-DRS-004,4,11,0,ALWAYS
GZ-DRS-004,4,12,0,ALWAYS
GZ-DRS-004,4,13,0,ALWAYS
GZ-DRS-004,4,14,0,ALWAYS
GZ-DRS-004,4,15,0,ALWAYS
GZ-DRS-004,4,16,0,ALWAYS
GZ-DRS-004,4,17,0,ALWAYS
GZ-DRS-004,4,18,0,ALWAYS
GZ-DRS-004,4,19,0,ALWAYS
GZ-DRS-004,4,20,0,ALWAYS
GZ-DRS-004,4,21,0,ALWAYS
GZ-DRS-004,4,22,0,ALWAYS
GZ-DRS-004,4,23,0,ALWAYS
GZ-DRS-004,4,24,0,ALWAYS
GZ-DRS-004,4,25,0,ALWAYS
GZ-DRS-004,4,26,0,ALWAYS
GZ-DRS-004,4,27,0,ALWAYS
GZ-DRS-004,4,28,0,ALWAYS
GZ-DRS-004,4,29,0,ALWAYS
GZ-DRS-004,4,30,0,ALWAYS
GZ-DRS-004,5,1,0,ALWAYS
GZ-DRS-004,5,2,0,ALWAYS
GZ-DRS-004,5,3,0,ALWAYS
GZ-DRS-004,5,4,0,ALWAYS
GZ-DRS-004,5,5,0,ALWAYS
GZ-DRS-004,5,6,0,ALWAYS
GZ-DRS-004,5,7,0,ALWAYS
GZ-DRS-004,5,8,0,ALWAYS
GZ-DRS-004,5,9,0,ALWAYS
GZ-DRS-004,5,10,0,ALWAYS
GZ-DRS-004,5,11,0,ALWAYS
GZ-DRS-004,5,12,0,ALWAYS
GZ-DRS-004,5,13,0,ALWAYS
GZ-DRS-004,5,14,0,ALWAYS
GZ-DRS-004,5,15,0,ALWAYS
GZ-DRS-004,5,16,0,ALWAYS
GZ-DRS-004,5,17,0,ALWAYS
GZ-DRS-004,5,18,0,ALWAYS
GZ-DRS-004,5,19,0,ALWAYS
GZ-DRS-004,5,20,0,ALWAYS
GZ-DRS-004,5,21,0,ALWAYS
GZ-DRS-004,5,22,0,ALWAYS
GZ-DRS-004,5,23,0,ALWAYS
GZ-DRS-004,5,24,0,ALWAYS
GZ-DRS-004,5,25,0,ALWAYS
GZ-DRS-004,5,26,0,ALWAYS
GZ-DRS-004,5,27,0,ALWAYS
GZ-DRS-004,5,28,0,ALWAYS
GZ-DRS-004,5,29,0,ALWAYS
GZ-DRS-004,5,30,0,ALWAYS
GZ-DRS-004,6,1,0,ALWAYS
GZ-DRS-004,6,2,0,ALWAYS
GZ-DRS-004,6,3,0,ALWAYS
GZ-DRS-004,6,4,0,ALWAYS
GZ-DRS-004,6,5,0,ALWAYS
GZ-DRS-004,6,6,0,ALWAYS
GZ-DRS-004,6,7,0,ALWAYS
GZ-DRS-004,6,8,0,ALWAYS
GZ-DRS-004,6,9,0,ALWAYS
GZ-DRS-004,6,10,0,ALWAYS
GZ-DRS-004,6,11,0,ALWAYS
GZ-DRS-004,6,12,0,ALWAYS
GZ-DRS-004,6,13,0,ALWAYS
GZ-DRS-004,6,14,0,ALWAYS
GZ-DRS-004,6,15,0,ALWAYS
GZ-DRS-004,6,16,0,ALWAYS
GZ-DRS-004,6,17,0,ALWAYS
GZ-DRS-004,6,18,0,ALWAYS
GZ-DRS-004,6,19,0,ALWAYS
GZ-DRS-004,6,20,0,ALWAYS
GZ-DRS-004,6,21,0,ALWAYS
GZ-DRS-004,6,22,0,ALWAYS
GZ-DRS-004,6,23,0,ALWAYS
GZ-DRS-004,6,24,0,ALWAYS
GZ-DRS-004,6,25,0,ALWAYS
GZ-DRS-004,6,26,0,ALWAYS
GZ-DRS-004,6,27,0,ALWAYS
GZ-DRS-004,6,28,0,ALWAYS
GZ-DRS-004,6,29,0,ALWAYS
GZ-DRS-004,6,30,0,ALWAYS
GZ-DRS-004,7,1,0,ALWAYS
GZ-DRS-004,7,2,0,ALWAYS
GZ-DRS-004,7,3,0,ALWAYS
GZ-DRS-004,7,4,0,ALWAYS
GZ-DRS-004,7,5,0,ALWAYS
GZ-DRS-004,7,6,0,ALWAYS
GZ-DRS-004,7,7,0,ALWAYS
GZ-DRS-004,7,8,0,ALWAYS
GZ-DRS-004,7,9,0,ALWAYS
GZ-DRS-004,7,10,0,ALWAYS
GZ-DRS-004,7,11,0,ALWAYS
GZ-DRS-004,7,12,0,ALWAYS
GZ-DRS-004,7,13,0,ALWAYS
GZ-DRS-004,7,14,0,ALWAYS
GZ-DRS-004,7,15,0,ALWAYS
GZ-DRS-004,7,16,0,ALWAYS
GZ-DRS-004,7,17,0,ALWAYS
GZ-DRS-004,7,18,0,ALWAYS
GZ-DRS-004,7,19,0,ALWAYS
GZ-DRS-004,7,20,0,ALWAYS
GZ-DRS-004,7,21,0,ALWAYS
GZ-DRS-004,7,22,0,ALWAYS
GZ-DRS-004,7,23,0,ALWAYS
GZ-DRS-004,7,24,0,ALWAYS
GZ-DRS-004,7,25,0,ALWAYS
GZ-DRS-004,7,26,0,ALWAYS
GZ-DRS-004,7,27,0,ALWAYS
GZ-DRS-004,7,28,0,ALWAYS
GZ-DRS-004,7,29,0,ALWAYS
GZ-DRS-004,7,30,0,ALWAYS
GZ-DRS-004,8,1,0,ALWAYS
GZ-DRS-004,8,2,0,ALWAYS
GZ-DRS-004,8,3,0,ALWAYS
GZ-DRS-004,8,4,0,ALWAYS
GZ-DRS-004,8,5,0,ALWAYS
GZ-DRS-004,8,6,0,ALWAYS
GZ-DRS-004,8,7,0,ALWAYS
GZ-DRS-004,8,8,0,ALWAYS
GZ-DRS-004,8,9,0,ALWAYS
GZ-DRS-004,8,10,0,ALWAYS
GZ-DRS-004,8,11,0,ALWAYS
GZ-DRS-004,8,12,0,ALWAYS
GZ-DRS-004,8,13,0,ALWAYS
GZ-DRS-004,8,14,0,ALWAYS
GZ-DRS-004,8,15,0,ALWAYS
GZ-DRS-004,8,16,0,ALWAYS
GZ-DRS-004,8,17,0,ALWAYS
GZ-DRS-004,8,18,0,ALWAYS
GZ-DRS-004,8,19,0,ALWAYS
GZ-DRS-004,8,20,0,ALWAYS
GZ-DRS-004,8,21,0,ALWAYS
GZ-DRS-004,8,22,0,ALWAYS
GZ-DRS-004,8,23,0,ALWAYS
GZ-DRS-004,8,24,0,ALWAYS
GZ-DRS-004,8,25,0,ALWAYS
GZ-DRS-004,8,26,0,ALWAYS
GZ-DRS-004,8,27,0,ALWAYS
GZ-DRS-004,8,28,0,ALWAYS
GZ-DRS-004,8,29,0,ALWAYS
GZ-DRS-004,8,30,0,ALWAYS
GZ-DRS-004,9,1,0,ALWAYS
GZ-DRS-004,9,2,0,ALWAYS
GZ-DRS-004,9,3,0,ALWAYS
GZ-DRS-004,9,4,0,ALWAYS
GZ-DRS-004,9,5,0,ALWAYS
GZ-DRS-004,9,6,0,ALWAYS
GZ-DRS-004,9,7,0,ALWAYS
GZ-DRS-004,9,8,0,ALWAYS
GZ-DRS-004,9,9,0,ALWAYS
GZ-DRS-004,9,10,0,ALWAYS
GZ-DRS-004,9,11,0,ALWAYS
GZ-DRS-004,9,12,0,ALWAYS
GZ-DRS-004,9,13,0,ALWAYS
GZ-DRS-004,9,14,0,ALWAYS
GZ-DRS-004,9,15,0,ALWAYS
GZ-DRS-004,9,16,0,ALWAYS
GZ-DRS-004,9,17,0,ALWAYS
GZ-DRS-004,9,18,0,ALWAYS
GZ-DRS-004,9,19,0,ALWAYS
GZ-DRS-004,9,20,0,ALWAYS
GZ-DRS-004,9,21,0,ALWAYS
GZ-DRS-004,9,22,0,ALWAYS
GZ-DRS-004,9,23,0,ALWAYS
GZ-DRS-004,9,24,0,ALWAYS
GZ-DRS-004,9,25,0,ALWAYS
GZ-DRS-004,9,26,0,ALWAYS
GZ-DRS-004,9,27,0,ALWAYS
GZ-DRS-004,9,28,0,ALWAYS
GZ-DRS-004,9,29,0,ALWAYS
GZ-DRS-004,9,30,0,ALWAYS
GZ-DRS-004,10,1,0,ALWAYS
GZ-DRS-004,10,2,0,ALWAYS
GZ-DRS-004,10,3,0,ALWAYS
GZ-DRS-004,10,4,0,ALWAYS
GZ-DRS-004,10,5,0,ALWAYS
GZ-DRS-004,10,6,0,ALWAYS
GZ-DRS-004,10,7,0,ALWAYS
GZ-DRS-004,10,8,0,ALWAYS
GZ-DRS-004,10,9,0,ALWAYS
GZ-DRS-004,10,10,0,ALWAYS
GZ-DRS-004,10,11,0,ALWAYS
GZ-DRS-004,10,12,0,ALWAYS
GZ-DRS-004,10,13,0,ALWAYS
GZ-DRS-004,10,14,0,ALWAYS
GZ-DRS-004,10,15,0,ALWAYS
GZ-DRS-004,10,16,0,ALWAYS
GZ-DRS-004,10,17,0,ALWAYS
GZ-DRS-004,10,18,0,ALWAYS
GZ-DRS-004,10,19,0,ALWAYS
GZ-DRS-004,10,20,0,ALWAYS
GZ-DRS-004,10,21,0,ALWAYS
GZ-DRS-004,10,22,0,ALWAYS
GZ-DRS-004,10,23,0,ALWAYS
GZ-DRS-004,10,24,0,ALWAYS
GZ-DRS-004,10,25,0,ALWAYS
GZ-DRS-004,10,26,0,ALWAYS
GZ-DRS-004,10,27,0,ALWAYS
GZ-DRS-004,10,28,0,ALWAYS
GZ-DRS-004,10,29,0,ALWAYS
GZ-DRS-004,10,30,0,ALWAYS
GZ-DRS-004,11,1,0,ALWAYS
GZ-DRS-004,11,2,0,ALWAYS
GZ-DRS-004,11,3,0,ALWAYS
GZ-DRS-004,11,4,0,ALWAYS
GZ-DRS-004,11,5,0,ALWAYS
GZ-DRS-004,11,6,0,ALWAYS
GZ-DRS-004,11,7,0,ALWAYS
GZ-DRS-004,11,8,0,ALWAYS
GZ-DRS-004,11,9,0,ALWAYS
GZ-DRS-004,11,10,0,ALWAYS
GZ-DRS-004,11,11,0,ALWAYS
GZ-DRS-004,11,12,0,ALWAYS
GZ-DRS-004,11,13,0,ALWAYS
GZ-DRS-004,11,14,0,ALWAYS
GZ-DRS-004,11,15,0,ALWAYS
GZ-DRS-004,11,16,0,ALWAYS
GZ-DRS-004,11,17,0,ALWAYS
GZ-DRS-004,11,18,0,ALWAYS
GZ-DRS-004,11,19,0,ALWAYS
GZ-DRS-004,11,20,0,ALWAYS
GZ-DRS-004,11,21,0,ALWAYS
GZ-DRS-004,11,22,0,ALWAYS
GZ-DRS-004,11,23,0,ALWAYS
GZ-DRS-004,11,24,0,ALWAYS
GZ-DRS-004,11,25,0,ALWAYS
GZ-DRS-004,11,26,0,ALWAYS
GZ-DRS-004,11,27,0,ALWAYS
GZ-DRS-004,11,28,0,ALWAYS
GZ-DRS-004,11,29,0,ALWAYS
GZ-DRS-004,11,30,0,ALWAYS
GZ-DRS-004,12,1,0,ALWAYS
GZ-DRS-004,12,2,0,ALWAYS
GZ-DRS-004,12,3,0,ALWAYS
GZ-DRS-004,12,4,0,ALWAYS
GZ-DRS-004,12,5,0,ALWAYS
GZ-DRS-004,12,6,0,ALWAYS
GZ-DRS-004,12,7,0,ALWAYS
GZ-DRS-004,12,8,0,ALWAYS
GZ-DRS-004,12,9,0,ALWAYS
GZ-DRS-004,12,10,0,ALWAYS
GZ-DRS-004,12,11,0,ALWAYS
GZ-DRS-004,12,12,0,ALWAYS
GZ-DRS-004,12,13,0,ALWAYS
GZ-DRS-004,12,14,0,ALWAYS
GZ-DRS-004,12,15,0,ALWAYS
GZ-DRS-004,12,16,0,ALWAYS
GZ-DRS-004,12,17,0,ALWAYS
GZ-DRS-004,12,18,0,ALWAYS
GZ-DRS-004,12,19,0,ALWAYS
GZ-DRS-004,12,20,0,ALWAYS
GZ-DRS-004,12,21,0,ALWAYS
GZ-DRS-004,12,22,0,ALWAYS
GZ-DRS-004,12,23,0,ALWAYS
GZ-DRS-004,12,24,0,ALWAYS
GZ-DRS-004,12,25,0,ALWAYS
GZ-DRS-004,12,26,0,ALWAYS
GZ-DRS-004,12,27,0,ALWAYS
GZ-DRS-004,12,28,0,ALWAYS
GZ-DRS-004,12,29,0,ALWAYS
GZ-DRS-004,12,30,0,ALWAYS
GZ-DRS-004,13,1,0,ALWAYS
GZ-DRS-004,13,2,0,ALWAYS
GZ-DRS-004,13,3,0,ALWAYS
GZ-DRS-004,13,4,0,ALWAYS
GZ-DRS-004,13,5,0,ALWAYS
GZ-DRS-004,13,6,0,ALWAYS
GZ-HAT-001,1,1,0,ALWAYS
GZ-HAT-001,1,2,0,ALWAYS
GZ-HAT-001,1,3,0,ALWAYS
GZ-HAT-001,1,4,0,ALWAYS
GZ-HAT-001,1,5,0,ALWAYS
GZ-HAT-001,1,6,0,ALWAYS
GZ-HAT-001,1,7,0,ALWAYS
GZ-HAT-001,1,8,0,ALWAYS
GZ-HAT-001,1,9,0,ALWAYS
GZ-HAT-001,1,10,0,ALWAYS
GZ-HAT-001,1,11,0,ALWAYS
GZ-HAT-001,1,12,0,ALWAYS
GZ-HAT-001,1,13,0,ALWAYS
GZ-HAT-001,1,14,0,ALWAYS
GZ-HAT-001,1,15,0,ALWAYS
GZ-HAT-001,1,16,0,ALWAYS
GZ-HAT-001,1,17,0,ALWAYS
GZ-HAT-001,1,18,0,ALWAYS
GZ-HAT-001,1,19,0,ALWAYS
GZ-HAT-001,1,20,0,ALWAYS
GZ-HAT-001,1,21,0,ALWAYS
GZ-HAT-001,1,22,0,ALWAYS
GZ-HAT-001,1,23,0,ALWAYS
GZ-HAT-001,1,24,0,ALWAYS
GZ-HAT-001,1,25,0,ALWAYS
GZ-HAT-001,1,26,0,ALWAYS
GZ-HAT-001,1,27,0,ALWAYS
GZ-HAT-001,1,28,0,ALWAYS
GZ-HAT-001,1,29,0,ALWAYS
GZ-HAT-001,1,30,0,ALWAYS
GZ-HAT-001,2,1,0,ALWAYS
GZ-HAT-001,2,2,0,ALWAYS
GZ-HAT-001,2,3,0,ALWAYS
GZ-HAT-001,2,4,0,ALWAYS
GZ-HAT-001,2,5,0,ALWAYS
GZ-HAT-001,2,6,0,ALWAYS
GZ-HAT-001,2,7,0,ALWAYS
GZ-HAT-001,2,8,0,ALWAYS
GZ-HAT-001,2,9,0,ALWAYS
GZ-HAT-001,2,10,0,ALWAYS
GZ-HAT-001,2,11,0,ALWAYS
GZ-HAT-001,2,12,0,ALWAYS
GZ-HAT-001,2,13,0,ALWAYS
GZ-HAT-001,2,14,0,ALWAYS
GZ-HAT-001,2,15,0,ALWAYS
GZ-HAT-001,2,16,0,ALWAYS
GZ-HAT-001,2,17,0,ALWAYS
GZ-HAT-001,2,18,0,ALWAYS
GZ-HAT-001,2,19,0,ALWAYS
GZ-HAT-001,2,20,0,ALWAYS
GZ-HAT-001,2,21,0,ALWAYS
GZ-HAT-001,2,22,0,ALWAYS
GZ-HAT-001,2,23,0,ALWAYS
GZ-HAT-001,2,24,0,ALWAYS
GZ-HAT-001,2,25,0,ALWAYS
GZ-HAT-001,2,26,0,ALWAYS
GZ-HAT-001,2,27,0,ALWAYS
GZ-HAT-001,2,28,0,ALWAYS
GZ-HAT-001,2,29,0,ALWAYS
GZ-HAT-001,2,30,0,ALWAYS
GZ-HAT-001,3,1,0,ALWAYS
GZ-HAT-001,3,2,0,ALWAYS
GZ-HAT-001,3,3,0,ALWAYS
GZ-HAT-001,3,4,0,ALWAYS
GZ-HAT-001,3,5,0,ALWAYS
GZ-HAT-001,3,6,0,ALWAYS
GZ-HAT-001,3,7,0,ALWAYS
GZ-HAT-001,3,8,0,ALWAYS
GZ-HAT-001,3,9,0,ALWAYS
GZ-HAT-001,3,10,0,ALWAYS
GZ-HAT-001,3,11,0,ALWAYS
GZ-HAT-001,3,12,0,ALWAYS
GZ-HAT-001,3,13,0,ALWAYS
GZ-HAT-001,3,14,0,ALWAYS
GZ-HAT-001,3,15,0,ALWAYS
GZ-HAT-001,3,16,0,ALWAYS
GZ-HAT-001,3,17,0,ALWAYS
GZ-HAT-001,3,18,0,ALWAYS
GZ-HAT-001,3,19,0,ALWAYS
GZ-HAT-001,3,20,0,ALWAYS
GZ-HAT-001,3,21,0,ALWAYS
GZ-HAT-001,3,22,0,ALWAYS
GZ-HAT-001,3,23,0,ALWAYS
GZ-HAT-001,3,24,0,ALWAYS
GZ-HAT-001,3,25,0,ALWAYS
GZ-HAT-001,3,26,0,ALWAYS
GZ-HAT-001,3,27,0,ALWAYS
GZ-HAT-001,3,28,0,ALWAYS
GZ-HAT-001,3,29,0,ALWAYS
GZ-HAT-001,3,30,0,ALWAYS
GZ-HAT-001,4,1,0,ALWAYS
GZ-HAT-001,4,2,0,ALWAYS
GZ-HAT-001,4,3,0,ALWAYS
GZ-HAT-001,4,4,0,ALWAYS
GZ-HAT-001,4,5,0,ALWAYS
GZ-HAT-001,4,6,0,ALWAYS
GZ-HAT-001,4,7,0,ALWAYS
GZ-HAT-001,4,8,0,ALWAYS
GZ-HAT-001,4,9,0,ALWAYS
GZ-HAT-001,4,10,0,ALWAYS
GZ-HAT-001,4,11,0,ALWAYS
GZ-HAT-001,4,12,0,ALWAYS
GZ-HAT-001,4,13,0,ALWAYS
GZ-HAT-001,4,14,0,ALWAYS
GZ-HAT-001,4,15,0,ALWAYS
GZ-HAT-001,4,16,0,ALWAYS
GZ-HAT-001,4,17,0,ALWAYS
GZ-HAT-001,4,18,0,ALWAYS
GZ-HAT-001,4,19,0,ALWAYS
GZ-HAT-001,4,20,0,ALWAYS
GZ-HAT-001,4,21,0,ALWAYS
GZ-HAT-001,4,22,0,ALWAYS
GZ-HAT-001,4,23,0,ALWAYS
GZ-HAT-001,4,24,0,ALWAYS
GZ-HAT-001,4,25,0,ALWAYS
GZ-HAT-001,4,26,0,ALWAYS
GZ-HAT-001,4,27,0,ALWAYS
GZ-HAT-001,4,28,0,ALWAYS
GZ-HAT-001,4,29,0,ALWAYS
GZ-HAT-001,4,30,0,ALWAYS
GZ-HAT-001,5,1,0,ALWAYS
GZ-HAT-001,5,2,0,ALWAYS
GZ-HAT-001,5,3,0,ALWAYS
GZ-HAT-001,5,4,0,ALWAYS
GZ-HAT-001,5,5,0,ALWAYS
GZ-HAT-001,5,6,0,ALWAYS
GZ-HAT-001,5,7,0,ALWAYS
GZ-HAT-001,5,8,0,ALWAYS
GZ-HAT-001,5,9,0,ALWAYS
GZ-HAT-001,5,10,0,ALWAYS
GZ-HAT-001,5,11,0,ALWAYS
GZ-HAT-001,5,12,0,ALWAYS
GZ-HAT-001,5,13,0,ALWAYS
GZ-HAT-001,5,14,0,ALWAYS
GZ-HAT-001,5,15,0,ALWAYS
GZ-HAT-001,5,16,0,ALWAYS
GZ-HAT-001,5,17,0,ALWAYS
GZ-HAT-001,5,18,0,ALWAYS
GZ-HAT-001,5,19,0,ALWAYS
GZ-HAT-001,5,20,0,ALWAYS
GZ-HAT-001,5,21,0,ALWAYS
GZ-HAT-001,5,22,0,ALWAYS
GZ-HAT-001,5,23,0,ALWAYS
GZ-HAT-001,5,24,0,ALWAYS
GZ-HAT-001,5,25,0,ALWAYS
GZ-HAT-001,5,26,0,ALWAYS
GZ-HAT-001,5,27,0,ALWAYS
GZ-HAT-001,5,28,0,ALWAYS
GZ-HAT-001,5,29,0,ALWAYS
GZ-HAT-001,5,30,0,ALWAYS
GZ-HAT-001,6,1,0,ALWAYS
GZ-HAT-001,6,2,0,ALWAYS
GZ-HAT-001,6,3,0,ALWAYS
GZ-HAT-001,6,4,0,ALWAYS
GZ-HAT-001,6,5,0,ALWAYS
GZ-HAT-001,6,6,0,ALWAYS
GZ-HAT-001,6,7,0,ALWAYS
GZ-HAT-001,6,8,0,ALWAYS
GZ-HAT-001,6,9,0,ALWAYS
GZ-HAT-001,6,10,0,ALWAYS
GZ-HAT-001,6,11,0,ALWAYS
GZ-HAT-001,6,12,0,ALWAYS
GZ-HAT-001,6,13,0,ALWAYS
GZ-HAT-001,6,14,0,ALWAYS
GZ-HAT-001,6,15,0,ALWAYS
GZ-HAT-001,6,16,0,ALWAYS
GZ-HAT-001,6,17,0,ALWAYS
GZ-HAT-001,6,18,0,ALWAYS
GZ-HAT-001,6,19,0,ALWAYS
GZ-HAT-001,6,20,0,ALWAYS
GZ-HAT-001,6,21,0,ALWAYS
GZ-HAT-001,6,22,0,ALWAYS
GZ-HAT-001,6,23,0,ALWAYS
GZ-HAT-001,6,24,0,ALWAYS
GZ-HAT-001,6,25,0,ALWAYS
GZ-HAT-001,6,26,0,ALWAYS
GZ-HAT-001,6,27,0,ALWAYS
GZ-HAT-001,6,28,0,ALWAYS
GZ-HAT-001,6,29,0,ALWAYS
GZ-HAT-001,6,30,0,ALWAYS
GZ-HAT-001,7,1,0,ALWAYS
GZ-HAT-001,7,2,0,ALWAYS
GZ-HAT-001,7,3,0,ALWAYS
GZ-HAT-001,7,4,0,ALWAYS
GZ-HAT-001,7,5,0,ALWAYS
GZ-HAT-001,7,6,0,ALWAYS
GZ-HAT-001,7,7,0,ALWAYS
GZ-HAT-001,7,8,0,ALWAYS
GZ-HAT-001,7,9,0,ALWAYS
GZ-HAT-001,7,10,0,ALWAYS
GZ-HAT-001,7,11,0,ALWAYS
GZ-HAT-001,7,12,0,ALWAYS
GZ-HAT-001,7,13,0,ALWAYS
GZ-HAT-001,7,14,0,ALWAYS
GZ-HAT-001,7,15,0,ALWAYS
GZ-HAT-001,7,16,0,ALWAYS
GZ-HAT-001,7,17,0,ALWAYS
GZ-HAT-001,7,18,0,ALWAYS
GZ-HAT-001,7,19,0,ALWAYS
GZ-HAT-001,7,20,0,ALWAYS
GZ-HAT-001,7,21,0,ALWAYS
GZ-HAT-001,7,22,0,ALWAYS
GZ-HAT-001,7,23,0,ALWAYS
GZ-HAT-001,7,24,0,ALWAYS
GZ-HAT-001,7,25,0,ALWAYS
GZ-HAT-001,7,26,0,ALWAYS
GZ-HAT-001,7,27,0,ALWAYS
GZ-HAT-001,7,28,0,ALWAYS
GZ-HAT-001,7,29,0,ALWAYS
GZ-HAT-001,7,30,0,ALWAYS
GZ-HAT-001,8,1,0,ALWAYS
GZ-HAT-001,8,2,0,ALWAYS
GZ-HAT-001,8,3,0,ALWAYS
GZ-HAT-001,8,4,0,ALWAYS
GZ-HAT-001,8,5,0,ALWAYS
GZ-HAT-001,8,6,0,ALWAYS
GZ-HAT-001,8,7,0,ALWAYS
GZ-HAT-001,8,8,0,ALWAYS
GZ-HAT-001,8,9,0,ALWAYS
GZ-HAT-001,8,10,0,ALWAYS
GZ-HAT-001,8,11,0,ALWAYS
GZ-HAT-001,8,12,0,ALWAYS
GZ-HAT-001,8,13,0,ALWAYS
GZ-HAT-001,8,14,0,ALWAYS
GZ-HAT-001,8,15,0,ALWAYS
GZ-HAT-001,8,16,0,ALWAYS
GZ-HAT-001,8,17,0,ALWAYS
GZ-HAT-001,8,18,0,ALWAYS
GZ-HAT-001,8,19,0,ALWAYS
GZ-HAT-001,8,20,0,ALWAYS
GZ-HAT-001,8,21,0,ALWAYS
GZ-HAT-001,8,22,0,ALWAYS
GZ-HAT-001,8,23,0,ALWAYS
GZ-HAT-001,8,24,0,ALWAYS
GZ-HAT-001,8,25,0,ALWAYS
GZ-HAT-001,8,26,0,ALWAYS
GZ-HAT-001,8,27,0,ALWAYS
GZ-HAT-001,8,28,0,ALWAYS
GZ-HAT-001,8,29,0,ALWAYS
GZ-HAT-001,8,30,0,ALWAYS
GZ-HAT-001,9,1,0,ALWAYS
GZ-HAT-001,9,2,0,ALWAYS
GZ-HAT-001,9,3,0,ALWAYS
GZ-HAT-001,9,4,0,ALWAYS
GZ-HAT-001,9,5,0,ALWAYS
GZ-HAT-001,9,6,0,ALWAYS
GZ-HAT-001,9,7,0,ALWAYS
GZ-HAT-001,9,8,0,ALWAYS
GZ-HAT-001,9,9,0,ALWAYS
GZ-HAT-001,9,10,0,ALWAYS
GZ-HAT-001,9,11,0,ALWAYS
GZ-HAT-001,9,12,0,ALWAYS
GZ-HAT-001,9,13,0,ALWAYS
GZ-HAT-001,9,14,0,ALWAYS
GZ-HAT-001,9,15,0,ALWAYS
GZ-HAT-001,9,16,0,ALWAYS
GZ-HAT-001,9,17,0,ALWAYS
GZ-HAT-001,9,18,0,ALWAYS
GZ-HAT-001,9,19,0,ALWAYS
GZ-HAT-001,9,20,0,ALWAYS
GZ-HAT-001,9,21,0,ALWAYS
GZ-HAT-001,9,22,0,ALWAYS
GZ-HAT-001,9,23,0,ALWAYS
GZ-HAT-001,9,24,0,ALWAYS
GZ-HAT-001,9,25,0,ALWAYS
GZ-HAT-001,9,26,0,ALWAYS
GZ-HAT-001,9,27,0,ALWAYS
GZ-HAT-001,9,28,0,ALWAYS
GZ-HAT-001,9,29,0,ALWAYS
GZ-HAT-001,9,30,0,ALWAYS
GZ-HAT-001,10,1,0,ALWAYS
GZ-HAT-001,10,2,0,ALWAYS
GZ-HAT-001,10,3,0,ALWAYS
GZ-HAT-001,10,4,0,ALWAYS
GZ-HAT-001,10,5,0,ALWAYS
GZ-HAT-001,10,6,0,ALWAYS
GZ-HAT-001,10,7,0,ALWAYS
GZ-HAT-001,10,8,0,ALWAYS
GZ-HAT-001,10,9,0,ALWAYS
GZ-HAT-001,10,10,0,ALWAYS
GZ-HAT-001,10,11,0,ALWAYS
GZ-HAT-001,10,12,0,ALWAYS
GZ-HAT-001,10,13,0,ALWAYS
GZ-HAT-001,10,14,0,ALWAYS
GZ-HAT-001,10,15,0,ALWAYS
GZ-HAT-001,10,16,0,ALWAYS
GZ-HAT-001,10,17,0,ALWAYS
GZ-HAT-001,10,18,0,ALWAYS
GZ-HAT-001,10,19,0,ALWAYS
GZ-HAT-001,10,20,0,ALWAYS
GZ-HAT-001,10,21,0,ALWAYS
GZ-HAT-001,10,22,0,ALWAYS
GZ-HAT-001,10,23,0,ALWAYS
GZ-HAT-001,10,24,0,ALWAYS
GZ-HAT-001,10,25,0,ALWAYS
GZ-HAT-001,10,26,0,ALWAYS
GZ-HAT-001,10,27,0,ALWAYS
GZ-HAT-001,10,28,0,ALWAYS
GZ-HAT-001,10,29,0,ALWAYS
GZ-HAT-001,10,30,0,ALWAYS
GZ-HAT-001,11,1,0,ALWAYS
GZ-HAT-001,11,2,0,ALWAYS
GZ-HAT-001,11,3,0,ALWAYS
GZ-HAT-001,11,4,0,ALWAYS
GZ-HAT-001,11,5,0,ALWAYS
GZ-HAT-001,11,6,0,ALWAYS
GZ-HAT-001,11,7,0,ALWAYS
GZ-HAT-001,11,8,0,ALWAYS
GZ-HAT-001,11,9,0,ALWAYS
GZ-HAT-001,11,10,0,ALWAYS
GZ-HAT-001,11,11,0,ALWAYS
GZ-HAT-001,11,12,0,ALWAYS
GZ-HAT-001,11,13,0,ALWAYS
GZ-HAT-001,11,14,0,ALWAYS
GZ-HAT-001,11,15,0,ALWAYS
GZ-HAT-001,11,16,0,ALWAYS
GZ-HAT-001,11,17,0,ALWAYS
GZ-HAT-001,11,18,0,ALWAYS
GZ-HAT-001,11,19,0,ALWAYS
GZ-HAT-001,11,20,0,ALWAYS
GZ-HAT-001,11,21,0,ALWAYS
GZ-HAT-001,11,22,0,ALWAYS
GZ-HAT-001,11,23,0,ALWAYS
GZ-HAT-001,11,24,0,ALWAYS
GZ-HAT-001,11,25,0,ALWAYS
GZ-HAT-001,11,26,0,ALWAYS
GZ-HAT-001,11,27,0,ALWAYS
GZ-HAT-001,11,28,0,ALWAYS
GZ-HAT-001,11,29,0,ALWAYS
GZ-HAT-001,11,30,0,ALWAYS
GZ-HAT-001,12,1,0,ALWAYS
GZ-HAT-001,12,2,0,ALWAYS
GZ-HAT-001,12,3,0,ALWAYS
GZ-HAT-001,12,4,0,ALWAYS
GZ-HAT-001,12,5,0,ALWAYS
GZ-HAT-001,12,6,0,ALWAYS
GZ-HAT-001,12,7,0,ALWAYS
GZ-HAT-001,12,8,0,ALWAYS
GZ-HAT-001,12,9,0,ALWAYS
GZ-HAT-001,12,10,0,ALWAYS
GZ-HAT-001,12,11,0,ALWAYS
GZ-HAT-001,12,12,0,ALWAYS
GZ-HAT-001,12,13,0,ALWAYS
GZ-HAT-001,12,14,0,ALWAYS
GZ-HAT-001,12,15,0,ALWAYS
GZ-HAT-001,12,16,0,ALWAYS
GZ-HAT-001,12,17,0,ALWAYS
GZ-HAT-001,12,18,0,ALWAYS
GZ-HAT-001,12,19,0,ALWAYS
GZ-HAT-001,12,20,0,ALWAYS
GZ-HAT-001,12,21,0,ALWAYS
GZ-HAT-001,12,22,0,ALWAYS
GZ-HAT-001,12,23,0,ALWAYS
GZ-HAT-001,12,24,0,ALWAYS
GZ-HAT-001,12,25,0,ALWAYS
GZ-HAT-001,12,26,0,ALWAYS
GZ-HAT-001,12,27,0,ALWAYS
GZ-HAT-001,12,28,0,ALWAYS
GZ-HAT-001,12,29,0,ALWAYS
GZ-HAT-001,12,30,0,ALWAYS
GZ-HAT-001,13,1,0,ALWAYS
GZ-HAT-001,13,2,0,ALWAYS
GZ-HAT-001,13,3,0,ALWAYS
GZ-HAT-001,13,4,0,ALWAYS
GZ-HAT-001,13,5,0,ALWAYS
GZ-HAT-001,13,6,0,ALWAYS
GZ-MEL-156,1,1,0,ALWAYS
GZ-MEL-156,1,2,0,ALWAYS
GZ-MEL-156,1,3,0,ALWAYS
GZ-MEL-156,1,4,0,ALWAYS
GZ-MEL-156,1,5,0,ALWAYS
GZ-MEL-156,1,6,0,ALWAYS
GZ-MEL-156,1,7,0,ALWAYS
GZ-MEL-156,1,8,0,ALWAYS
GZ-MEL-156,1,9,0,ALWAYS
GZ-MEL-156,1,10,0,ALWAYS
GZ-MEL-156,1,11,0,ALWAYS
GZ-MEL-156,1,12,0,ALWAYS
GZ-MEL-156,1,13,0,ALWAYS
GZ-MEL-156,1,14,0,ALWAYS
GZ-MEL-156,1,15,0,ALWAYS
GZ-MEL-156,1,16,0,ALWAYS
GZ-MEL-156,1,17,0,ALWAYS
GZ-MEL-156,1,18,0,ALWAYS
GZ-MEL-156,1,19,0,ALWAYS
GZ-MEL-156,1,20,0,ALWAYS
GZ-MEL-156,1,21,0,ALWAYS
GZ-MEL-156,1,22,0,ALWAYS
GZ-MEL-156,1,23,0,ALWAYS
GZ-MEL-156,1,24,0,ALWAYS
GZ-MEL-156,1,25,0,ALWAYS
GZ-MEL-156,1,26,0,ALWAYS
GZ-MEL-156,1,27,0,ALWAYS
GZ-MEL-156,1,28,0,ALWAYS
GZ-MEL-156,1,29,0,ALWAYS
GZ-MEL-156,1,30,0,ALWAYS
GZ-MEL-156,2,1,0,ALWAYS
GZ-MEL-156,2,2,0,ALWAYS
GZ-MEL-156,2,3,0,ALWAYS
GZ-MEL-156,2,4,0,ALWAYS
GZ-MEL-156,2,5,0,ALWAYS
GZ-MEL-156,2,6,0,ALWAYS
GZ-MEL-156,2,7,0,ALWAYS
GZ-MEL-156,2,8,0,ALWAYS
GZ-MEL-156,2,9,0,ALWAYS
GZ-MEL-156,2,10,0,ALWAYS
GZ-MEL-156,2,11,0,ALWAYS
GZ-MEL-156,2,12,0,ALWAYS
GZ-MEL-156,2,13,0,ALWAYS
GZ-MEL-156,2,14,0,ALWAYS
GZ-MEL-156,2,15,0,ALWAYS
GZ-MEL-156,2,16,0,ALWAYS
GZ-MEL-156,2,17,0,ALWAYS
GZ-MEL-156,2,18,0,ALWAYS
GZ-MEL-156,2,19,0,ALWAYS
GZ-MEL-156,2,20,0,ALWAYS
GZ-MEL-156,2,21,0,ALWAYS
GZ-MEL-156,2,22,0,ALWAYS
GZ-MEL-156,2,23,0,ALWAYS
GZ-MEL-156,2,24,0,ALWAYS
GZ-MEL-156,2,25,0,ALWAYS
GZ-MEL-156,2,26,0,ALWAYS
GZ-MEL-156,2,27,0,ALWAYS
GZ-MEL-156,2,28,0,ALWAYS
GZ-MEL-156,2,29,0,ALWAYS
GZ-MEL-156,2,30,0,ALWAYS
GZ-MEL-156,3,1,0,ALWAYS
GZ-MEL-156,3,2,0,ALWAYS
GZ-MEL-156,3,3,0,ALWAYS
GZ-MEL-156,3,4,0,ALWAYS
GZ-MEL-156,3,5,0,ALWAYS
GZ-MEL-156,3,6,0,ALWAYS
GZ-MEL-156,3,7,0,ALWAYS
GZ-MEL-156,3,8,0,ALWAYS
GZ-MEL-156,3,9,0,ALWAYS
GZ-MEL-156,3,10,0,ALWAYS
GZ-MEL-156,3,11,0,ALWAYS
GZ-MEL-156,3,12,0,ALWAYS
GZ-MEL-156,3,13,0,ALWAYS
GZ-MEL-156,3,14,0,ALWAYS
GZ-MEL-156,3,15,0,ALWAYS
GZ-MEL-156,3,16,0,ALWAYS
GZ-MEL-156,3,17,0,ALWAYS
GZ-MEL-156,3,18,0,ALWAYS
GZ-MEL-156,3,19,0,ALWAYS
GZ-MEL-156,3,20,0,ALWAYS
GZ-MEL-156,3,21,0,ALWAYS
GZ-MEL-156,3,22,0,ALWAYS
GZ-MEL-156,3,23,0,ALWAYS
GZ-MEL-156,3,24,0,ALWAYS
GZ-MEL-156,3,25,0,ALWAYS
GZ-MEL-156,3,26,0,ALWAYS
GZ-MEL-156,3,27,0,ALWAYS
GZ-MEL-156,3,28,0,ALWAYS
GZ-MEL-156,3,29,0,ALWAYS
GZ-MEL-156,3,30,0,ALWAYS
GZ-MEL-156,4,1,0,ALWAYS
GZ-MEL-156,4,2,0,ALWAYS
GZ-MEL-156,4,3,0,ALWAYS
GZ-MEL-156,4,4,0,ALWAYS
GZ-MEL-156,4,5,0,ALWAYS
GZ-MEL-156,4,6,0,ALWAYS
GZ-MEL-156,4,7,0,ALWAYS
GZ-MEL-156,4,8,0,ALWAYS
GZ-MEL-156,4,9,0,ALWAYS
GZ-MEL-156,4,10,0,ALWAYS
GZ-MEL-156,4,11,0,ALWAYS
GZ-MEL-156,4,12,0,ALWAYS
GZ-MEL-156,4,13,0,ALWAYS
GZ-MEL-156,4,14,0,ALWAYS
GZ-MEL-156,4,15,0,ALWAYS
GZ-MEL-156,4,16,0,ALWAYS
GZ-MEL-156,4,17,0,ALWAYS
GZ-MEL-156,4,18,0,ALWAYS
GZ-MEL-156,4,19,0,ALWAYS
GZ-MEL-156,4,20,0,ALWAYS
GZ-MEL-156,4,21,0,ALWAYS
GZ-MEL-156,4,22,0,ALWAYS
GZ-MEL-156,4,23,0,ALWAYS
GZ-MEL-156,4,24,0,ALWAYS
GZ-MEL-156,4,25,0,ALWAYS
GZ-MEL-156,4,26,0,ALWAYS
GZ-MEL-156,4,27,0,ALWAYS
GZ-MEL-156,4,28,0,ALWAYS
GZ-MEL-156,4,29,0,ALWAYS
GZ-MEL-156,4,30,0,ALWAYS
GZ-MEL-156,5,1,0,ALWAYS
GZ-MEL-156,5,2,0,ALWAYS
GZ-MEL-156,5,3,0,ALWAYS
GZ-MEL-156,5,4,0,ALWAYS
GZ-MEL-156,5,5,0,ALWAYS
GZ-MEL-156,5,6,0,ALWAYS
GZ-MEL-156,5,7,0,ALWAYS
GZ-MEL-156,5,8,0,ALWAYS
GZ-MEL-156,5,9,0,ALWAYS
GZ-MEL-156,5,10,0,ALWAYS
GZ-MEL-156,5,11,0,ALWAYS
GZ-MEL-156,5,12,0,ALWAYS
GZ-MEL-156,5,13,0,ALWAYS
GZ-MEL-156,5,14,0,ALWAYS
GZ-MEL-156,5,15,0,ALWAYS
GZ-MEL-156,5,16,0,ALWAYS
GZ-MEL-156,5,17,0,ALWAYS
GZ-MEL-156,5,18,0,ALWAYS
GZ-MEL-156,5,19,0,ALWAYS
GZ-MEL-156,5,20,0,ALWAYS
GZ-MEL-156,5,21,0,ALWAYS
GZ-MEL-156,5,22,0,ALWAYS
GZ-MEL-156,5,23,0,ALWAYS
GZ-MEL-156,5,24,0,ALWAYS
GZ-MEL-156,5,25,0,ALWAYS
GZ-MEL-156,5,26,0,ALWAYS
GZ-MEL-156,5,27,0,ALWAYS
GZ-MEL-156,5,28,0,ALWAYS
GZ-MEL-156,5,29,0,ALWAYS
GZ-MEL-156,5,30,0,ALWAYS
GZ-MEL-156,6,1,0,ALWAYS
GZ-MEL-156,6,2,0,ALWAYS
GZ-MEL-156,6,3,0,ALWAYS
GZ-MEL-156,6,4,0,ALWAYS
GZ-MEL-156,6,5,0,ALWAYS
GZ-MEL-156,6,6,0,ALWAYS
GZ-MEL-156,6,7,0,ALWAYS
GZ-MEL-156,6,8,0,ALWAYS
GZ-MEL-156,6,9,0,ALWAYS
GZ-MEL-156,6,10,0,ALWAYS
GZ-MEL-156,6,11,0,ALWAYS
GZ-MEL-156,6,12,0,ALWAYS
GZ-MEL-156,6,13,0,ALWAYS
GZ-MEL-156,6,14,0,ALWAYS
GZ-MEL-156,6,15,0,ALWAYS
GZ-MEL-156,6,16,0,ALWAYS
GZ-MEL-156,6,17,0,ALWAYS
GZ-MEL-156,6,18,0,ALWAYS
GZ-MEL-156,6,19,0,ALWAYS
GZ-MEL-156,6,20,0,ALWAYS
GZ-MEL-156,6,21,0,ALWAYS
GZ-MEL-156,6,22,0,ALWAYS
GZ-MEL-156,6,23,0,ALWAYS
GZ-MEL-156,6,24,0,ALWAYS
GZ-MEL-156,6,25,0,ALWAYS
GZ-MEL-156,6,26,0,ALWAYS
GZ-MEL-156,6,27,0,ALWAYS
GZ-MEL-156,6,28,0,ALWAYS
GZ-MEL-156,6,29,0,ALWAYS
GZ-MEL-156,6,30,0,ALWAYS
GZ-MEL-156,7,1,0,ALWAYS
GZ-MEL-156,7,2,0,ALWAYS
GZ-MEL-156,7,3,0,ALWAYS
GZ-MEL-156,7,4,0,ALWAYS
GZ-MEL-156,7,5,0,ALWAYS
GZ-MEL-156,7,6,0,ALWAYS
GZ-MEL-156,7,7,0,ALWAYS
GZ-MEL-156,7,8,0,ALWAYS
GZ-MEL-156,7,9,0,ALWAYS
GZ-MEL-156,7,10,0,ALWAYS
GZ-MEL-156,7,11,0,ALWAYS
GZ-MEL-156,7,12,0,ALWAYS
GZ-MEL-156,7,13,0,ALWAYS
GZ-MEL-156,7,14,0,ALWAYS
GZ-MEL-156,7,15,0,ALWAYS
GZ-MEL-156,7,16,0,ALWAYS
GZ-MEL-156,7,17,0,ALWAYS
GZ-MEL-156,7,18,0,ALWAYS
GZ-MEL-156,7,19,0,ALWAYS
GZ-MEL-156,7,20,0,ALWAYS
GZ-MEL-156,7,21,0,ALWAYS
GZ-MEL-156,7,22,0,ALWAYS
GZ-MEL-156,7,23,0,ALWAYS
GZ-MEL-156,7,24,0,ALWAYS
GZ-MEL-156,7,25,0,ALWAYS
GZ-MEL-156,7,26,0,ALWAYS
GZ-MEL-156,7,27,0,ALWAYS
GZ-MEL-156,7,28,0,ALWAYS
GZ-MEL-156,7,29,0,ALWAYS
GZ-MEL-156,7,30,0,ALWAYS
GZ-MEL-156,8,1,0,ALWAYS
GZ-MEL-156,8,2,0,ALWAYS
GZ-MEL-156,8,3,0,ALWAYS
GZ-MEL-156,8,4,0,ALWAYS
GZ-MEL-156,8,5,0,ALWAYS
GZ-MEL-156,8,6,0,ALWAYS
GZ-MEL-156,8,7,0,ALWAYS
GZ-MEL-156,8,8,0,ALWAYS
GZ-MEL-156,8,9,0,ALWAYS
GZ-MEL-156,8,10,0,ALWAYS
GZ-MEL-156,8,11,0,ALWAYS
GZ-MEL-156,8,12,0,ALWAYS
GZ-MEL-156,8,13,0,ALWAYS
GZ-MEL-156,8,14,0,ALWAYS
GZ-MEL-156,8,15,0,ALWAYS
GZ-MEL-156,8,16,0,ALWAYS
GZ-MEL-156,8,17,0,ALWAYS
GZ-MEL-156,8,18,0,ALWAYS
GZ-MEL-156,8,19,0,ALWAYS
GZ-MEL-156,8,20,0,ALWAYS
GZ-MEL-156,8,21,0,ALWAYS
GZ-MEL-156,8,22,0,ALWAYS
GZ-MEL-156,8,23,0,ALWAYS
GZ-MEL-156,8,24,0,ALWAYS
GZ-MEL-156,8,25,0,ALWAYS
GZ-MEL-156,8,26,0,ALWAYS
GZ-MEL-156,8,27,0,ALWAYS
GZ-MEL-156,8,28,0,ALWAYS
GZ-MEL-156,8,29,0,ALWAYS
GZ-MEL-156,8,30,0,ALWAYS
GZ-MEL-156,9,1,0,ALWAYS
GZ-MEL-156,9,2,0,ALWAYS
GZ-MEL-156,9,3,0,ALWAYS
GZ-MEL-156,9,4,0,ALWAYS
GZ-MEL-156,9,5,0,ALWAYS
GZ-MEL-156,9,6,0,ALWAYS
GZ-MEL-156,9,7,0,ALWAYS
GZ-MEL-156,9,8,0,ALWAYS
GZ-MEL-156,9,9,0,ALWAYS
GZ-MEL-156,9,10,0,ALWAYS
GZ-MEL-156,9,11,0,ALWAYS
GZ-MEL-156,9,12,0,ALWAYS
GZ-MEL-156,9,13,0,ALWAYS
GZ-MEL-156,9,14,0,ALWAYS
GZ-MEL-156,9,15,0,ALWAYS
GZ-MEL-156,9,16,0,ALWAYS
GZ-MEL-156,9,17,0,ALWAYS
GZ-MEL-156,9,18,0,ALWAYS
GZ-MEL-156,9,19,0,ALWAYS
GZ-MEL-156,9,20,0,ALWAYS
GZ-MEL-156,9,21,0,ALWAYS
GZ-MEL-156,9,22,0,ALWAYS
GZ-MEL-156,9,23,0,ALWAYS
GZ-MEL-156,9,24,0,ALWAYS
GZ-MEL-156,9,25,0,ALWAYS
GZ-MEL-156,9,26,0,ALWAYS
GZ-MEL-156,9,27,0,ALWAYS
GZ-MEL-156,9,28,0,ALWAYS
GZ-MEL-156,9,29,0,ALWAYS
GZ-MEL-156,9,30,0,ALWAYS
GZ-MEL-156,10,1,0,ALWAYS
GZ-MEL-156,10,2,0,ALWAYS
GZ-MEL-156,10,3,0,ALWAYS
GZ-MEL-156,10,4,0,ALWAYS
GZ-MEL-156,10,5,0,ALWAYS
GZ-MEL-156,10,6,0,ALWAYS
GZ-MEL-156,10,7,0,ALWAYS
GZ-MEL-156,10,8,0,ALWAYS
GZ-MEL-156,10,9,0,ALWAYS
GZ-MEL-156,10,10,0,ALWAYS
GZ-MEL-156,10,11,0,ALWAYS
GZ-MEL-156,10,12,0,ALWAYS
GZ-MEL-156,10,13,0,ALWAYS
GZ-MEL-156,10,14,0,ALWAYS
GZ-MEL-156,10,15,0,ALWAYS
GZ-MEL-156,10,16,0,ALWAYS
GZ-MEL-156,10,17,0,ALWAYS
GZ-MEL-156,10,18,0,ALWAYS
GZ-MEL-156,10,19,0,ALWAYS
GZ-MEL-156,10,20,0,ALWAYS
GZ-MEL-156,10,21,0,ALWAYS
GZ-MEL-156,10,22,0,ALWAYS
GZ-MEL-156,10,23,0,ALWAYS
GZ-MEL-156,10,24,0,ALWAYS
GZ-MEL-156,10,25,0,ALWAYS
GZ-MEL-156,10,26,0,ALWAYS
GZ-MEL-156,10,27,0,ALWAYS
GZ-MEL-156,10,28,0,ALWAYS
GZ-MEL-156,10,29,0,ALWAYS
GZ-MEL-156,10,30,0,ALWAYS
GZ-MEL-156,11,1,0,ALWAYS
GZ-MEL-156,11,2,0,ALWAYS
GZ-MEL-156,11,3,0,ALWAYS
GZ-MEL-156,11,4,0,ALWAYS
GZ-MEL-156,11,5,0,ALWAYS
GZ-MEL-156,11,6,0,ALWAYS
GZ-MEL-156,11,7,0,ALWAYS
GZ-MEL-156,11,8,0,ALWAYS
GZ-MEL-156,11,9,0,ALWAYS
GZ-MEL-156,11,10,0,ALWAYS
GZ-MEL-156,11,11,0,ALWAYS
GZ-MEL-156,11,12,0,ALWAYS
GZ-MEL-156,11,13,0,ALWAYS
GZ-MEL-156,11,14,0,ALWAYS
GZ-MEL-156,11,15,0,ALWAYS
GZ-MEL-156,11,16,0,ALWAYS
GZ-MEL-156,11,17,0,ALWAYS
GZ-MEL-156,11,18,0,ALWAYS
GZ-MEL-156,11,19,0,ALWAYS
GZ-MEL-156,11,20,0,ALWAYS
GZ-MEL-156,11,21,0,ALWAYS
GZ-MEL-156,11,22,0,ALWAYS
GZ-MEL-156,11,23,0,ALWAYS
GZ-MEL-156,11,24,0,ALWAYS
GZ-MEL-156,11,25,0,ALWAYS
GZ-MEL-156,11,26,0,ALWAYS
GZ-MEL-156,11,27,0,ALWAYS
GZ-MEL-156,11,28,0,ALWAYS
GZ-MEL-156,11,29,0,ALWAYS
GZ-MEL-156,11,30,0,ALWAYS
GZ-MEL-156,12,1,0,ALWAYS
GZ-MEL-156,12,2,0,ALWAYS
GZ-MEL-156,12,3,0,ALWAYS
GZ-MEL-156,12,4,0,ALWAYS
GZ-MEL-156,12,5,0,ALWAYS
GZ-MEL-156,12,6,0,ALWAYS
GZ-MEL-156,12,7,0,ALWAYS
GZ-MEL-156,12,8,0,ALWAYS
GZ-MEL-156,12,9,0,ALWAYS
GZ-MEL-156,12,10,0,ALWAYS
GZ-MEL-156,12,11,0,ALWAYS
GZ-MEL-156,12,12,0,ALWAYS
GZ-MEL-156,12,13,0,ALWAYS
GZ-MEL-156,12,14,0,ALWAYS
GZ-MEL-156,12,15,0,ALWAYS
GZ-MEL-156,12,16,0,ALWAYS
GZ-MEL-156,12,17,0,ALWAYS
GZ-MEL-156,12,18,0,ALWAYS
GZ-MEL-156,12,19,0,ALWAYS
GZ-MEL-156,12,20,0,ALWAYS
GZ-MEL-156,12,21,0,ALWAYS
GZ-MEL-156,12,22,0,ALWAYS
GZ-MEL-156,12,23,0,ALWAYS
GZ-MEL-156,12,24,0,ALWAYS
GZ-MEL-156,12,25,0,ALWAYS
GZ-MEL-156,12,26,0,ALWAYS
GZ-MEL-156,12,27,0,ALWAYS
GZ-MEL-156,12,28,0,ALWAYS
GZ-MEL-156,12,29,0,ALWAYS
GZ-MEL-156,12,30,0,ALWAYS
GZ-MEL-156,13,1,0,ALWAYS
GZ-MEL-156,13,2,0,ALWAYS
GZ-MEL-156,13,3,0,ALWAYS
GZ-MEL-156,13,4,0,ALWAYS
GZ-MEL-156,13,5,0,ALWAYS
GZ-MEL-156,13,6,0,ALWAYS
GZ-MET-001,1,1,0,ALWAYS
GZ-MET-001,1,2,0,ALWAYS
GZ-MET-001,1,3,0,ALWAYS
GZ-MET-001,1,4,0,ALWAYS
GZ-MET-001,1,5,0,ALWAYS
GZ-MET-001,1,6,0,ALWAYS
GZ-MET-001,1,7,0,ALWAYS
GZ-MET-001,1,8,0,ALWAYS
GZ-MET-001,1,9,0,ALWAYS
GZ-MET-001,1,10,0,ALWAYS
GZ-MET-001,1,11,0,ALWAYS
GZ-MET-001,1,12,0,ALWAYS
GZ-MET-001,1,13,0,ALWAYS
GZ-MET-001,1,14,0,ALWAYS
GZ-MET-001,1,15,0,ALWAYS
GZ-MET-001,1,16,0,ALWAYS
GZ-MET-001,1,17,0,ALWAYS
GZ-MET-001,1,18,0,ALWAYS
GZ-MET-001,1,19,0,ALWAYS
GZ-MET-001,1,20,0,ALWAYS
GZ-MET-001,1,21,0,ALWAYS
GZ-MET-001,1,22,0,ALWAYS
GZ-MET-001,1,23,0,ALWAYS
GZ-MET-001,1,24,0,ALWAYS
GZ-MET-001,1,25,0,ALWAYS
GZ-MET-001,1,26,0,ALWAYS
GZ-MET-001,1,27,0,ALWAYS
GZ-MET-001,1,28,0,ALWAYS
GZ-MET-001,1,29,0,ALWAYS
GZ-MET-001,1,30,0,ALWAYS
GZ-MET-001,2,1,0,ALWAYS
GZ-MET-001,2,2,0,ALWAYS
GZ-MET-001,2,3,0,ALWAYS
GZ-MET-001,2,4,0,ALWAYS
GZ-MET-001,2,5,0,ALWAYS
GZ-MET-001,2,6,0,ALWAYS
GZ-MET-001,2,7,0,ALWAYS
GZ-MET-001,2,8,0,ALWAYS
GZ-MET-001,2,9,0,ALWAYS
GZ-MET-001,2,10,0,ALWAYS
GZ-MET-001,2,11,0,ALWAYS
GZ-MET-001,2,12,0,ALWAYS
GZ-MET-001,2,13,0,ALWAYS
GZ-MET-001,2,14,0,ALWAYS
GZ-MET-001,2,15,0,ALWAYS
GZ-MET-001,2,16,0,ALWAYS
GZ-MET-001,2,17,0,ALWAYS
GZ-MET-001,2,18,0,ALWAYS
GZ-MET-001,2,19,0,ALWAYS
GZ-MET-001,2,20,0,ALWAYS
GZ-MET-001,2,21,0,ALWAYS
GZ-MET-001,2,22,0,ALWAYS
GZ-MET-001,2,23,0,ALWAYS
GZ-MET-001,2,24,0,ALWAYS
GZ-MET-001,2,25,0,ALWAYS
GZ-MET-001,2,26,0,ALWAYS
GZ-MET-001,2,27,0,ALWAYS
GZ-MET-001,2,28,0,ALWAYS
GZ-MET-001,2,29,0,ALWAYS
GZ-MET-001,2,30,0,ALWAYS
GZ-MET-001,3,1,0,ALWAYS
GZ-MET-001,3,2,0,ALWAYS
GZ-MET-001,3,3,0,ALWAYS
GZ-MET-001,3,4,0,ALWAYS
GZ-MET-001,3,5,0,ALWAYS
GZ-MET-001,3,6,0,ALWAYS
GZ-MET-001,3,7,0,ALWAYS
GZ-MET-001,3,8,0,ALWAYS
GZ-MET-001,3,9,0,ALWAYS
GZ-MET-001,3,10,0,ALWAYS
GZ-MET-001,3,11,0,ALWAYS
GZ-MET-001,3,12,0,ALWAYS
GZ-MET-001,3,13,0,ALWAYS
GZ-MET-001,3,14,0,ALWAYS
GZ-MET-001,3,15,0,ALWAYS
GZ-MET-001,3,16,0,ALWAYS
GZ-MET-001,3,17,0,ALWAYS
GZ-MET-001,3,18,0,ALWAYS
GZ-MET-001,3,19,0,ALWAYS
GZ-MET-001,3,20,0,ALWAYS
GZ-MET-001,3,21,0,ALWAYS
GZ-MET-001,3,22,0,ALWAYS
GZ-MET-001,3,23,0,ALWAYS
GZ-MET-001,3,24,0,ALWAYS
GZ-MET-001,3,25,0,ALWAYS
GZ-MET-001,3,26,0,ALWAYS
GZ-MET-001,3,27,0,ALWAYS
GZ-MET-001,3,28,0,ALWAYS
GZ-MET-001,3,29,0,ALWAYS
GZ-MET-001,3,30,0,ALWAYS
GZ-MET-001,4,1,0,ALWAYS
GZ-MET-001,4,2,0,ALWAYS
GZ-MET-001,4,3,0,ALWAYS
GZ-MET-001,4,4,0,ALWAYS
GZ-MET-001,4,5,0,ALWAYS
GZ-MET-001,4,6,0,ALWAYS
GZ-MET-001,4,7,0,ALWAYS
GZ-MET-001,4,8,0,ALWAYS
GZ-MET-001,4,9,0,ALWAYS
GZ-MET-001,4,10,0,ALWAYS
GZ-MET-001,4,11,0,ALWAYS
GZ-MET-001,4,12,0,ALWAYS
GZ-MET-001,4,13,0,ALWAYS
GZ-MET-001,4,14,0,ALWAYS
GZ-MET-001,4,15,0,ALWAYS
GZ-MET-001,4,16,0,ALWAYS
GZ-MET-001,4,17,0,ALWAYS
GZ-MET-001,4,18,0,ALWAYS
GZ-MET-001,4,19,0,ALWAYS
GZ-MET-001,4,20,0,ALWAYS
GZ-MET-001,4,21,0,ALWAYS
GZ-MET-001,4,22,0,ALWAYS
GZ-MET-001,4,23,0,ALWAYS
GZ-MET-001,4,24,0,ALWAYS
GZ-MET-001,4,25,0,ALWAYS
GZ-MET-001,4,26,0,ALWAYS
GZ-MET-001,4,27,0,ALWAYS
GZ-MET-001,4,28,0,ALWAYS
GZ-MET-001,4,29,0,ALWAYS
GZ-MET-001,4,30,0,ALWAYS
GZ-MET-001,5,1,0,ALWAYS
GZ-MET-001,5,2,0,ALWAYS
GZ-MET-001,5,3,0,ALWAYS
GZ-MET-001,5,4,0,ALWAYS
GZ-MET-001,5,5,0,ALWAYS
GZ-MET-001,5,6,0,ALWAYS
GZ-MET-001,5,7,0,ALWAYS
GZ-MET-001,5,8,0,ALWAYS
GZ-MET-001,5,9,0,ALWAYS
GZ-MET-001,5,10,0,ALWAYS
GZ-MET-001,5,11,0,ALWAYS
GZ-MET-001,5,12,0,ALWAYS
GZ-MET-001,5,13,0,ALWAYS
GZ-MET-001,5,14,0,ALWAYS
GZ-MET-001,5,15,0,ALWAYS
GZ-MET-001,5,16,0,ALWAYS
GZ-MET-001,5,17,0,ALWAYS
GZ-MET-001,5,18,0,ALWAYS
GZ-MET-001,5,19,0,ALWAYS
GZ-MET-001,5,20,0,ALWAYS
GZ-MET-001,5,21,0,ALWAYS
GZ-MET-001,5,22,0,ALWAYS
GZ-MET-001,5,23,0,ALWAYS
GZ-MET-001,5,24,0,ALWAYS
GZ-MET-001,5,25,0,ALWAYS
GZ-MET-001,5,26,0,ALWAYS
GZ-MET-001,5,27,0,ALWAYS
GZ-MET-001,5,28,0,ALWAYS
GZ-MET-001,5,29,0,ALWAYS
GZ-MET-001,5,30,0,ALWAYS
GZ-MET-001,6,1,0,ALWAYS
GZ-MET-001,6,2,0,ALWAYS
GZ-MET-001,6,3,0,ALWAYS
GZ-MET-001,6,4,0,ALWAYS
GZ-MET-001,6,5,0,ALWAYS
GZ-MET-001,6,6,0,ALWAYS
GZ-MET-001,6,7,0,ALWAYS
GZ-MET-001,6,8,0,ALWAYS
GZ-MET-001,6,9,0,ALWAYS
GZ-MET-001,6,10,0,ALWAYS
GZ-MET-001,6,11,0,ALWAYS
GZ-MET-001,6,12,0,ALWAYS
GZ-MET-001,6,13,0,ALWAYS
GZ-MET-001,6,14,0,ALWAYS
GZ-MET-001,6,15,0,ALWAYS
GZ-MET-001,6,16,0,ALWAYS
GZ-MET-001,6,17,0,ALWAYS
GZ-MET-001,6,18,0,ALWAYS
GZ-MET-001,6,19,0,ALWAYS
GZ-MET-001,6,20,0,ALWAYS
GZ-MET-001,6,21,0,ALWAYS
GZ-MET-001,6,22,0,ALWAYS
GZ-MET-001,6,23,0,ALWAYS
GZ-MET-001,6,24,0,ALWAYS
GZ-MET-001,6,25,0,ALWAYS
GZ-MET-001,6,26,0,ALWAYS
GZ-MET-001,6,27,0,ALWAYS
GZ-MET-001,6,28,0,ALWAYS
GZ-MET-001,6,29,0,ALWAYS
GZ-MET-001,6,30,0,ALWAYS
GZ-MET-001,7,1,0,ALWAYS
GZ-MET-001,7,2,0,ALWAYS
GZ-MET-001,7,3,0,ALWAYS
GZ-MET-001,7,4,0,ALWAYS
GZ-MET-001,7,5,0,ALWAYS
GZ-MET-001,7,6,0,ALWAYS
GZ-MET-001,7,7,0,ALWAYS
GZ-MET-001,7,8,0,ALWAYS
GZ-MET-001,7,9,0,ALWAYS
GZ-MET-001,7,10,0,ALWAYS
GZ-MET-001,7,11,0,ALWAYS
GZ-MET-001,7,12,0,ALWAYS
GZ-MET-001,7,13,0,ALWAYS
GZ-MET-001,7,14,0,ALWAYS
GZ-MET-001,7,15,0,ALWAYS
GZ-MET-001,7,16,0,ALWAYS
GZ-MET-001,7,17,0,ALWAYS
GZ-MET-001,7,18,0,ALWAYS
GZ-MET-001,7,19,0,ALWAYS
GZ-MET-001,7,20,0,ALWAYS
GZ-MET-001,7,21,0,ALWAYS
GZ-MET-001,7,22,0,ALWAYS
GZ-MET-001,7,23,0,ALWAYS
GZ-MET-001,7,24,0,ALWAYS
GZ-MET-001,7,25,0,ALWAYS
GZ-MET-001,7,26,0,ALWAYS
GZ-MET-001,7,27,0,ALWAYS
GZ-MET-001,7,28,0,ALWAYS
GZ-MET-001,7,29,0,ALWAYS
GZ-MET-001,7,30,0,ALWAYS
GZ-MET-001,8,1,0,ALWAYS
GZ-MET-001,8,2,0,ALWAYS
GZ-MET-001,8,3,0,ALWAYS
GZ-MET-001,8,4,0,ALWAYS
GZ-MET-001,8,5,0,ALWAYS
GZ-MET-001,8,6,0,ALWAYS
GZ-MET-001,8,7,0,ALWAYS
GZ-MET-001,8,8,0,ALWAYS
GZ-MET-001,8,9,0,ALWAYS
GZ-MET-001,8,10,0,ALWAYS
GZ-MET-001,8,11,0,ALWAYS
GZ-MET-001,8,12,0,ALWAYS
GZ-MET-001,8,13,0,ALWAYS
GZ-MET-001,8,14,0,ALWAYS
GZ-MET-001,8,15,0,ALWAYS
GZ-MET-001,8,16,0,ALWAYS
GZ-MET-001,8,17,0,ALWAYS
GZ-MET-001,8,18,0,ALWAYS
GZ-MET-001,8,19,0,ALWAYS
GZ-MET-001,8,20,0,ALWAYS
GZ-MET-001,8,21,0,ALWAYS
GZ-MET-001,8,22,0,ALWAYS
GZ-MET-001,8,23,0,ALWAYS
GZ-MET-001,8,24,0,ALWAYS
GZ-MET-001,8,25,0,ALWAYS
GZ-MET-001,8,26,0,ALWAYS
GZ-MET-001,8,27,0,ALWAYS
GZ-MET-001,8,28,0,ALWAYS
GZ-MET-001,8,29,0,ALWAYS
GZ-MET-001,8,30,0,ALWAYS
GZ-MET-001,9,1,0,ALWAYS
GZ-MET-001,9,2,0,ALWAYS
GZ-MET-001,9,3,0,ALWAYS
GZ-MET-001,9,4,0,ALWAYS
GZ-MET-001,9,5,0,ALWAYS
GZ-MET-001,9,6,0,ALWAYS
GZ-MET-001,9,7,0,ALWAYS
GZ-MET-001,9,8,0,ALWAYS
GZ-MET-001,9,9,0,ALWAYS
GZ-MET-001,9,10,0,ALWAYS
GZ-MET-001,9,11,0,ALWAYS
GZ-MET-001,9,12,0,ALWAYS
GZ-MET-001,9,13,0,ALWAYS
GZ-MET-001,9,14,0,ALWAYS
GZ-MET-001,9,15,0,ALWAYS
GZ-MET-001,9,16,0,ALWAYS
GZ-MET-001,9,17,0,ALWAYS
GZ-MET-001,9,18,0,ALWAYS
GZ-MET-001,9,19,0,ALWAYS
GZ-MET-001,9,20,0,ALWAYS
GZ-MET-001,9,21,0,ALWAYS
GZ-MET-001,9,22,0,ALWAYS
GZ-MET-001,9,23,0,ALWAYS
GZ-MET-001,9,24,0,ALWAYS
GZ-MET-001,9,25,0,ALWAYS
GZ-MET-001,9,26,0,ALWAYS
GZ-MET-001,9,27,0,ALWAYS
GZ-MET-001,9,28,0,ALWAYS
GZ-MET-001,9,29,0,ALWAYS
GZ-MET-001,9,30,0,ALWAYS
GZ-MET-001,10,1,0,ALWAYS
GZ-MET-001,10,2,0,ALWAYS
GZ-MET-001,10,3,0,ALWAYS
GZ-MET-001,10,4,0,ALWAYS
GZ-MET-001,10,5,0,ALWAYS
GZ-MET-001,10,6,0,ALWAYS
GZ-MET-001,10,7,0,ALWAYS
GZ-MET-001,10,8,0,ALWAYS
GZ-MET-001,10,9,0,ALWAYS
GZ-MET-001,10,10,0,ALWAYS
GZ-MET-001,10,11,0,ALWAYS
GZ-MET-001,10,12,0,ALWAYS
GZ-MET-001,10,13,0,ALWAYS
GZ-MET-001,10,14,0,ALWAYS
GZ-MET-001,10,15,0,ALWAYS
GZ-MET-001,10,16,0,ALWAYS
GZ-MET-001,10,17,0,ALWAYS
GZ-MET-001,10,18,0,ALWAYS
GZ-MET-001,10,19,0,ALWAYS
GZ-MET-001,10,20,0,ALWAYS
GZ-MET-001,10,21,0,ALWAYS
GZ-MET-001,10,22,0,ALWAYS
GZ-MET-001,10,23,0,ALWAYS
GZ-MET-001,10,24,0,ALWAYS
GZ-MET-001,10,25,0,ALWAYS
GZ-MET-001,10,26,0,ALWAYS
GZ-MET-001,10,27,0,ALWAYS
GZ-MET-001,10,28,0,ALWAYS
GZ-MET-001,10,29,0,ALWAYS
GZ-MET-001,10,30,0,ALWAYS
GZ-MET-001,11,1,0,ALWAYS
GZ-MET-001,11,2,0,ALWAYS
GZ-MET-001,11,3,0,ALWAYS
GZ-MET-001,11,4,0,ALWAYS
GZ-MET-001,11,5,0,ALWAYS
GZ-MET-001,11,6,0,ALWAYS
GZ-MET-001,11,7,0,ALWAYS
GZ-MET-001,11,8,0,ALWAYS
GZ-MET-001,11,9,0,ALWAYS
GZ-MET-001,11,10,0,ALWAYS
GZ-MET-001,11,11,0,ALWAYS
GZ-MET-001,11,12,0,ALWAYS
GZ-MET-001,11,13,0,ALWAYS
GZ-MET-001,11,14,0,ALWAYS
GZ-MET-001,11,15,0,ALWAYS
GZ-MET-001,11,16,0,ALWAYS
GZ-MET-001,11,17,0,ALWAYS
GZ-MET-001,11,18,0,ALWAYS
GZ-MET-001,11,19,0,ALWAYS
GZ-MET-001,11,20,0,ALWAYS
GZ-MET-001,11,21,0,ALWAYS
GZ-MET-001,11,22,0,ALWAYS
GZ-MET-001,11,23,0,ALWAYS
GZ-MET-001,11,24,0,ALWAYS
GZ-MET-001,11,25,0,ALWAYS
GZ-MET-001,11,26,0,ALWAYS
GZ-MET-001,11,27,0,ALWAYS
GZ-MET-001,11,28,0,ALWAYS
GZ-MET-001,11,29,0,ALWAYS
GZ-MET-001,11,30,0,ALWAYS
GZ-MET-001,12,1,0,ALWAYS
GZ-MET-001,12,2,0,ALWAYS
GZ-MET-001,12,3,0,ALWAYS
GZ-MET-001,12,4,0,ALWAYS
GZ-MET-001,12,5,0,ALWAYS
GZ-MET-001,12,6,0,ALWAYS
GZ-MET-001,12,7,0,ALWAYS
GZ-MET-001,12,8,0,ALWAYS
GZ-MET-001,12,9,0,ALWAYS
GZ-MET-001,12,10,0,ALWAYS
GZ-MET-001,12,11,0,ALWAYS
GZ-MET-001,12,12,0,ALWAYS
GZ-MET-001,12,13,0,ALWAYS
GZ-MET-001,12,14,0,ALWAYS
GZ-MET-001,12,15,0,ALWAYS
GZ-MET-001,12,16,0,ALWAYS
GZ-MET-001,12,17,0,ALWAYS
GZ-MET-001,12,18,0,ALWAYS
GZ-MET-001,12,19,0,ALWAYS
GZ-MET-001,12,20,0,ALWAYS
GZ-MET-001,12,21,0,ALWAYS
GZ-MET-001,12,22,0,ALWAYS
GZ-MET-001,12,23,0,ALWAYS
GZ-MET-001,12,24,0,ALWAYS
GZ-MET-001,12,25,0,ALWAYS
GZ-MET-001,12,26,0,ALWAYS
GZ-MET-001,12,27,0,ALWAYS
GZ-MET-001,12,28,0,ALWAYS
GZ-MET-001,12,29,0,ALWAYS
GZ-MET-001,12,30,0,ALWAYS
GZ-MET-001,13,1,0,ALWAYS
GZ-MET-001,13,2,0,ALWAYS
GZ-MET-001,13,3,0,ALWAYS
GZ-MET-001,13,4,0,ALWAYS
GZ-MET-001,13,5,0,ALWAYS
GZ-MET-001,13,6,0,ALWAYS
GZ-MET-003,1,1,0,ALWAYS
GZ-MET-003,1,2,0,ALWAYS
GZ-MET-003,1,3,0,ALWAYS
GZ-MET-003,1,4,0,ALWAYS
GZ-MET-003,1,5,0,ALWAYS
GZ-MET-003,1,6,0,ALWAYS
GZ-MET-003,1,7,0,ALWAYS
GZ-MET-003,1,8,0,ALWAYS
GZ-MET-003,1,9,0,ALWAYS
GZ-MET-003,1,10,0,ALWAYS
GZ-MET-003,1,11,0,ALWAYS
GZ-MET-003,1,12,0,ALWAYS
GZ-MET-003,1,13,0,ALWAYS
GZ-MET-003,1,14,0,ALWAYS
GZ-MET-003,1,15,0,ALWAYS
GZ-MET-003,1,16,0,ALWAYS
GZ-MET-003,1,17,0,ALWAYS
GZ-MET-003,1,18,0,ALWAYS
GZ-MET-003,1,19,0,ALWAYS
GZ-MET-003,1,20,0,ALWAYS
GZ-MET-003,1,21,0,ALWAYS
GZ-MET-003,1,22,0,ALWAYS
GZ-MET-003,1,23,0,ALWAYS
GZ-MET-003,1,24,0,ALWAYS
GZ-MET-003,1,25,0,ALWAYS
GZ-MET-003,1,26,0,ALWAYS
GZ-MET-003,1,27,0,ALWAYS
GZ-MET-003,1,28,0,ALWAYS
GZ-MET-003,1,29,0,ALWAYS
GZ-MET-003,1,30,0,ALWAYS
GZ-MET-003,2,1,0,ALWAYS
GZ-MET-003,2,2,0,ALWAYS
GZ-MET-003,2,3,0,ALWAYS
GZ-MET-003,2,4,0,ALWAYS
GZ-MET-003,2,5,0,ALWAYS
GZ-MET-003,2,6,0,ALWAYS
GZ-MET-003,2,7,0,ALWAYS
GZ-MET-003,2,8,0,ALWAYS
GZ-MET-003,2,9,0,ALWAYS
GZ-MET-003,2,10,0,ALWAYS
GZ-MET-003,2,11,0,ALWAYS
GZ-MET-003,2,12,0,ALWAYS
GZ-MET-003,2,13,0,ALWAYS
GZ-MET-003,2,14,0,ALWAYS
GZ-MET-003,2,15,0,ALWAYS
GZ-MET-003,2,16,0,ALWAYS
GZ-MET-003,2,17,0,ALWAYS
GZ-MET-003,2,18,0,ALWAYS
GZ-MET-003,2,19,0,ALWAYS
GZ-MET-003,2,20,0,ALWAYS
GZ-MET-003,2,21,0,ALWAYS
GZ-MET-003,2,22,0,ALWAYS
GZ-MET-003,2,23,0,ALWAYS
GZ-MET-003,2,24,0,ALWAYS
GZ-MET-003,2,25,0,ALWAYS
GZ-MET-003,2,26,0,ALWAYS
GZ-MET-003,2,27,0,ALWAYS
GZ-MET-003,2,28,0,ALWAYS
GZ-MET-003,2,29,0,ALWAYS
GZ-MET-003,2,30,0,ALWAYS
GZ-MET-003,3,1,0,ALWAYS
GZ-MET-003,3,2,0,ALWAYS
GZ-MET-003,3,3,0,ALWAYS
GZ-MET-003,3,4,0,ALWAYS
GZ-MET-003,3,5,0,ALWAYS
GZ-MET-003,3,6,0,ALWAYS
GZ-MET-003,3,7,0,ALWAYS
GZ-MET-003,3,8,0,ALWAYS
GZ-MET-003,3,9,0,ALWAYS
GZ-MET-003,3,10,0,ALWAYS
GZ-MET-003,3,11,0,ALWAYS
GZ-MET-003,3,12,0,ALWAYS
GZ-MET-003,3,13,0,ALWAYS
GZ-MET-003,3,14,0,ALWAYS
GZ-MET-003,3,15,0,ALWAYS
GZ-MET-003,3,16,0,ALWAYS
GZ-MET-003,3,17,0,ALWAYS
GZ-MET-003,3,18,0,ALWAYS
GZ-MET-003,3,19,0,ALWAYS
GZ-MET-003,3,20,0,ALWAYS
GZ-MET-003,3,21,0,ALWAYS
GZ-MET-003,3,22,0,ALWAYS
GZ-MET-003,3,23,0,ALWAYS
GZ-MET-003,3,24,0,ALWAYS
GZ-MET-003,3,25,0,ALWAYS
GZ-MET-003,3,26,0,ALWAYS
GZ-MET-003,3,27,0,ALWAYS
GZ-MET-003,3,28,0,ALWAYS
GZ-MET-003,3,29,0,ALWAYS
GZ-MET-003,3,30,0,ALWAYS
GZ-MET-003,4,1,0,ALWAYS
GZ-MET-003,4,2,0,ALWAYS
GZ-MET-003,4,3,0,ALWAYS
GZ-MET-003,4,4,0,ALWAYS
GZ-MET-003,4,5,0,ALWAYS
GZ-MET-003,4,6,0,ALWAYS
GZ-MET-003,4,7,0,ALWAYS
GZ-MET-003,4,8,0,ALWAYS
GZ-MET-003,4,9,0,ALWAYS
GZ-MET-003,4,10,0,ALWAYS
GZ-MET-003,4,11,0,ALWAYS
GZ-MET-003,4,12,0,ALWAYS
GZ-MET-003,4,13,0,ALWAYS
GZ-MET-003,4,14,0,ALWAYS
GZ-MET-003,4,15,0,ALWAYS
GZ-MET-003,4,16,0,ALWAYS
GZ-MET-003,4,17,0,ALWAYS
GZ-MET-003,4,18,0,ALWAYS
GZ-MET-003,4,19,0,ALWAYS
GZ-MET-003,4,20,0,ALWAYS
GZ-MET-003,4,21,0,ALWAYS
GZ-MET-003,4,22,0,ALWAYS
GZ-MET-003,4,23,0,ALWAYS
GZ-MET-003,4,24,0,ALWAYS
GZ-MET-003,4,25,0,ALWAYS
GZ-MET-003,4,26,0,ALWAYS
GZ-MET-003,4,27,0,ALWAYS
GZ-MET-003,4,28,0,ALWAYS
GZ-MET-003,4,29,0,ALWAYS
GZ-MET-003,4,30,0,ALWAYS
GZ-MET-003,5,1,0,ALWAYS
GZ-MET-003,5,2,0,ALWAYS
GZ-MET-003,5,3,0,ALWAYS
GZ-MET-003,5,4,0,ALWAYS
GZ-MET-003,5,5,0,ALWAYS
GZ-MET-003,5,6,0,ALWAYS
GZ-MET-003,5,7,0,ALWAYS
GZ-MET-003,5,8,0,ALWAYS
GZ-MET-003,5,9,0,ALWAYS
GZ-MET-003,5,10,0,ALWAYS
GZ-MET-003,5,11,0,ALWAYS
GZ-MET-003,5,12,0,ALWAYS
GZ-MET-003,5,13,0,ALWAYS
GZ-MET-003,5,14,0,ALWAYS
GZ-MET-003,5,15,0,ALWAYS
GZ-MET-003,5,16,0,ALWAYS
GZ-MET-003,5,17,0,ALWAYS
GZ-MET-003,5,18,0,ALWAYS
GZ-MET-003,5,19,0,ALWAYS
GZ-MET-003,5,20,0,ALWAYS
GZ-MET-003,5,21,0,ALWAYS
GZ-MET-003,5,22,0,ALWAYS
GZ-MET-003,5,23,0,ALWAYS
GZ-MET-003,5,24,0,ALWAYS
GZ-MET-003,5,25,0,ALWAYS
GZ-MET-003,5,26,0,ALWAYS
GZ-MET-003,5,27,0,ALWAYS
GZ-MET-003,5,28,0,ALWAYS
GZ-MET-003,5,29,0,ALWAYS
GZ-MET-003,5,30,0,ALWAYS
GZ-MET-003,6,1,0,ALWAYS
GZ-MET-003,6,2,0,ALWAYS
GZ-MET-003,6,3,0,ALWAYS
GZ-MET-003,6,4,0,ALWAYS
GZ-MET-003,6,5,0,ALWAYS
GZ-MET-003,6,6,0,ALWAYS
GZ-MET-003,6,7,0,ALWAYS
GZ-MET-003,6,8,0,ALWAYS
GZ-MET-003,6,9,0,ALWAYS
GZ-MET-003,6,10,0,ALWAYS
GZ-MET-003,6,11,0,ALWAYS
GZ-MET-003,6,12,0,ALWAYS
GZ-MET-003,6,13,0,ALWAYS
GZ-MET-003,6,14,0,ALWAYS
GZ-MET-003,6,15,0,ALWAYS
GZ-MET-003,6,16,0,ALWAYS
GZ-MET-003,6,17,0,ALWAYS
GZ-MET-003,6,18,0,ALWAYS
GZ-MET-003,6,19,0,ALWAYS
GZ-MET-003,6,20,0,ALWAYS
GZ-MET-003,6,21,0,ALWAYS
GZ-MET-003,6,22,0,ALWAYS
GZ-MET-003,6,23,0,ALWAYS
GZ-MET-003,6,24,0,ALWAYS
GZ-MET-003,6,25,0,ALWAYS
GZ-MET-003,6,26,0,ALWAYS
GZ-MET-003,6,27,0,ALWAYS
GZ-MET-003,6,28,0,ALWAYS
GZ-MET-003,6,29,0,ALWAYS
GZ-MET-003,6,30,0,ALWAYS
GZ-MET-003,7,1,0,ALWAYS
GZ-MET-003,7,2,0,ALWAYS
GZ-MET-003,7,3,0,ALWAYS
GZ-MET-003,7,4,0,ALWAYS
GZ-MET-003,7,5,0,ALWAYS
GZ-MET-003,7,6,0,ALWAYS
GZ-MET-003,7,7,0,ALWAYS
GZ-MET-003,7,8,0,ALWAYS
GZ-MET-003,7,9,0,ALWAYS
GZ-MET-003,7,10,0,ALWAYS
GZ-MET-003,7,11,0,ALWAYS
GZ-MET-003,7,12,0,ALWAYS
GZ-MET-003,7,13,0,ALWAYS
GZ-MET-003,7,14,0,ALWAYS
GZ-MET-003,7,15,0,ALWAYS
GZ-MET-003,7,16,0,ALWAYS
GZ-MET-003,7,17,0,ALWAYS
GZ-MET-003,7,18,0,ALWAYS
GZ-MET-003,7,19,0,ALWAYS
GZ-MET-003,7,20,0,ALWAYS
GZ-MET-003,7,21,0,ALWAYS
GZ-MET-003,7,22,0,ALWAYS
GZ-MET-003,7,23,0,ALWAYS
GZ-MET-003,7,24,0,ALWAYS
GZ-MET-003,7,25,0,ALWAYS
GZ-MET-003,7,26,0,ALWAYS
GZ-MET-003,7,27,0,ALWAYS
GZ-MET-003,7,28,0,ALWAYS
GZ-MET-003,7,29,0,ALWAYS
GZ-MET-003,7,30,0,ALWAYS
GZ-MET-003,8,1,0,ALWAYS
GZ-MET-003,8,2,0,ALWAYS
GZ-MET-003,8,3,0,ALWAYS
GZ-MET-003,8,4,0,ALWAYS
GZ-MET-003,8,5,0,ALWAYS
GZ-MET-003,8,6,0,ALWAYS
GZ-MET-003,8,7,0,ALWAYS
GZ-MET-003,8,8,0,ALWAYS
GZ-MET-003,8,9,0,ALWAYS
GZ-MET-003,8,10,0,ALWAYS
GZ-MET-003,8,11,0,ALWAYS
GZ-MET-003,8,12,0,ALWAYS
GZ-MET-003,8,13,0,ALWAYS
GZ-MET-003,8,14,0,ALWAYS
GZ-MET-003,8,15,0,ALWAYS
GZ-MET-003,8,16,0,ALWAYS
GZ-MET-003,8,17,0,ALWAYS
GZ-MET-003,8,18,0,ALWAYS
GZ-MET-003,8,19,0,ALWAYS
GZ-MET-003,8,20,0,ALWAYS
GZ-MET-003,8,21,0,ALWAYS
GZ-MET-003,8,22,0,ALWAYS
GZ-MET-003,8,23,0,ALWAYS
GZ-MET-003,8,24,0,ALWAYS
GZ-MET-003,8,25,0,ALWAYS
GZ-MET-003,8,26,0,ALWAYS
GZ-MET-003,8,27,0,ALWAYS
GZ-MET-003,8,28,0,ALWAYS
GZ-MET-003,8,29,0,ALWAYS
GZ-MET-003,8,30,0,ALWAYS
GZ-MET-003,9,1,0,ALWAYS
GZ-MET-003,9,2,0,ALWAYS
GZ-MET-003,9,3,0,ALWAYS
GZ-MET-003,9,4,0,ALWAYS
GZ-MET-003,9,5,0,ALWAYS
GZ-MET-003,9,6,0,ALWAYS
GZ-MET-003,9,7,0,ALWAYS
GZ-MET-003,9,8,0,ALWAYS
GZ-MET-003,9,9,0,ALWAYS
GZ-MET-003,9,10,0,ALWAYS
GZ-MET-003,9,11,0,ALWAYS
GZ-MET-003,9,12,0,ALWAYS
GZ-MET-003,9,13,0,ALWAYS
GZ-MET-003,9,14,0,ALWAYS
GZ-MET-003,9,15,0,ALWAYS
GZ-MET-003,9,16,0,ALWAYS
GZ-MET-003,9,17,0,ALWAYS
GZ-MET-003,9,18,0,ALWAYS
GZ-MET-003,9,19,0,ALWAYS
GZ-MET-003,9,20,0,ALWAYS
GZ-MET-003,9,21,0,ALWAYS
GZ-MET-003,9,22,0,ALWAYS
GZ-MET-003,9,23,0,ALWAYS
GZ-MET-003,9,24,0,ALWAYS
GZ-MET-003,9,25,0,ALWAYS
GZ-MET-003,9,26,0,ALWAYS
GZ-MET-003,9,27,0,ALWAYS
GZ-MET-003,9,28,0,ALWAYS
GZ-MET-003,9,29,0,ALWAYS
GZ-MET-003,9,30,0,ALWAYS
GZ-MET-003,10,1,0,ALWAYS
GZ-MET-003,10,2,0,ALWAYS
GZ-MET-003,10,3,0,ALWAYS
GZ-MET-003,10,4,0,ALWAYS
GZ-MET-003,10,5,0,ALWAYS
GZ-MET-003,10,6,0,ALWAYS
GZ-MET-003,10,7,0,ALWAYS
GZ-MET-003,10,8,0,ALWAYS
GZ-MET-003,10,9,0,ALWAYS
GZ-MET-003,10,10,0,ALWAYS
GZ-MET-003,10,11,0,ALWAYS
GZ-MET-003,10,12,0,ALWAYS
GZ-MET-003,10,13,0,ALWAYS
GZ-MET-003,10,14,0,ALWAYS
GZ-MET-003,10,15,0,ALWAYS
GZ-MET-003,10,16,0,ALWAYS
GZ-MET-003,10,17,0,ALWAYS
GZ-MET-003,10,18,0,ALWAYS
GZ-MET-003,10,19,0,ALWAYS
GZ-MET-003,10,20,0,ALWAYS
GZ-MET-003,10,21,0,ALWAYS
GZ-MET-003,10,22,0,ALWAYS
GZ-MET-003,10,23,0,ALWAYS
GZ-MET-003,10,24,0,ALWAYS
GZ-MET-003,10,25,0,ALWAYS
GZ-MET-003,10,26,0,ALWAYS
GZ-MET-003,10,27,0,ALWAYS
GZ-MET-003,10,28,0,ALWAYS
GZ-MET-003,10,29,0,ALWAYS
GZ-MET-003,10,30,0,ALWAYS
GZ-MET-003,11,1,0,ALWAYS
GZ-MET-003,11,2,0,ALWAYS
GZ-MET-003,11,3,0,ALWAYS
GZ-MET-003,11,4,0,ALWAYS
GZ-MET-003,11,5,0,ALWAYS
GZ-MET-003,11,6,0,ALWAYS
GZ-MET-003,11,7,0,ALWAYS
GZ-MET-003,11,8,0,ALWAYS
GZ-MET-003,11,9,0,ALWAYS
GZ-MET-003,11,10,0,ALWAYS
GZ-MET-003,11,11,0,ALWAYS
GZ-MET-003,11,12,0,ALWAYS
GZ-MET-003,11,13,0,ALWAYS
GZ-MET-003,11,14,0,ALWAYS
GZ-MET-003,11,15,0,ALWAYS
GZ-MET-003,11,16,0,ALWAYS
GZ-MET-003,11,17,0,ALWAYS
GZ-MET-003,11,18,0,ALWAYS
GZ-MET-003,11,19,0,ALWAYS
GZ-MET-003,11,20,0,ALWAYS
GZ-MET-003,11,21,0,ALWAYS
GZ-MET-003,11,22,0,ALWAYS
GZ-MET-003,11,23,0,ALWAYS
GZ-MET-003,11,24,0,ALWAYS
GZ-MET-003,11,25,0,ALWAYS
GZ-MET-003,11,26,0,ALWAYS
GZ-MET-003,11,27,0,ALWAYS
GZ-MET-003,11,28,0,ALWAYS
GZ-MET-003,11,29,0,ALWAYS
GZ-MET-003,11,30,0,ALWAYS
GZ-MET-003,12,1,0,ALWAYS
GZ-MET-003,12,2,0,ALWAYS
GZ-MET-003,12,3,0,ALWAYS
GZ-MET-003,12,4,0,ALWAYS
GZ-MET-003,12,5,0,ALWAYS
GZ-MET-003,12,6,0,ALWAYS
GZ-MET-003,12,7,0,ALWAYS
GZ-MET-003,12,8,0,ALWAYS
GZ-MET-003,12,9,0,ALWAYS
GZ-MET-003,12,10,0,ALWAYS
GZ-MET-003,12,11,0,ALWAYS
GZ-MET-003,12,12,0,ALWAYS
GZ-MET-003,12,13,0,ALWAYS
GZ-MET-003,12,14,0,ALWAYS
GZ-MET-003,12,15,0,ALWAYS
GZ-MET-003,12,16,0,ALWAYS
GZ-MET-003,12,17,0,ALWAYS
GZ-MET-003,12,18,0,ALWAYS
GZ-MET-003,12,19,0,ALWAYS
GZ-MET-003,12,20,0,ALWAYS
GZ-MET-003,12,21,0,ALWAYS
GZ-MET-003,12,22,0,ALWAYS
GZ-MET-003,12,23,0,ALWAYS
GZ-MET-003,12,24,0,ALWAYS
GZ-MET-003,12,25,0,ALWAYS
GZ-MET-003,12,26,0,ALWAYS
GZ-MET-003,12,27,0,ALWAYS
GZ-MET-003,12,28,0,ALWAYS
GZ-MET-003,12,29,0,ALWAYS
GZ-MET-003,12,30,0,ALWAYS
GZ-MET-003,13,1,0,ALWAYS
GZ-MET-003,13,2,0,ALWAYS
GZ-MET-003,13,3,0,ALWAYS
GZ-MET-003,13,4,0,ALWAYS
GZ-MET-003,13,5,0,ALWAYS
GZ-MET-003,13,6,0,ALWAYS
GZ-MZM-004,1,1,0,ALWAYS
GZ-MZM-004,1,2,0,ALWAYS
GZ-MZM-004,1,3,0,ALWAYS
GZ-MZM-004,1,4,0,ALWAYS
GZ-MZM-004,1,5,0,ALWAYS
GZ-MZM-004,1,6,0,ALWAYS
GZ-MZM-004,1,7,0,ALWAYS
GZ-MZM-004,1,8,0,ALWAYS
GZ-MZM-004,1,9,0,ALWAYS
GZ-MZM-004,1,10,0,ALWAYS
GZ-MZM-004,1,11,0,ALWAYS
GZ-MZM-004,1,12,0,ALWAYS
GZ-MZM-004,1,13,0,ALWAYS
GZ-MZM-004,1,14,0,ALWAYS
GZ-MZM-004,1,15,0,ALWAYS
GZ-MZM-004,1,16,0,ALWAYS
GZ-MZM-004,1,17,0,ALWAYS
GZ-MZM-004,1,18,0,ALWAYS
GZ-MZM-004,1,19,0,ALWAYS
GZ-MZM-004,1,20,0,ALWAYS
GZ-MZM-004,1,21,0,ALWAYS
GZ-MZM-004,1,22,0,ALWAYS
GZ-MZM-004,1,23,0,ALWAYS
GZ-MZM-004,1,24,0,ALWAYS
GZ-MZM-004,1,25,0,ALWAYS
GZ-MZM-004,1,26,0,ALWAYS
GZ-MZM-004,1,27,0,ALWAYS
GZ-MZM-004,1,28,0,ALWAYS
GZ-MZM-004,1,29,0,ALWAYS
GZ-MZM-004,1,30,0,ALWAYS
GZ-MZM-004,2,1,0,ALWAYS
GZ-MZM-004,2,2,0,ALWAYS
GZ-MZM-004,2,3,0,ALWAYS
GZ-MZM-004,2,4,0,ALWAYS
GZ-MZM-004,2,5,0,ALWAYS
GZ-MZM-004,2,6,0,ALWAYS
GZ-MZM-004,2,7,0,ALWAYS
GZ-MZM-004,2,8,0,ALWAYS
GZ-MZM-004,2,9,0,ALWAYS
GZ-MZM-004,2,10,0,ALWAYS
GZ-MZM-004,2,11,0,ALWAYS
GZ-MZM-004,2,12,0,ALWAYS
GZ-MZM-004,2,13,0,ALWAYS
GZ-MZM-004,2,14,0,ALWAYS
GZ-MZM-004,2,15,0,ALWAYS
GZ-MZM-004,2,16,0,ALWAYS
GZ-MZM-004,2,17,0,ALWAYS
GZ-MZM-004,2,18,0,ALWAYS
GZ-MZM-004,2,19,0,ALWAYS
GZ-MZM-004,2,20,0,ALWAYS
GZ-MZM-004,2,21,0,ALWAYS
GZ-MZM-004,2,22,0,ALWAYS
GZ-MZM-004,2,23,0,ALWAYS
GZ-MZM-004,2,24,0,ALWAYS
GZ-MZM-004,2,25,0,ALWAYS
GZ-MZM-004,2,26,0,ALWAYS
GZ-MZM-004,2,27,0,ALWAYS
GZ-MZM-004,2,28,0,ALWAYS
GZ-MZM-004,2,29,0,ALWAYS
GZ-MZM-004,2,30,0,ALWAYS
GZ-MZM-004,3,1,0,ALWAYS
GZ-MZM-004,3,2,0,ALWAYS
GZ-MZM-004,3,3,0,ALWAYS
GZ-MZM-004,3,4,0,ALWAYS
GZ-MZM-004,3,5,0,ALWAYS
GZ-MZM-004,3,6,0,ALWAYS
GZ-MZM-004,3,7,0,ALWAYS
GZ-MZM-004,3,8,0,ALWAYS
GZ-MZM-004,3,9,0,ALWAYS
GZ-MZM-004,3,10,0,ALWAYS
GZ-MZM-004,3,11,0,ALWAYS
GZ-MZM-004,3,12,0,ALWAYS
GZ-MZM-004,3,13,0,ALWAYS
GZ-MZM-004,3,14,0,ALWAYS
GZ-MZM-004,3,15,0,ALWAYS
GZ-MZM-004,3,16,0,ALWAYS
GZ-MZM-004,3,17,0,ALWAYS
GZ-MZM-004,3,18,0,ALWAYS
GZ-MZM-004,3,19,0,ALWAYS
GZ-MZM-004,3,20,0,ALWAYS
GZ-MZM-004,3,21,0,ALWAYS
GZ-MZM-004,3,22,0,ALWAYS
GZ-MZM-004,3,23,0,ALWAYS
GZ-MZM-004,3,24,0,ALWAYS
GZ-MZM-004,3,25,0,ALWAYS
GZ-MZM-004,3,26,0,ALWAYS
GZ-MZM-004,3,27,0,ALWAYS
GZ-MZM-004,3,28,0,ALWAYS
GZ-MZM-004,3,29,0,ALWAYS
GZ-MZM-004,3,30,0,ALWAYS
GZ-MZM-004,4,1,0,ALWAYS
GZ-MZM-004,4,2,0,ALWAYS
GZ-MZM-004,4,3,0,ALWAYS
GZ-MZM-004,4,4,0,ALWAYS
GZ-MZM-004,4,5,0,ALWAYS
GZ-MZM-004,4,6,0,ALWAYS
GZ-MZM-004,4,7,0,ALWAYS
GZ-MZM-004,4,8,0,ALWAYS
GZ-MZM-004,4,9,0,ALWAYS
GZ-MZM-004,4,10,0,ALWAYS
GZ-MZM-004,4,11,0,ALWAYS
GZ-MZM-004,4,12,0,ALWAYS
GZ-MZM-004,4,13,0,ALWAYS
GZ-MZM-004,4,14,0,ALWAYS
GZ-MZM-004,4,15,0,ALWAYS
GZ-MZM-004,4,16,0,ALWAYS
GZ-MZM-004,4,17,0,ALWAYS
GZ-MZM-004,4,18,0,ALWAYS
GZ-MZM-004,4,19,0,ALWAYS
GZ-MZM-004,4,20,0,ALWAYS
GZ-MZM-004,4,21,0,ALWAYS
GZ-MZM-004,4,22,0,ALWAYS
GZ-MZM-004,4,23,0,ALWAYS
GZ-MZM-004,4,24,0,ALWAYS
GZ-MZM-004,4,25,0,ALWAYS
GZ-MZM-004,4,26,0,ALWAYS
GZ-MZM-004,4,27,0,ALWAYS
GZ-MZM-004,4,28,0,ALWAYS
GZ-MZM-004,4,29,0,ALWAYS
GZ-MZM-004,4,30,0,ALWAYS
GZ-MZM-004,5,1,0,ALWAYS
GZ-MZM-004,5,2,0,ALWAYS
GZ-MZM-004,5,3,0,ALWAYS
GZ-MZM-004,5,4,0,ALWAYS
GZ-MZM-004,5,5,0,ALWAYS
GZ-MZM-004,5,6,0,ALWAYS
GZ-MZM-004,5,7,0,ALWAYS
GZ-MZM-004,5,8,0,ALWAYS
GZ-MZM-004,5,9,0,ALWAYS
GZ-MZM-004,5,10,0,ALWAYS
GZ-MZM-004,5,11,0,ALWAYS
GZ-MZM-004,5,12,0,ALWAYS
GZ-MZM-004,5,13,0,ALWAYS
GZ-MZM-004,5,14,0,ALWAYS
GZ-MZM-004,5,15,0,ALWAYS
GZ-MZM-004,5,16,0,ALWAYS
GZ-MZM-004,5,17,0,ALWAYS
GZ-MZM-004,5,18,0,ALWAYS
GZ-MZM-004,5,19,0,ALWAYS
GZ-MZM-004,5,20,0,ALWAYS
GZ-MZM-004,5,21,0,ALWAYS
GZ-MZM-004,5,22,0,ALWAYS
GZ-MZM-004,5,23,0,ALWAYS
GZ-MZM-004,5,24,0,ALWAYS
GZ-MZM-004,5,25,0,ALWAYS
GZ-MZM-004,5,26,0,ALWAYS
GZ-MZM-004,5,27,0,ALWAYS
GZ-MZM-004,5,28,0,ALWAYS
GZ-MZM-004,5,29,0,ALWAYS
GZ-MZM-004,5,30,0,ALWAYS
GZ-MZM-004,6,1,0,ALWAYS
GZ-MZM-004,6,2,0,ALWAYS
GZ-MZM-004,6,3,0,ALWAYS
GZ-MZM-004,6,4,0,ALWAYS
GZ-MZM-004,6,5,0,ALWAYS
GZ-MZM-004,6,6,0,ALWAYS
GZ-MZM-004,6,7,0,ALWAYS
GZ-MZM-004,6,8,0,ALWAYS
GZ-MZM-004,6,9,0,ALWAYS
GZ-MZM-004,6,10,0,ALWAYS
GZ-MZM-004,6,11,0,ALWAYS
GZ-MZM-004,6,12,0,ALWAYS
GZ-MZM-004,6,13,0,ALWAYS
GZ-MZM-004,6,14,0,ALWAYS
GZ-MZM-004,6,15,0,ALWAYS
GZ-MZM-004,6,16,0,ALWAYS
GZ-MZM-004,6,17,0,ALWAYS
GZ-MZM-004,6,18,0,ALWAYS
GZ-MZM-004,6,19,0,ALWAYS
GZ-MZM-004,6,20,0,ALWAYS
GZ-MZM-004,6,21,0,ALWAYS
GZ-MZM-004,6,22,0,ALWAYS
GZ-MZM-004,6,23,0,ALWAYS
GZ-MZM-004,6,24,0,ALWAYS
GZ-MZM-004,6,25,0,ALWAYS
GZ-MZM-004,6,26,0,ALWAYS
GZ-MZM-004,6,27,0,ALWAYS
GZ-MZM-004,6,28,0,ALWAYS
GZ-MZM-004,6,29,0,ALWAYS
GZ-MZM-004,6,30,0,ALWAYS
GZ-MZM-004,7,1,0,ALWAYS
GZ-MZM-004,7,2,0,ALWAYS
GZ-MZM-004,7,3,0,ALWAYS
GZ-MZM-004,7,4,0,ALWAYS
GZ-MZM-004,7,5,0,ALWAYS
GZ-MZM-004,7,6,0,ALWAYS
GZ-MZM-004,7,7,0,ALWAYS
GZ-MZM-004,7,8,0,ALWAYS
GZ-MZM-004,7,9,0,ALWAYS
GZ-MZM-004,7,10,0,ALWAYS
GZ-MZM-004,7,11,0,ALWAYS
GZ-MZM-004,7,12,0,ALWAYS
GZ-MZM-004,7,13,0,ALWAYS
GZ-MZM-004,7,14,0,ALWAYS
GZ-MZM-004,7,15,0,ALWAYS
GZ-MZM-004,7,16,0,ALWAYS
GZ-MZM-004,7,17,0,ALWAYS
GZ-MZM-004,7,18,0,ALWAYS
GZ-MZM-004,7,19,0,ALWAYS
GZ-MZM-004,7,20,0,ALWAYS
GZ-MZM-004,7,21,0,ALWAYS
GZ-MZM-004,7,22,0,ALWAYS
GZ-MZM-004,7,23,0,ALWAYS
GZ-MZM-004,7,24,0,ALWAYS
GZ-MZM-004,7,25,0,ALWAYS
GZ-MZM-004,7,26,0,ALWAYS
GZ-MZM-004,7,27,0,ALWAYS
GZ-MZM-004,7,28,0,ALWAYS
GZ-MZM-004,7,29,0,ALWAYS
GZ-MZM-004,7,30,0,ALWAYS
GZ-MZM-004,8,1,0,ALWAYS
GZ-MZM-004,8,2,0,ALWAYS
GZ-MZM-004,8,3,0,ALWAYS
GZ-MZM-004,8,4,0,ALWAYS
GZ-MZM-004,8,5,0,ALWAYS
GZ-MZM-004,8,6,0,ALWAYS
GZ-MZM-004,8,7,0,ALWAYS
GZ-MZM-004,8,8,0,ALWAYS
GZ-MZM-004,8,9,0,ALWAYS
GZ-MZM-004,8,10,0,ALWAYS
GZ-MZM-004,8,11,0,ALWAYS
GZ-MZM-004,8,12,0,ALWAYS
GZ-MZM-004,8,13,0,ALWAYS
GZ-MZM-004,8,14,0,ALWAYS
GZ-MZM-004,8,15,0,ALWAYS
GZ-MZM-004,8,16,0,ALWAYS
GZ-MZM-004,8,17,0,ALWAYS
GZ-MZM-004,8,18,0,ALWAYS
GZ-MZM-004,8,19,0,ALWAYS
GZ-MZM-004,8,20,0,ALWAYS
GZ-MZM-004,8,21,0,ALWAYS
GZ-MZM-004,8,22,0,ALWAYS
GZ-MZM-004,8,23,0,ALWAYS
GZ-MZM-004,8,24,0,ALWAYS
GZ-MZM-004,8,25,0,ALWAYS
GZ-MZM-004,8,26,0,ALWAYS
GZ-MZM-004,8,27,0,ALWAYS
GZ-MZM-004,8,28,0,ALWAYS
GZ-MZM-004,8,29,0,ALWAYS
GZ-MZM-004,8,30,0,ALWAYS
GZ-MZM-004,9,1,0,ALWAYS
GZ-MZM-004,9,2,0,ALWAYS
GZ-MZM-004,9,3,0,ALWAYS
GZ-MZM-004,9,4,0,ALWAYS
GZ-MZM-004,9,5,0,ALWAYS
GZ-MZM-004,9,6,0,ALWAYS
GZ-MZM-004,9,7,0,ALWAYS
GZ-MZM-004,9,8,0,ALWAYS
GZ-MZM-004,9,9,0,ALWAYS
GZ-MZM-004,9,10,0,ALWAYS
GZ-MZM-004,9,11,0,ALWAYS
GZ-MZM-004,9,12,0,ALWAYS
GZ-MZM-004,9,13,0,ALWAYS
GZ-MZM-004,9,14,0,ALWAYS
GZ-MZM-004,9,15,0,ALWAYS
GZ-MZM-004,9,16,0,ALWAYS
GZ-MZM-004,9,17,0,ALWAYS
GZ-MZM-004,9,18,0,ALWAYS
GZ-MZM-004,9,19,0,ALWAYS
GZ-MZM-004,9,20,0,ALWAYS
GZ-MZM-004,9,21,0,ALWAYS
GZ-MZM-004,9,22,0,ALWAYS
GZ-MZM-004,9,23,0,ALWAYS
GZ-MZM-004,9,24,0,ALWAYS
GZ-MZM-004,9,25,0,ALWAYS
GZ-MZM-004,9,26,0,ALWAYS
GZ-MZM-004,9,27,0,ALWAYS
GZ-MZM-004,9,28,0,ALWAYS
GZ-MZM-004,9,29,0,ALWAYS
GZ-MZM-004,9,30,0,ALWAYS
GZ-MZM-004,10,1,0,ALWAYS
GZ-MZM-004,10,2,0,ALWAYS
GZ-MZM-004,10,3,0,ALWAYS
GZ-MZM-004,10,4,0,ALWAYS
GZ-MZM-004,10,5,0,ALWAYS
GZ-MZM-004,10,6,0,ALWAYS
GZ-MZM-004,10,7,0,ALWAYS
GZ-MZM-004,10,8,0,ALWAYS
GZ-MZM-004,10,9,0,ALWAYS
GZ-MZM-004,10,10,0,ALWAYS
GZ-MZM-004,10,11,0,ALWAYS
GZ-MZM-004,10,12,0,ALWAYS
GZ-MZM-004,10,13,0,ALWAYS
GZ-MZM-004,10,14,0,ALWAYS
GZ-MZM-004,10,15,0,ALWAYS
GZ-MZM-004,10,16,0,ALWAYS
GZ-MZM-004,10,17,0,ALWAYS
GZ-MZM-004,10,18,0,ALWAYS
GZ-MZM-004,10,19,0,ALWAYS
GZ-MZM-004,10,20,0,ALWAYS
GZ-MZM-004,10,21,0,ALWAYS
GZ-MZM-004,10,22,0,ALWAYS
GZ-MZM-004,10,23,0,ALWAYS
GZ-MZM-004,10,24,0,ALWAYS
GZ-MZM-004,10,25,0,ALWAYS
GZ-MZM-004,10,26,0,ALWAYS
GZ-MZM-004,10,27,0,ALWAYS
GZ-MZM-004,10,28,0,ALWAYS
GZ-MZM-004,10,29,0,ALWAYS
GZ-MZM-004,10,30,0,ALWAYS
GZ-MZM-004,11,1,0,ALWAYS
GZ-MZM-004,11,2,0,ALWAYS
GZ-MZM-004,11,3,0,ALWAYS
GZ-MZM-004,11,4,0,ALWAYS
GZ-MZM-004,11,5,0,ALWAYS
GZ-MZM-004,11,6,0,ALWAYS
GZ-MZM-004,11,7,0,ALWAYS
GZ-MZM-004,11,8,0,ALWAYS
GZ-MZM-004,11,9,0,ALWAYS
GZ-MZM-004,11,10,0,ALWAYS
GZ-MZM-004,11,11,0,ALWAYS
GZ-MZM-004,11,12,0,ALWAYS
GZ-MZM-004,11,13,0,ALWAYS
GZ-MZM-004,11,14,0,ALWAYS
GZ-MZM-004,11,15,0,ALWAYS
GZ-MZM-004,11,16,0,ALWAYS
GZ-MZM-004,11,17,0,ALWAYS
GZ-MZM-004,11,18,0,ALWAYS
GZ-MZM-004,11,19,0,ALWAYS
GZ-MZM-004,11,20,0,ALWAYS
GZ-MZM-004,11,21,0,ALWAYS
GZ-MZM-004,11,22,0,ALWAYS
GZ-MZM-004,11,23,0,ALWAYS
GZ-MZM-004,11,24,0,ALWAYS
GZ-MZM-004,11,25,0,ALWAYS
GZ-MZM-004,11,26,0,ALWAYS
GZ-MZM-004,11,27,0,ALWAYS
GZ-MZM-004,11,28,0,ALWAYS
GZ-MZM-004,11,29,0,ALWAYS
GZ-MZM-004,11,30,0,ALWAYS
GZ-MZM-004,12,1,0,ALWAYS
GZ-MZM-004,12,2,0,ALWAYS
GZ-MZM-004,12,3,0,ALWAYS
GZ-MZM-004,12,4,0,ALWAYS
GZ-MZM-004,12,5,0,ALWAYS
GZ-MZM-004,12,6,0,ALWAYS
GZ-MZM-004,12,7,0,ALWAYS
GZ-MZM-004,12,8,0,ALWAYS
GZ-MZM-004,12,9,0,ALWAYS
GZ-MZM-004,12,10,0,ALWAYS
GZ-MZM-004,12,11,0,ALWAYS
GZ-MZM-004,12,12,0,ALWAYS
GZ-MZM-004,12,13,0,ALWAYS
GZ-MZM-004,12,14,0,ALWAYS
GZ-MZM-004,12,15,0,ALWAYS
GZ-MZM-004,12,16,0,ALWAYS
GZ-MZM-004,12,17,0,ALWAYS
GZ-MZM-004,12,18,0,ALWAYS
GZ-MZM-004,12,19,0,ALWAYS
GZ-MZM-004,12,20,0,ALWAYS
GZ-MZM-004,12,21,0,ALWAYS
GZ-MZM-004,12,22,0,ALWAYS
GZ-MZM-004,12,23,0,ALWAYS
GZ-MZM-004,12,24,0,ALWAYS
GZ-MZM-004,12,25,0,ALWAYS
GZ-MZM-004,12,26,0,ALWAYS
GZ-MZM-004,12,27,0,ALWAYS
GZ-MZM-004,12,28,0,ALWAYS
GZ-MZM-004,12,29,0,ALWAYS
GZ-MZM-004,12,30,0,ALWAYS
GZ-MZM-004,13,1,0,ALWAYS
GZ-MZM-004,13,2,0,ALWAYS
GZ-MZM-004,13,3,0,ALWAYS
GZ-MZM-004,13,4,0,ALWAYS
GZ-MZM-004,13,5,0,ALWAYS
GZ-MZM-004,13,6,0,ALWAYS
GZ-SEY-001,1,1,0,ALWAYS
GZ-SEY-001,1,2,0,ALWAYS
GZ-SEY-001,1,3,0,ALWAYS
GZ-SEY-001,1,4,0,ALWAYS
GZ-SEY-001,1,5,0,ALWAYS
GZ-SEY-001,1,6,0,ALWAYS
GZ-SEY-001,1,7,0,ALWAYS
GZ-SEY-001,1,8,0,ALWAYS
GZ-SEY-001,1,9,0,ALWAYS
GZ-SEY-001,1,10,0,ALWAYS
GZ-SEY-001,1,11,0,ALWAYS
GZ-SEY-001,1,12,0,ALWAYS
GZ-SEY-001,1,13,0,ALWAYS
GZ-SEY-001,1,14,0,ALWAYS
GZ-SEY-001,1,15,0,ALWAYS
GZ-SEY-001,1,16,0,ALWAYS
GZ-SEY-001,1,17,0,ALWAYS
GZ-SEY-001,1,18,0,ALWAYS
GZ-SEY-001,1,19,0,ALWAYS
GZ-SEY-001,1,20,0,ALWAYS
GZ-SEY-001,1,21,0,ALWAYS
GZ-SEY-001,1,22,0,ALWAYS
GZ-SEY-001,1,23,0,ALWAYS
GZ-SEY-001,1,24,0,ALWAYS
GZ-SEY-001,1,25,0,ALWAYS
GZ-SEY-001,1,26,0,ALWAYS
GZ-SEY-001,1,27,0,ALWAYS
GZ-SEY-001,1,28,0,ALWAYS
GZ-SEY-001,1,29,0,ALWAYS
GZ-SEY-001,1,30,0,ALWAYS
GZ-SEY-001,2,1,0,ALWAYS
GZ-SEY-001,2,2,0,ALWAYS
GZ-SEY-001,2,3,0,ALWAYS
GZ-SEY-001,2,4,0,ALWAYS
GZ-SEY-001,2,5,0,ALWAYS
GZ-SEY-001,2,6,0,ALWAYS
GZ-SEY-001,2,7,0,ALWAYS
GZ-SEY-001,2,8,0,ALWAYS
GZ-SEY-001,2,9,0,ALWAYS
GZ-SEY-001,2,10,0,ALWAYS
GZ-SEY-001,2,11,0,ALWAYS
GZ-SEY-001,2,12,0,ALWAYS
GZ-SEY-001,2,13,0,ALWAYS
GZ-SEY-001,2,14,0,ALWAYS
GZ-SEY-001,2,15,0,ALWAYS
GZ-SEY-001,2,16,0,ALWAYS
GZ-SEY-001,2,17,0,ALWAYS
GZ-SEY-001,2,18,0,ALWAYS
GZ-SEY-001,2,19,0,ALWAYS
GZ-SEY-001,2,20,0,ALWAYS
GZ-SEY-001,2,21,0,ALWAYS
GZ-SEY-001,2,22,0,ALWAYS
GZ-SEY-001,2,23,0,ALWAYS
GZ-SEY-001,2,24,0,ALWAYS
GZ-SEY-001,2,25,0,ALWAYS
GZ-SEY-001,2,26,0,ALWAYS
GZ-SEY-001,2,27,0,ALWAYS
GZ-SEY-001,2,28,0,ALWAYS
GZ-SEY-001,2,29,0,ALWAYS
GZ-SEY-001,2,30,0,ALWAYS
GZ-SEY-001,3,1,0,ALWAYS
GZ-SEY-001,3,2,0,ALWAYS
GZ-SEY-001,3,3,0,ALWAYS
GZ-SEY-001,3,4,0,ALWAYS
GZ-SEY-001,3,5,0,ALWAYS
GZ-SEY-001,3,6,0,ALWAYS
GZ-SEY-001,3,7,0,ALWAYS
GZ-SEY-001,3,8,0,ALWAYS
GZ-SEY-001,3,9,0,ALWAYS
GZ-SEY-001,3,10,0,ALWAYS
GZ-SEY-001,3,11,0,ALWAYS
GZ-SEY-001,3,12,0,ALWAYS
GZ-SEY-001,3,13,0,ALWAYS
GZ-SEY-001,3,14,0,ALWAYS
GZ-SEY-001,3,15,0,ALWAYS
GZ-SEY-001,3,16,0,ALWAYS
GZ-SEY-001,3,17,0,ALWAYS
GZ-SEY-001,3,18,0,ALWAYS
GZ-SEY-001,3,19,0,ALWAYS
GZ-SEY-001,3,20,0,ALWAYS
GZ-SEY-001,3,21,0,ALWAYS
GZ-SEY-001,3,22,0,ALWAYS
GZ-SEY-001,3,23,0,ALWAYS
GZ-SEY-001,3,24,0,ALWAYS
GZ-SEY-001,3,25,0,ALWAYS
GZ-SEY-001,3,26,0,ALWAYS
GZ-SEY-001,3,27,0,ALWAYS
GZ-SEY-001,3,28,0,ALWAYS
GZ-SEY-001,3,29,0,ALWAYS
GZ-SEY-001,3,30,0,ALWAYS
GZ-SEY-001,4,1,0,ALWAYS
GZ-SEY-001,4,2,0,ALWAYS
GZ-SEY-001,4,3,0,ALWAYS
GZ-SEY-001,4,4,0,ALWAYS
GZ-SEY-001,4,5,0,ALWAYS
GZ-SEY-001,4,6,0,ALWAYS
GZ-SEY-001,4,7,0,ALWAYS
GZ-SEY-001,4,8,0,ALWAYS
GZ-SEY-001,4,9,0,ALWAYS
GZ-SEY-001,4,10,0,ALWAYS
GZ-SEY-001,4,11,0,ALWAYS
GZ-SEY-001,4,12,0,ALWAYS
GZ-SEY-001,4,13,0,ALWAYS
GZ-SEY-001,4,14,0,ALWAYS
GZ-SEY-001,4,15,0,ALWAYS
GZ-SEY-001,4,16,0,ALWAYS
GZ-SEY-001,4,17,0,ALWAYS
GZ-SEY-001,4,18,0,ALWAYS
GZ-SEY-001,4,19,0,ALWAYS
GZ-SEY-001,4,20,0,ALWAYS
GZ-SEY-001,4,21,0,ALWAYS
GZ-SEY-001,4,22,0,ALWAYS
GZ-SEY-001,4,23,0,ALWAYS
GZ-SEY-001,4,24,0,ALWAYS
GZ-SEY-001,4,25,0,ALWAYS
GZ-SEY-001,4,26,0,ALWAYS
GZ-SEY-001,4,27,0,ALWAYS
GZ-SEY-001,4,28,0,ALWAYS
GZ-SEY-001,4,29,0,ALWAYS
GZ-SEY-001,4,30,0,ALWAYS
GZ-SEY-001,5,1,0,ALWAYS
GZ-SEY-001,5,2,0,ALWAYS
GZ-SEY-001,5,3,0,ALWAYS
GZ-SEY-001,5,4,0,ALWAYS
GZ-SEY-001,5,5,0,ALWAYS
GZ-SEY-001,5,6,0,ALWAYS
GZ-SEY-001,5,7,0,ALWAYS
GZ-SEY-001,5,8,0,ALWAYS
GZ-SEY-001,5,9,0,ALWAYS
GZ-SEY-001,5,10,0,ALWAYS
GZ-SEY-001,5,11,0,ALWAYS
GZ-SEY-001,5,12,0,ALWAYS
GZ-SEY-001,5,13,0,ALWAYS
GZ-SEY-001,5,14,0,ALWAYS
GZ-SEY-001,5,15,0,ALWAYS
GZ-SEY-001,5,16,0,ALWAYS
GZ-SEY-001,5,17,0,ALWAYS
GZ-SEY-001,5,18,0,ALWAYS
GZ-SEY-001,5,19,0,ALWAYS
GZ-SEY-001,5,20,0,ALWAYS
GZ-SEY-001,5,21,0,ALWAYS
GZ-SEY-001,5,22,0,ALWAYS
GZ-SEY-001,5,23,0,ALWAYS
GZ-SEY-001,5,24,0,ALWAYS
GZ-SEY-001,5,25,0,ALWAYS
GZ-SEY-001,5,26,0,ALWAYS
GZ-SEY-001,5,27,0,ALWAYS
GZ-SEY-001,5,28,0,ALWAYS
GZ-SEY-001,5,29,0,ALWAYS
GZ-SEY-001,5,30,0,ALWAYS
GZ-SEY-001,6,1,0,ALWAYS
GZ-SEY-001,6,2,0,ALWAYS
GZ-SEY-001,6,3,0,ALWAYS
GZ-SEY-001,6,4,0,ALWAYS
GZ-SEY-001,6,5,0,ALWAYS
GZ-SEY-001,6,6,0,ALWAYS
GZ-SEY-001,6,7,0,ALWAYS
GZ-SEY-001,6,8,0,ALWAYS
GZ-SEY-001,6,9,0,ALWAYS
GZ-SEY-001,6,10,0,ALWAYS
GZ-SEY-001,6,11,0,ALWAYS
GZ-SEY-001,6,12,0,ALWAYS
GZ-SEY-001,6,13,0,ALWAYS
GZ-SEY-001,6,14,0,ALWAYS
GZ-SEY-001,6,15,0,ALWAYS
GZ-SEY-001,6,16,0,ALWAYS
GZ-SEY-001,6,17,0,ALWAYS
GZ-SEY-001,6,18,0,ALWAYS
GZ-SEY-001,6,19,0,ALWAYS
GZ-SEY-001,6,20,0,ALWAYS
GZ-SEY-001,6,21,0,ALWAYS
GZ-SEY-001,6,22,0,ALWAYS
GZ-SEY-001,6,23,0,ALWAYS
GZ-SEY-001,6,24,0,ALWAYS
GZ-SEY-001,6,25,0,ALWAYS
GZ-SEY-001,6,26,0,ALWAYS
GZ-SEY-001,6,27,0,ALWAYS
GZ-SEY-001,6,28,0,ALWAYS
GZ-SEY-001,6,29,0,ALWAYS
GZ-SEY-001,6,30,0,ALWAYS
GZ-SEY-001,7,1,0,ALWAYS
GZ-SEY-001,7,2,0,ALWAYS
GZ-SEY-001,7,3,0,ALWAYS
GZ-SEY-001,7,4,0,ALWAYS
GZ-SEY-001,7,5,0,ALWAYS
GZ-SEY-001,7,6,0,ALWAYS
GZ-SEY-001,7,7,0,ALWAYS
GZ-SEY-001,7,8,0,ALWAYS
GZ-SEY-001,7,9,0,ALWAYS
GZ-SEY-001,7,10,0,ALWAYS
GZ-SEY-001,7,11,0,ALWAYS
GZ-SEY-001,7,12,0,ALWAYS
GZ-SEY-001,7,13,0,ALWAYS
GZ-SEY-001,7,14,0,ALWAYS
GZ-SEY-001,7,15,0,ALWAYS
GZ-SEY-001,7,16,0,ALWAYS
GZ-SEY-001,7,17,0,ALWAYS
GZ-SEY-001,7,18,0,ALWAYS
GZ-SEY-001,7,19,0,ALWAYS
GZ-SEY-001,7,20,0,ALWAYS
GZ-SEY-001,7,21,0,ALWAYS
GZ-SEY-001,7,22,0,ALWAYS
GZ-SEY-001,7,23,0,ALWAYS
GZ-SEY-001,7,24,0,ALWAYS
GZ-SEY-001,7,25,0,ALWAYS
GZ-SEY-001,7,26,0,ALWAYS
GZ-SEY-001,7,27,0,ALWAYS
GZ-SEY-001,7,28,0,ALWAYS
GZ-SEY-001,7,29,0,ALWAYS
GZ-SEY-001,7,30,0,ALWAYS
GZ-SEY-001,8,1,0,ALWAYS
GZ-SEY-001,8,2,0,ALWAYS
GZ-SEY-001,8,3,0,ALWAYS
GZ-SEY-001,8,4,0,ALWAYS
GZ-SEY-001,8,5,0,ALWAYS
GZ-SEY-001,8,6,0,ALWAYS
GZ-SEY-001,8,7,0,ALWAYS
GZ-SEY-001,8,8,0,ALWAYS
GZ-SEY-001,8,9,0,ALWAYS
GZ-SEY-001,8,10,0,ALWAYS
GZ-SEY-001,8,11,0,ALWAYS
GZ-SEY-001,8,12,0,ALWAYS
GZ-SEY-001,8,13,0,ALWAYS
GZ-SEY-001,8,14,0,ALWAYS
GZ-SEY-001,8,15,0,ALWAYS
GZ-SEY-001,8,16,0,ALWAYS
GZ-SEY-001,8,17,0,ALWAYS
GZ-SEY-001,8,18,0,ALWAYS
GZ-SEY-001,8,19,0,ALWAYS
GZ-SEY-001,8,20,0,ALWAYS
GZ-SEY-001,8,21,0,ALWAYS
GZ-SEY-001,8,22,0,ALWAYS
GZ-SEY-001,8,23,0,ALWAYS
GZ-SEY-001,8,24,0,ALWAYS
GZ-SEY-001,8,25,0,ALWAYS
GZ-SEY-001,8,26,0,ALWAYS
GZ-SEY-001,8,27,0,ALWAYS
GZ-SEY-001,8,28,0,ALWAYS
GZ-SEY-001,8,29,0,ALWAYS
GZ-SEY-001,8,30,0,ALWAYS
GZ-SEY-001,9,1,0,ALWAYS
GZ-SEY-001,9,2,0,ALWAYS
GZ-SEY-001,9,3,0,ALWAYS
GZ-SEY-001,9,4,0,ALWAYS
GZ-SEY-001,9,5,0,ALWAYS
GZ-SEY-001,9,6,0,ALWAYS
GZ-SEY-001,9,7,0,ALWAYS
GZ-SEY-001,9,8,0,ALWAYS
GZ-SEY-001,9,9,0,ALWAYS
GZ-SEY-001,9,10,0,ALWAYS
GZ-SEY-001,9,11,0,ALWAYS
GZ-SEY-001,9,12,0,ALWAYS
GZ-SEY-001,9,13,0,ALWAYS
GZ-SEY-001,9,14,0,ALWAYS
GZ-SEY-001,9,15,0,ALWAYS
GZ-SEY-001,9,16,0,ALWAYS
GZ-SEY-001,9,17,0,ALWAYS
GZ-SEY-001,9,18,0,ALWAYS
GZ-SEY-001,9,19,0,ALWAYS
GZ-SEY-001,9,20,0,ALWAYS
GZ-SEY-001,9,21,0,ALWAYS
GZ-SEY-001,9,22,0,ALWAYS
GZ-SEY-001,9,23,0,ALWAYS
GZ-SEY-001,9,24,0,ALWAYS
GZ-SEY-001,9,25,0,ALWAYS
GZ-SEY-001,9,26,0,ALWAYS
GZ-SEY-001,9,27,0,ALWAYS
GZ-SEY-001,9,28,0,ALWAYS
GZ-SEY-001,9,29,0,ALWAYS
GZ-SEY-001,9,30,0,ALWAYS
GZ-SEY-001,10,1,0,ALWAYS
GZ-SEY-001,10,2,0,ALWAYS
GZ-SEY-001,10,3,0,ALWAYS
GZ-SEY-001,10,4,0,ALWAYS
GZ-SEY-001,10,5,0,ALWAYS
GZ-SEY-001,10,6,0,ALWAYS
GZ-SEY-001,10,7,0,ALWAYS
GZ-SEY-001,10,8,0,ALWAYS
GZ-SEY-001,10,9,0,ALWAYS
GZ-SEY-001,10,10,0,ALWAYS
GZ-SEY-001,10,11,0,ALWAYS
GZ-SEY-001,10,12,0,ALWAYS
GZ-SEY-001,10,13,0,ALWAYS
GZ-SEY-001,10,14,0,ALWAYS
GZ-SEY-001,10,15,0,ALWAYS
GZ-SEY-001,10,16,0,ALWAYS
GZ-SEY-001,10,17,0,ALWAYS
GZ-SEY-001,10,18,0,ALWAYS
GZ-SEY-001,10,19,0,ALWAYS
GZ-SEY-001,10,20,0,ALWAYS
GZ-SEY-001,10,21,0,ALWAYS
GZ-SEY-001,10,22,0,ALWAYS
GZ-SEY-001,10,23,0,ALWAYS
GZ-SEY-001,10,24,0,ALWAYS
GZ-SEY-001,10,25,0,ALWAYS
GZ-SEY-001,10,26,0,ALWAYS
GZ-SEY-001,10,27,0,ALWAYS
GZ-SEY-001,10,28,0,ALWAYS
GZ-SEY-001,10,29,0,ALWAYS
GZ-SEY-001,10,30,0,ALWAYS
GZ-SEY-001,11,1,0,ALWAYS
GZ-SEY-001,11,2,0,ALWAYS
GZ-SEY-001,11,3,0,ALWAYS
GZ-SEY-001,11,4,0,ALWAYS
GZ-SEY-001,11,5,0,ALWAYS
GZ-SEY-001,11,6,0,ALWAYS
GZ-SEY-001,11,7,0,ALWAYS
GZ-SEY-001,11,8,0,ALWAYS
GZ-SEY-001,11,9,0,ALWAYS
GZ-SEY-001,11,10,0,ALWAYS
GZ-SEY-001,11,11,0,ALWAYS
GZ-SEY-001,11,12,0,ALWAYS
GZ-SEY-001,11,13,0,ALWAYS
GZ-SEY-001,11,14,0,ALWAYS
GZ-SEY-001,11,15,0,ALWAYS
GZ-SEY-001,11,16,0,ALWAYS
GZ-SEY-001,11,17,0,ALWAYS
GZ-SEY-001,11,18,0,ALWAYS
GZ-SEY-001,11,19,0,ALWAYS
GZ-SEY-001,11,20,0,ALWAYS
GZ-SEY-001,11,21,0,ALWAYS
GZ-SEY-001,11,22,0,ALWAYS
GZ-SEY-001,11,23,0,ALWAYS
GZ-SEY-001,11,24,0,ALWAYS
GZ-SEY-001,11,25,0,ALWAYS
GZ-SEY-001,11,26,0,ALWAYS
GZ-SEY-001,11,27,0,ALWAYS
GZ-SEY-001,11,28,0,ALWAYS
GZ-SEY-001,11,29,0,ALWAYS
GZ-SEY-001,11,30,0,ALWAYS
GZ-SEY-001,12,1,0,ALWAYS
GZ-SEY-001,12,2,0,ALWAYS
GZ-SEY-001,12,3,0,ALWAYS
GZ-SEY-001,12,4,0,ALWAYS
GZ-SEY-001,12,5,0,ALWAYS
GZ-SEY-001,12,6,0,ALWAYS
GZ-SEY-001,12,7,0,ALWAYS
GZ-SEY-001,12,8,0,ALWAYS
GZ-SEY-001,12,9,0,ALWAYS
GZ-SEY-001,12,10,0,ALWAYS
GZ-SEY-001,12,11,0,ALWAYS
GZ-SEY-001,12,12,0,ALWAYS
GZ-SEY-001,12,13,0,ALWAYS
GZ-SEY-001,12,14,0,ALWAYS
GZ-SEY-001,12,15,0,ALWAYS
GZ-SEY-001,12,16,0,ALWAYS
GZ-SEY-001,12,17,0,ALWAYS
GZ-SEY-001,12,18,0,ALWAYS
GZ-SEY-001,12,19,0,ALWAYS
GZ-SEY-001,12,20,0,ALWAYS
GZ-SEY-001,12,21,0,ALWAYS
GZ-SEY-001,12,22,0,ALWAYS
GZ-SEY-001,12,23,0,ALWAYS
GZ-SEY-001,12,24,0,ALWAYS
GZ-SEY-001,12,25,0,ALWAYS
GZ-SEY-001,12,26,0,ALWAYS
GZ-SEY-001,12,27,0,ALWAYS
GZ-SEY-001,12,28,0,ALWAYS
GZ-SEY-001,12,29,0,ALWAYS
GZ-SEY-001,12,30,0,ALWAYS
GZ-SEY-001,13,1,0,ALWAYS
GZ-SEY-001,13,2,0,ALWAYS
GZ-SEY-001,13,3,0,ALWAYS
GZ-SEY-001,13,4,0,ALWAYS
GZ-SEY-001,13,5,0,ALWAYS
GZ-SEY-001,13,6,0,ALWAYS
GZ-TAM-003,1,1,0,ALWAYS
GZ-TAM-003,1,2,0,ALWAYS
GZ-TAM-003,1,3,0,ALWAYS
GZ-TAM-003,1,4,0,ALWAYS
GZ-TAM-003,1,5,0,ALWAYS
GZ-TAM-003,1,6,0,ALWAYS
GZ-TAM-003,1,7,0,ALWAYS
GZ-TAM-003,1,8,0,ALWAYS
GZ-TAM-003,1,9,0,ALWAYS
GZ-TAM-003,1,10,0,ALWAYS
GZ-TAM-003,1,11,0,ALWAYS
GZ-TAM-003,1,12,0,ALWAYS
GZ-TAM-003,1,13,0,ALWAYS
GZ-TAM-003,1,14,0,ALWAYS
GZ-TAM-003,1,15,0,ALWAYS
GZ-TAM-003,1,16,0,ALWAYS
GZ-TAM-003,1,17,0,ALWAYS
GZ-TAM-003,1,18,0,ALWAYS
GZ-TAM-003,1,19,0,ALWAYS
GZ-TAM-003,1,20,0,ALWAYS
GZ-TAM-003,1,21,0,ALWAYS
GZ-TAM-003,1,22,0,ALWAYS
GZ-TAM-003,1,23,0,ALWAYS
GZ-TAM-003,1,24,0,ALWAYS
GZ-TAM-003,1,25,0,ALWAYS
GZ-TAM-003,1,26,0,ALWAYS
GZ-TAM-003,1,27,0,ALWAYS
GZ-TAM-003,1,28,0,ALWAYS
GZ-TAM-003,1,29,0,ALWAYS
GZ-TAM-003,1,30,0,ALWAYS
GZ-TAM-003,2,1,0,ALWAYS
GZ-TAM-003,2,2,0,ALWAYS
GZ-TAM-003,2,3,0,ALWAYS
GZ-TAM-003,2,4,0,ALWAYS
GZ-TAM-003,2,5,0,ALWAYS
GZ-TAM-003,2,6,0,ALWAYS
GZ-TAM-003,2,7,0,ALWAYS
GZ-TAM-003,2,8,0,ALWAYS
GZ-TAM-003,2,9,0,ALWAYS
GZ-TAM-003,2,10,0,ALWAYS
GZ-TAM-003,2,11,0,ALWAYS
GZ-TAM-003,2,12,0,ALWAYS
GZ-TAM-003,2,13,0,ALWAYS
GZ-TAM-003,2,14,0,ALWAYS
GZ-TAM-003,2,15,0,ALWAYS
GZ-TAM-003,2,16,0,ALWAYS
GZ-TAM-003,2,17,0,ALWAYS
GZ-TAM-003,2,18,0,ALWAYS
GZ-TAM-003,2,19,0,ALWAYS
GZ-TAM-003,2,20,0,ALWAYS
GZ-TAM-003,2,21,0,ALWAYS
GZ-TAM-003,2,22,0,ALWAYS
GZ-TAM-003,2,23,0,ALWAYS
GZ-TAM-003,2,24,0,ALWAYS
GZ-TAM-003,2,25,0,ALWAYS
GZ-TAM-003,2,26,0,ALWAYS
GZ-TAM-003,2,27,0,ALWAYS
GZ-TAM-003,2,28,0,ALWAYS
GZ-TAM-003,2,29,0,ALWAYS
GZ-TAM-003,2,30,0,ALWAYS
GZ-TAM-003,3,1,0,ALWAYS
GZ-TAM-003,3,2,0,ALWAYS
GZ-TAM-003,3,3,0,ALWAYS
GZ-TAM-003,3,4,0,ALWAYS
GZ-TAM-003,3,5,0,ALWAYS
GZ-TAM-003,3,6,0,ALWAYS
GZ-TAM-003,3,7,0,ALWAYS
GZ-TAM-003,3,8,0,ALWAYS
GZ-TAM-003,3,9,0,ALWAYS
GZ-TAM-003,3,10,0,ALWAYS
GZ-TAM-003,3,11,0,ALWAYS
GZ-TAM-003,3,12,0,ALWAYS
GZ-TAM-003,3,13,0,ALWAYS
GZ-TAM-003,3,14,0,ALWAYS
GZ-TAM-003,3,15,0,ALWAYS
GZ-TAM-003,3,16,0,ALWAYS
GZ-TAM-003,3,17,0,ALWAYS
GZ-TAM-003,3,18,0,ALWAYS
GZ-TAM-003,3,19,0,ALWAYS
GZ-TAM-003,3,20,0,ALWAYS
GZ-TAM-003,3,21,0,ALWAYS
GZ-TAM-003,3,22,0,ALWAYS
GZ-TAM-003,3,23,0,ALWAYS
GZ-TAM-003,3,24,0,ALWAYS
GZ-TAM-003,3,25,0,ALWAYS
GZ-TAM-003,3,26,0,ALWAYS
GZ-TAM-003,3,27,0,ALWAYS
GZ-TAM-003,3,28,0,ALWAYS
GZ-TAM-003,3,29,0,ALWAYS
GZ-TAM-003,3,30,0,ALWAYS
GZ-TAM-003,4,1,0,ALWAYS
GZ-TAM-003,4,2,0,ALWAYS
GZ-TAM-003,4,3,0,ALWAYS
GZ-TAM-003,4,4,0,ALWAYS
GZ-TAM-003,4,5,0,ALWAYS
GZ-TAM-003,4,6,0,ALWAYS
GZ-TAM-003,4,7,0,ALWAYS
GZ-TAM-003,4,8,0,ALWAYS
GZ-TAM-003,4,9,0,ALWAYS
GZ-TAM-003,4,10,0,ALWAYS
GZ-TAM-003,4,11,0,ALWAYS
GZ-TAM-003,4,12,0,ALWAYS
GZ-TAM-003,4,13,0,ALWAYS
GZ-TAM-003,4,14,0,ALWAYS
GZ-TAM-003,4,15,0,ALWAYS
GZ-TAM-003,4,16,0,ALWAYS
GZ-TAM-003,4,17,0,ALWAYS
GZ-TAM-003,4,18,0,ALWAYS
GZ-TAM-003,4,19,0,ALWAYS
GZ-TAM-003,4,20,0,ALWAYS
GZ-TAM-003,4,21,0,ALWAYS
GZ-TAM-003,4,22,0,ALWAYS
GZ-TAM-003,4,23,0,ALWAYS
GZ-TAM-003,4,24,0,ALWAYS
GZ-TAM-003,4,25,0,ALWAYS
GZ-TAM-003,4,26,0,ALWAYS
GZ-TAM-003,4,27,0,ALWAYS
GZ-TAM-003,4,28,0,ALWAYS
GZ-TAM-003,4,29,0,ALWAYS
GZ-TAM-003,4,30,0,ALWAYS
GZ-TAM-003,5,1,0,ALWAYS
GZ-TAM-003,5,2,0,ALWAYS
GZ-TAM-003,5,3,0,ALWAYS
GZ-TAM-003,5,4,0,ALWAYS
GZ-TAM-003,5,5,0,ALWAYS
GZ-TAM-003,5,6,0,ALWAYS
GZ-TAM-003,5,7,0,ALWAYS
GZ-TAM-003,5,8,0,ALWAYS
GZ-TAM-003,5,9,0,ALWAYS
GZ-TAM-003,5,10,0,ALWAYS
GZ-TAM-003,5,11,0,ALWAYS
GZ-TAM-003,5,12,0,ALWAYS
GZ-TAM-003,5,13,0,ALWAYS
GZ-TAM-003,5,14,0,ALWAYS
GZ-TAM-003,5,15,0,ALWAYS
GZ-TAM-003,5,16,0,ALWAYS
GZ-TAM-003,5,17,0,ALWAYS
GZ-TAM-003,5,18,0,ALWAYS
GZ-TAM-003,5,19,0,ALWAYS
GZ-TAM-003,5,20,0,ALWAYS
GZ-TAM-003,5,21,0,ALWAYS
GZ-TAM-003,5,22,0,ALWAYS
GZ-TAM-003,5,23,0,ALWAYS
GZ-TAM-003,5,24,0,ALWAYS
GZ-TAM-003,5,25,0,ALWAYS
GZ-TAM-003,5,26,0,ALWAYS
GZ-TAM-003,5,27,0,ALWAYS
GZ-TAM-003,5,28,0,ALWAYS
GZ-TAM-003,5,29,0,ALWAYS
GZ-TAM-003,5,30,0,ALWAYS
GZ-TAM-003,6,1,0,ALWAYS
GZ-TAM-003,6,2,0,ALWAYS
GZ-TAM-003,6,3,0,ALWAYS
GZ-TAM-003,6,4,0,ALWAYS
GZ-TAM-003,6,5,0,ALWAYS
GZ-TAM-003,6,6,0,ALWAYS
GZ-TAM-003,6,7,0,ALWAYS
GZ-TAM-003,6,8,0,ALWAYS
GZ-TAM-003,6,9,0,ALWAYS
GZ-TAM-003,6,10,0,ALWAYS
GZ-TAM-003,6,11,0,ALWAYS
GZ-TAM-003,6,12,0,ALWAYS
GZ-TAM-003,6,13,0,ALWAYS
GZ-TAM-003,6,14,0,ALWAYS
GZ-TAM-003,6,15,0,ALWAYS
GZ-TAM-003,6,16,0,ALWAYS
GZ-TAM-003,6,17,0,ALWAYS
GZ-TAM-003,6,18,0,ALWAYS
GZ-TAM-003,6,19,0,ALWAYS
GZ-TAM-003,6,20,0,ALWAYS
GZ-TAM-003,6,21,0,ALWAYS
GZ-TAM-003,6,22,0,ALWAYS
GZ-TAM-003,6,23,0,ALWAYS
GZ-TAM-003,6,24,0,ALWAYS
GZ-TAM-003,6,25,0,ALWAYS
GZ-TAM-003,6,26,0,ALWAYS
GZ-TAM-003,6,27,0,ALWAYS
GZ-TAM-003,6,28,0,ALWAYS
GZ-TAM-003,6,29,0,ALWAYS
GZ-TAM-003,6,30,0,ALWAYS
GZ-TAM-003,7,1,0,ALWAYS
GZ-TAM-003,7,2,0,ALWAYS
GZ-TAM-003,7,3,0,ALWAYS
GZ-TAM-003,7,4,0,ALWAYS
GZ-TAM-003,7,5,0,ALWAYS
GZ-TAM-003,7,6,0,ALWAYS
GZ-TAM-003,7,7,0,ALWAYS
GZ-TAM-003,7,8,0,ALWAYS
GZ-TAM-003,7,9,0,ALWAYS
GZ-TAM-003,7,10,0,ALWAYS
GZ-TAM-003,7,11,0,ALWAYS
GZ-TAM-003,7,12,0,ALWAYS
GZ-TAM-003,7,13,0,ALWAYS
GZ-TAM-003,7,14,0,ALWAYS
GZ-TAM-003,7,15,0,ALWAYS
GZ-TAM-003,7,16,0,ALWAYS
GZ-TAM-003,7,17,0,ALWAYS
GZ-TAM-003,7,18,0,ALWAYS
GZ-TAM-003,7,19,0,ALWAYS
GZ-TAM-003,7,20,0,ALWAYS
GZ-TAM-003,7,21,0,ALWAYS
GZ-TAM-003,7,22,0,ALWAYS
GZ-TAM-003,7,23,0,ALWAYS
GZ-TAM-003,7,24,0,ALWAYS
GZ-TAM-003,7,25,0,ALWAYS
GZ-TAM-003,7,26,0,ALWAYS
GZ-TAM-003,7,27,0,ALWAYS
GZ-TAM-003,7,28,0,ALWAYS
GZ-TAM-003,7,29,0,ALWAYS
GZ-TAM-003,7,30,0,ALWAYS
GZ-TAM-003,8,1,0,ALWAYS
GZ-TAM-003,8,2,0,ALWAYS
GZ-TAM-003,8,3,0,ALWAYS
GZ-TAM-003,8,4,0,ALWAYS
GZ-TAM-003,8,5,0,ALWAYS
GZ-TAM-003,8,6,0,ALWAYS
GZ-TAM-003,8,7,0,ALWAYS
GZ-TAM-003,8,8,0,ALWAYS
GZ-TAM-003,8,9,0,ALWAYS
GZ-TAM-003,8,10,0,ALWAYS
GZ-TAM-003,8,11,0,ALWAYS
GZ-TAM-003,8,12,0,ALWAYS
GZ-TAM-003,8,13,0,ALWAYS
GZ-TAM-003,8,14,0,ALWAYS
GZ-TAM-003,8,15,0,ALWAYS
GZ-TAM-003,8,16,0,ALWAYS
GZ-TAM-003,8,17,0,ALWAYS
GZ-TAM-003,8,18,0,ALWAYS
GZ-TAM-003,8,19,0,ALWAYS
GZ-TAM-003,8,20,0,ALWAYS
GZ-TAM-003,8,21,0,ALWAYS
GZ-TAM-003,8,22,0,ALWAYS
GZ-TAM-003,8,23,0,ALWAYS
GZ-TAM-003,8,24,0,ALWAYS
GZ-TAM-003,8,25,0,ALWAYS
GZ-TAM-003,8,26,0,ALWAYS
GZ-TAM-003,8,27,0,ALWAYS
GZ-TAM-003,8,28,0,ALWAYS
GZ-TAM-003,8,29,0,ALWAYS
GZ-TAM-003,8,30,0,ALWAYS
GZ-TAM-003,9,1,0,ALWAYS
GZ-TAM-003,9,2,0,ALWAYS
GZ-TAM-003,9,3,0,ALWAYS
GZ-TAM-003,9,4,0,ALWAYS
GZ-TAM-003,9,5,0,ALWAYS
GZ-TAM-003,9,6,0,ALWAYS
GZ-TAM-003,9,7,0,ALWAYS
GZ-TAM-003,9,8,0,ALWAYS
GZ-TAM-003,9,9,0,ALWAYS
GZ-TAM-003,9,10,0,ALWAYS
GZ-TAM-003,9,11,0,ALWAYS
GZ-TAM-003,9,12,0,ALWAYS
GZ-TAM-003,9,13,0,ALWAYS
GZ-TAM-003,9,14,0,ALWAYS
GZ-TAM-003,9,15,0,ALWAYS
GZ-TAM-003,9,16,0,ALWAYS
GZ-TAM-003,9,17,0,ALWAYS
GZ-TAM-003,9,18,0,ALWAYS
GZ-TAM-003,9,19,0,ALWAYS
GZ-TAM-003,9,20,0,ALWAYS
GZ-TAM-003,9,21,0,ALWAYS
GZ-TAM-003,9,22,0,ALWAYS
GZ-TAM-003,9,23,0,ALWAYS
GZ-TAM-003,9,24,0,ALWAYS
GZ-TAM-003,9,25,0,ALWAYS
GZ-TAM-003,9,26,0,ALWAYS
GZ-TAM-003,9,27,0,ALWAYS
GZ-TAM-003,9,28,0,ALWAYS
GZ-TAM-003,9,29,0,ALWAYS
GZ-TAM-003,9,30,0,ALWAYS
GZ-TAM-003,10,1,0,ALWAYS
GZ-TAM-003,10,2,0,ALWAYS
GZ-TAM-003,10,3,0,ALWAYS
GZ-TAM-003,10,4,0,ALWAYS
GZ-TAM-003,10,5,0,ALWAYS
GZ-TAM-003,10,6,0,ALWAYS
GZ-TAM-003,10,7,0,ALWAYS
GZ-TAM-003,10,8,0,ALWAYS
GZ-TAM-003,10,9,0,ALWAYS
GZ-TAM-003,10,10,0,ALWAYS
GZ-TAM-003,10,11,0,ALWAYS
GZ-TAM-003,10,12,0,ALWAYS
GZ-TAM-003,10,13,0,ALWAYS
GZ-TAM-003,10,14,0,ALWAYS
GZ-TAM-003,10,15,0,ALWAYS
GZ-TAM-003,10,16,0,ALWAYS
GZ-TAM-003,10,17,0,ALWAYS
GZ-TAM-003,10,18,0,ALWAYS
GZ-TAM-003,10,19,0,ALWAYS
GZ-TAM-003,10,20,0,ALWAYS
GZ-TAM-003,10,21,0,ALWAYS
GZ-TAM-003,10,22,0,ALWAYS
GZ-TAM-003,10,23,0,ALWAYS
GZ-TAM-003,10,24,0,ALWAYS
GZ-TAM-003,10,25,0,ALWAYS
GZ-TAM-003,10,26,0,ALWAYS
GZ-TAM-003,10,27,0,ALWAYS
GZ-TAM-003,10,28,0,ALWAYS
GZ-TAM-003,10,29,0,ALWAYS
GZ-TAM-003,10,30,0,ALWAYS
GZ-TAM-003,11,1,0,ALWAYS
GZ-TAM-003,11,2,0,ALWAYS
GZ-TAM-003,11,3,0,ALWAYS
GZ-TAM-003,11,4,0,ALWAYS
GZ-TAM-003,11,5,0,ALWAYS
GZ-TAM-003,11,6,0,ALWAYS
GZ-TAM-003,11,7,0,ALWAYS
GZ-TAM-003,11,8,0,ALWAYS
GZ-TAM-003,11,9,0,ALWAYS
GZ-TAM-003,11,10,0,ALWAYS
GZ-TAM-003,11,11,0,ALWAYS
GZ-TAM-003,11,12,0,ALWAYS
GZ-TAM-003,11,13,0,ALWAYS
GZ-TAM-003,11,14,0,ALWAYS
GZ-TAM-003,11,15,0,ALWAYS
GZ-TAM-003,11,16,0,ALWAYS
GZ-TAM-003,11,17,0,ALWAYS
GZ-TAM-003,11,18,0,ALWAYS
GZ-TAM-003,11,19,0,ALWAYS
GZ-TAM-003,11,20,0,ALWAYS
GZ-TAM-003,11,21,0,ALWAYS
GZ-TAM-003,11,22,0,ALWAYS
GZ-TAM-003,11,23,0,ALWAYS
GZ-TAM-003,11,24,0,ALWAYS
GZ-TAM-003,11,25,0,ALWAYS
GZ-TAM-003,11,26,0,ALWAYS
GZ-TAM-003,11,27,0,ALWAYS
GZ-TAM-003,11,28,0,ALWAYS
GZ-TAM-003,11,29,0,ALWAYS
GZ-TAM-003,11,30,0,ALWAYS
GZ-TAM-003,12,1,0,ALWAYS
GZ-TAM-003,12,2,0,ALWAYS
GZ-TAM-003,12,3,0,ALWAYS
GZ-TAM-003,12,4,0,ALWAYS
GZ-TAM-003,12,5,0,ALWAYS
GZ-TAM-003,12,6,0,ALWAYS
GZ-TAM-003,12,7,0,ALWAYS
GZ-TAM-003,12,8,0,ALWAYS
GZ-TAM-003,12,9,0,ALWAYS
GZ-TAM-003,12,10,0,ALWAYS
GZ-TAM-003,12,11,0,ALWAYS
GZ-TAM-003,12,12,0,ALWAYS
GZ-TAM-003,12,13,0,ALWAYS
GZ-TAM-003,12,14,0,ALWAYS
GZ-TAM-003,12,15,0,ALWAYS
GZ-TAM-003,12,16,0,ALWAYS
GZ-TAM-003,12,17,0,ALWAYS
GZ-TAM-003,12,18,0,ALWAYS
GZ-TAM-003,12,19,0,ALWAYS
GZ-TAM-003,12,20,0,ALWAYS
GZ-TAM-003,12,21,0,ALWAYS
GZ-TAM-003,12,22,0,ALWAYS
GZ-TAM-003,12,23,0,ALWAYS
GZ-TAM-003,12,24,0,ALWAYS
GZ-TAM-003,12,25,0,ALWAYS
GZ-TAM-003,12,26,0,ALWAYS
GZ-TAM-003,12,27,0,ALWAYS
GZ-TAM-003,12,28,0,ALWAYS
GZ-TAM-003,12,29,0,ALWAYS
GZ-TAM-003,12,30,0,ALWAYS
GZ-TAM-003,13,1,0,ALWAYS
GZ-TAM-003,13,2,0,ALWAYS
GZ-TAM-003,13,3,0,ALWAYS
GZ-TAM-003,13,4,0,ALWAYS
GZ-TAM-003,13,5,0,ALWAYS
GZ-TAM-003,13,6,0,ALWAYS
GZ-TEA-002,1,1,0,ALWAYS
GZ-TEA-002,1,2,0,ALWAYS
GZ-TEA-002,1,3,0,ALWAYS
GZ-TEA-002,1,4,0,ALWAYS
GZ-TEA-002,1,5,0,ALWAYS
GZ-TEA-002,1,6,0,ALWAYS
GZ-TEA-002,1,7,0,ALWAYS
GZ-TEA-002,1,8,0,ALWAYS
GZ-TEA-002,1,9,0,ALWAYS
GZ-TEA-002,1,10,0,ALWAYS
GZ-TEA-002,1,11,0,ALWAYS
GZ-TEA-002,1,12,0,ALWAYS
GZ-TEA-002,1,13,0,ALWAYS
GZ-TEA-002,1,14,0,ALWAYS
GZ-TEA-002,1,15,0,ALWAYS
GZ-TEA-002,1,16,0,ALWAYS
GZ-TEA-002,1,17,0,ALWAYS
GZ-TEA-002,1,18,0,ALWAYS
GZ-TEA-002,1,19,0,ALWAYS
GZ-TEA-002,1,20,0,ALWAYS
GZ-TEA-002,1,21,0,ALWAYS
GZ-TEA-002,1,22,0,ALWAYS
GZ-TEA-002,1,23,0,ALWAYS
GZ-TEA-002,1,24,0,ALWAYS
GZ-TEA-002,1,25,0,ALWAYS
GZ-TEA-002,1,26,0,ALWAYS
GZ-TEA-002,1,27,0,ALWAYS
GZ-TEA-002,1,28,0,ALWAYS
GZ-TEA-002,1,29,0,ALWAYS
GZ-TEA-002,1,30,0,ALWAYS
GZ-TEA-002,2,1,0,ALWAYS
GZ-TEA-002,2,2,0,ALWAYS
GZ-TEA-002,2,3,0,ALWAYS
GZ-TEA-002,2,4,0,ALWAYS
GZ-TEA-002,2,5,0,ALWAYS
GZ-TEA-002,2,6,0,ALWAYS
GZ-TEA-002,2,7,0,ALWAYS
GZ-TEA-002,2,8,0,ALWAYS
GZ-TEA-002,2,9,0,ALWAYS
GZ-TEA-002,2,10,0,ALWAYS
GZ-TEA-002,2,11,0,ALWAYS
GZ-TEA-002,2,12,0,ALWAYS
GZ-TEA-002,2,13,0,ALWAYS
GZ-TEA-002,2,14,0,ALWAYS
GZ-TEA-002,2,15,0,ALWAYS
GZ-TEA-002,2,16,0,ALWAYS
GZ-TEA-002,2,17,0,ALWAYS
GZ-TEA-002,2,18,0,ALWAYS
GZ-TEA-002,2,19,0,ALWAYS
GZ-TEA-002,2,20,0,ALWAYS
GZ-TEA-002,2,21,0,ALWAYS
GZ-TEA-002,2,22,0,ALWAYS
GZ-TEA-002,2,23,0,ALWAYS
GZ-TEA-002,2,24,0,ALWAYS
GZ-TEA-002,2,25,0,ALWAYS
GZ-TEA-002,2,26,0,ALWAYS
GZ-TEA-002,2,27,0,ALWAYS
GZ-TEA-002,2,28,0,ALWAYS
GZ-TEA-002,2,29,0,ALWAYS
GZ-TEA-002,2,30,0,ALWAYS
GZ-TEA-002,3,1,0,ALWAYS
GZ-TEA-002,3,2,0,ALWAYS
GZ-TEA-002,3,3,0,ALWAYS
GZ-TEA-002,3,4,0,ALWAYS
GZ-TEA-002,3,5,0,ALWAYS
GZ-TEA-002,3,6,0,ALWAYS
GZ-TEA-002,3,7,0,ALWAYS
GZ-TEA-002,3,8,0,ALWAYS
GZ-TEA-002,3,9,0,ALWAYS
GZ-TEA-002,3,10,0,ALWAYS
GZ-TEA-002,3,11,0,ALWAYS
GZ-TEA-002,3,12,0,ALWAYS
GZ-TEA-002,3,13,0,ALWAYS
GZ-TEA-002,3,14,0,ALWAYS
GZ-TEA-002,3,15,0,ALWAYS
GZ-TEA-002,3,16,0,ALWAYS
GZ-TEA-002,3,17,0,ALWAYS
GZ-TEA-002,3,18,0,ALWAYS
GZ-TEA-002,3,19,0,ALWAYS
GZ-TEA-002,3,20,0,ALWAYS
GZ-TEA-002,3,21,0,ALWAYS
GZ-TEA-002,3,22,0,ALWAYS
GZ-TEA-002,3,23,0,ALWAYS
GZ-TEA-002,3,24,0,ALWAYS
GZ-TEA-002,3,25,0,ALWAYS
GZ-TEA-002,3,26,0,ALWAYS
GZ-TEA-002,3,27,0,ALWAYS
GZ-TEA-002,3,28,0,ALWAYS
GZ-TEA-002,3,29,0,ALWAYS
GZ-TEA-002,3,30,0,ALWAYS
GZ-TEA-002,4,1,0,ALWAYS
GZ-TEA-002,4,2,0,ALWAYS
GZ-TEA-002,4,3,0,ALWAYS
GZ-TEA-002,4,4,0,ALWAYS
GZ-TEA-002,4,5,0,ALWAYS
GZ-TEA-002,4,6,0,ALWAYS
GZ-TEA-002,4,7,0,ALWAYS
GZ-TEA-002,4,8,0,ALWAYS
GZ-TEA-002,4,9,0,ALWAYS
GZ-TEA-002,4,10,0,ALWAYS
GZ-TEA-002,4,11,0,ALWAYS
GZ-TEA-002,4,12,0,ALWAYS
GZ-TEA-002,4,13,0,ALWAYS
GZ-TEA-002,4,14,0,ALWAYS
GZ-TEA-002,4,15,0,ALWAYS
GZ-TEA-002,4,16,0,ALWAYS
GZ-TEA-002,4,17,0,ALWAYS
GZ-TEA-002,4,18,0,ALWAYS
GZ-TEA-002,4,19,0,ALWAYS
GZ-TEA-002,4,20,0,ALWAYS
GZ-TEA-002,4,21,0,ALWAYS
GZ-TEA-002,4,22,0,ALWAYS
GZ-TEA-002,4,23,0,ALWAYS
GZ-TEA-002,4,24,0,ALWAYS
GZ-TEA-002,4,25,0,ALWAYS
GZ-TEA-002,4,26,0,ALWAYS
GZ-TEA-002,4,27,0,ALWAYS
GZ-TEA-002,4,28,0,ALWAYS
GZ-TEA-002,4,29,0,ALWAYS
GZ-TEA-002,4,30,0,ALWAYS
GZ-TEA-002,5,1,0,ALWAYS
GZ-TEA-002,5,2,0,ALWAYS
GZ-TEA-002,5,3,0,ALWAYS
GZ-TEA-002,5,4,0,ALWAYS
GZ-TEA-002,5,5,0,ALWAYS
GZ-TEA-002,5,6,0,ALWAYS
GZ-TEA-002,5,7,0,ALWAYS
GZ-TEA-002,5,8,0,ALWAYS
GZ-TEA-002,5,9,0,ALWAYS
GZ-TEA-002,5,10,0,ALWAYS
GZ-TEA-002,5,11,0,ALWAYS
GZ-TEA-002,5,12,0,ALWAYS
GZ-TEA-002,5,13,0,ALWAYS
GZ-TEA-002,5,14,0,ALWAYS
GZ-TEA-002,5,15,0,ALWAYS
GZ-TEA-002,5,16,0,ALWAYS
GZ-TEA-002,5,17,0,ALWAYS
GZ-TEA-002,5,18,0,ALWAYS
GZ-TEA-002,5,19,0,ALWAYS
GZ-TEA-002,5,20,0,ALWAYS
GZ-TEA-002,5,21,0,ALWAYS
GZ-TEA-002,5,22,0,ALWAYS
GZ-TEA-002,5,23,0,ALWAYS
GZ-TEA-002,5,24,0,ALWAYS
GZ-TEA-002,5,25,0,ALWAYS
GZ-TEA-002,5,26,0,ALWAYS
GZ-TEA-002,5,27,0,ALWAYS
GZ-TEA-002,5,28,0,ALWAYS
GZ-TEA-002,5,29,0,ALWAYS
GZ-TEA-002,5,30,0,ALWAYS
GZ-TEA-002,6,1,0,ALWAYS
GZ-TEA-002,6,2,0,ALWAYS
GZ-TEA-002,6,3,0,ALWAYS
GZ-TEA-002,6,4,0,ALWAYS
GZ-TEA-002,6,5,0,ALWAYS
GZ-TEA-002,6,6,0,ALWAYS
GZ-TEA-002,6,7,0,ALWAYS
GZ-TEA-002,6,8,0,ALWAYS
GZ-TEA-002,6,9,0,ALWAYS
GZ-TEA-002,6,10,0,ALWAYS
GZ-TEA-002,6,11,0,ALWAYS
GZ-TEA-002,6,12,0,ALWAYS
GZ-TEA-002,6,13,0,ALWAYS
GZ-TEA-002,6,14,0,ALWAYS
GZ-TEA-002,6,15,0,ALWAYS
GZ-TEA-002,6,16,0,ALWAYS
GZ-TEA-002,6,17,0,ALWAYS
GZ-TEA-002,6,18,0,ALWAYS
GZ-TEA-002,6,19,0,ALWAYS
GZ-TEA-002,6,20,0,ALWAYS
GZ-TEA-002,6,21,0,ALWAYS
GZ-TEA-002,6,22,0,ALWAYS
GZ-TEA-002,6,23,0,ALWAYS
GZ-TEA-002,6,24,0,ALWAYS
GZ-TEA-002,6,25,0,ALWAYS
GZ-TEA-002,6,26,0,ALWAYS
GZ-TEA-002,6,27,0,ALWAYS
GZ-TEA-002,6,28,0,ALWAYS
GZ-TEA-002,6,29,0,ALWAYS
GZ-TEA-002,6,30,0,ALWAYS
GZ-TEA-002,7,1,0,ALWAYS
GZ-TEA-002,7,2,0,ALWAYS
GZ-TEA-002,7,3,0,ALWAYS
GZ-TEA-002,7,4,0,ALWAYS
GZ-TEA-002,7,5,0,ALWAYS
GZ-TEA-002,7,6,0,ALWAYS
GZ-TEA-002,7,7,0,ALWAYS
GZ-TEA-002,7,8,0,ALWAYS
GZ-TEA-002,7,9,0,ALWAYS
GZ-TEA-002,7,10,0,ALWAYS
GZ-TEA-002,7,11,0,ALWAYS
GZ-TEA-002,7,12,0,ALWAYS
GZ-TEA-002,7,13,0,ALWAYS
GZ-TEA-002,7,14,0,ALWAYS
GZ-TEA-002,7,15,0,ALWAYS
GZ-TEA-002,7,16,0,ALWAYS
GZ-TEA-002,7,17,0,ALWAYS
GZ-TEA-002,7,18,0,ALWAYS
GZ-TEA-002,7,19,0,ALWAYS
GZ-TEA-002,7,20,0,ALWAYS
GZ-TEA-002,7,21,0,ALWAYS
GZ-TEA-002,7,22,0,ALWAYS
GZ-TEA-002,7,23,0,ALWAYS
GZ-TEA-002,7,24,0,ALWAYS
GZ-TEA-002,7,25,0,ALWAYS
GZ-TEA-002,7,26,0,ALWAYS
GZ-TEA-002,7,27,0,ALWAYS
GZ-TEA-002,7,28,0,ALWAYS
GZ-TEA-002,7,29,0,ALWAYS
GZ-TEA-002,7,30,0,ALWAYS
GZ-TEA-002,8,1,0,ALWAYS
GZ-TEA-002,8,2,0,ALWAYS
GZ-TEA-002,8,3,0,ALWAYS
GZ-TEA-002,8,4,0,ALWAYS
GZ-TEA-002,8,5,0,ALWAYS
GZ-TEA-002,8,6,0,ALWAYS
GZ-TEA-002,8,7,0,ALWAYS
GZ-TEA-002,8,8,0,ALWAYS
GZ-TEA-002,8,9,0,ALWAYS
GZ-TEA-002,8,10,0,ALWAYS
GZ-TEA-002,8,11,0,ALWAYS
GZ-TEA-002,8,12,0,ALWAYS
GZ-TEA-002,8,13,0,ALWAYS
GZ-TEA-002,8,14,0,ALWAYS
GZ-TEA-002,8,15,0,ALWAYS
GZ-TEA-002,8,16,0,ALWAYS
GZ-TEA-002,8,17,0,ALWAYS
GZ-TEA-002,8,18,0,ALWAYS
GZ-TEA-002,8,19,0,ALWAYS
GZ-TEA-002,8,20,0,ALWAYS
GZ-TEA-002,8,21,0,ALWAYS
GZ-TEA-002,8,22,0,ALWAYS
GZ-TEA-002,8,23,0,ALWAYS
GZ-TEA-002,8,24,0,ALWAYS
GZ-TEA-002,8,25,0,ALWAYS
GZ-TEA-002,8,26,0,ALWAYS
GZ-TEA-002,8,27,0,ALWAYS
GZ-TEA-002,8,28,0,ALWAYS
GZ-TEA-002,8,29,0,ALWAYS
GZ-TEA-002,8,30,0,ALWAYS
GZ-TEA-002,9,1,0,ALWAYS
GZ-TEA-002,9,2,0,ALWAYS
GZ-TEA-002,9,3,0,ALWAYS
GZ-TEA-002,9,4,0,ALWAYS
GZ-TEA-002,9,5,0,ALWAYS
GZ-TEA-002,9,6,0,ALWAYS
GZ-TEA-002,9,7,0,ALWAYS
GZ-TEA-002,9,8,0,ALWAYS
GZ-TEA-002,9,9,0,ALWAYS
GZ-TEA-002,9,10,0,ALWAYS
GZ-TEA-002,9,11,0,ALWAYS
GZ-TEA-002,9,12,0,ALWAYS
GZ-TEA-002,9,13,0,ALWAYS
GZ-TEA-002,9,14,0,ALWAYS
GZ-TEA-002,9,15,0,ALWAYS
GZ-TEA-002,9,16,0,ALWAYS
GZ-TEA-002,9,17,0,ALWAYS
GZ-TEA-002,9,18,0,ALWAYS
GZ-TEA-002,9,19,0,ALWAYS
GZ-TEA-002,9,20,0,ALWAYS
GZ-TEA-002,9,21,0,ALWAYS
GZ-TEA-002,9,22,0,ALWAYS
GZ-TEA-002,9,23,0,ALWAYS
GZ-TEA-002,9,24,0,ALWAYS
GZ-TEA-002,9,25,0,ALWAYS
GZ-TEA-002,9,26,0,ALWAYS
GZ-TEA-002,9,27,0,ALWAYS
GZ-TEA-002,9,28,0,ALWAYS
GZ-TEA-002,9,29,0,ALWAYS
GZ-TEA-002,9,30,0,ALWAYS
GZ-TEA-002,10,1,0,ALWAYS
GZ-TEA-002,10,2,0,ALWAYS
GZ-TEA-002,10,3,0,ALWAYS
GZ-TEA-002,10,4,0,ALWAYS
GZ-TEA-002,10,5,0,ALWAYS
GZ-TEA-002,10,6,0,ALWAYS
GZ-TEA-002,10,7,0,ALWAYS
GZ-TEA-002,10,8,0,ALWAYS
GZ-TEA-002,10,9,0,ALWAYS
GZ-TEA-002,10,10,0,ALWAYS
GZ-TEA-002,10,11,0,ALWAYS
GZ-TEA-002,10,12,0,ALWAYS
GZ-TEA-002,10,13,0,ALWAYS
GZ-TEA-002,10,14,0,ALWAYS
GZ-TEA-002,10,15,0,ALWAYS
GZ-TEA-002,10,16,0,ALWAYS
GZ-TEA-002,10,17,0,ALWAYS
GZ-TEA-002,10,18,0,ALWAYS
GZ-TEA-002,10,19,0,ALWAYS
GZ-TEA-002,10,20,0,ALWAYS
GZ-TEA-002,10,21,0,ALWAYS
GZ-TEA-002,10,22,0,ALWAYS
GZ-TEA-002,10,23,0,ALWAYS
GZ-TEA-002,10,24,0,ALWAYS
GZ-TEA-002,10,25,0,ALWAYS
GZ-TEA-002,10,26,0,ALWAYS
GZ-TEA-002,10,27,0,ALWAYS
GZ-TEA-002,10,28,0,ALWAYS
GZ-TEA-002,10,29,0,ALWAYS
GZ-TEA-002,10,30,0,ALWAYS
GZ-TEA-002,11,1,0,ALWAYS
GZ-TEA-002,11,2,0,ALWAYS
GZ-TEA-002,11,3,0,ALWAYS
GZ-TEA-002,11,4,0,ALWAYS
GZ-TEA-002,11,5,0,ALWAYS
GZ-TEA-002,11,6,0,ALWAYS
GZ-TEA-002,11,7,0,ALWAYS
GZ-TEA-002,11,8,0,ALWAYS
GZ-TEA-002,11,9,0,ALWAYS
GZ-TEA-002,11,10,0,ALWAYS
GZ-TEA-002,11,11,0,ALWAYS
GZ-TEA-002,11,12,0,ALWAYS
GZ-TEA-002,11,13,0,ALWAYS
GZ-TEA-002,11,14,0,ALWAYS
GZ-TEA-002,11,15,0,ALWAYS
GZ-TEA-002,11,16,0,ALWAYS
GZ-TEA-002,11,17,0,ALWAYS
GZ-TEA-002,11,18,0,ALWAYS
GZ-TEA-002,11,19,0,ALWAYS
GZ-TEA-002,11,20,0,ALWAYS
GZ-TEA-002,11,21,0,ALWAYS
GZ-TEA-002,11,22,0,ALWAYS
GZ-TEA-002,11,23,0,ALWAYS
GZ-TEA-002,11,24,0,ALWAYS
GZ-TEA-002,11,25,0,ALWAYS
GZ-TEA-002,11,26,0,ALWAYS
GZ-TEA-002,11,27,0,ALWAYS
GZ-TEA-002,11,28,0,ALWAYS
GZ-TEA-002,11,29,0,ALWAYS
GZ-TEA-002,11,30,0,ALWAYS
GZ-TEA-002,12,1,0,ALWAYS
GZ-TEA-002,12,2,0,ALWAYS
GZ-TEA-002,12,3,0,ALWAYS
GZ-TEA-002,12,4,0,ALWAYS
GZ-TEA-002,12,5,0,ALWAYS
GZ-TEA-002,12,6,0,ALWAYS
GZ-TEA-002,12,7,0,ALWAYS
GZ-TEA-002,12,8,0,ALWAYS
GZ-TEA-002,12,9,0,ALWAYS
GZ-TEA-002,12,10,0,ALWAYS
GZ-TEA-002,12,11,0,ALWAYS
GZ-TEA-002,12,12,0,ALWAYS
GZ-TEA-002,12,13,0,ALWAYS
GZ-TEA-002,12,14,0,ALWAYS
GZ-TEA-002,12,15,0,ALWAYS
GZ-TEA-002,12,16,0,ALWAYS
GZ-TEA-002,12,17,0,ALWAYS
GZ-TEA-002,12,18,0,ALWAYS
GZ-TEA-002,12,19,0,ALWAYS
GZ-TEA-002,12,20,0,ALWAYS
GZ-TEA-002,12,21,0,ALWAYS
GZ-TEA-002,12,22,0,ALWAYS
GZ-TEA-002,12,23,0,ALWAYS
GZ-TEA-002,12,24,0,ALWAYS
GZ-TEA-002,12,25,0,ALWAYS
GZ-TEA-002,12,26,0,ALWAYS
GZ-TEA-002,12,27,0,ALWAYS
GZ-TEA-002,12,28,0,ALWAYS
GZ-TEA-002,12,29,0,ALWAYS
GZ-TEA-002,12,30,0,ALWAYS
GZ-TEA-002,13,1,0,ALWAYS
GZ-TEA-002,13,2,0,ALWAYS
GZ-TEA-002,13,3,0,ALWAYS
GZ-TEA-002,13,4,0,ALWAYS
GZ-TEA-002,13,5,0,ALWAYS
GZ-TEA-002,13,6,0,ALWAYS
GZ-TEA-003,1,1,0,ALWAYS
GZ-TEA-003,1,2,0,ALWAYS
GZ-TEA-003,1,3,0,ALWAYS
GZ-TEA-003,1,4,0,ALWAYS
GZ-TEA-003,1,5,0,ALWAYS
GZ-TEA-003,1,6,0,ALWAYS
GZ-TEA-003,1,7,0,ALWAYS
GZ-TEA-003,1,8,0,ALWAYS
GZ-TEA-003,1,9,0,ALWAYS
GZ-TEA-003,1,10,0,ALWAYS
GZ-TEA-003,1,11,0,ALWAYS
GZ-TEA-003,1,12,0,ALWAYS
GZ-TEA-003,1,13,0,ALWAYS
GZ-TEA-003,1,14,0,ALWAYS
GZ-TEA-003,1,15,0,ALWAYS
GZ-TEA-003,1,16,0,ALWAYS
GZ-TEA-003,1,17,0,ALWAYS
GZ-TEA-003,1,18,0,ALWAYS
GZ-TEA-003,1,19,0,ALWAYS
GZ-TEA-003,1,20,0,ALWAYS
GZ-TEA-003,1,21,0,ALWAYS
GZ-TEA-003,1,22,0,ALWAYS
GZ-TEA-003,1,23,0,ALWAYS
GZ-TEA-003,1,24,0,ALWAYS
GZ-TEA-003,1,25,0,ALWAYS
GZ-TEA-003,1,26,0,ALWAYS
GZ-TEA-003,1,27,0,ALWAYS
GZ-TEA-003,1,28,0,ALWAYS
GZ-TEA-003,1,29,0,ALWAYS
GZ-TEA-003,1,30,0,ALWAYS
GZ-TEA-003,2,1,0,ALWAYS
GZ-TEA-003,2,2,0,ALWAYS
GZ-TEA-003,2,3,0,ALWAYS
GZ-TEA-003,2,4,0,ALWAYS
GZ-TEA-003,2,5,0,ALWAYS
GZ-TEA-003,2,6,0,ALWAYS
GZ-TEA-003,2,7,0,ALWAYS
GZ-TEA-003,2,8,0,ALWAYS
GZ-TEA-003,2,9,0,ALWAYS
GZ-TEA-003,2,10,0,ALWAYS
GZ-TEA-003,2,11,0,ALWAYS
GZ-TEA-003,2,12,0,ALWAYS
GZ-TEA-003,2,13,0,ALWAYS
GZ-TEA-003,2,14,0,ALWAYS
GZ-TEA-003,2,15,0,ALWAYS
GZ-TEA-003,2,16,0,ALWAYS
GZ-TEA-003,2,17,0,ALWAYS
GZ-TEA-003,2,18,0,ALWAYS
GZ-TEA-003,2,19,0,ALWAYS
GZ-TEA-003,2,20,0,ALWAYS
GZ-TEA-003,2,21,0,ALWAYS
GZ-TEA-003,2,22,0,ALWAYS
GZ-TEA-003,2,23,0,ALWAYS
GZ-TEA-003,2,24,0,ALWAYS
GZ-TEA-003,2,25,0,ALWAYS
GZ-TEA-003,2,26,0,ALWAYS
GZ-TEA-003,2,27,0,ALWAYS
GZ-TEA-003,2,28,0,ALWAYS
GZ-TEA-003,2,29,0,ALWAYS
GZ-TEA-003,2,30,0,ALWAYS
GZ-TEA-003,3,1,0,ALWAYS
GZ-TEA-003,3,2,0,ALWAYS
GZ-TEA-003,3,3,0,ALWAYS
GZ-TEA-003,3,4,0,ALWAYS
GZ-TEA-003,3,5,0,ALWAYS
GZ-TEA-003,3,6,0,ALWAYS
GZ-TEA-003,3,7,0,ALWAYS
GZ-TEA-003,3,8,0,ALWAYS
GZ-TEA-003,3,9,0,ALWAYS
GZ-TEA-003,3,10,0,ALWAYS
GZ-TEA-003,3,11,0,ALWAYS
GZ-TEA-003,3,12,0,ALWAYS
GZ-TEA-003,3,13,0,ALWAYS
GZ-TEA-003,3,14,0,ALWAYS
GZ-TEA-003,3,15,0,ALWAYS
GZ-TEA-003,3,16,0,ALWAYS
GZ-TEA-003,3,17,0,ALWAYS
GZ-TEA-003,3,18,0,ALWAYS
GZ-TEA-003,3,19,0,ALWAYS
GZ-TEA-003,3,20,0,ALWAYS
GZ-TEA-003,3,21,0,ALWAYS
GZ-TEA-003,3,22,0,ALWAYS
GZ-TEA-003,3,23,0,ALWAYS
GZ-TEA-003,3,24,0,ALWAYS
GZ-TEA-003,3,25,0,ALWAYS
GZ-TEA-003,3,26,0,ALWAYS
GZ-TEA-003,3,27,0,ALWAYS
GZ-TEA-003,3,28,0,ALWAYS
GZ-TEA-003,3,29,0,ALWAYS
GZ-TEA-003,3,30,0,ALWAYS
GZ-TEA-003,4,1,0,ALWAYS
GZ-TEA-003,4,2,0,ALWAYS
GZ-TEA-003,4,3,0,ALWAYS
GZ-TEA-003,4,4,0,ALWAYS
GZ-TEA-003,4,5,0,ALWAYS
GZ-TEA-003,4,6,0,ALWAYS
GZ-TEA-003,4,7,0,ALWAYS
GZ-TEA-003,4,8,0,ALWAYS
GZ-TEA-003,4,9,0,ALWAYS
GZ-TEA-003,4,10,0,ALWAYS
GZ-TEA-003,4,11,0,ALWAYS
GZ-TEA-003,4,12,0,ALWAYS
GZ-TEA-003,4,13,0,ALWAYS
GZ-TEA-003,4,14,0,ALWAYS
GZ-TEA-003,4,15,0,ALWAYS
GZ-TEA-003,4,16,0,ALWAYS
GZ-TEA-003,4,17,0,ALWAYS
GZ-TEA-003,4,18,0,ALWAYS
GZ-TEA-003,4,19,0,ALWAYS
GZ-TEA-003,4,20,0,ALWAYS
GZ-TEA-003,4,21,0,ALWAYS
GZ-TEA-003,4,22,0,ALWAYS
GZ-TEA-003,4,23,0,ALWAYS
GZ-TEA-003,4,24,0,ALWAYS
GZ-TEA-003,4,25,0,ALWAYS
GZ-TEA-003,4,26,0,ALWAYS
GZ-TEA-003,4,27,0,ALWAYS
GZ-TEA-003,4,28,0,ALWAYS
GZ-TEA-003,4,29,0,ALWAYS
GZ-TEA-003,4,30,0,ALWAYS
GZ-TEA-003,5,1,0,ALWAYS
GZ-TEA-003,5,2,0,ALWAYS
GZ-TEA-003,5,3,0,ALWAYS
GZ-TEA-003,5,4,0,ALWAYS
GZ-TEA-003,5,5,0,ALWAYS
GZ-TEA-003,5,6,0,ALWAYS
GZ-TEA-003,5,7,0,ALWAYS
GZ-TEA-003,5,8,0,ALWAYS
GZ-TEA-003,5,9,0,ALWAYS
GZ-TEA-003,5,10,0,ALWAYS
GZ-TEA-003,5,11,0,ALWAYS
GZ-TEA-003,5,12,0,ALWAYS
GZ-TEA-003,5,13,0,ALWAYS
GZ-TEA-003,5,14,0,ALWAYS
GZ-TEA-003,5,15,0,ALWAYS
GZ-TEA-003,5,16,0,ALWAYS
GZ-TEA-003,5,17,0,ALWAYS
GZ-TEA-003,5,18,0,ALWAYS
GZ-TEA-003,5,19,0,ALWAYS
GZ-TEA-003,5,20,0,ALWAYS
GZ-TEA-003,5,21,0,ALWAYS
GZ-TEA-003,5,22,0,ALWAYS
GZ-TEA-003,5,23,0,ALWAYS
GZ-TEA-003,5,24,0,ALWAYS
GZ-TEA-003,5,25,0,ALWAYS
GZ-TEA-003,5,26,0,ALWAYS
GZ-TEA-003,5,27,0,ALWAYS
GZ-TEA-003,5,28,0,ALWAYS
GZ-TEA-003,5,29,0,ALWAYS
GZ-TEA-003,5,30,0,ALWAYS
GZ-TEA-003,6,1,0,ALWAYS
GZ-TEA-003,6,2,0,ALWAYS
GZ-TEA-003,6,3,0,ALWAYS
GZ-TEA-003,6,4,0,ALWAYS
GZ-TEA-003,6,5,0,ALWAYS
GZ-TEA-003,6,6,0,ALWAYS
GZ-TEA-003,6,7,0,ALWAYS
GZ-TEA-003,6,8,0,ALWAYS
GZ-TEA-003,6,9,0,ALWAYS
GZ-TEA-003,6,10,0,ALWAYS
GZ-TEA-003,6,11,0,ALWAYS
GZ-TEA-003,6,12,0,ALWAYS
GZ-TEA-003,6,13,0,ALWAYS
GZ-TEA-003,6,14,0,ALWAYS
GZ-TEA-003,6,15,0,ALWAYS
GZ-TEA-003,6,16,0,ALWAYS
GZ-TEA-003,6,17,0,ALWAYS
GZ-TEA-003,6,18,0,ALWAYS
GZ-TEA-003,6,19,0,ALWAYS
GZ-TEA-003,6,20,0,ALWAYS
GZ-TEA-003,6,21,0,ALWAYS
GZ-TEA-003,6,22,0,ALWAYS
GZ-TEA-003,6,23,0,ALWAYS
GZ-TEA-003,6,24,0,ALWAYS
GZ-TEA-003,6,25,0,ALWAYS
GZ-TEA-003,6,26,0,ALWAYS
GZ-TEA-003,6,27,0,ALWAYS
GZ-TEA-003,6,28,0,ALWAYS
GZ-TEA-003,6,29,0,ALWAYS
GZ-TEA-003,6,30,0,ALWAYS
GZ-TEA-003,7,1,0,ALWAYS
GZ-TEA-003,7,2,0,ALWAYS
GZ-TEA-003,7,3,0,ALWAYS
GZ-TEA-003,7,4,0,ALWAYS
GZ-TEA-003,7,5,0,ALWAYS
GZ-TEA-003,7,6,0,ALWAYS
GZ-TEA-003,7,7,0,ALWAYS
GZ-TEA-003,7,8,0,ALWAYS
GZ-TEA-003,7,9,0,ALWAYS
GZ-TEA-003,7,10,0,ALWAYS
GZ-TEA-003,7,11,0,ALWAYS
GZ-TEA-003,7,12,0,ALWAYS
GZ-TEA-003,7,13,0,ALWAYS
GZ-TEA-003,7,14,0,ALWAYS
GZ-TEA-003,7,15,0,ALWAYS
GZ-TEA-003,7,16,0,ALWAYS
GZ-TEA-003,7,17,0,ALWAYS
GZ-TEA-003,7,18,0,ALWAYS
GZ-TEA-003,7,19,0,ALWAYS
GZ-TEA-003,7,20,0,ALWAYS
GZ-TEA-003,7,21,0,ALWAYS
GZ-TEA-003,7,22,0,ALWAYS
GZ-TEA-003,7,23,0,ALWAYS
GZ-TEA-003,7,24,0,ALWAYS
GZ-TEA-003,7,25,0,ALWAYS
GZ-TEA-003,7,26,0,ALWAYS
GZ-TEA-003,7,27,0,ALWAYS
GZ-TEA-003,7,28,0,ALWAYS
GZ-TEA-003,7,29,0,ALWAYS
GZ-TEA-003,7,30,0,ALWAYS
GZ-TEA-003,8,1,0,ALWAYS
GZ-TEA-003,8,2,0,ALWAYS
GZ-TEA-003,8,3,0,ALWAYS
GZ-TEA-003,8,4,0,ALWAYS
GZ-TEA-003,8,5,0,ALWAYS
GZ-TEA-003,8,6,0,ALWAYS
GZ-TEA-003,8,7,0,ALWAYS
GZ-TEA-003,8,8,0,ALWAYS
GZ-TEA-003,8,9,0,ALWAYS
GZ-TEA-003,8,10,0,ALWAYS
GZ-TEA-003,8,11,0,ALWAYS
GZ-TEA-003,8,12,0,ALWAYS
GZ-TEA-003,8,13,0,ALWAYS
GZ-TEA-003,8,14,0,ALWAYS
GZ-TEA-003,8,15,0,ALWAYS
GZ-TEA-003,8,16,0,ALWAYS
GZ-TEA-003,8,17,0,ALWAYS
GZ-TEA-003,8,18,0,ALWAYS
GZ-TEA-003,8,19,0,ALWAYS
GZ-TEA-003,8,20,0,ALWAYS
GZ-TEA-003,8,21,0,ALWAYS
GZ-TEA-003,8,22,0,ALWAYS
GZ-TEA-003,8,23,0,ALWAYS
GZ-TEA-003,8,24,0,ALWAYS
GZ-TEA-003,8,25,0,ALWAYS
GZ-TEA-003,8,26,0,ALWAYS
GZ-TEA-003,8,27,0,ALWAYS
GZ-TEA-003,8,28,0,ALWAYS
GZ-TEA-003,8,29,0,ALWAYS
GZ-TEA-003,8,30,0,ALWAYS
GZ-TEA-003,9,1,0,ALWAYS
GZ-TEA-003,9,2,0,ALWAYS
GZ-TEA-003,9,3,0,ALWAYS
GZ-TEA-003,9,4,0,ALWAYS
GZ-TEA-003,9,5,0,ALWAYS
GZ-TEA-003,9,6,0,ALWAYS
GZ-TEA-003,9,7,0,ALWAYS
GZ-TEA-003,9,8,0,ALWAYS
GZ-TEA-003,9,9,0,ALWAYS
GZ-TEA-003,9,10,0,ALWAYS
GZ-TEA-003,9,11,0,ALWAYS
GZ-TEA-003,9,12,0,ALWAYS
GZ-TEA-003,9,13,0,ALWAYS
GZ-TEA-003,9,14,0,ALWAYS
GZ-TEA-003,9,15,0,ALWAYS
GZ-TEA-003,9,16,0,ALWAYS
GZ-TEA-003,9,17,0,ALWAYS
GZ-TEA-003,9,18,0,ALWAYS
GZ-TEA-003,9,19,0,ALWAYS
GZ-TEA-003,9,20,0,ALWAYS
GZ-TEA-003,9,21,0,ALWAYS
GZ-TEA-003,9,22,0,ALWAYS
GZ-TEA-003,9,23,0,ALWAYS
GZ-TEA-003,9,24,0,ALWAYS
GZ-TEA-003,9,25,0,ALWAYS
GZ-TEA-003,9,26,0,ALWAYS
GZ-TEA-003,9,27,0,ALWAYS
GZ-TEA-003,9,28,0,ALWAYS
GZ-TEA-003,9,29,0,ALWAYS
GZ-TEA-003,9,30,0,ALWAYS
GZ-TEA-003,10,1,0,ALWAYS
GZ-TEA-003,10,2,0,ALWAYS
GZ-TEA-003,10,3,0,ALWAYS
GZ-TEA-003,10,4,0,ALWAYS
GZ-TEA-003,10,5,0,ALWAYS
GZ-TEA-003,10,6,0,ALWAYS
GZ-TEA-003,10,7,0,ALWAYS
GZ-TEA-003,10,8,0,ALWAYS
GZ-TEA-003,10,9,0,ALWAYS
GZ-TEA-003,10,10,0,ALWAYS
GZ-TEA-003,10,11,0,ALWAYS
GZ-TEA-003,10,12,0,ALWAYS
GZ-TEA-003,10,13,0,ALWAYS
GZ-TEA-003,10,14,0,ALWAYS
GZ-TEA-003,10,15,0,ALWAYS
GZ-TEA-003,10,16,0,ALWAYS
GZ-TEA-003,10,17,0,ALWAYS
GZ-TEA-003,10,18,0,ALWAYS
GZ-TEA-003,10,19,0,ALWAYS
GZ-TEA-003,10,20,0,ALWAYS
GZ-TEA-003,10,21,0,ALWAYS
GZ-TEA-003,10,22,0,ALWAYS
GZ-TEA-003,10,23,0,ALWAYS
GZ-TEA-003,10,24,0,ALWAYS
GZ-TEA-003,10,25,0,ALWAYS
GZ-TEA-003,10,26,0,ALWAYS
GZ-TEA-003,10,27,0,ALWAYS
GZ-TEA-003,10,28,0,ALWAYS
GZ-TEA-003,10,29,0,ALWAYS
GZ-TEA-003,10,30,0,ALWAYS
GZ-TEA-003,11,1,0,ALWAYS
GZ-TEA-003,11,2,0,ALWAYS
GZ-TEA-003,11,3,0,ALWAYS
GZ-TEA-003,11,4,0,ALWAYS
GZ-TEA-003,11,5,0,ALWAYS
GZ-TEA-003,11,6,0,ALWAYS
GZ-TEA-003,11,7,0,ALWAYS
GZ-TEA-003,11,8,0,ALWAYS
GZ-TEA-003,11,9,0,ALWAYS
GZ-TEA-003,11,10,0,ALWAYS
GZ-TEA-003,11,11,0,ALWAYS
GZ-TEA-003,11,12,0,ALWAYS
GZ-TEA-003,11,13,0,ALWAYS
GZ-TEA-003,11,14,0,ALWAYS
GZ-TEA-003,11,15,0,ALWAYS
GZ-TEA-003,11,16,0,ALWAYS
GZ-TEA-003,11,17,0,ALWAYS
GZ-TEA-003,11,18,0,ALWAYS
GZ-TEA-003,11,19,0,ALWAYS
GZ-TEA-003,11,20,0,ALWAYS
GZ-TEA-003,11,21,0,ALWAYS
GZ-TEA-003,11,22,0,ALWAYS
GZ-TEA-003,11,23,0,ALWAYS
GZ-TEA-003,11,24,0,ALWAYS
GZ-TEA-003,11,25,0,ALWAYS
GZ-TEA-003,11,26,0,ALWAYS
GZ-TEA-003,11,27,0,ALWAYS
GZ-TEA-003,11,28,0,ALWAYS
GZ-TEA-003,11,29,0,ALWAYS
GZ-TEA-003,11,30,0,ALWAYS
GZ-TEA-003,12,1,0,ALWAYS
GZ-TEA-003,12,2,0,ALWAYS
GZ-TEA-003,12,3,0,ALWAYS
GZ-TEA-003,12,4,0,ALWAYS
GZ-TEA-003,12,5,0,ALWAYS
GZ-TEA-003,12,6,0,ALWAYS
GZ-TEA-003,12,7,0,ALWAYS
GZ-TEA-003,12,8,0,ALWAYS
GZ-TEA-003,12,9,0,ALWAYS
GZ-TEA-003,12,10,0,ALWAYS
GZ-TEA-003,12,11,0,ALWAYS
GZ-TEA-003,12,12,0,ALWAYS
GZ-TEA-003,12,13,0,ALWAYS
GZ-TEA-003,12,14,0,ALWAYS
GZ-TEA-003,12,15,0,ALWAYS
GZ-TEA-003,12,16,0,ALWAYS
GZ-TEA-003,12,17,0,ALWAYS
GZ-TEA-003,12,18,0,ALWAYS
GZ-TEA-003,12,19,0,ALWAYS
GZ-TEA-003,12,20,0,ALWAYS
GZ-TEA-003,12,21,0,ALWAYS
GZ-TEA-003,12,22,0,ALWAYS
GZ-TEA-003,12,23,0,ALWAYS
GZ-TEA-003,12,24,0,ALWAYS
GZ-TEA-003,12,25,0,ALWAYS
GZ-TEA-003,12,26,0,ALWAYS
GZ-TEA-003,12,27,0,ALWAYS
GZ-TEA-003,12,28,0,ALWAYS
GZ-TEA-003,12,29,0,ALWAYS
GZ-TEA-003,12,30,0,ALWAYS
GZ-TEA-003,13,1,0,ALWAYS
GZ-TEA-003,13,2,0,ALWAYS
GZ-TEA-003,13,3,0,ALWAYS
GZ-TEA-003,13,4,0,ALWAYS
GZ-TEA-003,13,5,0,ALWAYS
GZ-TEA-003,13,6,0,ALWAYS
GZ-TSE-001,1,1,0,ALWAYS
GZ-TSE-001,1,2,0,ALWAYS
GZ-TSE-001,1,3,0,ALWAYS
GZ-TSE-001,1,4,0,ALWAYS
GZ-TSE-001,1,5,0,ALWAYS
GZ-TSE-001,1,6,0,ALWAYS
GZ-TSE-001,1,7,0,ALWAYS
GZ-TSE-001,1,8,0,ALWAYS
GZ-TSE-001,1,9,0,ALWAYS
GZ-TSE-001,1,10,0,ALWAYS
GZ-TSE-001,1,11,0,ALWAYS
GZ-TSE-001,1,12,0,ALWAYS
GZ-TSE-001,1,13,0,ALWAYS
GZ-TSE-001,1,14,0,ALWAYS
GZ-TSE-001,1,15,0,ALWAYS
GZ-TSE-001,1,16,0,ALWAYS
GZ-TSE-001,1,17,0,ALWAYS
GZ-TSE-001,1,18,0,ALWAYS
GZ-TSE-001,1,19,0,ALWAYS
GZ-TSE-001,1,20,0,ALWAYS
GZ-TSE-001,1,21,0,ALWAYS
GZ-TSE-001,1,22,0,ALWAYS
GZ-TSE-001,1,23,0,ALWAYS
GZ-TSE-001,1,24,0,ALWAYS
GZ-TSE-001,1,25,0,ALWAYS
GZ-TSE-001,1,26,0,ALWAYS
GZ-TSE-001,1,27,0,ALWAYS
GZ-TSE-001,1,28,0,ALWAYS
GZ-TSE-001,1,29,0,ALWAYS
GZ-TSE-001,1,30,0,ALWAYS
GZ-TSE-001,2,1,0,ALWAYS
GZ-TSE-001,2,2,0,ALWAYS
GZ-TSE-001,2,3,0,ALWAYS
GZ-TSE-001,2,4,0,ALWAYS
GZ-TSE-001,2,5,0,ALWAYS
GZ-TSE-001,2,6,0,ALWAYS
GZ-TSE-001,2,7,0,ALWAYS
GZ-TSE-001,2,8,0,ALWAYS
GZ-TSE-001,2,9,0,ALWAYS
GZ-TSE-001,2,10,0,ALWAYS
GZ-TSE-001,2,11,0,ALWAYS
GZ-TSE-001,2,12,0,ALWAYS
GZ-TSE-001,2,13,0,ALWAYS
GZ-TSE-001,2,14,0,ALWAYS
GZ-TSE-001,2,15,0,ALWAYS
GZ-TSE-001,2,16,0,ALWAYS
GZ-TSE-001,2,17,0,ALWAYS
GZ-TSE-001,2,18,0,ALWAYS
GZ-TSE-001,2,19,0,ALWAYS
GZ-TSE-001,2,20,0,ALWAYS
GZ-TSE-001,2,21,0,ALWAYS
GZ-TSE-001,2,22,0,ALWAYS
GZ-TSE-001,2,23,0,ALWAYS
GZ-TSE-001,2,24,0,ALWAYS
GZ-TSE-001,2,25,0,ALWAYS
GZ-TSE-001,2,26,0,ALWAYS
GZ-TSE-001,2,27,0,ALWAYS
GZ-TSE-001,2,28,0,ALWAYS
GZ-TSE-001,2,29,0,ALWAYS
GZ-TSE-001,2,30,0,ALWAYS
GZ-TSE-001,3,1,0,ALWAYS
GZ-TSE-001,3,2,0,ALWAYS
GZ-TSE-001,3,3,0,ALWAYS
GZ-TSE-001,3,4,0,ALWAYS
GZ-TSE-001,3,5,0,ALWAYS
GZ-TSE-001,3,6,0,ALWAYS
GZ-TSE-001,3,7,0,ALWAYS
GZ-TSE-001,3,8,0,ALWAYS
GZ-TSE-001,3,9,0,ALWAYS
GZ-TSE-001,3,10,0,ALWAYS
GZ-TSE-001,3,11,0,ALWAYS
GZ-TSE-001,3,12,0,ALWAYS
GZ-TSE-001,3,13,0,ALWAYS
GZ-TSE-001,3,14,0,ALWAYS
GZ-TSE-001,3,15,0,ALWAYS
GZ-TSE-001,3,16,0,ALWAYS
GZ-TSE-001,3,17,0,ALWAYS
GZ-TSE-001,3,18,0,ALWAYS
GZ-TSE-001,3,19,0,ALWAYS
GZ-TSE-001,3,20,0,ALWAYS
GZ-TSE-001,3,21,0,ALWAYS
GZ-TSE-001,3,22,0,ALWAYS
GZ-TSE-001,3,23,0,ALWAYS
GZ-TSE-001,3,24,0,ALWAYS
GZ-TSE-001,3,25,0,ALWAYS
GZ-TSE-001,3,26,0,ALWAYS
GZ-TSE-001,3,27,0,ALWAYS
GZ-TSE-001,3,28,0,ALWAYS
GZ-TSE-001,3,29,0,ALWAYS
GZ-TSE-001,3,30,0,ALWAYS
GZ-TSE-001,4,1,0,ALWAYS
GZ-TSE-001,4,2,0,ALWAYS
GZ-TSE-001,4,3,0,ALWAYS
GZ-TSE-001,4,4,0,ALWAYS
GZ-TSE-001,4,5,0,ALWAYS
GZ-TSE-001,4,6,0,ALWAYS
GZ-TSE-001,4,7,0,ALWAYS
GZ-TSE-001,4,8,0,ALWAYS
GZ-TSE-001,4,9,0,ALWAYS
GZ-TSE-001,4,10,0,ALWAYS
GZ-TSE-001,4,11,0,ALWAYS
GZ-TSE-001,4,12,0,ALWAYS
GZ-TSE-001,4,13,0,ALWAYS
GZ-TSE-001,4,14,0,ALWAYS
GZ-TSE-001,4,15,0,ALWAYS
GZ-TSE-001,4,16,0,ALWAYS
GZ-TSE-001,4,17,0,ALWAYS
GZ-TSE-001,4,18,0,ALWAYS
GZ-TSE-001,4,19,0,ALWAYS
GZ-TSE-001,4,20,0,ALWAYS
GZ-TSE-001,4,21,0,ALWAYS
GZ-TSE-001,4,22,0,ALWAYS
GZ-TSE-001,4,23,0,ALWAYS
GZ-TSE-001,4,24,0,ALWAYS
GZ-TSE-001,4,25,0,ALWAYS
GZ-TSE-001,4,26,0,ALWAYS
GZ-TSE-001,4,27,0,ALWAYS
GZ-TSE-001,4,28,0,ALWAYS
GZ-TSE-001,4,29,0,ALWAYS
GZ-TSE-001,4,30,0,ALWAYS
GZ-TSE-001,5,1,0,ALWAYS
GZ-TSE-001,5,2,0,ALWAYS
GZ-TSE-001,5,3,0,ALWAYS
GZ-TSE-001,5,4,0,ALWAYS
GZ-TSE-001,5,5,0,ALWAYS
GZ-TSE-001,5,6,0,ALWAYS
GZ-TSE-001,5,7,0,ALWAYS
GZ-TSE-001,5,8,0,ALWAYS
GZ-TSE-001,5,9,0,ALWAYS
GZ-TSE-001,5,10,0,ALWAYS
GZ-TSE-001,5,11,0,ALWAYS
GZ-TSE-001,5,12,0,ALWAYS
GZ-TSE-001,5,13,0,ALWAYS
GZ-TSE-001,5,14,0,ALWAYS
GZ-TSE-001,5,15,0,ALWAYS
GZ-TSE-001,5,16,0,ALWAYS
GZ-TSE-001,5,17,0,ALWAYS
GZ-TSE-001,5,18,0,ALWAYS
GZ-TSE-001,5,19,0,ALWAYS
GZ-TSE-001,5,20,0,ALWAYS
GZ-TSE-001,5,21,0,ALWAYS
GZ-TSE-001,5,22,0,ALWAYS
GZ-TSE-001,5,23,0,ALWAYS
GZ-TSE-001,5,24,0,ALWAYS
GZ-TSE-001,5,25,0,ALWAYS
GZ-TSE-001,5,26,0,ALWAYS
GZ-TSE-001,5,27,0,ALWAYS
GZ-TSE-001,5,28,0,ALWAYS
GZ-TSE-001,5,29,0,ALWAYS
GZ-TSE-001,5,30,0,ALWAYS
GZ-TSE-001,6,1,0,ALWAYS
GZ-TSE-001,6,2,0,ALWAYS
GZ-TSE-001,6,3,0,ALWAYS
GZ-TSE-001,6,4,0,ALWAYS
GZ-TSE-001,6,5,0,ALWAYS
GZ-TSE-001,6,6,0,ALWAYS
GZ-TSE-001,6,7,0,ALWAYS
GZ-TSE-001,6,8,0,ALWAYS
GZ-TSE-001,6,9,0,ALWAYS
GZ-TSE-001,6,10,0,ALWAYS
GZ-TSE-001,6,11,0,ALWAYS
GZ-TSE-001,6,12,0,ALWAYS
GZ-TSE-001,6,13,0,ALWAYS
GZ-TSE-001,6,14,0,ALWAYS
GZ-TSE-001,6,15,0,ALWAYS
GZ-TSE-001,6,16,0,ALWAYS
GZ-TSE-001,6,17,0,ALWAYS
GZ-TSE-001,6,18,0,ALWAYS
GZ-TSE-001,6,19,0,ALWAYS
GZ-TSE-001,6,20,0,ALWAYS
GZ-TSE-001,6,21,0,ALWAYS
GZ-TSE-001,6,22,0,ALWAYS
GZ-TSE-001,6,23,0,ALWAYS
GZ-TSE-001,6,24,0,ALWAYS
GZ-TSE-001,6,25,0,ALWAYS
GZ-TSE-001,6,26,0,ALWAYS
GZ-TSE-001,6,27,0,ALWAYS
GZ-TSE-001,6,28,0,ALWAYS
GZ-TSE-001,6,29,0,ALWAYS
GZ-TSE-001,6,30,0,ALWAYS
GZ-TSE-001,7,1,0,ALWAYS
GZ-TSE-001,7,2,0,ALWAYS
GZ-TSE-001,7,3,0,ALWAYS
GZ-TSE-001,7,4,0,ALWAYS
GZ-TSE-001,7,5,0,ALWAYS
GZ-TSE-001,7,6,0,ALWAYS
GZ-TSE-001,7,7,0,ALWAYS
GZ-TSE-001,7,8,0,ALWAYS
GZ-TSE-001,7,9,0,ALWAYS
GZ-TSE-001,7,10,0,ALWAYS
GZ-TSE-001,7,11,0,ALWAYS
GZ-TSE-001,7,12,0,ALWAYS
GZ-TSE-001,7,13,0,ALWAYS
GZ-TSE-001,7,14,0,ALWAYS
GZ-TSE-001,7,15,0,ALWAYS
GZ-TSE-001,7,16,0,ALWAYS
GZ-TSE-001,7,17,0,ALWAYS
GZ-TSE-001,7,18,0,ALWAYS
GZ-TSE-001,7,19,0,ALWAYS
GZ-TSE-001,7,20,0,ALWAYS
GZ-TSE-001,7,21,0,ALWAYS
GZ-TSE-001,7,22,0,ALWAYS
GZ-TSE-001,7,23,0,ALWAYS
GZ-TSE-001,7,24,0,ALWAYS
GZ-TSE-001,7,25,0,ALWAYS
GZ-TSE-001,7,26,0,ALWAYS
GZ-TSE-001,7,27,0,ALWAYS
GZ-TSE-001,7,28,0,ALWAYS
GZ-TSE-001,7,29,0,ALWAYS
GZ-TSE-001,7,30,0,ALWAYS
GZ-TSE-001,8,1,0,ALWAYS
GZ-TSE-001,8,2,0,ALWAYS
GZ-TSE-001,8,3,0,ALWAYS
GZ-TSE-001,8,4,0,ALWAYS
GZ-TSE-001,8,5,0,ALWAYS
GZ-TSE-001,8,6,0,ALWAYS
GZ-TSE-001,8,7,0,ALWAYS
GZ-TSE-001,8,8,0,ALWAYS
GZ-TSE-001,8,9,0,ALWAYS
GZ-TSE-001,8,10,0,ALWAYS
GZ-TSE-001,8,11,0,ALWAYS
GZ-TSE-001,8,12,0,ALWAYS
GZ-TSE-001,8,13,0,ALWAYS
GZ-TSE-001,8,14,0,ALWAYS
GZ-TSE-001,8,15,0,ALWAYS
GZ-TSE-001,8,16,0,ALWAYS
GZ-TSE-001,8,17,0,ALWAYS
GZ-TSE-001,8,18,0,ALWAYS
GZ-TSE-001,8,19,0,ALWAYS
GZ-TSE-001,8,20,0,ALWAYS
GZ-TSE-001,8,21,0,ALWAYS
GZ-TSE-001,8,22,0,ALWAYS
GZ-TSE-001,8,23,0,ALWAYS
GZ-TSE-001,8,24,0,ALWAYS
GZ-TSE-001,8,25,0,ALWAYS
GZ-TSE-001,8,26,0,ALWAYS
GZ-TSE-001,8,27,0,ALWAYS
GZ-TSE-001,8,28,0,ALWAYS
GZ-TSE-001,8,29,0,ALWAYS
GZ-TSE-001,8,30,0,ALWAYS
GZ-TSE-001,9,1,0,ALWAYS
GZ-TSE-001,9,2,0,ALWAYS
GZ-TSE-001,9,3,0,ALWAYS
GZ-TSE-001,9,4,0,ALWAYS
GZ-TSE-001,9,5,0,ALWAYS
GZ-TSE-001,9,6,0,ALWAYS
GZ-TSE-001,9,7,0,ALWAYS
GZ-TSE-001,9,8,0,ALWAYS
GZ-TSE-001,9,9,0,ALWAYS
GZ-TSE-001,9,10,0,ALWAYS
GZ-TSE-001,9,11,0,ALWAYS
GZ-TSE-001,9,12,0,ALWAYS
GZ-TSE-001,9,13,0,ALWAYS
GZ-TSE-001,9,14,0,ALWAYS
GZ-TSE-001,9,15,0,ALWAYS
GZ-TSE-001,9,16,0,ALWAYS
GZ-TSE-001,9,17,0,ALWAYS
GZ-TSE-001,9,18,0,ALWAYS
GZ-TSE-001,9,19,0,ALWAYS
GZ-TSE-001,9,20,0,ALWAYS
GZ-TSE-001,9,21,0,ALWAYS
GZ-TSE-001,9,22,0,ALWAYS
GZ-TSE-001,9,23,0,ALWAYS
GZ-TSE-001,9,24,0,ALWAYS
GZ-TSE-001,9,25,0,ALWAYS
GZ-TSE-001,9,26,0,ALWAYS
GZ-TSE-001,9,27,0,ALWAYS
GZ-TSE-001,9,28,0,ALWAYS
GZ-TSE-001,9,29,0,ALWAYS
GZ-TSE-001,9,30,0,ALWAYS
GZ-TSE-001,10,1,0,ALWAYS
GZ-TSE-001,10,2,0,ALWAYS
GZ-TSE-001,10,3,0,ALWAYS
GZ-TSE-001,10,4,0,ALWAYS
GZ-TSE-001,10,5,0,ALWAYS
GZ-TSE-001,10,6,0,ALWAYS
GZ-TSE-001,10,7,0,ALWAYS
GZ-TSE-001,10,8,0,ALWAYS
GZ-TSE-001,10,9,0,ALWAYS
GZ-TSE-001,10,10,0,ALWAYS
GZ-TSE-001,10,11,0,ALWAYS
GZ-TSE-001,10,12,0,ALWAYS
GZ-TSE-001,10,13,0,ALWAYS
GZ-TSE-001,10,14,0,ALWAYS
GZ-TSE-001,10,15,0,ALWAYS
GZ-TSE-001,10,16,0,ALWAYS
GZ-TSE-001,10,17,0,ALWAYS
GZ-TSE-001,10,18,0,ALWAYS
GZ-TSE-001,10,19,0,ALWAYS
GZ-TSE-001,10,20,0,ALWAYS
GZ-TSE-001,10,21,0,ALWAYS
GZ-TSE-001,10,22,0,ALWAYS
GZ-TSE-001,10,23,0,ALWAYS
GZ-TSE-001,10,24,0,ALWAYS
GZ-TSE-001,10,25,0,ALWAYS
GZ-TSE-001,10,26,0,ALWAYS
GZ-TSE-001,10,27,0,ALWAYS
GZ-TSE-001,10,28,0,ALWAYS
GZ-TSE-001,10,29,0,ALWAYS
GZ-TSE-001,10,30,0,ALWAYS
GZ-TSE-001,11,1,0,ALWAYS
GZ-TSE-001,11,2,0,ALWAYS
GZ-TSE-001,11,3,0,ALWAYS
GZ-TSE-001,11,4,0,ALWAYS
GZ-TSE-001,11,5,0,ALWAYS
GZ-TSE-001,11,6,0,ALWAYS
GZ-TSE-001,11,7,0,ALWAYS
GZ-TSE-001,11,8,0,ALWAYS
GZ-TSE-001,11,9,0,ALWAYS
GZ-TSE-001,11,10,0,ALWAYS
GZ-TSE-001,11,11,0,ALWAYS
GZ-TSE-001,11,12,0,ALWAYS
GZ-TSE-001,11,13,0,ALWAYS
GZ-TSE-001,11,14,0,ALWAYS
GZ-TSE-001,11,15,0,ALWAYS
GZ-TSE-001,11,16,0,ALWAYS
GZ-TSE-001,11,17,0,ALWAYS
GZ-TSE-001,11,18,0,ALWAYS
GZ-TSE-001,11,19,0,ALWAYS
GZ-TSE-001,11,20,0,ALWAYS
GZ-TSE-001,11,21,0,ALWAYS
GZ-TSE-001,11,22,0,ALWAYS
GZ-TSE-001,11,23,0,ALWAYS
GZ-TSE-001,11,24,0,ALWAYS
GZ-TSE-001,11,25,0,ALWAYS
GZ-TSE-001,11,26,0,ALWAYS
GZ-TSE-001,11,27,0,ALWAYS
GZ-TSE-001,11,28,0,ALWAYS
GZ-TSE-001,11,29,0,ALWAYS
GZ-TSE-001,11,30,0,ALWAYS
GZ-TSE-001,12,1,0,ALWAYS
GZ-TSE-001,12,2,0,ALWAYS
GZ-TSE-001,12,3,0,ALWAYS
GZ-TSE-001,12,4,0,ALWAYS
GZ-TSE-001,12,5,0,ALWAYS
GZ-TSE-001,12,6,0,ALWAYS
GZ-TSE-001,12,7,0,ALWAYS
GZ-TSE-001,12,8,0,ALWAYS
GZ-TSE-001,12,9,0,ALWAYS
GZ-TSE-001,12,10,0,ALWAYS
GZ-TSE-001,12,11,0,ALWAYS
GZ-TSE-001,12,12,0,ALWAYS
GZ-TSE-001,12,13,0,ALWAYS
GZ-TSE-001,12,14,0,ALWAYS
GZ-TSE-001,12,15,0,ALWAYS
GZ-TSE-001,12,16,0,ALWAYS
GZ-TSE-001,12,17,0,ALWAYS
GZ-TSE-001,12,18,0,ALWAYS
GZ-TSE-001,12,19,0,ALWAYS
GZ-TSE-001,12,20,0,ALWAYS
GZ-TSE-001,12,21,0,ALWAYS
GZ-TSE-001,12,22,0,ALWAYS
GZ-TSE-001,12,23,0,ALWAYS
GZ-TSE-001,12,24,0,ALWAYS
GZ-TSE-001,12,25,0,ALWAYS
GZ-TSE-001,12,26,0,ALWAYS
GZ-TSE-001,12,27,0,ALWAYS
GZ-TSE-001,12,28,0,ALWAYS
GZ-TSE-001,12,29,0,ALWAYS
GZ-TSE-001,12,30,0,ALWAYS
GZ-TSE-001,13,1,0,ALWAYS
GZ-TSE-001,13,2,0,ALWAYS
GZ-TSE-001,13,3,0,ALWAYS
GZ-TSE-001,13,4,0,ALWAYS
GZ-TSE-001,13,5,0,ALWAYS
GZ-TSE-001,13,6,0,ALWAYS
GZ-TSE-002,1,1,0,ALWAYS
GZ-TSE-002,1,2,0,ALWAYS
GZ-TSE-002,1,3,0,ALWAYS
GZ-TSE-002,1,4,0,ALWAYS
GZ-TSE-002,1,5,0,ALWAYS
GZ-TSE-002,1,6,0,ALWAYS
GZ-TSE-002,1,7,0,ALWAYS
GZ-TSE-002,1,8,0,ALWAYS
GZ-TSE-002,1,9,0,ALWAYS
GZ-TSE-002,1,10,0,ALWAYS
GZ-TSE-002,1,11,0,ALWAYS
GZ-TSE-002,1,12,0,ALWAYS
GZ-TSE-002,1,13,0,ALWAYS
GZ-TSE-002,1,14,0,ALWAYS
GZ-TSE-002,1,15,0,ALWAYS
GZ-TSE-002,1,16,0,ALWAYS
GZ-TSE-002,1,17,0,ALWAYS
GZ-TSE-002,1,18,0,ALWAYS
GZ-TSE-002,1,19,0,ALWAYS
GZ-TSE-002,1,20,0,ALWAYS
GZ-TSE-002,1,21,0,ALWAYS
GZ-TSE-002,1,22,0,ALWAYS
GZ-TSE-002,1,23,0,ALWAYS
GZ-TSE-002,1,24,0,ALWAYS
GZ-TSE-002,1,25,0,ALWAYS
GZ-TSE-002,1,26,0,ALWAYS
GZ-TSE-002,1,27,0,ALWAYS
GZ-TSE-002,1,28,0,ALWAYS
GZ-TSE-002,1,29,0,ALWAYS
GZ-TSE-002,1,30,0,ALWAYS
GZ-TSE-002,2,1,0,ALWAYS
GZ-TSE-002,2,2,0,ALWAYS
GZ-TSE-002,2,3,0,ALWAYS
GZ-TSE-002,2,4,0,ALWAYS
GZ-TSE-002,2,5,0,ALWAYS
GZ-TSE-002,2,6,0,ALWAYS
GZ-TSE-002,2,7,0,ALWAYS
GZ-TSE-002,2,8,0,ALWAYS
GZ-TSE-002,2,9,0,ALWAYS
GZ-TSE-002,2,10,0,ALWAYS
GZ-TSE-002,2,11,0,ALWAYS
GZ-TSE-002,2,12,0,ALWAYS
GZ-TSE-002,2,13,0,ALWAYS
GZ-TSE-002,2,14,0,ALWAYS
GZ-TSE-002,2,15,0,ALWAYS
GZ-TSE-002,2,16,0,ALWAYS
GZ-TSE-002,2,17,0,ALWAYS
GZ-TSE-002,2,18,0,ALWAYS
GZ-TSE-002,2,19,0,ALWAYS
GZ-TSE-002,2,20,0,ALWAYS
GZ-TSE-002,2,21,0,ALWAYS
GZ-TSE-002,2,22,0,ALWAYS
GZ-TSE-002,2,23,0,ALWAYS
GZ-TSE-002,2,24,0,ALWAYS
GZ-TSE-002,2,25,0,ALWAYS
GZ-TSE-002,2,26,0,ALWAYS
GZ-TSE-002,2,27,0,ALWAYS
GZ-TSE-002,2,28,0,ALWAYS
GZ-TSE-002,2,29,0,ALWAYS
GZ-TSE-002,2,30,0,ALWAYS
GZ-TSE-002,3,1,0,ALWAYS
GZ-TSE-002,3,2,0,ALWAYS
GZ-TSE-002,3,3,0,ALWAYS
GZ-TSE-002,3,4,0,ALWAYS
GZ-TSE-002,3,5,0,ALWAYS
GZ-TSE-002,3,6,0,ALWAYS
GZ-TSE-002,3,7,0,ALWAYS
GZ-TSE-002,3,8,0,ALWAYS
GZ-TSE-002,3,9,0,ALWAYS
GZ-TSE-002,3,10,0,ALWAYS
GZ-TSE-002,3,11,0,ALWAYS
GZ-TSE-002,3,12,0,ALWAYS
GZ-TSE-002,3,13,0,ALWAYS
GZ-TSE-002,3,14,0,ALWAYS
GZ-TSE-002,3,15,0,ALWAYS
GZ-TSE-002,3,16,0,ALWAYS
GZ-TSE-002,3,17,0,ALWAYS
GZ-TSE-002,3,18,0,ALWAYS
GZ-TSE-002,3,19,0,ALWAYS
GZ-TSE-002,3,20,0,ALWAYS
GZ-TSE-002,3,21,0,ALWAYS
GZ-TSE-002,3,22,0,ALWAYS
GZ-TSE-002,3,23,0,ALWAYS
GZ-TSE-002,3,24,0,ALWAYS
GZ-TSE-002,3,25,0,ALWAYS
GZ-TSE-002,3,26,0,ALWAYS
GZ-TSE-002,3,27,0,ALWAYS
GZ-TSE-002,3,28,0,ALWAYS
GZ-TSE-002,3,29,0,ALWAYS
GZ-TSE-002,3,30,0,ALWAYS
GZ-TSE-002,4,1,0,ALWAYS
GZ-TSE-002,4,2,0,ALWAYS
GZ-TSE-002,4,3,0,ALWAYS
GZ-TSE-002,4,4,0,ALWAYS
GZ-TSE-002,4,5,0,ALWAYS
GZ-TSE-002,4,6,0,ALWAYS
GZ-TSE-002,4,7,0,ALWAYS
GZ-TSE-002,4,8,0,ALWAYS
GZ-TSE-002,4,9,0,ALWAYS
GZ-TSE-002,4,10,0,ALWAYS
GZ-TSE-002,4,11,0,ALWAYS
GZ-TSE-002,4,12,0,ALWAYS
GZ-TSE-002,4,13,0,ALWAYS
GZ-TSE-002,4,14,0,ALWAYS
GZ-TSE-002,4,15,0,ALWAYS
GZ-TSE-002,4,16,0,ALWAYS
GZ-TSE-002,4,17,0,ALWAYS
GZ-TSE-002,4,18,0,ALWAYS
GZ-TSE-002,4,19,0,ALWAYS
GZ-TSE-002,4,20,0,ALWAYS
GZ-TSE-002,4,21,0,ALWAYS
GZ-TSE-002,4,22,0,ALWAYS
GZ-TSE-002,4,23,0,ALWAYS
GZ-TSE-002,4,24,0,ALWAYS
GZ-TSE-002,4,25,0,ALWAYS
GZ-TSE-002,4,26,0,ALWAYS
GZ-TSE-002,4,27,0,ALWAYS
GZ-TSE-002,4,28,0,ALWAYS
GZ-TSE-002,4,29,0,ALWAYS
GZ-TSE-002,4,30,0,ALWAYS
GZ-TSE-002,5,1,0,ALWAYS
GZ-TSE-002,5,2,0,ALWAYS
GZ-TSE-002,5,3,0,ALWAYS
GZ-TSE-002,5,4,0,ALWAYS
GZ-TSE-002,5,5,0,ALWAYS
GZ-TSE-002,5,6,0,ALWAYS
GZ-TSE-002,5,7,0,ALWAYS
GZ-TSE-002,5,8,0,ALWAYS
GZ-TSE-002,5,9,0,ALWAYS
GZ-TSE-002,5,10,0,ALWAYS
GZ-TSE-002,5,11,0,ALWAYS
GZ-TSE-002,5,12,0,ALWAYS
GZ-TSE-002,5,13,0,ALWAYS
GZ-TSE-002,5,14,0,ALWAYS
GZ-TSE-002,5,15,0,ALWAYS
GZ-TSE-002,5,16,0,ALWAYS
GZ-TSE-002,5,17,0,ALWAYS
GZ-TSE-002,5,18,0,ALWAYS
GZ-TSE-002,5,19,0,ALWAYS
GZ-TSE-002,5,20,0,ALWAYS
GZ-TSE-002,5,21,0,ALWAYS
GZ-TSE-002,5,22,0,ALWAYS
GZ-TSE-002,5,23,0,ALWAYS
GZ-TSE-002,5,24,0,ALWAYS
GZ-TSE-002,5,25,0,ALWAYS
GZ-TSE-002,5,26,0,ALWAYS
GZ-TSE-002,5,27,0,ALWAYS
GZ-TSE-002,5,28,0,ALWAYS
GZ-TSE-002,5,29,0,ALWAYS
GZ-TSE-002,5,30,0,ALWAYS
GZ-TSE-002,6,1,0,ALWAYS
GZ-TSE-002,6,2,0,ALWAYS
GZ-TSE-002,6,3,0,ALWAYS
GZ-TSE-002,6,4,0,ALWAYS
GZ-TSE-002,6,5,0,ALWAYS
GZ-TSE-002,6,6,0,ALWAYS
GZ-TSE-002,6,7,0,ALWAYS
GZ-TSE-002,6,8,0,ALWAYS
GZ-TSE-002,6,9,0,ALWAYS
GZ-TSE-002,6,10,0,ALWAYS
GZ-TSE-002,6,11,0,ALWAYS
GZ-TSE-002,6,12,0,ALWAYS
GZ-TSE-002,6,13,0,ALWAYS
GZ-TSE-002,6,14,0,ALWAYS
GZ-TSE-002,6,15,0,ALWAYS
GZ-TSE-002,6,16,0,ALWAYS
GZ-TSE-002,6,17,0,ALWAYS
GZ-TSE-002,6,18,0,ALWAYS
GZ-TSE-002,6,19,0,ALWAYS
GZ-TSE-002,6,20,0,ALWAYS
GZ-TSE-002,6,21,0,ALWAYS
GZ-TSE-002,6,22,0,ALWAYS
GZ-TSE-002,6,23,0,ALWAYS
GZ-TSE-002,6,24,0,ALWAYS
GZ-TSE-002,6,25,0,ALWAYS
GZ-TSE-002,6,26,0,ALWAYS
GZ-TSE-002,6,27,0,ALWAYS
GZ-TSE-002,6,28,0,ALWAYS
GZ-TSE-002,6,29,0,ALWAYS
GZ-TSE-002,6,30,0,ALWAYS
GZ-TSE-002,7,1,0,ALWAYS
GZ-TSE-002,7,2,0,ALWAYS
GZ-TSE-002,7,3,0,ALWAYS
GZ-TSE-002,7,4,0,ALWAYS
GZ-TSE-002,7,5,0,ALWAYS
GZ-TSE-002,7,6,0,ALWAYS
GZ-TSE-002,7,7,0,ALWAYS
GZ-TSE-002,7,8,0,ALWAYS
GZ-TSE-002,7,9,0,ALWAYS
GZ-TSE-002,7,10,0,ALWAYS
GZ-TSE-002,7,11,0,ALWAYS
GZ-TSE-002,7,12,0,ALWAYS
GZ-TSE-002,7,13,0,ALWAYS
GZ-TSE-002,7,14,0,ALWAYS
GZ-TSE-002,7,15,0,ALWAYS
GZ-TSE-002,7,16,0,ALWAYS
GZ-TSE-002,7,17,0,ALWAYS
GZ-TSE-002,7,18,0,ALWAYS
GZ-TSE-002,7,19,0,ALWAYS
GZ-TSE-002,7,20,0,ALWAYS
GZ-TSE-002,7,21,0,ALWAYS
GZ-TSE-002,7,22,0,ALWAYS
GZ-TSE-002,7,23,0,ALWAYS
GZ-TSE-002,7,24,0,ALWAYS
GZ-TSE-002,7,25,0,ALWAYS
GZ-TSE-002,7,26,0,ALWAYS
GZ-TSE-002,7,27,0,ALWAYS
GZ-TSE-002,7,28,0,ALWAYS
GZ-TSE-002,7,29,0,ALWAYS
GZ-TSE-002,7,30,0,ALWAYS
GZ-TSE-002,8,1,0,ALWAYS
GZ-TSE-002,8,2,0,ALWAYS
GZ-TSE-002,8,3,0,ALWAYS
GZ-TSE-002,8,4,0,ALWAYS
GZ-TSE-002,8,5,0,ALWAYS
GZ-TSE-002,8,6,0,ALWAYS
GZ-TSE-002,8,7,0,ALWAYS
GZ-TSE-002,8,8,0,ALWAYS
GZ-TSE-002,8,9,0,ALWAYS
GZ-TSE-002,8,10,0,ALWAYS
GZ-TSE-002,8,11,0,ALWAYS
GZ-TSE-002,8,12,0,ALWAYS
GZ-TSE-002,8,13,0,ALWAYS
GZ-TSE-002,8,14,0,ALWAYS
GZ-TSE-002,8,15,0,ALWAYS
GZ-TSE-002,8,16,0,ALWAYS
GZ-TSE-002,8,17,0,ALWAYS
GZ-TSE-002,8,18,0,ALWAYS
GZ-TSE-002,8,19,0,ALWAYS
GZ-TSE-002,8,20,0,ALWAYS
GZ-TSE-002,8,21,0,ALWAYS
GZ-TSE-002,8,22,0,ALWAYS
GZ-TSE-002,8,23,0,ALWAYS
GZ-TSE-002,8,24,0,ALWAYS
GZ-TSE-002,8,25,0,ALWAYS
GZ-TSE-002,8,26,0,ALWAYS
GZ-TSE-002,8,27,0,ALWAYS
GZ-TSE-002,8,28,0,ALWAYS
GZ-TSE-002,8,29,0,ALWAYS
GZ-TSE-002,8,30,0,ALWAYS
GZ-TSE-002,9,1,0,ALWAYS
GZ-TSE-002,9,2,0,ALWAYS
GZ-TSE-002,9,3,0,ALWAYS
GZ-TSE-002,9,4,0,ALWAYS
GZ-TSE-002,9,5,0,ALWAYS
GZ-TSE-002,9,6,0,ALWAYS
GZ-TSE-002,9,7,0,ALWAYS
GZ-TSE-002,9,8,0,ALWAYS
GZ-TSE-002,9,9,0,ALWAYS
GZ-TSE-002,9,10,0,ALWAYS
GZ-TSE-002,9,11,0,ALWAYS
GZ-TSE-002,9,12,0,ALWAYS
GZ-TSE-002,9,13,0,ALWAYS
GZ-TSE-002,9,14,0,ALWAYS
GZ-TSE-002,9,15,0,ALWAYS
GZ-TSE-002,9,16,0,ALWAYS
GZ-TSE-002,9,17,0,ALWAYS
GZ-TSE-002,9,18,0,ALWAYS
GZ-TSE-002,9,19,0,ALWAYS
GZ-TSE-002,9,20,0,ALWAYS
GZ-TSE-002,9,21,0,ALWAYS
GZ-TSE-002,9,22,0,ALWAYS
GZ-TSE-002,9,23,0,ALWAYS
GZ-TSE-002,9,24,0,ALWAYS
GZ-TSE-002,9,25,0,ALWAYS
GZ-TSE-002,9,26,0,ALWAYS
GZ-TSE-002,9,27,0,ALWAYS
GZ-TSE-002,9,28,0,ALWAYS
GZ-TSE-002,9,29,0,ALWAYS
GZ-TSE-002,9,30,0,ALWAYS
GZ-TSE-002,10,1,0,ALWAYS
GZ-TSE-002,10,2,0,ALWAYS
GZ-TSE-002,10,3,0,ALWAYS
GZ-TSE-002,10,4,0,ALWAYS
GZ-TSE-002,10,5,0,ALWAYS
GZ-TSE-002,10,6,0,ALWAYS
GZ-TSE-002,10,7,0,ALWAYS
GZ-TSE-002,10,8,0,ALWAYS
GZ-TSE-002,10,9,0,ALWAYS
GZ-TSE-002,10,10,0,ALWAYS
GZ-TSE-002,10,11,0,ALWAYS
GZ-TSE-002,10,12,0,ALWAYS
GZ-TSE-002,10,13,0,ALWAYS
GZ-TSE-002,10,14,0,ALWAYS
GZ-TSE-002,10,15,0,ALWAYS
GZ-TSE-002,10,16,0,ALWAYS
GZ-TSE-002,10,17,0,ALWAYS
GZ-TSE-002,10,18,0,ALWAYS
GZ-TSE-002,10,19,0,ALWAYS
GZ-TSE-002,10,20,0,ALWAYS
GZ-TSE-002,10,21,0,ALWAYS
GZ-TSE-002,10,22,0,ALWAYS
GZ-TSE-002,10,23,0,ALWAYS
GZ-TSE-002,10,24,0,ALWAYS
GZ-TSE-002,10,25,0,ALWAYS
GZ-TSE-002,10,26,0,ALWAYS
GZ-TSE-002,10,27,0,ALWAYS
GZ-TSE-002,10,28,0,ALWAYS
GZ-TSE-002,10,29,0,ALWAYS
GZ-TSE-002,10,30,0,ALWAYS
GZ-TSE-002,11,1,0,ALWAYS
GZ-TSE-002,11,2,0,ALWAYS
GZ-TSE-002,11,3,0,ALWAYS
GZ-TSE-002,11,4,0,ALWAYS
GZ-TSE-002,11,5,0,ALWAYS
GZ-TSE-002,11,6,0,ALWAYS
GZ-TSE-002,11,7,0,ALWAYS
GZ-TSE-002,11,8,0,ALWAYS
GZ-TSE-002,11,9,0,ALWAYS
GZ-TSE-002,11,10,0,ALWAYS
GZ-TSE-002,11,11,0,ALWAYS
GZ-TSE-002,11,12,0,ALWAYS
GZ-TSE-002,11,13,0,ALWAYS
GZ-TSE-002,11,14,0,ALWAYS
GZ-TSE-002,11,15,0,ALWAYS
GZ-TSE-002,11,16,0,ALWAYS
GZ-TSE-002,11,17,0,ALWAYS
GZ-TSE-002,11,18,0,ALWAYS
GZ-TSE-002,11,19,0,ALWAYS
GZ-TSE-002,11,20,0,ALWAYS
GZ-TSE-002,11,21,0,ALWAYS
GZ-TSE-002,11,22,0,ALWAYS
GZ-TSE-002,11,23,0,ALWAYS
GZ-TSE-002,11,24,0,ALWAYS
GZ-TSE-002,11,25,0,ALWAYS
GZ-TSE-002,11,26,0,ALWAYS
GZ-TSE-002,11,27,0,ALWAYS
GZ-TSE-002,11,28,0,ALWAYS
GZ-TSE-002,11,29,0,ALWAYS
GZ-TSE-002,11,30,0,ALWAYS
GZ-TSE-002,12,1,0,ALWAYS
GZ-TSE-002,12,2,0,ALWAYS
GZ-TSE-002,12,3,0,ALWAYS
GZ-TSE-002,12,4,0,ALWAYS
GZ-TSE-002,12,5,0,ALWAYS
GZ-TSE-002,12,6,0,ALWAYS
GZ-TSE-002,12,7,0,ALWAYS
GZ-TSE-002,12,8,0,ALWAYS
GZ-TSE-002,12,9,0,ALWAYS
GZ-TSE-002,12,10,0,ALWAYS
GZ-TSE-002,12,11,0,ALWAYS
GZ-TSE-002,12,12,0,ALWAYS
GZ-TSE-002,12,13,0,ALWAYS
GZ-TSE-002,12,14,0,ALWAYS
GZ-TSE-002,12,15,0,ALWAYS
GZ-TSE-002,12,16,0,ALWAYS
GZ-TSE-002,12,17,0,ALWAYS
GZ-TSE-002,12,18,0,ALWAYS
GZ-TSE-002,12,19,0,ALWAYS
GZ-TSE-002,12,20,0,ALWAYS
GZ-TSE-002,12,21,0,ALWAYS
GZ-TSE-002,12,22,0,ALWAYS
GZ-TSE-002,12,23,0,ALWAYS
GZ-TSE-002,12,24,0,ALWAYS
GZ-TSE-002,12,25,0,ALWAYS
GZ-TSE-002,12,26,0,ALWAYS
GZ-TSE-002,12,27,0,ALWAYS
GZ-TSE-002,12,28,0,ALWAYS
GZ-TSE-002,12,29,0,ALWAYS
GZ-TSE-002,12,30,0,ALWAYS
GZ-TSE-002,13,1,0,ALWAYS
GZ-TSE-002,13,2,0,ALWAYS
GZ-TSE-002,13,3,0,ALWAYS
GZ-TSE-002,13,4,0,ALWAYS
GZ-TSE-002,13,5,0,ALWAYS
GZ-TSE-002,13,6,0,ALWAYS
GZ-TSE-004,1,1,0,ALWAYS
GZ-TSE-004,1,2,0,ALWAYS
GZ-TSE-004,1,3,0,ALWAYS
GZ-TSE-004,1,4,0,ALWAYS
GZ-TSE-004,1,5,0,ALWAYS
GZ-TSE-004,1,6,0,ALWAYS
GZ-TSE-004,1,7,0,ALWAYS
GZ-TSE-004,1,8,0,ALWAYS
GZ-TSE-004,1,9,0,ALWAYS
GZ-TSE-004,1,10,0,ALWAYS
GZ-TSE-004,1,11,0,ALWAYS
GZ-TSE-004,1,12,0,ALWAYS
GZ-TSE-004,1,13,0,ALWAYS
GZ-TSE-004,1,14,0,ALWAYS
GZ-TSE-004,1,15,0,ALWAYS
GZ-TSE-004,1,16,0,ALWAYS
GZ-TSE-004,1,17,0,ALWAYS
GZ-TSE-004,1,18,0,ALWAYS
GZ-TSE-004,1,19,0,ALWAYS
GZ-TSE-004,1,20,0,ALWAYS
GZ-TSE-004,1,21,0,ALWAYS
GZ-TSE-004,1,22,0,ALWAYS
GZ-TSE-004,1,23,0,ALWAYS
GZ-TSE-004,1,24,0,ALWAYS
GZ-TSE-004,1,25,0,ALWAYS
GZ-TSE-004,1,26,0,ALWAYS
GZ-TSE-004,1,27,0,ALWAYS
GZ-TSE-004,1,28,0,ALWAYS
GZ-TSE-004,1,29,0,ALWAYS
GZ-TSE-004,1,30,0,ALWAYS
GZ-TSE-004,2,1,0,ALWAYS
GZ-TSE-004,2,2,0,ALWAYS
GZ-TSE-004,2,3,0,ALWAYS
GZ-TSE-004,2,4,0,ALWAYS
GZ-TSE-004,2,5,0,ALWAYS
GZ-TSE-004,2,6,0,ALWAYS
GZ-TSE-004,2,7,0,ALWAYS
GZ-TSE-004,2,8,0,ALWAYS
GZ-TSE-004,2,9,0,ALWAYS
GZ-TSE-004,2,10,0,ALWAYS
GZ-TSE-004,2,11,0,ALWAYS
GZ-TSE-004,2,12,0,ALWAYS
GZ-TSE-004,2,13,0,ALWAYS
GZ-TSE-004,2,14,0,ALWAYS
GZ-TSE-004,2,15,0,ALWAYS
GZ-TSE-004,2,16,0,ALWAYS
GZ-TSE-004,2,17,0,ALWAYS
GZ-TSE-004,2,18,0,ALWAYS
GZ-TSE-004,2,19,0,ALWAYS
GZ-TSE-004,2,20,0,ALWAYS
GZ-TSE-004,2,21,0,ALWAYS
GZ-TSE-004,2,22,0,ALWAYS
GZ-TSE-004,2,23,0,ALWAYS
GZ-TSE-004,2,24,0,ALWAYS
GZ-TSE-004,2,25,0,ALWAYS
GZ-TSE-004,2,26,0,ALWAYS
GZ-TSE-004,2,27,0,ALWAYS
GZ-TSE-004,2,28,0,ALWAYS
GZ-TSE-004,2,29,0,ALWAYS
GZ-TSE-004,2,30,0,ALWAYS
GZ-TSE-004,3,1,0,ALWAYS
GZ-TSE-004,3,2,0,ALWAYS
GZ-TSE-004,3,3,0,ALWAYS
GZ-TSE-004,3,4,0,ALWAYS
GZ-TSE-004,3,5,0,ALWAYS
GZ-TSE-004,3,6,0,ALWAYS
GZ-TSE-004,3,7,0,ALWAYS
GZ-TSE-004,3,8,0,ALWAYS
GZ-TSE-004,3,9,0,ALWAYS
GZ-TSE-004,3,10,0,ALWAYS
GZ-TSE-004,3,11,0,ALWAYS
GZ-TSE-004,3,12,0,ALWAYS
GZ-TSE-004,3,13,0,ALWAYS
GZ-TSE-004,3,14,0,ALWAYS
GZ-TSE-004,3,15,0,ALWAYS
GZ-TSE-004,3,16,0,ALWAYS
GZ-TSE-004,3,17,0,ALWAYS
GZ-TSE-004,3,18,0,ALWAYS
GZ-TSE-004,3,19,0,ALWAYS
GZ-TSE-004,3,20,0,ALWAYS
GZ-TSE-004,3,21,0,ALWAYS
GZ-TSE-004,3,22,0,ALWAYS
GZ-TSE-004,3,23,0,ALWAYS
GZ-TSE-004,3,24,0,ALWAYS
GZ-TSE-004,3,25,0,ALWAYS
GZ-TSE-004,3,26,0,ALWAYS
GZ-TSE-004,3,27,0,ALWAYS
GZ-TSE-004,3,28,0,ALWAYS
GZ-TSE-004,3,29,0,ALWAYS
GZ-TSE-004,3,30,0,ALWAYS
GZ-TSE-004,4,1,0,ALWAYS
GZ-TSE-004,4,2,0,ALWAYS
GZ-TSE-004,4,3,0,ALWAYS
GZ-TSE-004,4,4,0,ALWAYS
GZ-TSE-004,4,5,0,ALWAYS
GZ-TSE-004,4,6,0,ALWAYS
GZ-TSE-004,4,7,0,ALWAYS
GZ-TSE-004,4,8,0,ALWAYS
GZ-TSE-004,4,9,0,ALWAYS
GZ-TSE-004,4,10,0,ALWAYS
GZ-TSE-004,4,11,0,ALWAYS
GZ-TSE-004,4,12,0,ALWAYS
GZ-TSE-004,4,13,0,ALWAYS
GZ-TSE-004,4,14,0,ALWAYS
GZ-TSE-004,4,15,0,ALWAYS
GZ-TSE-004,4,16,0,ALWAYS
GZ-TSE-004,4,17,0,ALWAYS
GZ-TSE-004,4,18,0,ALWAYS
GZ-TSE-004,4,19,0,ALWAYS
GZ-TSE-004,4,20,0,ALWAYS
GZ-TSE-004,4,21,0,ALWAYS
GZ-TSE-004,4,22,0,ALWAYS
GZ-TSE-004,4,23,0,ALWAYS
GZ-TSE-004,4,24,0,ALWAYS
GZ-TSE-004,4,25,0,ALWAYS
GZ-TSE-004,4,26,0,ALWAYS
GZ-TSE-004,4,27,0,ALWAYS
GZ-TSE-004,4,28,0,ALWAYS
GZ-TSE-004,4,29,0,ALWAYS
GZ-TSE-004,4,30,0,ALWAYS
GZ-TSE-004,5,1,0,ALWAYS
GZ-TSE-004,5,2,0,ALWAYS
GZ-TSE-004,5,3,0,ALWAYS
GZ-TSE-004,5,4,0,ALWAYS
GZ-TSE-004,5,5,0,ALWAYS
GZ-TSE-004,5,6,0,ALWAYS
GZ-TSE-004,5,7,0,ALWAYS
GZ-TSE-004,5,8,0,ALWAYS
GZ-TSE-004,5,9,0,ALWAYS
GZ-TSE-004,5,10,0,ALWAYS
GZ-TSE-004,5,11,0,ALWAYS
GZ-TSE-004,5,12,0,ALWAYS
GZ-TSE-004,5,13,0,ALWAYS
GZ-TSE-004,5,14,0,ALWAYS
GZ-TSE-004,5,15,0,ALWAYS
GZ-TSE-004,5,16,0,ALWAYS
GZ-TSE-004,5,17,0,ALWAYS
GZ-TSE-004,5,18,0,ALWAYS
GZ-TSE-004,5,19,0,ALWAYS
GZ-TSE-004,5,20,0,ALWAYS
GZ-TSE-004,5,21,0,ALWAYS
GZ-TSE-004,5,22,0,ALWAYS
GZ-TSE-004,5,23,0,ALWAYS
GZ-TSE-004,5,24,0,ALWAYS
GZ-TSE-004,5,25,0,ALWAYS
GZ-TSE-004,5,26,0,ALWAYS
GZ-TSE-004,5,27,0,ALWAYS
GZ-TSE-004,5,28,0,ALWAYS
GZ-TSE-004,5,29,0,ALWAYS
GZ-TSE-004,5,30,0,ALWAYS
GZ-TSE-004,6,1,0,ALWAYS
GZ-TSE-004,6,2,0,ALWAYS
GZ-TSE-004,6,3,0,ALWAYS
GZ-TSE-004,6,4,0,ALWAYS
GZ-TSE-004,6,5,0,ALWAYS
GZ-TSE-004,6,6,0,ALWAYS
GZ-TSE-004,6,7,0,ALWAYS
GZ-TSE-004,6,8,0,ALWAYS
GZ-TSE-004,6,9,0,ALWAYS
GZ-TSE-004,6,10,0,ALWAYS
GZ-TSE-004,6,11,0,ALWAYS
GZ-TSE-004,6,12,0,ALWAYS
GZ-TSE-004,6,13,0,ALWAYS
GZ-TSE-004,6,14,0,ALWAYS
GZ-TSE-004,6,15,0,ALWAYS
GZ-TSE-004,6,16,0,ALWAYS
GZ-TSE-004,6,17,0,ALWAYS
GZ-TSE-004,6,18,0,ALWAYS
GZ-TSE-004,6,19,0,ALWAYS
GZ-TSE-004,6,20,0,ALWAYS
GZ-TSE-004,6,21,0,ALWAYS
GZ-TSE-004,6,22,0,ALWAYS
GZ-TSE-004,6,23,0,ALWAYS
GZ-TSE-004,6,24,0,ALWAYS
GZ-TSE-004,6,25,0,ALWAYS
GZ-TSE-004,6,26,0,ALWAYS
GZ-TSE-004,6,27,0,ALWAYS
GZ-TSE-004,6,28,0,ALWAYS
GZ-TSE-004,6,29,0,ALWAYS
GZ-TSE-004,6,30,0,ALWAYS
GZ-TSE-004,7,1,0,ALWAYS
GZ-TSE-004,7,2,0,ALWAYS
GZ-TSE-004,7,3,0,ALWAYS
GZ-TSE-004,7,4,0,ALWAYS
GZ-TSE-004,7,5,0,ALWAYS
GZ-TSE-004,7,6,0,ALWAYS
GZ-TSE-004,7,7,0,ALWAYS
GZ-TSE-004,7,8,0,ALWAYS
GZ-TSE-004,7,9,0,ALWAYS
GZ-TSE-004,7,10,0,ALWAYS
GZ-TSE-004,7,11,0,ALWAYS
GZ-TSE-004,7,12,0,ALWAYS
GZ-TSE-004,7,13,0,ALWAYS
GZ-TSE-004,7,14,0,ALWAYS
GZ-TSE-004,7,15,0,ALWAYS
GZ-TSE-004,7,16,0,ALWAYS
GZ-TSE-004,7,17,0,ALWAYS
GZ-TSE-004,7,18,0,ALWAYS
GZ-TSE-004,7,19,0,ALWAYS
GZ-TSE-004,7,20,0,ALWAYS
GZ-TSE-004,7,21,0,ALWAYS
GZ-TSE-004,7,22,0,ALWAYS
GZ-TSE-004,7,23,0,ALWAYS
GZ-TSE-004,7,24,0,ALWAYS
GZ-TSE-004,7,25,0,ALWAYS
GZ-TSE-004,7,26,0,ALWAYS
GZ-TSE-004,7,27,0,ALWAYS
GZ-TSE-004,7,28,0,ALWAYS
GZ-TSE-004,7,29,0,ALWAYS
GZ-TSE-004,7,30,0,ALWAYS
GZ-TSE-004,8,1,0,ALWAYS
GZ-TSE-004,8,2,0,ALWAYS
GZ-TSE-004,8,3,0,ALWAYS
GZ-TSE-004,8,4,0,ALWAYS
GZ-TSE-004,8,5,0,ALWAYS
GZ-TSE-004,8,6,0,ALWAYS
GZ-TSE-004,8,7,0,ALWAYS
GZ-TSE-004,8,8,0,ALWAYS
GZ-TSE-004,8,9,0,ALWAYS
GZ-TSE-004,8,10,0,ALWAYS
GZ-TSE-004,8,11,0,ALWAYS
GZ-TSE-004,8,12,0,ALWAYS
GZ-TSE-004,8,13,0,ALWAYS
GZ-TSE-004,8,14,0,ALWAYS
GZ-TSE-004,8,15,0,ALWAYS
GZ-TSE-004,8,16,0,ALWAYS
GZ-TSE-004,8,17,0,ALWAYS
GZ-TSE-004,8,18,0,ALWAYS
GZ-TSE-004,8,19,0,ALWAYS
GZ-TSE-004,8,20,0,ALWAYS
GZ-TSE-004,8,21,0,ALWAYS
GZ-TSE-004,8,22,0,ALWAYS
GZ-TSE-004,8,23,0,ALWAYS
GZ-TSE-004,8,24,0,ALWAYS
GZ-TSE-004,8,25,0,ALWAYS
GZ-TSE-004,8,26,0,ALWAYS
GZ-TSE-004,8,27,0,ALWAYS
GZ-TSE-004,8,28,0,ALWAYS
GZ-TSE-004,8,29,0,ALWAYS
GZ-TSE-004,8,30,0,ALWAYS
GZ-TSE-004,9,1,0,ALWAYS
GZ-TSE-004,9,2,0,ALWAYS
GZ-TSE-004,9,3,0,ALWAYS
GZ-TSE-004,9,4,0,ALWAYS
GZ-TSE-004,9,5,0,ALWAYS
GZ-TSE-004,9,6,0,ALWAYS
GZ-TSE-004,9,7,0,ALWAYS
GZ-TSE-004,9,8,0,ALWAYS
GZ-TSE-004,9,9,0,ALWAYS
GZ-TSE-004,9,10,0,ALWAYS
GZ-TSE-004,9,11,0,ALWAYS
GZ-TSE-004,9,12,0,ALWAYS
GZ-TSE-004,9,13,0,ALWAYS
GZ-TSE-004,9,14,0,ALWAYS
GZ-TSE-004,9,15,0,ALWAYS
GZ-TSE-004,9,16,0,ALWAYS
GZ-TSE-004,9,17,0,ALWAYS
GZ-TSE-004,9,18,0,ALWAYS
GZ-TSE-004,9,19,0,ALWAYS
GZ-TSE-004,9,20,0,ALWAYS
GZ-TSE-004,9,21,0,ALWAYS
GZ-TSE-004,9,22,0,ALWAYS
GZ-TSE-004,9,23,0,ALWAYS
GZ-TSE-004,9,24,0,ALWAYS
GZ-TSE-004,9,25,0,ALWAYS
GZ-TSE-004,9,26,0,ALWAYS
GZ-TSE-004,9,27,0,ALWAYS
GZ-TSE-004,9,28,0,ALWAYS
GZ-TSE-004,9,29,0,ALWAYS
GZ-TSE-004,9,30,0,ALWAYS
GZ-TSE-004,10,1,0,ALWAYS
GZ-TSE-004,10,2,0,ALWAYS
GZ-TSE-004,10,3,0,ALWAYS
GZ-TSE-004,10,4,0,ALWAYS
GZ-TSE-004,10,5,0,ALWAYS
GZ-TSE-004,10,6,0,ALWAYS
GZ-TSE-004,10,7,0,ALWAYS
GZ-TSE-004,10,8,0,ALWAYS
GZ-TSE-004,10,9,0,ALWAYS
GZ-TSE-004,10,10,0,ALWAYS
GZ-TSE-004,10,11,0,ALWAYS
GZ-TSE-004,10,12,0,ALWAYS
GZ-TSE-004,10,13,0,ALWAYS
GZ-TSE-004,10,14,0,ALWAYS
GZ-TSE-004,10,15,0,ALWAYS
GZ-TSE-004,10,16,0,ALWAYS
GZ-TSE-004,10,17,0,ALWAYS
GZ-TSE-004,10,18,0,ALWAYS
GZ-TSE-004,10,19,0,ALWAYS
GZ-TSE-004,10,20,0,ALWAYS
GZ-TSE-004,10,21,0,ALWAYS
GZ-TSE-004,10,22,0,ALWAYS
GZ-TSE-004,10,23,0,ALWAYS
GZ-TSE-004,10,24,0,ALWAYS
GZ-TSE-004,10,25,0,ALWAYS
GZ-TSE-004,10,26,0,ALWAYS
GZ-TSE-004,10,27,0,ALWAYS
GZ-TSE-004,10,28,0,ALWAYS
GZ-TSE-004,10,29,0,ALWAYS
GZ-TSE-004,10,30,0,ALWAYS
GZ-TSE-004,11,1,0,ALWAYS
GZ-TSE-004,11,2,0,ALWAYS
GZ-TSE-004,11,3,0,ALWAYS
GZ-TSE-004,11,4,0,ALWAYS
GZ-TSE-004,11,5,0,ALWAYS
GZ-TSE-004,11,6,0,ALWAYS
GZ-TSE-004,11,7,0,ALWAYS
GZ-TSE-004,11,8,0,ALWAYS
GZ-TSE-004,11,9,0,ALWAYS
GZ-TSE-004,11,10,0,ALWAYS
GZ-TSE-004,11,11,0,ALWAYS
GZ-TSE-004,11,12,0,ALWAYS
GZ-TSE-004,11,13,0,ALWAYS
GZ-TSE-004,11,14,0,ALWAYS
GZ-TSE-004,11,15,0,ALWAYS
GZ-TSE-004,11,16,0,ALWAYS
GZ-TSE-004,11,17,0,ALWAYS
GZ-TSE-004,11,18,0,ALWAYS
GZ-TSE-004,11,19,0,ALWAYS
GZ-TSE-004,11,20,0,ALWAYS
GZ-TSE-004,11,21,0,ALWAYS
GZ-TSE-004,11,22,0,ALWAYS
GZ-TSE-004,11,23,0,ALWAYS
GZ-TSE-004,11,24,0,ALWAYS
GZ-TSE-004,11,25,0,ALWAYS
GZ-TSE-004,11,26,0,ALWAYS
GZ-TSE-004,11,27,0,ALWAYS
GZ-TSE-004,11,28,0,ALWAYS
GZ-TSE-004,11,29,0,ALWAYS
GZ-TSE-004,11,30,0,ALWAYS
GZ-TSE-004,12,1,0,ALWAYS
GZ-TSE-004,12,2,0,ALWAYS
GZ-TSE-004,12,3,0,ALWAYS
GZ-TSE-004,12,4,0,ALWAYS
GZ-TSE-004,12,5,0,ALWAYS
GZ-TSE-004,12,6,0,ALWAYS
GZ-TSE-004,12,7,0,ALWAYS
GZ-TSE-004,12,8,0,ALWAYS
GZ-TSE-004,12,9,0,ALWAYS
GZ-TSE-004,12,10,0,ALWAYS
GZ-TSE-004,12,11,0,ALWAYS
GZ-TSE-004,12,12,0,ALWAYS
GZ-TSE-004,12,13,0,ALWAYS
GZ-TSE-004,12,14,0,ALWAYS
GZ-TSE-004,12,15,0,ALWAYS
GZ-TSE-004,12,16,0,ALWAYS
GZ-TSE-004,12,17,0,ALWAYS
GZ-TSE-004,12,18,0,ALWAYS
GZ-TSE-004,12,19,0,ALWAYS
GZ-TSE-004,12,20,0,ALWAYS
GZ-TSE-004,12,21,0,ALWAYS
GZ-TSE-004,12,22,0,ALWAYS
GZ-TSE-004,12,23,0,ALWAYS
GZ-TSE-004,12,24,0,ALWAYS
GZ-TSE-004,12,25,0,ALWAYS
GZ-TSE-004,12,26,0,ALWAYS
GZ-TSE-004,12,27,0,ALWAYS
GZ-TSE-004,12,28,0,ALWAYS
GZ-TSE-004,12,29,0,ALWAYS
GZ-TSE-004,12,30,0,ALWAYS
GZ-TSE-004,13,1,0,ALWAYS
GZ-TSE-004,13,2,0,ALWAYS
GZ-TSE-004,13,3,0,ALWAYS
GZ-TSE-004,13,4,0,ALWAYS
GZ-TSE-004,13,5,0,ALWAYS
GZ-TSE-004,13,6,0,ALWAYS
GZ-TSE-005,1,1,0,ALWAYS
GZ-TSE-005,1,2,0,ALWAYS
GZ-TSE-005,1,3,0,ALWAYS
GZ-TSE-005,1,4,0,ALWAYS
GZ-TSE-005,1,5,0,ALWAYS
GZ-TSE-005,1,6,0,ALWAYS
GZ-TSE-005,1,7,0,ALWAYS
GZ-TSE-005,1,8,0,ALWAYS
GZ-TSE-005,1,9,0,ALWAYS
GZ-TSE-005,1,10,0,ALWAYS
GZ-TSE-005,1,11,0,ALWAYS
GZ-TSE-005,1,12,0,ALWAYS
GZ-TSE-005,1,13,0,ALWAYS
GZ-TSE-005,1,14,0,ALWAYS
GZ-TSE-005,1,15,0,ALWAYS
GZ-TSE-005,1,16,0,ALWAYS
GZ-TSE-005,1,17,0,ALWAYS
GZ-TSE-005,1,18,0,ALWAYS
GZ-TSE-005,1,19,0,ALWAYS
GZ-TSE-005,1,20,0,ALWAYS
GZ-TSE-005,1,21,0,ALWAYS
GZ-TSE-005,1,22,0,ALWAYS
GZ-TSE-005,1,23,0,ALWAYS
GZ-TSE-005,1,24,0,ALWAYS
GZ-TSE-005,1,25,0,ALWAYS
GZ-TSE-005,1,26,0,ALWAYS
GZ-TSE-005,1,27,0,ALWAYS
GZ-TSE-005,1,28,0,ALWAYS
GZ-TSE-005,1,29,0,ALWAYS
GZ-TSE-005,1,30,0,ALWAYS
GZ-TSE-005,2,1,0,ALWAYS
GZ-TSE-005,2,2,0,ALWAYS
GZ-TSE-005,2,3,0,ALWAYS
GZ-TSE-005,2,4,0,ALWAYS
GZ-TSE-005,2,5,0,ALWAYS
GZ-TSE-005,2,6,0,ALWAYS
GZ-TSE-005,2,7,0,ALWAYS
GZ-TSE-005,2,8,0,ALWAYS
GZ-TSE-005,2,9,0,ALWAYS
GZ-TSE-005,2,10,0,ALWAYS
GZ-TSE-005,2,11,0,ALWAYS
GZ-TSE-005,2,12,0,ALWAYS
GZ-TSE-005,2,13,0,ALWAYS
GZ-TSE-005,2,14,0,ALWAYS
GZ-TSE-005,2,15,0,ALWAYS
GZ-TSE-005,2,16,0,ALWAYS
GZ-TSE-005,2,17,0,ALWAYS
GZ-TSE-005,2,18,0,ALWAYS
GZ-TSE-005,2,19,0,ALWAYS
GZ-TSE-005,2,20,0,ALWAYS
GZ-TSE-005,2,21,0,ALWAYS
GZ-TSE-005,2,22,0,ALWAYS
GZ-TSE-005,2,23,0,ALWAYS
GZ-TSE-005,2,24,0,ALWAYS
GZ-TSE-005,2,25,0,ALWAYS
GZ-TSE-005,2,26,0,ALWAYS
GZ-TSE-005,2,27,0,ALWAYS
GZ-TSE-005,2,28,0,ALWAYS
GZ-TSE-005,2,29,0,ALWAYS
GZ-TSE-005,2,30,0,ALWAYS
GZ-TSE-005,3,1,0,ALWAYS
GZ-TSE-005,3,2,0,ALWAYS
GZ-TSE-005,3,3,0,ALWAYS
GZ-TSE-005,3,4,0,ALWAYS
GZ-TSE-005,3,5,0,ALWAYS
GZ-TSE-005,3,6,0,ALWAYS
GZ-TSE-005,3,7,0,ALWAYS
GZ-TSE-005,3,8,0,ALWAYS
GZ-TSE-005,3,9,0,ALWAYS
GZ-TSE-005,3,10,0,ALWAYS
GZ-TSE-005,3,11,0,ALWAYS
GZ-TSE-005,3,12,0,ALWAYS
GZ-TSE-005,3,13,0,ALWAYS
GZ-TSE-005,3,14,0,ALWAYS
GZ-TSE-005,3,15,0,ALWAYS
GZ-TSE-005,3,16,0,ALWAYS
GZ-TSE-005,3,17,0,ALWAYS
GZ-TSE-005,3,18,0,ALWAYS
GZ-TSE-005,3,19,0,ALWAYS
GZ-TSE-005,3,20,0,ALWAYS
GZ-TSE-005,3,21,0,ALWAYS
GZ-TSE-005,3,22,0,ALWAYS
GZ-TSE-005,3,23,0,ALWAYS
GZ-TSE-005,3,24,0,ALWAYS
GZ-TSE-005,3,25,0,ALWAYS
GZ-TSE-005,3,26,0,ALWAYS
GZ-TSE-005,3,27,0,ALWAYS
GZ-TSE-005,3,28,0,ALWAYS
GZ-TSE-005,3,29,0,ALWAYS
GZ-TSE-005,3,30,0,ALWAYS
GZ-TSE-005,4,1,0,ALWAYS
GZ-TSE-005,4,2,0,ALWAYS
GZ-TSE-005,4,3,0,ALWAYS
GZ-TSE-005,4,4,0,ALWAYS
GZ-TSE-005,4,5,0,ALWAYS
GZ-TSE-005,4,6,0,ALWAYS
GZ-TSE-005,4,7,0,ALWAYS
GZ-TSE-005,4,8,0,ALWAYS
GZ-TSE-005,4,9,0,ALWAYS
GZ-TSE-005,4,10,0,ALWAYS
GZ-TSE-005,4,11,0,ALWAYS
GZ-TSE-005,4,12,0,ALWAYS
GZ-TSE-005,4,13,0,ALWAYS
GZ-TSE-005,4,14,0,ALWAYS
GZ-TSE-005,4,15,0,ALWAYS
GZ-TSE-005,4,16,0,ALWAYS
GZ-TSE-005,4,17,0,ALWAYS
GZ-TSE-005,4,18,0,ALWAYS
GZ-TSE-005,4,19,0,ALWAYS
GZ-TSE-005,4,20,0,ALWAYS
GZ-TSE-005,4,21,0,ALWAYS
GZ-TSE-005,4,22,0,ALWAYS
GZ-TSE-005,4,23,0,ALWAYS
GZ-TSE-005,4,24,0,ALWAYS
GZ-TSE-005,4,25,0,ALWAYS
GZ-TSE-005,4,26,0,ALWAYS
GZ-TSE-005,4,27,0,ALWAYS
GZ-TSE-005,4,28,0,ALWAYS
GZ-TSE-005,4,29,0,ALWAYS
GZ-TSE-005,4,30,0,ALWAYS
GZ-TSE-005,5,1,0,ALWAYS
GZ-TSE-005,5,2,0,ALWAYS
GZ-TSE-005,5,3,0,ALWAYS
GZ-TSE-005,5,4,0,ALWAYS
GZ-TSE-005,5,5,0,ALWAYS
GZ-TSE-005,5,6,0,ALWAYS
GZ-TSE-005,5,7,0,ALWAYS
GZ-TSE-005,5,8,0,ALWAYS
GZ-TSE-005,5,9,0,ALWAYS
GZ-TSE-005,5,10,0,ALWAYS
GZ-TSE-005,5,11,0,ALWAYS
GZ-TSE-005,5,12,0,ALWAYS
GZ-TSE-005,5,13,0,ALWAYS
GZ-TSE-005,5,14,0,ALWAYS
GZ-TSE-005,5,15,0,ALWAYS
GZ-TSE-005,5,16,0,ALWAYS
GZ-TSE-005,5,17,0,ALWAYS
GZ-TSE-005,5,18,0,ALWAYS
GZ-TSE-005,5,19,0,ALWAYS
GZ-TSE-005,5,20,0,ALWAYS
GZ-TSE-005,5,21,0,ALWAYS
GZ-TSE-005,5,22,0,ALWAYS
GZ-TSE-005,5,23,0,ALWAYS
GZ-TSE-005,5,24,0,ALWAYS
GZ-TSE-005,5,25,0,ALWAYS
GZ-TSE-005,5,26,0,ALWAYS
GZ-TSE-005,5,27,0,ALWAYS
GZ-TSE-005,5,28,0,ALWAYS
GZ-TSE-005,5,29,0,ALWAYS
GZ-TSE-005,5,30,0,ALWAYS
GZ-TSE-005,6,1,0,ALWAYS
GZ-TSE-005,6,2,0,ALWAYS
GZ-TSE-005,6,3,0,ALWAYS
GZ-TSE-005,6,4,0,ALWAYS
GZ-TSE-005,6,5,0,ALWAYS
GZ-TSE-005,6,6,0,ALWAYS
GZ-TSE-005,6,7,0,ALWAYS
GZ-TSE-005,6,8,0,ALWAYS
GZ-TSE-005,6,9,0,ALWAYS
GZ-TSE-005,6,10,0,ALWAYS
GZ-TSE-005,6,11,0,ALWAYS
GZ-TSE-005,6,12,0,ALWAYS
GZ-TSE-005,6,13,0,ALWAYS
GZ-TSE-005,6,14,0,ALWAYS
GZ-TSE-005,6,15,0,ALWAYS
GZ-TSE-005,6,16,0,ALWAYS
GZ-TSE-005,6,17,0,ALWAYS
GZ-TSE-005,6,18,0,ALWAYS
GZ-TSE-005,6,19,0,ALWAYS
GZ-TSE-005,6,20,0,ALWAYS
GZ-TSE-005,6,21,0,ALWAYS
GZ-TSE-005,6,22,0,ALWAYS
GZ-TSE-005,6,23,0,ALWAYS
GZ-TSE-005,6,24,0,ALWAYS
GZ-TSE-005,6,25,0,ALWAYS
GZ-TSE-005,6,26,0,ALWAYS
GZ-TSE-005,6,27,0,ALWAYS
GZ-TSE-005,6,28,0,ALWAYS
GZ-TSE-005,6,29,0,ALWAYS
GZ-TSE-005,6,30,0,ALWAYS
GZ-TSE-005,7,1,0,ALWAYS
GZ-TSE-005,7,2,0,ALWAYS
GZ-TSE-005,7,3,0,ALWAYS
GZ-TSE-005,7,4,0,ALWAYS
GZ-TSE-005,7,5,0,ALWAYS
GZ-TSE-005,7,6,0,ALWAYS
GZ-TSE-005,7,7,0,ALWAYS
GZ-TSE-005,7,8,0,ALWAYS
GZ-TSE-005,7,9,0,ALWAYS
GZ-TSE-005,7,10,0,ALWAYS
GZ-TSE-005,7,11,0,ALWAYS
GZ-TSE-005,7,12,0,ALWAYS
GZ-TSE-005,7,13,0,ALWAYS
GZ-TSE-005,7,14,0,ALWAYS
GZ-TSE-005,7,15,0,ALWAYS
GZ-TSE-005,7,16,0,ALWAYS
GZ-TSE-005,7,17,0,ALWAYS
GZ-TSE-005,7,18,0,ALWAYS
GZ-TSE-005,7,19,0,ALWAYS
GZ-TSE-005,7,20,0,ALWAYS
GZ-TSE-005,7,21,0,ALWAYS
GZ-TSE-005,7,22,0,ALWAYS
GZ-TSE-005,7,23,0,ALWAYS
GZ-TSE-005,7,24,0,ALWAYS
GZ-TSE-005,7,25,0,ALWAYS
GZ-TSE-005,7,26,0,ALWAYS
GZ-TSE-005,7,27,0,ALWAYS
GZ-TSE-005,7,28,0,ALWAYS
GZ-TSE-005,7,29,0,ALWAYS
GZ-TSE-005,7,30,0,ALWAYS
GZ-TSE-005,8,1,0,ALWAYS
GZ-TSE-005,8,2,0,ALWAYS
GZ-TSE-005,8,3,0,ALWAYS
GZ-TSE-005,8,4,0,ALWAYS
GZ-TSE-005,8,5,0,ALWAYS
GZ-TSE-005,8,6,0,ALWAYS
GZ-TSE-005,8,7,0,ALWAYS
GZ-TSE-005,8,8,0,ALWAYS
GZ-TSE-005,8,9,0,ALWAYS
GZ-TSE-005,8,10,0,ALWAYS
GZ-TSE-005,8,11,0,ALWAYS
GZ-TSE-005,8,12,0,ALWAYS
GZ-TSE-005,8,13,0,ALWAYS
GZ-TSE-005,8,14,0,ALWAYS
GZ-TSE-005,8,15,0,ALWAYS
GZ-TSE-005,8,16,0,ALWAYS
GZ-TSE-005,8,17,0,ALWAYS
GZ-TSE-005,8,18,0,ALWAYS
GZ-TSE-005,8,19,0,ALWAYS
GZ-TSE-005,8,20,0,ALWAYS
GZ-TSE-005,8,21,0,ALWAYS
GZ-TSE-005,8,22,0,ALWAYS
GZ-TSE-005,8,23,0,ALWAYS
GZ-TSE-005,8,24,0,ALWAYS
GZ-TSE-005,8,25,0,ALWAYS
GZ-TSE-005,8,26,0,ALWAYS
GZ-TSE-005,8,27,0,ALWAYS
GZ-TSE-005,8,28,0,ALWAYS
GZ-TSE-005,8,29,0,ALWAYS
GZ-TSE-005,8,30,0,ALWAYS
GZ-TSE-005,9,1,0,ALWAYS
GZ-TSE-005,9,2,0,ALWAYS
GZ-TSE-005,9,3,0,ALWAYS
GZ-TSE-005,9,4,0,ALWAYS
GZ-TSE-005,9,5,0,ALWAYS
GZ-TSE-005,9,6,0,ALWAYS
GZ-TSE-005,9,7,0,ALWAYS
GZ-TSE-005,9,8,0,ALWAYS
GZ-TSE-005,9,9,0,ALWAYS
GZ-TSE-005,9,10,0,ALWAYS
GZ-TSE-005,9,11,0,ALWAYS
GZ-TSE-005,9,12,0,ALWAYS
GZ-TSE-005,9,13,0,ALWAYS
GZ-TSE-005,9,14,0,ALWAYS
GZ-TSE-005,9,15,0,ALWAYS
GZ-TSE-005,9,16,0,ALWAYS
GZ-TSE-005,9,17,0,ALWAYS
GZ-TSE-005,9,18,0,ALWAYS
GZ-TSE-005,9,19,0,ALWAYS
GZ-TSE-005,9,20,0,ALWAYS
GZ-TSE-005,9,21,0,ALWAYS
GZ-TSE-005,9,22,0,ALWAYS
GZ-TSE-005,9,23,0,ALWAYS
GZ-TSE-005,9,24,0,ALWAYS
GZ-TSE-005,9,25,0,ALWAYS
GZ-TSE-005,9,26,0,ALWAYS
GZ-TSE-005,9,27,0,ALWAYS
GZ-TSE-005,9,28,0,ALWAYS
GZ-TSE-005,9,29,0,ALWAYS
GZ-TSE-005,9,30,0,ALWAYS
GZ-TSE-005,10,1,0,ALWAYS
GZ-TSE-005,10,2,0,ALWAYS
GZ-TSE-005,10,3,0,ALWAYS
GZ-TSE-005,10,4,0,ALWAYS
GZ-TSE-005,10,5,0,ALWAYS
GZ-TSE-005,10,6,0,ALWAYS
GZ-TSE-005,10,7,0,ALWAYS
GZ-TSE-005,10,8,0,ALWAYS
GZ-TSE-005,10,9,0,ALWAYS
GZ-TSE-005,10,10,0,ALWAYS
GZ-TSE-005,10,11,0,ALWAYS
GZ-TSE-005,10,12,0,ALWAYS
GZ-TSE-005,10,13,0,ALWAYS
GZ-TSE-005,10,14,0,ALWAYS
GZ-TSE-005,10,15,0,ALWAYS
GZ-TSE-005,10,16,0,ALWAYS
GZ-TSE-005,10,17,0,ALWAYS
GZ-TSE-005,10,18,0,ALWAYS
GZ-TSE-005,10,19,0,ALWAYS
GZ-TSE-005,10,20,0,ALWAYS
GZ-TSE-005,10,21,0,ALWAYS
GZ-TSE-005,10,22,0,ALWAYS
GZ-TSE-005,10,23,0,ALWAYS
GZ-TSE-005,10,24,0,ALWAYS
GZ-TSE-005,10,25,0,ALWAYS
GZ-TSE-005,10,26,0,ALWAYS
GZ-TSE-005,10,27,0,ALWAYS
GZ-TSE-005,10,28,0,ALWAYS
GZ-TSE-005,10,29,0,ALWAYS
GZ-TSE-005,10,30,0,ALWAYS
GZ-TSE-005,11,1,0,ALWAYS
GZ-TSE-005,11,2,0,ALWAYS
GZ-TSE-005,11,3,0,ALWAYS
GZ-TSE-005,11,4,0,ALWAYS
GZ-TSE-005,11,5,0,ALWAYS
GZ-TSE-005,11,6,0,ALWAYS
GZ-TSE-005,11,7,0,ALWAYS
GZ-TSE-005,11,8,0,ALWAYS
GZ-TSE-005,11,9,0,ALWAYS
GZ-TSE-005,11,10,0,ALWAYS
GZ-TSE-005,11,11,0,ALWAYS
GZ-TSE-005,11,12,0,ALWAYS
GZ-TSE-005,11,13,0,ALWAYS
GZ-TSE-005,11,14,0,ALWAYS
GZ-TSE-005,11,15,0,ALWAYS
GZ-TSE-005,11,16,0,ALWAYS
GZ-TSE-005,11,17,0,ALWAYS
GZ-TSE-005,11,18,0,ALWAYS
GZ-TSE-005,11,19,0,ALWAYS
GZ-TSE-005,11,20,0,ALWAYS
GZ-TSE-005,11,21,0,ALWAYS
GZ-TSE-005,11,22,0,ALWAYS
GZ-TSE-005,11,23,0,ALWAYS
GZ-TSE-005,11,24,0,ALWAYS
GZ-TSE-005,11,25,0,ALWAYS
GZ-TSE-005,11,26,0,ALWAYS
GZ-TSE-005,11,27,0,ALWAYS
GZ-TSE-005,11,28,0,ALWAYS
GZ-TSE-005,11,29,0,ALWAYS
GZ-TSE-005,11,30,0,ALWAYS
GZ-TSE-005,12,1,0,ALWAYS
GZ-TSE-005,12,2,0,ALWAYS
GZ-TSE-005,12,3,0,ALWAYS
GZ-TSE-005,12,4,0,ALWAYS
GZ-TSE-005,12,5,0,ALWAYS
GZ-TSE-005,12,6,0,ALWAYS
GZ-TSE-005,12,7,0,ALWAYS
GZ-TSE-005,12,8,0,ALWAYS
GZ-TSE-005,12,9,0,ALWAYS
GZ-TSE-005,12,10,0,ALWAYS
GZ-TSE-005,12,11,0,ALWAYS
GZ-TSE-005,12,12,0,ALWAYS
GZ-TSE-005,12,13,0,ALWAYS
GZ-TSE-005,12,14,0,ALWAYS
GZ-TSE-005,12,15,0,ALWAYS
GZ-TSE-005,12,16,0,ALWAYS
GZ-TSE-005,12,17,0,ALWAYS
GZ-TSE-005,12,18,0,ALWAYS
GZ-TSE-005,12,19,0,ALWAYS
GZ-TSE-005,12,20,0,ALWAYS
GZ-TSE-005,12,21,0,ALWAYS
GZ-TSE-005,12,22,0,ALWAYS
GZ-TSE-005,12,23,0,ALWAYS
GZ-TSE-005,12,24,0,ALWAYS
GZ-TSE-005,12,25,0,ALWAYS
GZ-TSE-005,12,26,0,ALWAYS
GZ-TSE-005,12,27,0,ALWAYS
GZ-TSE-005,12,28,0,ALWAYS
GZ-TSE-005,12,29,0,ALWAYS
GZ-TSE-005,12,30,0,ALWAYS
GZ-TSE-005,13,1,0,ALWAYS
GZ-TSE-005,13,2,0,ALWAYS
GZ-TSE-005,13,3,0,ALWAYS
GZ-TSE-005,13,4,0,ALWAYS
GZ-TSE-005,13,5,0,ALWAYS
GZ-TSE-005,13,6,0,ALWAYS
GZ-TSE-006,1,1,0,ALWAYS
GZ-TSE-006,1,2,0,ALWAYS
GZ-TSE-006,1,3,0,ALWAYS
GZ-TSE-006,1,4,0,ALWAYS
GZ-TSE-006,1,5,0,ALWAYS
GZ-TSE-006,1,6,0,ALWAYS
GZ-TSE-006,1,7,0,ALWAYS
GZ-TSE-006,1,8,0,ALWAYS
GZ-TSE-006,1,9,0,ALWAYS
GZ-TSE-006,1,10,0,ALWAYS
GZ-TSE-006,1,11,0,ALWAYS
GZ-TSE-006,1,12,0,ALWAYS
GZ-TSE-006,1,13,0,ALWAYS
GZ-TSE-006,1,14,0,ALWAYS
GZ-TSE-006,1,15,0,ALWAYS
GZ-TSE-006,1,16,0,ALWAYS
GZ-TSE-006,1,17,0,ALWAYS
GZ-TSE-006,1,18,0,ALWAYS
GZ-TSE-006,1,19,0,ALWAYS
GZ-TSE-006,1,20,0,ALWAYS
GZ-TSE-006,1,21,0,ALWAYS
GZ-TSE-006,1,22,0,ALWAYS
GZ-TSE-006,1,23,0,ALWAYS
GZ-TSE-006,1,24,0,ALWAYS
GZ-TSE-006,1,25,0,ALWAYS
GZ-TSE-006,1,26,0,ALWAYS
GZ-TSE-006,1,27,0,ALWAYS
GZ-TSE-006,1,28,0,ALWAYS
GZ-TSE-006,1,29,0,ALWAYS
GZ-TSE-006,1,30,0,ALWAYS
GZ-TSE-006,2,1,0,ALWAYS
GZ-TSE-006,2,2,0,ALWAYS
GZ-TSE-006,2,3,0,ALWAYS
GZ-TSE-006,2,4,0,ALWAYS
GZ-TSE-006,2,5,0,ALWAYS
GZ-TSE-006,2,6,0,ALWAYS
GZ-TSE-006,2,7,0,ALWAYS
GZ-TSE-006,2,8,0,ALWAYS
GZ-TSE-006,2,9,0,ALWAYS
GZ-TSE-006,2,10,0,ALWAYS
GZ-TSE-006,2,11,0,ALWAYS
GZ-TSE-006,2,12,0,ALWAYS
GZ-TSE-006,2,13,0,ALWAYS
GZ-TSE-006,2,14,0,ALWAYS
GZ-TSE-006,2,15,0,ALWAYS
GZ-TSE-006,2,16,0,ALWAYS
GZ-TSE-006,2,17,0,ALWAYS
GZ-TSE-006,2,18,0,ALWAYS
GZ-TSE-006,2,19,0,ALWAYS
GZ-TSE-006,2,20,0,ALWAYS
GZ-TSE-006,2,21,0,ALWAYS
GZ-TSE-006,2,22,0,ALWAYS
GZ-TSE-006,2,23,0,ALWAYS
GZ-TSE-006,2,24,0,ALWAYS
GZ-TSE-006,2,25,0,ALWAYS
GZ-TSE-006,2,26,0,ALWAYS
GZ-TSE-006,2,27,0,ALWAYS
GZ-TSE-006,2,28,0,ALWAYS
GZ-TSE-006,2,29,0,ALWAYS
GZ-TSE-006,2,30,0,ALWAYS
GZ-TSE-006,3,1,0,ALWAYS
GZ-TSE-006,3,2,0,ALWAYS
GZ-TSE-006,3,3,0,ALWAYS
GZ-TSE-006,3,4,0,ALWAYS
GZ-TSE-006,3,5,0,ALWAYS
GZ-TSE-006,3,6,0,ALWAYS
GZ-TSE-006,3,7,0,ALWAYS
GZ-TSE-006,3,8,0,ALWAYS
GZ-TSE-006,3,9,0,ALWAYS
GZ-TSE-006,3,10,0,ALWAYS
GZ-TSE-006,3,11,0,ALWAYS
GZ-TSE-006,3,12,0,ALWAYS
GZ-TSE-006,3,13,0,ALWAYS
GZ-TSE-006,3,14,0,ALWAYS
GZ-TSE-006,3,15,0,ALWAYS
GZ-TSE-006,3,16,0,ALWAYS
GZ-TSE-006,3,17,0,ALWAYS
GZ-TSE-006,3,18,0,ALWAYS
GZ-TSE-006,3,19,0,ALWAYS
GZ-TSE-006,3,20,0,ALWAYS
GZ-TSE-006,3,21,0,ALWAYS
GZ-TSE-006,3,22,0,ALWAYS
GZ-TSE-006,3,23,0,ALWAYS
GZ-TSE-006,3,24,0,ALWAYS
GZ-TSE-006,3,25,0,ALWAYS
GZ-TSE-006,3,26,0,ALWAYS
GZ-TSE-006,3,27,0,ALWAYS
GZ-TSE-006,3,28,0,ALWAYS
GZ-TSE-006,3,29,0,ALWAYS
GZ-TSE-006,3,30,0,ALWAYS
GZ-TSE-006,4,1,0,ALWAYS
GZ-TSE-006,4,2,0,ALWAYS
GZ-TSE-006,4,3,0,ALWAYS
GZ-TSE-006,4,4,0,ALWAYS
GZ-TSE-006,4,5,0,ALWAYS
GZ-TSE-006,4,6,0,ALWAYS
GZ-TSE-006,4,7,0,ALWAYS
GZ-TSE-006,4,8,0,ALWAYS
GZ-TSE-006,4,9,0,ALWAYS
GZ-TSE-006,4,10,0,ALWAYS
GZ-TSE-006,4,11,0,ALWAYS
GZ-TSE-006,4,12,0,ALWAYS
GZ-TSE-006,4,13,0,ALWAYS
GZ-TSE-006,4,14,0,ALWAYS
GZ-TSE-006,4,15,0,ALWAYS
GZ-TSE-006,4,16,0,ALWAYS
GZ-TSE-006,4,17,0,ALWAYS
GZ-TSE-006,4,18,0,ALWAYS
GZ-TSE-006,4,19,0,ALWAYS
GZ-TSE-006,4,20,0,ALWAYS
GZ-TSE-006,4,21,0,ALWAYS
GZ-TSE-006,4,22,0,ALWAYS
GZ-TSE-006,4,23,0,ALWAYS
GZ-TSE-006,4,24,0,ALWAYS
GZ-TSE-006,4,25,0,ALWAYS
GZ-TSE-006,4,26,0,ALWAYS
GZ-TSE-006,4,27,0,ALWAYS
GZ-TSE-006,4,28,0,ALWAYS
GZ-TSE-006,4,29,0,ALWAYS
GZ-TSE-006,4,30,0,ALWAYS
GZ-TSE-006,5,1,0,ALWAYS
GZ-TSE-006,5,2,0,ALWAYS
GZ-TSE-006,5,3,0,ALWAYS
GZ-TSE-006,5,4,0,ALWAYS
GZ-TSE-006,5,5,0,ALWAYS
GZ-TSE-006,5,6,0,ALWAYS
GZ-TSE-006,5,7,0,ALWAYS
GZ-TSE-006,5,8,0,ALWAYS
GZ-TSE-006,5,9,0,ALWAYS
GZ-TSE-006,5,10,0,ALWAYS
GZ-TSE-006,5,11,0,ALWAYS
GZ-TSE-006,5,12,0,ALWAYS
GZ-TSE-006,5,13,0,ALWAYS
GZ-TSE-006,5,14,0,ALWAYS
GZ-TSE-006,5,15,0,ALWAYS
GZ-TSE-006,5,16,0,ALWAYS
GZ-TSE-006,5,17,0,ALWAYS
GZ-TSE-006,5,18,0,ALWAYS
GZ-TSE-006,5,19,0,ALWAYS
GZ-TSE-006,5,20,0,ALWAYS
GZ-TSE-006,5,21,0,ALWAYS
GZ-TSE-006,5,22,0,ALWAYS
GZ-TSE-006,5,23,0,ALWAYS
GZ-TSE-006,5,24,0,ALWAYS
GZ-TSE-006,5,25,0,ALWAYS
GZ-TSE-006,5,26,0,ALWAYS
GZ-TSE-006,5,27,0,ALWAYS
GZ-TSE-006,5,28,0,ALWAYS
GZ-TSE-006,5,29,0,ALWAYS
GZ-TSE-006,5,30,0,ALWAYS
GZ-TSE-006,6,1,0,ALWAYS
GZ-TSE-006,6,2,0,ALWAYS
GZ-TSE-006,6,3,0,ALWAYS
GZ-TSE-006,6,4,0,ALWAYS
GZ-TSE-006,6,5,0,ALWAYS
GZ-TSE-006,6,6,0,ALWAYS
GZ-TSE-006,6,7,0,ALWAYS
GZ-TSE-006,6,8,0,ALWAYS
GZ-TSE-006,6,9,0,ALWAYS
GZ-TSE-006,6,10,0,ALWAYS
GZ-TSE-006,6,11,0,ALWAYS
GZ-TSE-006,6,12,0,ALWAYS
GZ-TSE-006,6,13,0,ALWAYS
GZ-TSE-006,6,14,0,ALWAYS
GZ-TSE-006,6,15,0,ALWAYS
GZ-TSE-006,6,16,0,ALWAYS
GZ-TSE-006,6,17,0,ALWAYS
GZ-TSE-006,6,18,0,ALWAYS
GZ-TSE-006,6,19,0,ALWAYS
GZ-TSE-006,6,20,0,ALWAYS
GZ-TSE-006,6,21,0,ALWAYS
GZ-TSE-006,6,22,0,ALWAYS
GZ-TSE-006,6,23,0,ALWAYS
GZ-TSE-006,6,24,0,ALWAYS
GZ-TSE-006,6,25,0,ALWAYS
GZ-TSE-006,6,26,0,ALWAYS
GZ-TSE-006,6,27,0,ALWAYS
GZ-TSE-006,6,28,0,ALWAYS
GZ-TSE-006,6,29,0,ALWAYS
GZ-TSE-006,6,30,0,ALWAYS
GZ-TSE-006,7,1,0,ALWAYS
GZ-TSE-006,7,2,0,ALWAYS
GZ-TSE-006,7,3,0,ALWAYS
GZ-TSE-006,7,4,0,ALWAYS
GZ-TSE-006,7,5,0,ALWAYS
GZ-TSE-006,7,6,0,ALWAYS
GZ-TSE-006,7,7,0,ALWAYS
GZ-TSE-006,7,8,0,ALWAYS
GZ-TSE-006,7,9,0,ALWAYS
GZ-TSE-006,7,10,0,ALWAYS
GZ-TSE-006,7,11,0,ALWAYS
GZ-TSE-006,7,12,0,ALWAYS
GZ-TSE-006,7,13,0,ALWAYS
GZ-TSE-006,7,14,0,ALWAYS
GZ-TSE-006,7,15,0,ALWAYS
GZ-TSE-006,7,16,0,ALWAYS
GZ-TSE-006,7,17,0,ALWAYS
GZ-TSE-006,7,18,0,ALWAYS
GZ-TSE-006,7,19,0,ALWAYS
GZ-TSE-006,7,20,0,ALWAYS
GZ-TSE-006,7,21,0,ALWAYS
GZ-TSE-006,7,22,0,ALWAYS
GZ-TSE-006,7,23,0,ALWAYS
GZ-TSE-006,7,24,0,ALWAYS
GZ-TSE-006,7,25,0,ALWAYS
GZ-TSE-006,7,26,0,ALWAYS
GZ-TSE-006,7,27,0,ALWAYS
GZ-TSE-006,7,28,0,ALWAYS
GZ-TSE-006,7,29,0,ALWAYS
GZ-TSE-006,7,30,0,ALWAYS
GZ-TSE-006,8,1,0,ALWAYS
GZ-TSE-006,8,2,0,ALWAYS
GZ-TSE-006,8,3,0,ALWAYS
GZ-TSE-006,8,4,0,ALWAYS
GZ-TSE-006,8,5,0,ALWAYS
GZ-TSE-006,8,6,0,ALWAYS
GZ-TSE-006,8,7,0,ALWAYS
GZ-TSE-006,8,8,0,ALWAYS
GZ-TSE-006,8,9,0,ALWAYS
GZ-TSE-006,8,10,0,ALWAYS
GZ-TSE-006,8,11,0,ALWAYS
GZ-TSE-006,8,12,0,ALWAYS
GZ-TSE-006,8,13,0,ALWAYS
GZ-TSE-006,8,14,0,ALWAYS
GZ-TSE-006,8,15,0,ALWAYS
GZ-TSE-006,8,16,0,ALWAYS
GZ-TSE-006,8,17,0,ALWAYS
GZ-TSE-006,8,18,0,ALWAYS
GZ-TSE-006,8,19,0,ALWAYS
GZ-TSE-006,8,20,0,ALWAYS
GZ-TSE-006,8,21,0,ALWAYS
GZ-TSE-006,8,22,0,ALWAYS
GZ-TSE-006,8,23,0,ALWAYS
GZ-TSE-006,8,24,0,ALWAYS
GZ-TSE-006,8,25,0,ALWAYS
GZ-TSE-006,8,26,0,ALWAYS
GZ-TSE-006,8,27,0,ALWAYS
GZ-TSE-006,8,28,0,ALWAYS
GZ-TSE-006,8,29,0,ALWAYS
GZ-TSE-006,8,30,0,ALWAYS
GZ-TSE-006,9,1,0,ALWAYS
GZ-TSE-006,9,2,0,ALWAYS
GZ-TSE-006,9,3,0,ALWAYS
GZ-TSE-006,9,4,0,ALWAYS
GZ-TSE-006,9,5,0,ALWAYS
GZ-TSE-006,9,6,0,ALWAYS
GZ-TSE-006,9,7,0,ALWAYS
GZ-TSE-006,9,8,0,ALWAYS
GZ-TSE-006,9,9,0,ALWAYS
GZ-TSE-006,9,10,0,ALWAYS
GZ-TSE-006,9,11,0,ALWAYS
GZ-TSE-006,9,12,0,ALWAYS
GZ-TSE-006,9,13,0,ALWAYS
GZ-TSE-006,9,14,0,ALWAYS
GZ-TSE-006,9,15,0,ALWAYS
GZ-TSE-006,9,16,0,ALWAYS
GZ-TSE-006,9,17,0,ALWAYS
GZ-TSE-006,9,18,0,ALWAYS
GZ-TSE-006,9,19,0,ALWAYS
GZ-TSE-006,9,20,0,ALWAYS
GZ-TSE-006,9,21,0,ALWAYS
GZ-TSE-006,9,22,0,ALWAYS
GZ-TSE-006,9,23,0,ALWAYS
GZ-TSE-006,9,24,0,ALWAYS
GZ-TSE-006,9,25,0,ALWAYS
GZ-TSE-006,9,26,0,ALWAYS
GZ-TSE-006,9,27,0,ALWAYS
GZ-TSE-006,9,28,0,ALWAYS
GZ-TSE-006,9,29,0,ALWAYS
GZ-TSE-006,9,30,0,ALWAYS
GZ-TSE-006,10,1,0,ALWAYS
GZ-TSE-006,10,2,0,ALWAYS
GZ-TSE-006,10,3,0,ALWAYS
GZ-TSE-006,10,4,0,ALWAYS
GZ-TSE-006,10,5,0,ALWAYS
GZ-TSE-006,10,6,0,ALWAYS
GZ-TSE-006,10,7,0,ALWAYS
GZ-TSE-006,10,8,0,ALWAYS
GZ-TSE-006,10,9,0,ALWAYS
GZ-TSE-006,10,10,0,ALWAYS
GZ-TSE-006,10,11,0,ALWAYS
GZ-TSE-006,10,12,0,ALWAYS
GZ-TSE-006,10,13,0,ALWAYS
GZ-TSE-006,10,14,0,ALWAYS
GZ-TSE-006,10,15,0,ALWAYS
GZ-TSE-006,10,16,0,ALWAYS
GZ-TSE-006,10,17,0,ALWAYS
GZ-TSE-006,10,18,0,ALWAYS
GZ-TSE-006,10,19,0,ALWAYS
GZ-TSE-006,10,20,0,ALWAYS
GZ-TSE-006,10,21,0,ALWAYS
GZ-TSE-006,10,22,0,ALWAYS
GZ-TSE-006,10,23,0,ALWAYS
GZ-TSE-006,10,24,0,ALWAYS
GZ-TSE-006,10,25,0,ALWAYS
GZ-TSE-006,10,26,0,ALWAYS
GZ-TSE-006,10,27,0,ALWAYS
GZ-TSE-006,10,28,0,ALWAYS
GZ-TSE-006,10,29,0,ALWAYS
GZ-TSE-006,10,30,0,ALWAYS
GZ-TSE-006,11,1,0,ALWAYS
GZ-TSE-006,11,2,0,ALWAYS
GZ-TSE-006,11,3,0,ALWAYS
GZ-TSE-006,11,4,0,ALWAYS
GZ-TSE-006,11,5,0,ALWAYS
GZ-TSE-006,11,6,0,ALWAYS
GZ-TSE-006,11,7,0,ALWAYS
GZ-TSE-006,11,8,0,ALWAYS
GZ-TSE-006,11,9,0,ALWAYS
GZ-TSE-006,11,10,0,ALWAYS
GZ-TSE-006,11,11,0,ALWAYS
GZ-TSE-006,11,12,0,ALWAYS
GZ-TSE-006,11,13,0,ALWAYS
GZ-TSE-006,11,14,0,ALWAYS
GZ-TSE-006,11,15,0,ALWAYS
GZ-TSE-006,11,16,0,ALWAYS
GZ-TSE-006,11,17,0,ALWAYS
GZ-TSE-006,11,18,0,ALWAYS
GZ-TSE-006,11,19,0,ALWAYS
GZ-TSE-006,11,20,0,ALWAYS
GZ-TSE-006,11,21,0,ALWAYS
GZ-TSE-006,11,22,0,ALWAYS
GZ-TSE-006,11,23,0,ALWAYS
GZ-TSE-006,11,24,0,ALWAYS
GZ-TSE-006,11,25,0,ALWAYS
GZ-TSE-006,11,26,0,ALWAYS
GZ-TSE-006,11,27,0,ALWAYS
GZ-TSE-006,11,28,0,ALWAYS
GZ-TSE-006,11,29,0,ALWAYS
GZ-TSE-006,11,30,0,ALWAYS
GZ-TSE-006,12,1,0,ALWAYS
GZ-TSE-006,12,2,0,ALWAYS
GZ-TSE-006,12,3,0,ALWAYS
GZ-TSE-006,12,4,0,ALWAYS
GZ-TSE-006,12,5,0,ALWAYS
GZ-TSE-006,12,6,0,ALWAYS
GZ-TSE-006,12,7,0,ALWAYS
GZ-TSE-006,12,8,0,ALWAYS
GZ-TSE-006,12,9,0,ALWAYS
GZ-TSE-006,12,10,0,ALWAYS
GZ-TSE-006,12,11,0,ALWAYS
GZ-TSE-006,12,12,0,ALWAYS
GZ-TSE-006,12,13,0,ALWAYS
GZ-TSE-006,12,14,0,ALWAYS
GZ-TSE-006,12,15,0,ALWAYS
GZ-TSE-006,12,16,0,ALWAYS
GZ-TSE-006,12,17,0,ALWAYS
GZ-TSE-006,12,18,0,ALWAYS
GZ-TSE-006,12,19,0,ALWAYS
GZ-TSE-006,12,20,0,ALWAYS
GZ-TSE-006,12,21,0,ALWAYS
GZ-TSE-006,12,22,0,ALWAYS
GZ-TSE-006,12,23,0,ALWAYS
GZ-TSE-006,12,24,0,ALWAYS
GZ-TSE-006,12,25,0,ALWAYS
GZ-TSE-006,12,26,0,ALWAYS
GZ-TSE-006,12,27,0,ALWAYS
GZ-TSE-006,12,28,0,ALWAYS
GZ-TSE-006,12,29,0,ALWAYS
GZ-TSE-006,12,30,0,ALWAYS
GZ-TSE-006,13,1,0,ALWAYS
GZ-TSE-006,13,2,0,ALWAYS
GZ-TSE-006,13,3,0,ALWAYS
GZ-TSE-006,13,4,0,ALWAYS
GZ-TSE-006,13,5,0,ALWAYS
GZ-TSE-006,13,6,0,ALWAYS
GZ-WUD-001,1,1,0,ALWAYS
GZ-WUD-001,1,2,0,ALWAYS
GZ-WUD-001,1,3,0,ALWAYS
GZ-WUD-001,1,4,0,ALWAYS
GZ-WUD-001,1,5,0,ALWAYS
GZ-WUD-001,1,6,0,ALWAYS
GZ-WUD-001,1,7,0,ALWAYS
GZ-WUD-001,1,8,0,ALWAYS
GZ-WUD-001,1,9,0,ALWAYS
GZ-WUD-001,1,10,0,ALWAYS
GZ-WUD-001,1,11,0,ALWAYS
GZ-WUD-001,1,12,0,ALWAYS
GZ-WUD-001,1,13,0,ALWAYS
GZ-WUD-001,1,14,0,ALWAYS
GZ-WUD-001,1,15,0,ALWAYS
GZ-WUD-001,1,16,0,ALWAYS
GZ-WUD-001,1,17,0,ALWAYS
GZ-WUD-001,1,18,0,ALWAYS
GZ-WUD-001,1,19,0,ALWAYS
GZ-WUD-001,1,20,0,ALWAYS
GZ-WUD-001,1,21,0,ALWAYS
GZ-WUD-001,1,22,0,ALWAYS
GZ-WUD-001,1,23,0,ALWAYS
GZ-WUD-001,1,24,0,ALWAYS
GZ-WUD-001,1,25,0,ALWAYS
GZ-WUD-001,1,26,0,ALWAYS
GZ-WUD-001,1,27,0,ALWAYS
GZ-WUD-001,1,28,0,ALWAYS
GZ-WUD-001,1,29,0,ALWAYS
GZ-WUD-001,1,30,0,ALWAYS
GZ-WUD-001,2,1,0,ALWAYS
GZ-WUD-001,2,2,0,ALWAYS
GZ-WUD-001,2,3,0,ALWAYS
GZ-WUD-001,2,4,0,ALWAYS
GZ-WUD-001,2,5,0,ALWAYS
GZ-WUD-001,2,6,0,ALWAYS
GZ-WUD-001,2,7,0,ALWAYS
GZ-WUD-001,2,8,0,ALWAYS
GZ-WUD-001,2,9,0,ALWAYS
GZ-WUD-001,2,10,0,ALWAYS
GZ-WUD-001,2,11,0,ALWAYS
GZ-WUD-001,2,12,0,ALWAYS
GZ-WUD-001,2,13,0,ALWAYS
GZ-WUD-001,2,14,0,ALWAYS
GZ-WUD-001,2,15,0,ALWAYS
GZ-WUD-001,2,16,0,ALWAYS
GZ-WUD-001,2,17,0,ALWAYS
GZ-WUD-001,2,18,0,ALWAYS
GZ-WUD-001,2,19,0,ALWAYS
GZ-WUD-001,2,20,0,ALWAYS
GZ-WUD-001,2,21,0,ALWAYS
GZ-WUD-001,2,22,0,ALWAYS
GZ-WUD-001,2,23,0,ALWAYS
GZ-WUD-001,2,24,0,ALWAYS
GZ-WUD-001,2,25,0,ALWAYS
GZ-WUD-001,2,26,0,ALWAYS
GZ-WUD-001,2,27,0,ALWAYS
GZ-WUD-001,2,28,0,ALWAYS
GZ-WUD-001,2,29,0,ALWAYS
GZ-WUD-001,2,30,0,ALWAYS
GZ-WUD-001,3,1,0,ALWAYS
GZ-WUD-001,3,2,0,ALWAYS
GZ-WUD-001,3,3,0,ALWAYS
GZ-WUD-001,3,4,0,ALWAYS
GZ-WUD-001,3,5,0,ALWAYS
GZ-WUD-001,3,6,0,ALWAYS
GZ-WUD-001,3,7,0,ALWAYS
GZ-WUD-001,3,8,0,ALWAYS
GZ-WUD-001,3,9,0,ALWAYS
GZ-WUD-001,3,10,0,ALWAYS
GZ-WUD-001,3,11,0,ALWAYS
GZ-WUD-001,3,12,0,ALWAYS
GZ-WUD-001,3,13,0,ALWAYS
GZ-WUD-001,3,14,0,ALWAYS
GZ-WUD-001,3,15,0,ALWAYS
GZ-WUD-001,3,16,0,ALWAYS
GZ-WUD-001,3,17,0,ALWAYS
GZ-WUD-001,3,18,0,ALWAYS
GZ-WUD-001,3,19,0,ALWAYS
GZ-WUD-001,3,20,0,ALWAYS
GZ-WUD-001,3,21,0,ALWAYS
GZ-WUD-001,3,22,0,ALWAYS
GZ-WUD-001,3,23,0,ALWAYS
GZ-WUD-001,3,24,0,ALWAYS
GZ-WUD-001,3,25,0,ALWAYS
GZ-WUD-001,3,26,0,ALWAYS
GZ-WUD-001,3,27,0,ALWAYS
GZ-WUD-001,3,28,0,ALWAYS
GZ-WUD-001,3,29,0,ALWAYS
GZ-WUD-001,3,30,0,ALWAYS
GZ-WUD-001,4,1,0,ALWAYS
GZ-WUD-001,4,2,0,ALWAYS
GZ-WUD-001,4,3,0,ALWAYS
GZ-WUD-001,4,4,0,ALWAYS
GZ-WUD-001,4,5,0,ALWAYS
GZ-WUD-001,4,6,0,ALWAYS
GZ-WUD-001,4,7,0,ALWAYS
GZ-WUD-001,4,8,0,ALWAYS
GZ-WUD-001,4,9,0,ALWAYS
GZ-WUD-001,4,10,0,ALWAYS
GZ-WUD-001,4,11,0,ALWAYS
GZ-WUD-001,4,12,0,ALWAYS
GZ-WUD-001,4,13,0,ALWAYS
GZ-WUD-001,4,14,0,ALWAYS
GZ-WUD-001,4,15,0,ALWAYS
GZ-WUD-001,4,16,0,ALWAYS
GZ-WUD-001,4,17,0,ALWAYS
GZ-WUD-001,4,18,0,ALWAYS
GZ-WUD-001,4,19,0,ALWAYS
GZ-WUD-001,4,20,0,ALWAYS
GZ-WUD-001,4,21,0,ALWAYS
GZ-WUD-001,4,22,0,ALWAYS
GZ-WUD-001,4,23,0,ALWAYS
GZ-WUD-001,4,24,0,ALWAYS
GZ-WUD-001,4,25,0,ALWAYS
GZ-WUD-001,4,26,0,ALWAYS
GZ-WUD-001,4,27,0,ALWAYS
GZ-WUD-001,4,28,0,ALWAYS
GZ-WUD-001,4,29,0,ALWAYS
GZ-WUD-001,4,30,0,ALWAYS
GZ-WUD-001,5,1,0,ALWAYS
GZ-WUD-001,5,2,0,ALWAYS
GZ-WUD-001,5,3,0,ALWAYS
GZ-WUD-001,5,4,0,ALWAYS
GZ-WUD-001,5,5,0,ALWAYS
GZ-WUD-001,5,6,0,ALWAYS
GZ-WUD-001,5,7,0,ALWAYS
GZ-WUD-001,5,8,0,ALWAYS
GZ-WUD-001,5,9,0,ALWAYS
GZ-WUD-001,5,10,0,ALWAYS
GZ-WUD-001,5,11,0,ALWAYS
GZ-WUD-001,5,12,0,ALWAYS
GZ-WUD-001,5,13,0,ALWAYS
GZ-WUD-001,5,14,0,ALWAYS
GZ-WUD-001,5,15,0,ALWAYS
GZ-WUD-001,5,16,0,ALWAYS
GZ-WUD-001,5,17,0,ALWAYS
GZ-WUD-001,5,18,0,ALWAYS
GZ-WUD-001,5,19,0,ALWAYS
GZ-WUD-001,5,20,0,ALWAYS
GZ-WUD-001,5,21,0,ALWAYS
GZ-WUD-001,5,22,0,ALWAYS
GZ-WUD-001,5,23,0,ALWAYS
GZ-WUD-001,5,24,0,ALWAYS
GZ-WUD-001,5,25,0,ALWAYS
GZ-WUD-001,5,26,0,ALWAYS
GZ-WUD-001,5,27,0,ALWAYS
GZ-WUD-001,5,28,0,ALWAYS
GZ-WUD-001,5,29,0,ALWAYS
GZ-WUD-001,5,30,0,ALWAYS
GZ-WUD-001,6,1,0,ALWAYS
GZ-WUD-001,6,2,0,ALWAYS
GZ-WUD-001,6,3,0,ALWAYS
GZ-WUD-001,6,4,0,ALWAYS
GZ-WUD-001,6,5,0,ALWAYS
GZ-WUD-001,6,6,0,ALWAYS
GZ-WUD-001,6,7,0,ALWAYS
GZ-WUD-001,6,8,0,ALWAYS
GZ-WUD-001,6,9,0,ALWAYS
GZ-WUD-001,6,10,0,ALWAYS
GZ-WUD-001,6,11,0,ALWAYS
GZ-WUD-001,6,12,0,ALWAYS
GZ-WUD-001,6,13,0,ALWAYS
GZ-WUD-001,6,14,0,ALWAYS
GZ-WUD-001,6,15,0,ALWAYS
GZ-WUD-001,6,16,0,ALWAYS
GZ-WUD-001,6,17,0,ALWAYS
GZ-WUD-001,6,18,0,ALWAYS
GZ-WUD-001,6,19,0,ALWAYS
GZ-WUD-001,6,20,0,ALWAYS
GZ-WUD-001,6,21,0,ALWAYS
GZ-WUD-001,6,22,0,ALWAYS
GZ-WUD-001,6,23,0,ALWAYS
GZ-WUD-001,6,24,0,ALWAYS
GZ-WUD-001,6,25,0,ALWAYS
GZ-WUD-001,6,26,0,ALWAYS
GZ-WUD-001,6,27,0,ALWAYS
GZ-WUD-001,6,28,0,ALWAYS
GZ-WUD-001,6,29,0,ALWAYS
GZ-WUD-001,6,30,0,ALWAYS
GZ-WUD-001,7,1,0,ALWAYS
GZ-WUD-001,7,2,0,ALWAYS
GZ-WUD-001,7,3,0,ALWAYS
GZ-WUD-001,7,4,0,ALWAYS
GZ-WUD-001,7,5,0,ALWAYS
GZ-WUD-001,7,6,0,ALWAYS
GZ-WUD-001,7,7,0,ALWAYS
GZ-WUD-001,7,8,0,ALWAYS
GZ-WUD-001,7,9,0,ALWAYS
GZ-WUD-001,7,10,0,ALWAYS
GZ-WUD-001,7,11,0,ALWAYS
GZ-WUD-001,7,12,0,ALWAYS
GZ-WUD-001,7,13,0,ALWAYS
GZ-WUD-001,7,14,0,ALWAYS
GZ-WUD-001,7,15,0,ALWAYS
GZ-WUD-001,7,16,0,ALWAYS
GZ-WUD-001,7,17,0,ALWAYS
GZ-WUD-001,7,18,0,ALWAYS
GZ-WUD-001,7,19,0,ALWAYS
GZ-WUD-001,7,20,0,ALWAYS
GZ-WUD-001,7,21,0,ALWAYS
GZ-WUD-001,7,22,0,ALWAYS
GZ-WUD-001,7,23,0,ALWAYS
GZ-WUD-001,7,24,0,ALWAYS
GZ-WUD-001,7,25,0,ALWAYS
GZ-WUD-001,7,26,0,ALWAYS
GZ-WUD-001,7,27,0,ALWAYS
GZ-WUD-001,7,28,0,ALWAYS
GZ-WUD-001,7,29,0,ALWAYS
GZ-WUD-001,7,30,0,ALWAYS
GZ-WUD-001,8,1,0,ALWAYS
GZ-WUD-001,8,2,0,ALWAYS
GZ-WUD-001,8,3,0,ALWAYS
GZ-WUD-001,8,4,0,ALWAYS
GZ-WUD-001,8,5,0,ALWAYS
GZ-WUD-001,8,6,0,ALWAYS
GZ-WUD-001,8,7,0,ALWAYS
GZ-WUD-001,8,8,0,ALWAYS
GZ-WUD-001,8,9,0,ALWAYS
GZ-WUD-001,8,10,0,ALWAYS
GZ-WUD-001,8,11,0,ALWAYS
GZ-WUD-001,8,12,0,ALWAYS
GZ-WUD-001,8,13,0,ALWAYS
GZ-WUD-001,8,14,0,ALWAYS
GZ-WUD-001,8,15,0,ALWAYS
GZ-WUD-001,8,16,0,ALWAYS
GZ-WUD-001,8,17,0,ALWAYS
GZ-WUD-001,8,18,0,ALWAYS
GZ-WUD-001,8,19,0,ALWAYS
GZ-WUD-001,8,20,0,ALWAYS
GZ-WUD-001,8,21,0,ALWAYS
GZ-WUD-001,8,22,0,ALWAYS
GZ-WUD-001,8,23,0,ALWAYS
GZ-WUD-001,8,24,0,ALWAYS
GZ-WUD-001,8,25,0,ALWAYS
GZ-WUD-001,8,26,0,ALWAYS
GZ-WUD-001,8,27,0,ALWAYS
GZ-WUD-001,8,28,0,ALWAYS
GZ-WUD-001,8,29,0,ALWAYS
GZ-WUD-001,8,30,0,ALWAYS
GZ-WUD-001,9,1,0,ALWAYS
GZ-WUD-001,9,2,0,ALWAYS
GZ-WUD-001,9,3,0,ALWAYS
GZ-WUD-001,9,4,0,ALWAYS
GZ-WUD-001,9,5,0,ALWAYS
GZ-WUD-001,9,6,0,ALWAYS
GZ-WUD-001,9,7,0,ALWAYS
GZ-WUD-001,9,8,0,ALWAYS
GZ-WUD-001,9,9,0,ALWAYS
GZ-WUD-001,9,10,0,ALWAYS
GZ-WUD-001,9,11,0,ALWAYS
GZ-WUD-001,9,12,0,ALWAYS
GZ-WUD-001,9,13,0,ALWAYS
GZ-WUD-001,9,14,0,ALWAYS
GZ-WUD-001,9,15,0,ALWAYS
GZ-WUD-001,9,16,0,ALWAYS
GZ-WUD-001,9,17,0,ALWAYS
GZ-WUD-001,9,18,0,ALWAYS
GZ-WUD-001,9,19,0,ALWAYS
GZ-WUD-001,9,20,0,ALWAYS
GZ-WUD-001,9,21,0,ALWAYS
GZ-WUD-001,9,22,0,ALWAYS
GZ-WUD-001,9,23,0,ALWAYS
GZ-WUD-001,9,24,0,ALWAYS
GZ-WUD-001,9,25,0,ALWAYS
GZ-WUD-001,9,26,0,ALWAYS
GZ-WUD-001,9,27,0,ALWAYS
GZ-WUD-001,9,28,0,ALWAYS
GZ-WUD-001,9,29,0,ALWAYS
GZ-WUD-001,9,30,0,ALWAYS
GZ-WUD-001,10,1,0,ALWAYS
GZ-WUD-001,10,2,0,ALWAYS
GZ-WUD-001,10,3,0,ALWAYS
GZ-WUD-001,10,4,0,ALWAYS
GZ-WUD-001,10,5,0,ALWAYS
GZ-WUD-001,10,6,0,ALWAYS
GZ-WUD-001,10,7,0,ALWAYS
GZ-WUD-001,10,8,0,ALWAYS
GZ-WUD-001,10,9,0,ALWAYS
GZ-WUD-001,10,10,0,ALWAYS
GZ-WUD-001,10,11,0,ALWAYS
GZ-WUD-001,10,12,0,ALWAYS
GZ-WUD-001,10,13,0,ALWAYS
GZ-WUD-001,10,14,0,ALWAYS
GZ-WUD-001,10,15,0,ALWAYS
GZ-WUD-001,10,16,0,ALWAYS
GZ-WUD-001,10,17,0,ALWAYS
GZ-WUD-001,10,18,0,ALWAYS
GZ-WUD-001,10,19,0,ALWAYS
GZ-WUD-001,10,20,0,ALWAYS
GZ-WUD-001,10,21,0,ALWAYS
GZ-WUD-001,10,22,0,ALWAYS
GZ-WUD-001,10,23,0,ALWAYS
GZ-WUD-001,10,24,0,ALWAYS
GZ-WUD-001,10,25,0,ALWAYS
GZ-WUD-001,10,26,0,ALWAYS
GZ-WUD-001,10,27,0,ALWAYS
GZ-WUD-001,10,28,0,ALWAYS
GZ-WUD-001,10,29,0,ALWAYS
GZ-WUD-001,10,30,0,ALWAYS
GZ-WUD-001,11,1,0,ALWAYS
GZ-WUD-001,11,2,0,ALWAYS
GZ-WUD-001,11,3,0,ALWAYS
GZ-WUD-001,11,4,0,ALWAYS
GZ-WUD-001,11,5,0,ALWAYS
GZ-WUD-001,11,6,0,ALWAYS
GZ-WUD-001,11,7,0,ALWAYS
GZ-WUD-001,11,8,0,ALWAYS
GZ-WUD-001,11,9,0,ALWAYS
GZ-WUD-001,11,10,0,ALWAYS
GZ-WUD-001,11,11,0,ALWAYS
GZ-WUD-001,11,12,0,ALWAYS
GZ-WUD-001,11,13,0,ALWAYS
GZ-WUD-001,11,14,0,ALWAYS
GZ-WUD-001,11,15,0,ALWAYS
GZ-WUD-001,11,16,0,ALWAYS
GZ-WUD-001,11,17,0,ALWAYS
GZ-WUD-001,11,18,0,ALWAYS
GZ-WUD-001,11,19,0,ALWAYS
GZ-WUD-001,11,20,0,ALWAYS
GZ-WUD-001,11,21,0,ALWAYS
GZ-WUD-001,11,22,0,ALWAYS
GZ-WUD-001,11,23,0,ALWAYS
GZ-WUD-001,11,24,0,ALWAYS
GZ-WUD-001,11,25,0,ALWAYS
GZ-WUD-001,11,26,0,ALWAYS
GZ-WUD-001,11,27,0,ALWAYS
GZ-WUD-001,11,28,0,ALWAYS
GZ-WUD-001,11,29,0,ALWAYS
GZ-WUD-001,11,30,0,ALWAYS
GZ-WUD-001,12,1,0,ALWAYS
GZ-WUD-001,12,2,0,ALWAYS
GZ-WUD-001,12,3,0,ALWAYS
GZ-WUD-001,12,4,0,ALWAYS
GZ-WUD-001,12,5,0,ALWAYS
GZ-WUD-001,12,6,0,ALWAYS
GZ-WUD-001,12,7,0,ALWAYS
GZ-WUD-001,12,8,0,ALWAYS
GZ-WUD-001,12,9,0,ALWAYS
GZ-WUD-001,12,10,0,ALWAYS
GZ-WUD-001,12,11,0,ALWAYS
GZ-WUD-001,12,12,0,ALWAYS
GZ-WUD-001,12,13,0,ALWAYS
GZ-WUD-001,12,14,0,ALWAYS
GZ-WUD-001,12,15,0,ALWAYS
GZ-WUD-001,12,16,0,ALWAYS
GZ-WUD-001,12,17,0,ALWAYS
GZ-WUD-001,12,18,0,ALWAYS
GZ-WUD-001,12,19,0,ALWAYS
GZ-WUD-001,12,20,0,ALWAYS
GZ-WUD-001,12,21,0,ALWAYS
GZ-WUD-001,12,22,0,ALWAYS
GZ-WUD-001,12,23,0,ALWAYS
GZ-WUD-001,12,24,0,ALWAYS
GZ-WUD-001,12,25,0,ALWAYS
GZ-WUD-001,12,26,0,ALWAYS
GZ-WUD-001,12,27,0,ALWAYS
GZ-WUD-001,12,28,0,ALWAYS
GZ-WUD-001,12,29,0,ALWAYS
GZ-WUD-001,12,30,0,ALWAYS
GZ-WUD-001,13,1,0,ALWAYS
GZ-WUD-001,13,2,0,ALWAYS
GZ-WUD-001,13,3,0,ALWAYS
GZ-WUD-001,13,4,0,ALWAYS
GZ-WUD-001,13,5,0,ALWAYS
GZ-WUD-001,13,6,0,ALWAYS
OR-MZM-001,1,1,0,ALWAYS
OR-MZM-001,1,2,0,ALWAYS
OR-MZM-001,1,3,0,ALWAYS
OR-MZM-001,1,4,0,ALWAYS
OR-MZM-001,1,5,0,ALWAYS
OR-MZM-001,1,6,0,ALWAYS
OR-MZM-001,1,7,0,ALWAYS
OR-MZM-001,1,8,0,ALWAYS
OR-MZM-001,1,9,0,ALWAYS
OR-MZM-001,1,10,0,ALWAYS
OR-MZM-001,1,11,0,ALWAYS
OR-MZM-001,1,12,0,ALWAYS
OR-MZM-001,1,13,0,ALWAYS
OR-MZM-001,1,14,0,ALWAYS
OR-MZM-001,1,15,0,ALWAYS
OR-MZM-001,1,16,0,ALWAYS
OR-MZM-001,1,17,0,ALWAYS
OR-MZM-001,1,18,0,ALWAYS
OR-MZM-001,1,19,0,ALWAYS
OR-MZM-001,1,20,0,ALWAYS
OR-MZM-001,1,21,0,ALWAYS
OR-MZM-001,1,22,0,ALWAYS
OR-MZM-001,1,23,0,ALWAYS
OR-MZM-001,1,24,0,ALWAYS
OR-MZM-001,1,25,0,ALWAYS
OR-MZM-001,1,26,0,ALWAYS
OR-MZM-001,1,27,0,ALWAYS
OR-MZM-001,1,28,0,ALWAYS
OR-MZM-001,1,29,0,ALWAYS
OR-MZM-001,1,30,0,ALWAYS
OR-MZM-001,2,1,0,ALWAYS
OR-MZM-001,2,2,0,ALWAYS
OR-MZM-001,2,3,0,ALWAYS
OR-MZM-001,2,4,0,ALWAYS
OR-MZM-001,2,5,0,ALWAYS
OR-MZM-001,2,6,0,ALWAYS
OR-MZM-001,2,7,0,ALWAYS
OR-MZM-001,2,8,0,ALWAYS
OR-MZM-001,2,9,0,ALWAYS
OR-MZM-001,2,10,0,ALWAYS
OR-MZM-001,2,11,0,ALWAYS
OR-MZM-001,2,12,0,ALWAYS
OR-MZM-001,2,13,0,ALWAYS
OR-MZM-001,2,14,0,ALWAYS
OR-MZM-001,2,15,0,ALWAYS
OR-MZM-001,2,16,0,ALWAYS
OR-MZM-001,2,17,0,ALWAYS
OR-MZM-001,2,18,0,ALWAYS
OR-MZM-001,2,19,0,ALWAYS
OR-MZM-001,2,20,0,ALWAYS
OR-MZM-001,2,21,0,ALWAYS
OR-MZM-001,2,22,0,ALWAYS
OR-MZM-001,2,23,0,ALWAYS
OR-MZM-001,2,24,0,ALWAYS
OR-MZM-001,2,25,0,ALWAYS
OR-MZM-001,2,26,0,ALWAYS
OR-MZM-001,2,27,0,ALWAYS
OR-MZM-001,2,28,0,ALWAYS
OR-MZM-001,2,29,0,ALWAYS
OR-MZM-001,2,30,0,ALWAYS
OR-MZM-001,3,1,0,ALWAYS
OR-MZM-001,3,2,0,ALWAYS
OR-MZM-001,3,3,0,ALWAYS
OR-MZM-001,3,4,0,ALWAYS
OR-MZM-001,3,5,0,ALWAYS
OR-MZM-001,3,6,0,ALWAYS
OR-MZM-001,3,7,0,ALWAYS
OR-MZM-001,3,8,0,ALWAYS
OR-MZM-001,3,9,0,ALWAYS
OR-MZM-001,3,10,0,ALWAYS
OR-MZM-001,3,11,0,ALWAYS
OR-MZM-001,3,12,0,ALWAYS
OR-MZM-001,3,13,0,ALWAYS
OR-MZM-001,3,14,0,ALWAYS
OR-MZM-001,3,15,0,ALWAYS
OR-MZM-001,3,16,0,ALWAYS
OR-MZM-001,3,17,0,ALWAYS
OR-MZM-001,3,18,0,ALWAYS
OR-MZM-001,3,19,0,ALWAYS
OR-MZM-001,3,20,0,ALWAYS
OR-MZM-001,3,21,0,ALWAYS
OR-MZM-001,3,22,0,ALWAYS
OR-MZM-001,3,23,0,ALWAYS
OR-MZM-001,3,24,0,ALWAYS
OR-MZM-001,3,25,0,ALWAYS
OR-MZM-001,3,26,0,ALWAYS
OR-MZM-001,3,27,0,ALWAYS
OR-MZM-001,3,28,0,ALWAYS
OR-MZM-001,3,29,0,ALWAYS
OR-MZM-001,3,30,0,ALWAYS
OR-MZM-001,4,1,0,ALWAYS
OR-MZM-001,4,2,0,ALWAYS
OR-MZM-001,4,3,0,ALWAYS
OR-MZM-001,4,4,0,ALWAYS
OR-MZM-001,4,5,0,ALWAYS
OR-MZM-001,4,6,0,ALWAYS
OR-MZM-001,4,7,0,ALWAYS
OR-MZM-001,4,8,0,ALWAYS
OR-MZM-001,4,9,0,ALWAYS
OR-MZM-001,4,10,0,ALWAYS
OR-MZM-001,4,11,0,ALWAYS
OR-MZM-001,4,12,0,ALWAYS
OR-MZM-001,4,13,0,ALWAYS
OR-MZM-001,4,14,0,ALWAYS
OR-MZM-001,4,15,0,ALWAYS
OR-MZM-001,4,16,0,ALWAYS
OR-MZM-001,4,17,0,ALWAYS
OR-MZM-001,4,18,0,ALWAYS
OR-MZM-001,4,19,0,ALWAYS
OR-MZM-001,4,20,0,ALWAYS
OR-MZM-001,4,21,0,ALWAYS
OR-MZM-001,4,22,0,ALWAYS
OR-MZM-001,4,23,0,ALWAYS
OR-MZM-001,4,24,0,ALWAYS
OR-MZM-001,4,25,0,ALWAYS
OR-MZM-001,4,26,0,ALWAYS
OR-MZM-001,4,27,0,ALWAYS
OR-MZM-001,4,28,0,ALWAYS
OR-MZM-001,4,29,0,ALWAYS
OR-MZM-001,4,30,0,ALWAYS
OR-MZM-001,5,1,0,ALWAYS
OR-MZM-001,5,2,0,ALWAYS
OR-MZM-001,5,3,0,ALWAYS
OR-MZM-001,5,4,0,ALWAYS
OR-MZM-001,5,5,0,ALWAYS
OR-MZM-001,5,6,0,ALWAYS
OR-MZM-001,5,7,0,ALWAYS
OR-MZM-001,5,8,0,ALWAYS
OR-MZM-001,5,9,0,ALWAYS
OR-MZM-001,5,10,0,ALWAYS
OR-MZM-001,5,11,0,ALWAYS
OR-MZM-001,5,12,0,ALWAYS
OR-MZM-001,5,13,0,ALWAYS
OR-MZM-001,5,14,0,ALWAYS
OR-MZM-001,5,15,0,ALWAYS
OR-MZM-001,5,16,0,ALWAYS
OR-MZM-001,5,17,0,ALWAYS
OR-MZM-001,5,18,0,ALWAYS
OR-MZM-001,5,19,0,ALWAYS
OR-MZM-001,5,20,0,ALWAYS
OR-MZM-001,5,21,0,ALWAYS
OR-MZM-001,5,22,0,ALWAYS
OR-MZM-001,5,23,0,ALWAYS
OR-MZM-001,5,24,0,ALWAYS
OR-MZM-001,5,25,0,ALWAYS
OR-MZM-001,5,26,0,ALWAYS
OR-MZM-001,5,27,0,ALWAYS
OR-MZM-001,5,28,0,ALWAYS
OR-MZM-001,5,29,0,ALWAYS
OR-MZM-001,5,30,0,ALWAYS
OR-MZM-001,6,1,0,ALWAYS
OR-MZM-001,6,2,0,ALWAYS
OR-MZM-001,6,3,0,ALWAYS
OR-MZM-001,6,4,0,ALWAYS
OR-MZM-001,6,5,0,ALWAYS
OR-MZM-001,6,6,0,ALWAYS
OR-MZM-001,6,7,0,ALWAYS
OR-MZM-001,6,8,0,ALWAYS
OR-MZM-001,6,9,0,ALWAYS
OR-MZM-001,6,10,0,ALWAYS
OR-MZM-001,6,11,0,ALWAYS
OR-MZM-001,6,12,0,ALWAYS
OR-MZM-001,6,13,0,ALWAYS
OR-MZM-001,6,14,0,ALWAYS
OR-MZM-001,6,15,0,ALWAYS
OR-MZM-001,6,16,0,ALWAYS
OR-MZM-001,6,17,0,ALWAYS
OR-MZM-001,6,18,0,ALWAYS
OR-MZM-001,6,19,0,ALWAYS
OR-MZM-001,6,20,0,ALWAYS
OR-MZM-001,6,21,0,ALWAYS
OR-MZM-001,6,22,0,ALWAYS
OR-MZM-001,6,23,0,ALWAYS
OR-MZM-001,6,24,0,ALWAYS
OR-MZM-001,6,25,0,ALWAYS
OR-MZM-001,6,26,0,ALWAYS
OR-MZM-001,6,27,0,ALWAYS
OR-MZM-001,6,28,0,ALWAYS
OR-MZM-001,6,29,0,ALWAYS
OR-MZM-001,6,30,0,ALWAYS
OR-MZM-001,7,1,0,ALWAYS
OR-MZM-001,7,2,0,ALWAYS
OR-MZM-001,7,3,0,ALWAYS
OR-MZM-001,7,4,0,ALWAYS
OR-MZM-001,7,5,0,ALWAYS
OR-MZM-001,7,6,0,ALWAYS
OR-MZM-001,7,7,0,ALWAYS
OR-MZM-001,7,8,0,ALWAYS
OR-MZM-001,7,9,0,ALWAYS
OR-MZM-001,7,10,0,ALWAYS
OR-MZM-001,7,11,0,ALWAYS
OR-MZM-001,7,12,0,ALWAYS
OR-MZM-001,7,13,0,ALWAYS
OR-MZM-001,7,14,0,ALWAYS
OR-MZM-001,7,15,0,ALWAYS
OR-MZM-001,7,16,0,ALWAYS
OR-MZM-001,7,17,0,ALWAYS
OR-MZM-001,7,18,0,ALWAYS
OR-MZM-001,7,19,0,ALWAYS
OR-MZM-001,7,20,0,ALWAYS
OR-MZM-001,7,21,0,ALWAYS
OR-MZM-001,7,22,0,ALWAYS
OR-MZM-001,7,23,0,ALWAYS
OR-MZM-001,7,24,0,ALWAYS
OR-MZM-001,7,25,0,ALWAYS
OR-MZM-001,7,26,0,ALWAYS
OR-MZM-001,7,27,0,ALWAYS
OR-MZM-001,7,28,0,ALWAYS
OR-MZM-001,7,29,0,ALWAYS
OR-MZM-001,7,30,0,ALWAYS
OR-MZM-001,8,1,0,ALWAYS
OR-MZM-001,8,2,0,ALWAYS
OR-MZM-001,8,3,0,ALWAYS
OR-MZM-001,8,4,0,ALWAYS
OR-MZM-001,8,5,0,ALWAYS
OR-MZM-001,8,6,0,ALWAYS
OR-MZM-001,8,7,0,ALWAYS
OR-MZM-001,8,8,0,ALWAYS
OR-MZM-001,8,9,0,ALWAYS
OR-MZM-001,8,10,0,ALWAYS
OR-MZM-001,8,11,0,ALWAYS
OR-MZM-001,8,12,0,ALWAYS
OR-MZM-001,8,13,0,ALWAYS
OR-MZM-001,8,14,0,ALWAYS
OR-MZM-001,8,15,0,ALWAYS
OR-MZM-001,8,16,0,ALWAYS
OR-MZM-001,8,17,0,ALWAYS
OR-MZM-001,8,18,0,ALWAYS
OR-MZM-001,8,19,0,ALWAYS
OR-MZM-001,8,20,0,ALWAYS
OR-MZM-001,8,21,0,ALWAYS
OR-MZM-001,8,22,0,ALWAYS
OR-MZM-001,8,23,0,ALWAYS
OR-MZM-001,8,24,0,ALWAYS
OR-MZM-001,8,25,0,ALWAYS
OR-MZM-001,8,26,0,ALWAYS
OR-MZM-001,8,27,0,ALWAYS
OR-MZM-001,8,28,0,ALWAYS
OR-MZM-001,8,29,0,ALWAYS
OR-MZM-001,8,30,0,ALWAYS
OR-MZM-001,9,1,0,ALWAYS
OR-MZM-001,9,2,0,ALWAYS
OR-MZM-001,9,3,0,ALWAYS
OR-MZM-001,9,4,0,ALWAYS
OR-MZM-001,9,5,0,ALWAYS
OR-MZM-001,9,6,0,ALWAYS
OR-MZM-001,9,7,0,ALWAYS
OR-MZM-001,9,8,0,ALWAYS
OR-MZM-001,9,9,0,ALWAYS
OR-MZM-001,9,10,0,ALWAYS
OR-MZM-001,9,11,0,ALWAYS
OR-MZM-001,9,12,0,ALWAYS
OR-MZM-001,9,13,0,ALWAYS
OR-MZM-001,9,14,0,ALWAYS
OR-MZM-001,9,15,0,ALWAYS
OR-MZM-001,9,16,0,ALWAYS
OR-MZM-001,9,17,0,ALWAYS
OR-MZM-001,9,18,0,ALWAYS
OR-MZM-001,9,19,0,ALWAYS
OR-MZM-001,9,20,0,ALWAYS
OR-MZM-001,9,21,0,ALWAYS
OR-MZM-001,9,22,0,ALWAYS
OR-MZM-001,9,23,0,ALWAYS
OR-MZM-001,9,24,0,ALWAYS
OR-MZM-001,9,25,0,ALWAYS
OR-MZM-001,9,26,0,ALWAYS
OR-MZM-001,9,27,0,ALWAYS
OR-MZM-001,9,28,0,ALWAYS
OR-MZM-001,9,29,0,ALWAYS
OR-MZM-001,9,30,0,ALWAYS
OR-MZM-001,10,1,0,ALWAYS
OR-MZM-001,10,2,0,ALWAYS
OR-MZM-001,10,3,0,ALWAYS
OR-MZM-001,10,4,0,ALWAYS
OR-MZM-001,10,5,0,ALWAYS
OR-MZM-001,10,6,0,ALWAYS
OR-MZM-001,10,7,0,ALWAYS
OR-MZM-001,10,8,0,ALWAYS
OR-MZM-001,10,9,0,ALWAYS
OR-MZM-001,10,10,0,ALWAYS
OR-MZM-001,10,11,0,ALWAYS
OR-MZM-001,10,12,0,ALWAYS
OR-MZM-001,10,13,0,ALWAYS
OR-MZM-001,10,14,0,ALWAYS
OR-MZM-001,10,15,0,ALWAYS
OR-MZM-001,10,16,0,ALWAYS
OR-MZM-001,10,17,0,ALWAYS
OR-MZM-001,10,18,0,ALWAYS
OR-MZM-001,10,19,0,ALWAYS
OR-MZM-001,10,20,0,ALWAYS
OR-MZM-001,10,21,0,ALWAYS
OR-MZM-001,10,22,0,ALWAYS
OR-MZM-001,10,23,0,ALWAYS
OR-MZM-001,10,24,0,ALWAYS
OR-MZM-001,10,25,0,ALWAYS
OR-MZM-001,10,26,0,ALWAYS
OR-MZM-001,10,27,0,ALWAYS
OR-MZM-001,10,28,0,ALWAYS
OR-MZM-001,10,29,0,ALWAYS
OR-MZM-001,10,30,0,ALWAYS
OR-MZM-001,11,1,0,ALWAYS
OR-MZM-001,11,2,0,ALWAYS
OR-MZM-001,11,3,0,ALWAYS
OR-MZM-001,11,4,0,ALWAYS
OR-MZM-001,11,5,0,ALWAYS
OR-MZM-001,11,6,0,ALWAYS
OR-MZM-001,11,7,0,ALWAYS
OR-MZM-001,11,8,0,ALWAYS
OR-MZM-001,11,9,0,ALWAYS
OR-MZM-001,11,10,0,ALWAYS
OR-MZM-001,11,11,0,ALWAYS
OR-MZM-001,11,12,0,ALWAYS
OR-MZM-001,11,13,0,ALWAYS
OR-MZM-001,11,14,0,ALWAYS
OR-MZM-001,11,15,0,ALWAYS
OR-MZM-001,11,16,0,ALWAYS
OR-MZM-001,11,17,0,ALWAYS
OR-MZM-001,11,18,0,ALWAYS
OR-MZM-001,11,19,0,ALWAYS
OR-MZM-001,11,20,0,ALWAYS
OR-MZM-001,11,21,0,ALWAYS
OR-MZM-001,11,22,0,ALWAYS
OR-MZM-001,11,23,0,ALWAYS
OR-MZM-001,11,24,0,ALWAYS
OR-MZM-001,11,25,0,ALWAYS
OR-MZM-001,11,26,0,ALWAYS
OR-MZM-001,11,27,0,ALWAYS
OR-MZM-001,11,28,0,ALWAYS
OR-MZM-001,11,29,0,ALWAYS
OR-MZM-001,11,30,0,ALWAYS
OR-MZM-001,12,1,0,ALWAYS
OR-MZM-001,12,2,0,ALWAYS
OR-MZM-001,12,3,0,ALWAYS
OR-MZM-001,12,4,0,ALWAYS
OR-MZM-001,12,5,0,ALWAYS
OR-MZM-001,12,6,0,ALWAYS
OR-MZM-001,12,7,0,ALWAYS
OR-MZM-001,12,8,0,ALWAYS
OR-MZM-001,12,9,0,ALWAYS
OR-MZM-001,12,10,0,ALWAYS
OR-MZM-001,12,11,0,ALWAYS
OR-MZM-001,12,12,0,ALWAYS
OR-MZM-001,12,13,0,ALWAYS
OR-MZM-001,12,14,0,ALWAYS
OR-MZM-001,12,15,0,ALWAYS
OR-MZM-001,12,16,0,ALWAYS
OR-MZM-001,12,17,0,ALWAYS
OR-MZM-001,12,18,0,ALWAYS
OR-MZM-001,12,19,0,ALWAYS
OR-MZM-001,12,20,0,ALWAYS
OR-MZM-001,12,21,0,ALWAYS
OR-MZM-001,12,22,0,ALWAYS
OR-MZM-001,12,23,0,ALWAYS
OR-MZM-001,12,24,0,ALWAYS
OR-MZM-001,12,25,0,ALWAYS
OR-MZM-001,12,26,0,ALWAYS
OR-MZM-001,12,27,0,ALWAYS
OR-MZM-001,12,28,0,ALWAYS
OR-MZM-001,12,29,0,ALWAYS
OR-MZM-001,12,30,0,ALWAYS
OR-MZM-001,13,1,0,ALWAYS
OR-MZM-001,13,2,0,ALWAYS
OR-MZM-001,13,3,0,ALWAYS
OR-MZM-001,13,4,0,ALWAYS
OR-MZM-001,13,5,0,ALWAYS
OR-MZM-001,13,6,0,ALWAYS
OR-TSE-001,1,1,0,ALWAYS
OR-TSE-001,1,2,0,ALWAYS
OR-TSE-001,1,3,0,ALWAYS
OR-TSE-001,1,4,0,ALWAYS
OR-TSE-001,1,5,0,ALWAYS
OR-TSE-001,1,6,0,ALWAYS
OR-TSE-001,1,7,0,ALWAYS
OR-TSE-001,1,8,0,ALWAYS
OR-TSE-001,1,9,0,ALWAYS
OR-TSE-001,1,10,0,ALWAYS
OR-TSE-001,1,11,0,ALWAYS
OR-TSE-001,1,12,0,ALWAYS
OR-TSE-001,1,13,0,ALWAYS
OR-TSE-001,1,14,0,ALWAYS
OR-TSE-001,1,15,0,ALWAYS
OR-TSE-001,1,16,0,ALWAYS
OR-TSE-001,1,17,0,ALWAYS
OR-TSE-001,1,18,0,ALWAYS
OR-TSE-001,1,19,0,ALWAYS
OR-TSE-001,1,20,0,ALWAYS
OR-TSE-001,1,21,0,ALWAYS
OR-TSE-001,1,22,0,ALWAYS
OR-TSE-001,1,23,0,ALWAYS
OR-TSE-001,1,24,0,ALWAYS
OR-TSE-001,1,25,0,ALWAYS
OR-TSE-001,1,26,0,ALWAYS
OR-TSE-001,1,27,0,ALWAYS
OR-TSE-001,1,28,0,ALWAYS
OR-TSE-001,1,29,0,ALWAYS
OR-TSE-001,1,30,0,ALWAYS
OR-TSE-001,2,1,0,ALWAYS
OR-TSE-001,2,2,0,ALWAYS
OR-TSE-001,2,3,0,ALWAYS
OR-TSE-001,2,4,0,ALWAYS
OR-TSE-001,2,5,0,ALWAYS
OR-TSE-001,2,6,0,ALWAYS
OR-TSE-001,2,7,0,ALWAYS
OR-TSE-001,2,8,0,ALWAYS
OR-TSE-001,2,9,0,ALWAYS
OR-TSE-001,2,10,0,ALWAYS
OR-TSE-001,2,11,0,ALWAYS
OR-TSE-001,2,12,0,ALWAYS
OR-TSE-001,2,13,0,ALWAYS
OR-TSE-001,2,14,0,ALWAYS
OR-TSE-001,2,15,0,ALWAYS
OR-TSE-001,2,16,0,ALWAYS
OR-TSE-001,2,17,0,ALWAYS
OR-TSE-001,2,18,0,ALWAYS
OR-TSE-001,2,19,0,ALWAYS
OR-TSE-001,2,20,0,ALWAYS
OR-TSE-001,2,21,0,ALWAYS
OR-TSE-001,2,22,0,ALWAYS
OR-TSE-001,2,23,0,ALWAYS
OR-TSE-001,2,24,0,ALWAYS
OR-TSE-001,2,25,0,ALWAYS
OR-TSE-001,2,26,0,ALWAYS
OR-TSE-001,2,27,0,ALWAYS
OR-TSE-001,2,28,0,ALWAYS
OR-TSE-001,2,29,0,ALWAYS
OR-TSE-001,2,30,0,ALWAYS
OR-TSE-001,3,1,0,ALWAYS
OR-TSE-001,3,2,0,ALWAYS
OR-TSE-001,3,3,0,ALWAYS
OR-TSE-001,3,4,0,ALWAYS
OR-TSE-001,3,5,0,ALWAYS
OR-TSE-001,3,6,0,ALWAYS
OR-TSE-001,3,7,0,ALWAYS
OR-TSE-001,3,8,0,ALWAYS
OR-TSE-001,3,9,0,ALWAYS
OR-TSE-001,3,10,0,ALWAYS
OR-TSE-001,3,11,0,ALWAYS
OR-TSE-001,3,12,0,ALWAYS
OR-TSE-001,3,13,0,ALWAYS
OR-TSE-001,3,14,0,ALWAYS
OR-TSE-001,3,15,0,ALWAYS
OR-TSE-001,3,16,0,ALWAYS
OR-TSE-001,3,17,0,ALWAYS
OR-TSE-001,3,18,0,ALWAYS
OR-TSE-001,3,19,0,ALWAYS
OR-TSE-001,3,20,0,ALWAYS
OR-TSE-001,3,21,0,ALWAYS
OR-TSE-001,3,22,0,ALWAYS
OR-TSE-001,3,23,0,ALWAYS
OR-TSE-001,3,24,0,ALWAYS
OR-TSE-001,3,25,0,ALWAYS
OR-TSE-001,3,26,0,ALWAYS
OR-TSE-001,3,27,0,ALWAYS
OR-TSE-001,3,28,0,ALWAYS
OR-TSE-001,3,29,0,ALWAYS
OR-TSE-001,3,30,0,ALWAYS
OR-TSE-001,4,1,0,ALWAYS
OR-TSE-001,4,2,0,ALWAYS
OR-TSE-001,4,3,0,ALWAYS
OR-TSE-001,4,4,0,ALWAYS
OR-TSE-001,4,5,0,ALWAYS
OR-TSE-001,4,6,0,ALWAYS
OR-TSE-001,4,7,0,ALWAYS
OR-TSE-001,4,8,0,ALWAYS
OR-TSE-001,4,9,0,ALWAYS
OR-TSE-001,4,10,0,ALWAYS
OR-TSE-001,4,11,0,ALWAYS
OR-TSE-001,4,12,0,ALWAYS
OR-TSE-001,4,13,0,ALWAYS
OR-TSE-001,4,14,0,ALWAYS
OR-TSE-001,4,15,0,ALWAYS
OR-TSE-001,4,16,0,ALWAYS
OR-TSE-001,4,17,0,ALWAYS
OR-TSE-001,4,18,0,ALWAYS
OR-TSE-001,4,19,0,ALWAYS
OR-TSE-001,4,20,0,ALWAYS
OR-TSE-001,4,21,0,ALWAYS
OR-TSE-001,4,22,0,ALWAYS
OR-TSE-001,4,23,0,ALWAYS
OR-TSE-001,4,24,0,ALWAYS
OR-TSE-001,4,25,0,ALWAYS
OR-TSE-001,4,26,0,ALWAYS
OR-TSE-001,4,27,0,ALWAYS
OR-TSE-001,4,28,0,ALWAYS
OR-TSE-001,4,29,0,ALWAYS
OR-TSE-001,4,30,0,ALWAYS
OR-TSE-001,5,1,0,ALWAYS
OR-TSE-001,5,2,0,ALWAYS
OR-TSE-001,5,3,0,ALWAYS
OR-TSE-001,5,4,0,ALWAYS
OR-TSE-001,5,5,0,ALWAYS
OR-TSE-001,5,6,0,ALWAYS
OR-TSE-001,5,7,0,ALWAYS
OR-TSE-001,5,8,0,ALWAYS
OR-TSE-001,5,9,0,ALWAYS
OR-TSE-001,5,10,0,ALWAYS
OR-TSE-001,5,11,0,ALWAYS
OR-TSE-001,5,12,0,ALWAYS
OR-TSE-001,5,13,0,ALWAYS
OR-TSE-001,5,14,0,ALWAYS
OR-TSE-001,5,15,0,ALWAYS
OR-TSE-001,5,16,0,ALWAYS
OR-TSE-001,5,17,0,ALWAYS
OR-TSE-001,5,18,0,ALWAYS
OR-TSE-001,5,19,0,ALWAYS
OR-TSE-001,5,20,0,ALWAYS
OR-TSE-001,5,21,0,ALWAYS
OR-TSE-001,5,22,0,ALWAYS
OR-TSE-001,5,23,0,ALWAYS
OR-TSE-001,5,24,0,ALWAYS
OR-TSE-001,5,25,0,ALWAYS
OR-TSE-001,5,26,0,ALWAYS
OR-TSE-001,5,27,0,ALWAYS
OR-TSE-001,5,28,0,ALWAYS
OR-TSE-001,5,29,0,ALWAYS
OR-TSE-001,5,30,0,ALWAYS
OR-TSE-001,6,1,0,ALWAYS
OR-TSE-001,6,2,0,ALWAYS
OR-TSE-001,6,3,0,ALWAYS
OR-TSE-001,6,4,0,ALWAYS
OR-TSE-001,6,5,0,ALWAYS
OR-TSE-001,6,6,0,ALWAYS
OR-TSE-001,6,7,0,ALWAYS
OR-TSE-001,6,8,0,ALWAYS
OR-TSE-001,6,9,0,ALWAYS
OR-TSE-001,6,10,0,ALWAYS
OR-TSE-001,6,11,0,ALWAYS
OR-TSE-001,6,12,0,ALWAYS
OR-TSE-001,6,13,0,ALWAYS
OR-TSE-001,6,14,0,ALWAYS
OR-TSE-001,6,15,0,ALWAYS
OR-TSE-001,6,16,0,ALWAYS
OR-TSE-001,6,17,0,ALWAYS
OR-TSE-001,6,18,0,ALWAYS
OR-TSE-001,6,19,0,ALWAYS
OR-TSE-001,6,20,0,ALWAYS
OR-TSE-001,6,21,0,ALWAYS
OR-TSE-001,6,22,0,ALWAYS
OR-TSE-001,6,23,0,ALWAYS
OR-TSE-001,6,24,0,ALWAYS
OR-TSE-001,6,25,0,ALWAYS
OR-TSE-001,6,26,0,ALWAYS
OR-TSE-001,6,27,0,ALWAYS
OR-TSE-001,6,28,0,ALWAYS
OR-TSE-001,6,29,0,ALWAYS
OR-TSE-001,6,30,0,ALWAYS
OR-TSE-001,7,1,0,ALWAYS
OR-TSE-001,7,2,0,ALWAYS
OR-TSE-001,7,3,0,ALWAYS
OR-TSE-001,7,4,0,ALWAYS
OR-TSE-001,7,5,0,ALWAYS
OR-TSE-001,7,6,0,ALWAYS
OR-TSE-001,7,7,0,ALWAYS
OR-TSE-001,7,8,0,ALWAYS
OR-TSE-001,7,9,0,ALWAYS
OR-TSE-001,7,10,0,ALWAYS
OR-TSE-001,7,11,0,ALWAYS
OR-TSE-001,7,12,0,ALWAYS
OR-TSE-001,7,13,0,ALWAYS
OR-TSE-001,7,14,0,ALWAYS
OR-TSE-001,7,15,0,ALWAYS
OR-TSE-001,7,16,0,ALWAYS
OR-TSE-001,7,17,0,ALWAYS
OR-TSE-001,7,18,0,ALWAYS
OR-TSE-001,7,19,0,ALWAYS
OR-TSE-001,7,20,0,ALWAYS
OR-TSE-001,7,21,0,ALWAYS
OR-TSE-001,7,22,0,ALWAYS
OR-TSE-001,7,23,0,ALWAYS
OR-TSE-001,7,24,0,ALWAYS
OR-TSE-001,7,25,0,ALWAYS
OR-TSE-001,7,26,0,ALWAYS
OR-TSE-001,7,27,0,ALWAYS
OR-TSE-001,7,28,0,ALWAYS
OR-TSE-001,7,29,0,ALWAYS
OR-TSE-001,7,30,0,ALWAYS
OR-TSE-001,8,1,0,ALWAYS
OR-TSE-001,8,2,0,ALWAYS
OR-TSE-001,8,3,0,ALWAYS
OR-TSE-001,8,4,0,ALWAYS
OR-TSE-001,8,5,0,ALWAYS
OR-TSE-001,8,6,0,ALWAYS
OR-TSE-001,8,7,0,ALWAYS
OR-TSE-001,8,8,0,ALWAYS
OR-TSE-001,8,9,0,ALWAYS
OR-TSE-001,8,10,0,ALWAYS
OR-TSE-001,8,11,0,ALWAYS
OR-TSE-001,8,12,0,ALWAYS
OR-TSE-001,8,13,0,ALWAYS
OR-TSE-001,8,14,0,ALWAYS
OR-TSE-001,8,15,0,ALWAYS
OR-TSE-001,8,16,0,ALWAYS
OR-TSE-001,8,17,0,ALWAYS
OR-TSE-001,8,18,0,ALWAYS
OR-TSE-001,8,19,0,ALWAYS
OR-TSE-001,8,20,0,ALWAYS
OR-TSE-001,8,21,0,ALWAYS
OR-TSE-001,8,22,0,ALWAYS
OR-TSE-001,8,23,0,ALWAYS
OR-TSE-001,8,24,0,ALWAYS
OR-TSE-001,8,25,0,ALWAYS
OR-TSE-001,8,26,0,ALWAYS
OR-TSE-001,8,27,0,ALWAYS
OR-TSE-001,8,28,0,ALWAYS
OR-TSE-001,8,29,0,ALWAYS
OR-TSE-001,8,30,0,ALWAYS
OR-TSE-001,9,1,0,ALWAYS
OR-TSE-001,9,2,0,ALWAYS
OR-TSE-001,9,3,0,ALWAYS
OR-TSE-001,9,4,0,ALWAYS
OR-TSE-001,9,5,0,ALWAYS
OR-TSE-001,9,6,0,ALWAYS
OR-TSE-001,9,7,0,ALWAYS
OR-TSE-001,9,8,0,ALWAYS
OR-TSE-001,9,9,0,ALWAYS
OR-TSE-001,9,10,0,ALWAYS
OR-TSE-001,9,11,0,ALWAYS
OR-TSE-001,9,12,0,ALWAYS
OR-TSE-001,9,13,0,ALWAYS
OR-TSE-001,9,14,0,ALWAYS
OR-TSE-001,9,15,0,ALWAYS
OR-TSE-001,9,16,0,ALWAYS
OR-TSE-001,9,17,0,ALWAYS
OR-TSE-001,9,18,0,ALWAYS
OR-TSE-001,9,19,0,ALWAYS
OR-TSE-001,9,20,0,ALWAYS
OR-TSE-001,9,21,0,ALWAYS
OR-TSE-001,9,22,0,ALWAYS
OR-TSE-001,9,23,0,ALWAYS
OR-TSE-001,9,24,0,ALWAYS
OR-TSE-001,9,25,0,ALWAYS
OR-TSE-001,9,26,0,ALWAYS
OR-TSE-001,9,27,0,ALWAYS
OR-TSE-001,9,28,0,ALWAYS
OR-TSE-001,9,29,0,ALWAYS
OR-TSE-001,9,30,0,ALWAYS
OR-TSE-001,10,1,0,ALWAYS
OR-TSE-001,10,2,0,ALWAYS
OR-TSE-001,10,3,0,ALWAYS
OR-TSE-001,10,4,0,ALWAYS
OR-TSE-001,10,5,0,ALWAYS
OR-TSE-001,10,6,0,ALWAYS
OR-TSE-001,10,7,0,ALWAYS
OR-TSE-001,10,8,0,ALWAYS
OR-TSE-001,10,9,0,ALWAYS
OR-TSE-001,10,10,0,ALWAYS
OR-TSE-001,10,11,0,ALWAYS
OR-TSE-001,10,12,0,ALWAYS
OR-TSE-001,10,13,0,ALWAYS
OR-TSE-001,10,14,0,ALWAYS
OR-TSE-001,10,15,0,ALWAYS
OR-TSE-001,10,16,0,ALWAYS
OR-TSE-001,10,17,0,ALWAYS
OR-TSE-001,10,18,0,ALWAYS
OR-TSE-001,10,19,0,ALWAYS
OR-TSE-001,10,20,0,ALWAYS
OR-TSE-001,10,21,0,ALWAYS
OR-TSE-001,10,22,0,ALWAYS
OR-TSE-001,10,23,0,ALWAYS
OR-TSE-001,10,24,0,ALWAYS
OR-TSE-001,10,25,0,ALWAYS
OR-TSE-001,10,26,0,ALWAYS
OR-TSE-001,10,27,0,ALWAYS
OR-TSE-001,10,28,0,ALWAYS
OR-TSE-001,10,29,0,ALWAYS
OR-TSE-001,10,30,0,ALWAYS
OR-TSE-001,11,1,0,ALWAYS
OR-TSE-001,11,2,0,ALWAYS
OR-TSE-001,11,3,0,ALWAYS
OR-TSE-001,11,4,0,ALWAYS
OR-TSE-001,11,5,0,ALWAYS
OR-TSE-001,11,6,0,ALWAYS
OR-TSE-001,11,7,0,ALWAYS
OR-TSE-001,11,8,0,ALWAYS
OR-TSE-001,11,9,0,ALWAYS
OR-TSE-001,11,10,0,ALWAYS
OR-TSE-001,11,11,0,ALWAYS
OR-TSE-001,11,12,0,ALWAYS
OR-TSE-001,11,13,0,ALWAYS
OR-TSE-001,11,14,0,ALWAYS
OR-TSE-001,11,15,0,ALWAYS
OR-TSE-001,11,16,0,ALWAYS
OR-TSE-001,11,17,0,ALWAYS
OR-TSE-001,11,18,0,ALWAYS
OR-TSE-001,11,19,0,ALWAYS
OR-TSE-001,11,20,0,ALWAYS
OR-TSE-001,11,21,0,ALWAYS
OR-TSE-001,11,22,0,ALWAYS
OR-TSE-001,11,23,0,ALWAYS
OR-TSE-001,11,24,0,ALWAYS
OR-TSE-001,11,25,0,ALWAYS
OR-TSE-001,11,26,0,ALWAYS
OR-TSE-001,11,27,0,ALWAYS
OR-TSE-001,11,28,0,ALWAYS
OR-TSE-001,11,29,0,ALWAYS
OR-TSE-001,11,30,0,ALWAYS
OR-TSE-001,12,1,0,ALWAYS
OR-TSE-001,12,2,0,ALWAYS
OR-TSE-001,12,3,0,ALWAYS
OR-TSE-001,12,4,0,ALWAYS
OR-TSE-001,12,5,0,ALWAYS
OR-TSE-001,12,6,0,ALWAYS
OR-TSE-001,12,7,0,ALWAYS
OR-TSE-001,12,8,0,ALWAYS
OR-TSE-001,12,9,0,ALWAYS
OR-TSE-001,12,10,0,ALWAYS
OR-TSE-001,12,11,0,ALWAYS
OR-TSE-001,12,12,0,ALWAYS
OR-TSE-001,12,13,0,ALWAYS
OR-TSE-001,12,14,0,ALWAYS
OR-TSE-001,12,15,0,ALWAYS
OR-TSE-001,12,16,0,ALWAYS
OR-TSE-001,12,17,0,ALWAYS
OR-TSE-001,12,18,0,ALWAYS
OR-TSE-001,12,19,0,ALWAYS
OR-TSE-001,12,20,0,ALWAYS
OR-TSE-001,12,21,0,ALWAYS
OR-TSE-001,12,22,0,ALWAYS
OR-TSE-001,12,23,0,ALWAYS
OR-TSE-001,12,24,0,ALWAYS
OR-TSE-001,12,25,0,ALWAYS
OR-TSE-001,12,26,0,ALWAYS
OR-TSE-001,12,27,0,ALWAYS
OR-TSE-001,12,28,0,ALWAYS
OR-TSE-001,12,29,0,ALWAYS
OR-TSE-001,12,30,0,ALWAYS
OR-TSE-001,13,1,0,ALWAYS
OR-TSE-001,13,2,0,ALWAYS
OR-TSE-001,13,3,0,ALWAYS
OR-TSE-001,13,4,0,ALWAYS
OR-TSE-001,13,5,0,ALWAYS
OR-TSE-001,13,6,0,ALWAYS
OR-TSE-002,1,1,0,ALWAYS
OR-TSE-002,1,2,0,ALWAYS
OR-TSE-002,1,3,0,ALWAYS
OR-TSE-002,1,4,0,ALWAYS
OR-TSE-002,1,5,0,ALWAYS
OR-TSE-002,1,6,0,ALWAYS
OR-TSE-002,1,7,0,ALWAYS
OR-TSE-002,1,8,0,ALWAYS
OR-TSE-002,1,9,0,ALWAYS
OR-TSE-002,1,10,0,ALWAYS
OR-TSE-002,1,11,0,ALWAYS
OR-TSE-002,1,12,0,ALWAYS
OR-TSE-002,1,13,0,ALWAYS
OR-TSE-002,1,14,0,ALWAYS
OR-TSE-002,1,15,0,ALWAYS
OR-TSE-002,1,16,0,ALWAYS
OR-TSE-002,1,17,0,ALWAYS
OR-TSE-002,1,18,0,ALWAYS
OR-TSE-002,1,19,0,ALWAYS
OR-TSE-002,1,20,0,ALWAYS
OR-TSE-002,1,21,0,ALWAYS
OR-TSE-002,1,22,0,ALWAYS
OR-TSE-002,1,23,0,ALWAYS
OR-TSE-002,1,24,0,ALWAYS
OR-TSE-002,1,25,0,ALWAYS
OR-TSE-002,1,26,0,ALWAYS
OR-TSE-002,1,27,0,ALWAYS
OR-TSE-002,1,28,0,ALWAYS
OR-TSE-002,1,29,0,ALWAYS
OR-TSE-002,1,30,0,ALWAYS
OR-TSE-002,2,1,0,ALWAYS
OR-TSE-002,2,2,0,ALWAYS
OR-TSE-002,2,3,0,ALWAYS
OR-TSE-002,2,4,0,ALWAYS
OR-TSE-002,2,5,0,ALWAYS
OR-TSE-002,2,6,0,ALWAYS
OR-TSE-002,2,7,0,ALWAYS
OR-TSE-002,2,8,0,ALWAYS
OR-TSE-002,2,9,0,ALWAYS
OR-TSE-002,2,10,0,ALWAYS
OR-TSE-002,2,11,0,ALWAYS
OR-TSE-002,2,12,0,ALWAYS
OR-TSE-002,2,13,0,ALWAYS
OR-TSE-002,2,14,0,ALWAYS
OR-TSE-002,2,15,0,ALWAYS
OR-TSE-002,2,16,0,ALWAYS
OR-TSE-002,2,17,0,ALWAYS
OR-TSE-002,2,18,0,ALWAYS
OR-TSE-002,2,19,0,ALWAYS
OR-TSE-002,2,20,0,ALWAYS
OR-TSE-002,2,21,0,ALWAYS
OR-TSE-002,2,22,0,ALWAYS
OR-TSE-002,2,23,0,ALWAYS
OR-TSE-002,2,24,0,ALWAYS
OR-TSE-002,2,25,0,ALWAYS
OR-TSE-002,2,26,0,ALWAYS
OR-TSE-002,2,27,0,ALWAYS
OR-TSE-002,2,28,0,ALWAYS
OR-TSE-002,2,29,0,ALWAYS
OR-TSE-002,2,30,0,ALWAYS
OR-TSE-002,3,1,0,ALWAYS
OR-TSE-002,3,2,0,ALWAYS
OR-TSE-002,3,3,0,ALWAYS
OR-TSE-002,3,4,0,ALWAYS
OR-TSE-002,3,5,0,ALWAYS
OR-TSE-002,3,6,0,ALWAYS
OR-TSE-002,3,7,0,ALWAYS
OR-TSE-002,3,8,0,ALWAYS
OR-TSE-002,3,9,0,ALWAYS
OR-TSE-002,3,10,0,ALWAYS
OR-TSE-002,3,11,0,ALWAYS
OR-TSE-002,3,12,0,ALWAYS
OR-TSE-002,3,13,0,ALWAYS
OR-TSE-002,3,14,0,ALWAYS
OR-TSE-002,3,15,0,ALWAYS
OR-TSE-002,3,16,0,ALWAYS
OR-TSE-002,3,17,0,ALWAYS
OR-TSE-002,3,18,0,ALWAYS
OR-TSE-002,3,19,0,ALWAYS
OR-TSE-002,3,20,0,ALWAYS
OR-TSE-002,3,21,0,ALWAYS
OR-TSE-002,3,22,0,ALWAYS
OR-TSE-002,3,23,0,ALWAYS
OR-TSE-002,3,24,0,ALWAYS
OR-TSE-002,3,25,0,ALWAYS
OR-TSE-002,3,26,0,ALWAYS
OR-TSE-002,3,27,0,ALWAYS
OR-TSE-002,3,28,0,ALWAYS
OR-TSE-002,3,29,0,ALWAYS
OR-TSE-002,3,30,0,ALWAYS
OR-TSE-002,4,1,0,ALWAYS
OR-TSE-002,4,2,0,ALWAYS
OR-TSE-002,4,3,0,ALWAYS
OR-TSE-002,4,4,0,ALWAYS
OR-TSE-002,4,5,0,ALWAYS
OR-TSE-002,4,6,0,ALWAYS
OR-TSE-002,4,7,0,ALWAYS
OR-TSE-002,4,8,0,ALWAYS
OR-TSE-002,4,9,0,ALWAYS
OR-TSE-002,4,10,0,ALWAYS
OR-TSE-002,4,11,0,ALWAYS
OR-TSE-002,4,12,0,ALWAYS
OR-TSE-002,4,13,0,ALWAYS
OR-TSE-002,4,14,0,ALWAYS
OR-TSE-002,4,15,0,ALWAYS
OR-TSE-002,4,16,0,ALWAYS
OR-TSE-002,4,17,0,ALWAYS
OR-TSE-002,4,18,0,ALWAYS
OR-TSE-002,4,19,0,ALWAYS
OR-TSE-002,4,20,0,ALWAYS
OR-TSE-002,4,21,0,ALWAYS
OR-TSE-002,4,22,0,ALWAYS
OR-TSE-002,4,23,0,ALWAYS
OR-TSE-002,4,24,0,ALWAYS
OR-TSE-002,4,25,0,ALWAYS
OR-TSE-002,4,26,0,ALWAYS
OR-TSE-002,4,27,0,ALWAYS
OR-TSE-002,4,28,0,ALWAYS
OR-TSE-002,4,29,0,ALWAYS
OR-TSE-002,4,30,0,ALWAYS
OR-TSE-002,5,1,0,ALWAYS
OR-TSE-002,5,2,0,ALWAYS
OR-TSE-002,5,3,0,ALWAYS
OR-TSE-002,5,4,0,ALWAYS
OR-TSE-002,5,5,0,ALWAYS
OR-TSE-002,5,6,0,ALWAYS
OR-TSE-002,5,7,0,ALWAYS
OR-TSE-002,5,8,0,ALWAYS
OR-TSE-002,5,9,0,ALWAYS
OR-TSE-002,5,10,0,ALWAYS
OR-TSE-002,5,11,0,ALWAYS
OR-TSE-002,5,12,0,ALWAYS
OR-TSE-002,5,13,0,ALWAYS
OR-TSE-002,5,14,0,ALWAYS
OR-TSE-002,5,15,0,ALWAYS
OR-TSE-002,5,16,0,ALWAYS
OR-TSE-002,5,17,0,ALWAYS
OR-TSE-002,5,18,0,ALWAYS
OR-TSE-002,5,19,0,ALWAYS
OR-TSE-002,5,20,0,ALWAYS
OR-TSE-002,5,21,0,ALWAYS
OR-TSE-002,5,22,0,ALWAYS
OR-TSE-002,5,23,0,ALWAYS
OR-TSE-002,5,24,0,ALWAYS
OR-TSE-002,5,25,0,ALWAYS
OR-TSE-002,5,26,0,ALWAYS
OR-TSE-002,5,27,0,ALWAYS
OR-TSE-002,5,28,0,ALWAYS
OR-TSE-002,5,29,0,ALWAYS
OR-TSE-002,5,30,0,ALWAYS
OR-TSE-002,6,1,0,ALWAYS
OR-TSE-002,6,2,0,ALWAYS
OR-TSE-002,6,3,0,ALWAYS
OR-TSE-002,6,4,0,ALWAYS
OR-TSE-002,6,5,0,ALWAYS
OR-TSE-002,6,6,0,ALWAYS
OR-TSE-002,6,7,0,ALWAYS
OR-TSE-002,6,8,0,ALWAYS
OR-TSE-002,6,9,0,ALWAYS
OR-TSE-002,6,10,0,ALWAYS
OR-TSE-002,6,11,0,ALWAYS
OR-TSE-002,6,12,0,ALWAYS
OR-TSE-002,6,13,0,ALWAYS
OR-TSE-002,6,14,0,ALWAYS
OR-TSE-002,6,15,0,ALWAYS
OR-TSE-002,6,16,0,ALWAYS
OR-TSE-002,6,17,0,ALWAYS
OR-TSE-002,6,18,0,ALWAYS
OR-TSE-002,6,19,0,ALWAYS
OR-TSE-002,6,20,0,ALWAYS
OR-TSE-002,6,21,0,ALWAYS
OR-TSE-002,6,22,0,ALWAYS
OR-TSE-002,6,23,0,ALWAYS
OR-TSE-002,6,24,0,ALWAYS
OR-TSE-002,6,25,0,ALWAYS
OR-TSE-002,6,26,0,ALWAYS
OR-TSE-002,6,27,0,ALWAYS
OR-TSE-002,6,28,0,ALWAYS
OR-TSE-002,6,29,0,ALWAYS
OR-TSE-002,6,30,0,ALWAYS
OR-TSE-002,7,1,0,ALWAYS
OR-TSE-002,7,2,0,ALWAYS
OR-TSE-002,7,3,0,ALWAYS
OR-TSE-002,7,4,0,ALWAYS
OR-TSE-002,7,5,0,ALWAYS
OR-TSE-002,7,6,0,ALWAYS
OR-TSE-002,7,7,0,ALWAYS
OR-TSE-002,7,8,0,ALWAYS
OR-TSE-002,7,9,0,ALWAYS
OR-TSE-002,7,10,0,ALWAYS
OR-TSE-002,7,11,0,ALWAYS
OR-TSE-002,7,12,0,ALWAYS
OR-TSE-002,7,13,0,ALWAYS
OR-TSE-002,7,14,0,ALWAYS
OR-TSE-002,7,15,0,ALWAYS
OR-TSE-002,7,16,0,ALWAYS
OR-TSE-002,7,17,0,ALWAYS
OR-TSE-002,7,18,0,ALWAYS
OR-TSE-002,7,19,0,ALWAYS
OR-TSE-002,7,20,0,ALWAYS
OR-TSE-002,7,21,0,ALWAYS
OR-TSE-002,7,22,0,ALWAYS
OR-TSE-002,7,23,0,ALWAYS
OR-TSE-002,7,24,0,ALWAYS
OR-TSE-002,7,25,0,ALWAYS
OR-TSE-002,7,26,0,ALWAYS
OR-TSE-002,7,27,0,ALWAYS
OR-TSE-002,7,28,0,ALWAYS
OR-TSE-002,7,29,0,ALWAYS
OR-TSE-002,7,30,0,ALWAYS
OR-TSE-002,8,1,0,ALWAYS
OR-TSE-002,8,2,0,ALWAYS
OR-TSE-002,8,3,0,ALWAYS
OR-TSE-002,8,4,0,ALWAYS
OR-TSE-002,8,5,0,ALWAYS
OR-TSE-002,8,6,0,ALWAYS
OR-TSE-002,8,7,0,ALWAYS
OR-TSE-002,8,8,0,ALWAYS
OR-TSE-002,8,9,0,ALWAYS
OR-TSE-002,8,10,0,ALWAYS
OR-TSE-002,8,11,0,ALWAYS
OR-TSE-002,8,12,0,ALWAYS
OR-TSE-002,8,13,0,ALWAYS
OR-TSE-002,8,14,0,ALWAYS
OR-TSE-002,8,15,0,ALWAYS
OR-TSE-002,8,16,0,ALWAYS
OR-TSE-002,8,17,0,ALWAYS
OR-TSE-002,8,18,0,ALWAYS
OR-TSE-002,8,19,0,ALWAYS
OR-TSE-002,8,20,0,ALWAYS
OR-TSE-002,8,21,0,ALWAYS
OR-TSE-002,8,22,0,ALWAYS
OR-TSE-002,8,23,0,ALWAYS
OR-TSE-002,8,24,0,ALWAYS
OR-TSE-002,8,25,0,ALWAYS
OR-TSE-002,8,26,0,ALWAYS
OR-TSE-002,8,27,0,ALWAYS
OR-TSE-002,8,28,0,ALWAYS
OR-TSE-002,8,29,0,ALWAYS
OR-TSE-002,8,30,0,ALWAYS
OR-TSE-002,9,1,0,ALWAYS
OR-TSE-002,9,2,0,ALWAYS
OR-TSE-002,9,3,0,ALWAYS
OR-TSE-002,9,4,0,ALWAYS
OR-TSE-002,9,5,0,ALWAYS
OR-TSE-002,9,6,0,ALWAYS
OR-TSE-002,9,7,0,ALWAYS
OR-TSE-002,9,8,0,ALWAYS
OR-TSE-002,9,9,0,ALWAYS
OR-TSE-002,9,10,0,ALWAYS
OR-TSE-002,9,11,0,ALWAYS
OR-TSE-002,9,12,0,ALWAYS
OR-TSE-002,9,13,0,ALWAYS
OR-TSE-002,9,14,0,ALWAYS
OR-TSE-002,9,15,0,ALWAYS
OR-TSE-002,9,16,0,ALWAYS
OR-TSE-002,9,17,0,ALWAYS
OR-TSE-002,9,18,0,ALWAYS
OR-TSE-002,9,19,0,ALWAYS
OR-TSE-002,9,20,0,ALWAYS
OR-TSE-002,9,21,0,ALWAYS
OR-TSE-002,9,22,0,ALWAYS
OR-TSE-002,9,23,0,ALWAYS
OR-TSE-002,9,24,0,ALWAYS
OR-TSE-002,9,25,0,ALWAYS
OR-TSE-002,9,26,0,ALWAYS
OR-TSE-002,9,27,0,ALWAYS
OR-TSE-002,9,28,0,ALWAYS
OR-TSE-002,9,29,0,ALWAYS
OR-TSE-002,9,30,0,ALWAYS
OR-TSE-002,10,1,0,ALWAYS
OR-TSE-002,10,2,0,ALWAYS
OR-TSE-002,10,3,0,ALWAYS
OR-TSE-002,10,4,0,ALWAYS
OR-TSE-002,10,5,0,ALWAYS
OR-TSE-002,10,6,0,ALWAYS
OR-TSE-002,10,7,0,ALWAYS
OR-TSE-002,10,8,0,ALWAYS
OR-TSE-002,10,9,0,ALWAYS
OR-TSE-002,10,10,0,ALWAYS
OR-TSE-002,10,11,0,ALWAYS
OR-TSE-002,10,12,0,ALWAYS
OR-TSE-002,10,13,0,ALWAYS
OR-TSE-002,10,14,0,ALWAYS
OR-TSE-002,10,15,0,ALWAYS
OR-TSE-002,10,16,0,ALWAYS
OR-TSE-002,10,17,0,ALWAYS
OR-TSE-002,10,18,0,ALWAYS
OR-TSE-002,10,19,0,ALWAYS
OR-TSE-002,10,20,0,ALWAYS
OR-TSE-002,10,21,0,ALWAYS
OR-TSE-002,10,22,0,ALWAYS
OR-TSE-002,10,23,0,ALWAYS
OR-TSE-002,10,24,0,ALWAYS
OR-TSE-002,10,25,0,ALWAYS
OR-TSE-002,10,26,0,ALWAYS
OR-TSE-002,10,27,0,ALWAYS
OR-TSE-002,10,28,0,ALWAYS
OR-TSE-002,10,29,0,ALWAYS
OR-TSE-002,10,30,0,ALWAYS
OR-TSE-002,11,1,0,ALWAYS
OR-TSE-002,11,2,0,ALWAYS
OR-TSE-002,11,3,0,ALWAYS
OR-TSE-002,11,4,0,ALWAYS
OR-TSE-002,11,5,0,ALWAYS
OR-TSE-002,11,6,0,ALWAYS
OR-TSE-002,11,7,0,ALWAYS
OR-TSE-002,11,8,0,ALWAYS
OR-TSE-002,11,9,0,ALWAYS
OR-TSE-002,11,10,0,ALWAYS
OR-TSE-002,11,11,0,ALWAYS
OR-TSE-002,11,12,0,ALWAYS
OR-TSE-002,11,13,0,ALWAYS
OR-TSE-002,11,14,0,ALWAYS
OR-TSE-002,11,15,0,ALWAYS
OR-TSE-002,11,16,0,ALWAYS
OR-TSE-002,11,17,0,ALWAYS
OR-TSE-002,11,18,0,ALWAYS
OR-TSE-002,11,19,0,ALWAYS
OR-TSE-002,11,20,0,ALWAYS
OR-TSE-002,11,21,0,ALWAYS
OR-TSE-002,11,22,0,ALWAYS
OR-TSE-002,11,23,0,ALWAYS
OR-TSE-002,11,24,0,ALWAYS
OR-TSE-002,11,25,0,ALWAYS
OR-TSE-002,11,26,0,ALWAYS
OR-TSE-002,11,27,0,ALWAYS
OR-TSE-002,11,28,0,ALWAYS
OR-TSE-002,11,29,0,ALWAYS
OR-TSE-002,11,30,0,ALWAYS
OR-TSE-002,12,1,0,ALWAYS
OR-TSE-002,12,2,0,ALWAYS
OR-TSE-002,12,3,0,ALWAYS
OR-TSE-002,12,4,0,ALWAYS
OR-TSE-002,12,5,0,ALWAYS
OR-TSE-002,12,6,0,ALWAYS
OR-TSE-002,12,7,0,ALWAYS
OR-TSE-002,12,8,0,ALWAYS
OR-TSE-002,12,9,0,ALWAYS
OR-TSE-002,12,10,0,ALWAYS
OR-TSE-002,12,11,0,ALWAYS
OR-TSE-002,12,12,0,ALWAYS
OR-TSE-002,12,13,0,ALWAYS
OR-TSE-002,12,14,0,ALWAYS
OR-TSE-002,12,15,0,ALWAYS
OR-TSE-002,12,16,0,ALWAYS
OR-TSE-002,12,17,0,ALWAYS
OR-TSE-002,12,18,0,ALWAYS
OR-TSE-002,12,19,0,ALWAYS
OR-TSE-002,12,20,0,ALWAYS
OR-TSE-002,12,21,0,ALWAYS
OR-TSE-002,12,22,0,ALWAYS
OR-TSE-002,12,23,0,ALWAYS
OR-TSE-002,12,24,0,ALWAYS
OR-TSE-002,12,25,0,ALWAYS
OR-TSE-002,12,26,0,ALWAYS
OR-TSE-002,12,27,0,ALWAYS
OR-TSE-002,12,28,0,ALWAYS
OR-TSE-002,12,29,0,ALWAYS
OR-TSE-002,12,30,0,ALWAYS
OR-TSE-002,13,1,0,ALWAYS
OR-TSE-002,13,2,0,ALWAYS
OR-TSE-002,13,3,0,ALWAYS
OR-TSE-002,13,4,0,ALWAYS
OR-TSE-002,13,5,0,ALWAYS
OR-TSE-002,13,6,0,ALWAYS
OR-WUD-001,1,1,0,ALWAYS
OR-WUD-001,1,2,0,ALWAYS
OR-WUD-001,1,3,0,ALWAYS
OR-WUD-001,1,4,0,ALWAYS
OR-WUD-001,1,5,0,ALWAYS
OR-WUD-001,1,6,0,ALWAYS
OR-WUD-001,1,7,0,ALWAYS
OR-WUD-001,1,8,0,ALWAYS
OR-WUD-001,1,9,0,ALWAYS
OR-WUD-001,1,10,0,ALWAYS
OR-WUD-001,1,11,0,ALWAYS
OR-WUD-001,1,12,0,ALWAYS
OR-WUD-001,1,13,0,ALWAYS
OR-WUD-001,1,14,0,ALWAYS
OR-WUD-001,1,15,0,ALWAYS
OR-WUD-001,1,16,0,ALWAYS
OR-WUD-001,1,17,0,ALWAYS
OR-WUD-001,1,18,0,ALWAYS
OR-WUD-001,1,19,0,ALWAYS
OR-WUD-001,1,20,0,ALWAYS
OR-WUD-001,1,21,0,ALWAYS
OR-WUD-001,1,22,0,ALWAYS
OR-WUD-001,1,23,0,ALWAYS
OR-WUD-001,1,24,0,ALWAYS
OR-WUD-001,1,25,0,ALWAYS
OR-WUD-001,1,26,0,ALWAYS
OR-WUD-001,1,27,0,ALWAYS
OR-WUD-001,1,28,0,ALWAYS
OR-WUD-001,1,29,0,ALWAYS
OR-WUD-001,1,30,0,ALWAYS
OR-WUD-001,2,1,0,ALWAYS
OR-WUD-001,2,2,0,ALWAYS
OR-WUD-001,2,3,0,ALWAYS
OR-WUD-001,2,4,0,ALWAYS
OR-WUD-001,2,5,0,ALWAYS
OR-WUD-001,2,6,0,ALWAYS
OR-WUD-001,2,7,0,ALWAYS
OR-WUD-001,2,8,0,ALWAYS
OR-WUD-001,2,9,0,ALWAYS
OR-WUD-001,2,10,0,ALWAYS
OR-WUD-001,2,11,0,ALWAYS
OR-WUD-001,2,12,0,ALWAYS
OR-WUD-001,2,13,0,ALWAYS
OR-WUD-001,2,14,0,ALWAYS
OR-WUD-001,2,15,0,ALWAYS
OR-WUD-001,2,16,0,ALWAYS
OR-WUD-001,2,17,0,ALWAYS
OR-WUD-001,2,18,0,ALWAYS
OR-WUD-001,2,19,0,ALWAYS
OR-WUD-001,2,20,0,ALWAYS
OR-WUD-001,2,21,0,ALWAYS
OR-WUD-001,2,22,0,ALWAYS
OR-WUD-001,2,23,0,ALWAYS
OR-WUD-001,2,24,0,ALWAYS
OR-WUD-001,2,25,0,ALWAYS
OR-WUD-001,2,26,0,ALWAYS
OR-WUD-001,2,27,0,ALWAYS
OR-WUD-001,2,28,0,ALWAYS
OR-WUD-001,2,29,0,ALWAYS
OR-WUD-001,2,30,0,ALWAYS
OR-WUD-001,3,1,0,ALWAYS
OR-WUD-001,3,2,0,ALWAYS
OR-WUD-001,3,3,0,ALWAYS
OR-WUD-001,3,4,0,ALWAYS
OR-WUD-001,3,5,0,ALWAYS
OR-WUD-001,3,6,0,ALWAYS
OR-WUD-001,3,7,0,ALWAYS
OR-WUD-001,3,8,0,ALWAYS
OR-WUD-001,3,9,0,ALWAYS
OR-WUD-001,3,10,0,ALWAYS
OR-WUD-001,3,11,0,ALWAYS
OR-WUD-001,3,12,0,ALWAYS
OR-WUD-001,3,13,0,ALWAYS
OR-WUD-001,3,14,0,ALWAYS
OR-WUD-001,3,15,0,ALWAYS
OR-WUD-001,3,16,0,ALWAYS
OR-WUD-001,3,17,0,ALWAYS
OR-WUD-001,3,18,0,ALWAYS
OR-WUD-001,3,19,0,ALWAYS
OR-WUD-001,3,20,0,ALWAYS
OR-WUD-001,3,21,0,ALWAYS
OR-WUD-001,3,22,0,ALWAYS
OR-WUD-001,3,23,0,ALWAYS
OR-WUD-001,3,24,0,ALWAYS
OR-WUD-001,3,25,0,ALWAYS
OR-WUD-001,3,26,0,ALWAYS
OR-WUD-001,3,27,0,ALWAYS
OR-WUD-001,3,28,0,ALWAYS
OR-WUD-001,3,29,0,ALWAYS
OR-WUD-001,3,30,0,ALWAYS
OR-WUD-001,4,1,0,ALWAYS
OR-WUD-001,4,2,0,ALWAYS
OR-WUD-001,4,3,0,ALWAYS
OR-WUD-001,4,4,0,ALWAYS
OR-WUD-001,4,5,0,ALWAYS
OR-WUD-001,4,6,0,ALWAYS
OR-WUD-001,4,7,0,ALWAYS
OR-WUD-001,4,8,0,ALWAYS
OR-WUD-001,4,9,0,ALWAYS
OR-WUD-001,4,10,0,ALWAYS
OR-WUD-001,4,11,0,ALWAYS
OR-WUD-001,4,12,0,ALWAYS
OR-WUD-001,4,13,0,ALWAYS
OR-WUD-001,4,14,0,ALWAYS
OR-WUD-001,4,15,0,ALWAYS
OR-WUD-001,4,16,0,ALWAYS
OR-WUD-001,4,17,0,ALWAYS
OR-WUD-001,4,18,0,ALWAYS
OR-WUD-001,4,19,0,ALWAYS
OR-WUD-001,4,20,0,ALWAYS
OR-WUD-001,4,21,0,ALWAYS
OR-WUD-001,4,22,0,ALWAYS
OR-WUD-001,4,23,0,ALWAYS
OR-WUD-001,4,24,0,ALWAYS
OR-WUD-001,4,25,0,ALWAYS
OR-WUD-001,4,26,0,ALWAYS
OR-WUD-001,4,27,0,ALWAYS
OR-WUD-001,4,28,0,ALWAYS
OR-WUD-001,4,29,0,ALWAYS
OR-WUD-001,4,30,0,ALWAYS
OR-WUD-001,5,1,0,ALWAYS
OR-WUD-001,5,2,0,ALWAYS
OR-WUD-001,5,3,0,ALWAYS
OR-WUD-001,5,4,0,ALWAYS
OR-WUD-001,5,5,0,ALWAYS
OR-WUD-001,5,6,0,ALWAYS
OR-WUD-001,5,7,0,ALWAYS
OR-WUD-001,5,8,0,ALWAYS
OR-WUD-001,5,9,0,ALWAYS
OR-WUD-001,5,10,0,ALWAYS
OR-WUD-001,5,11,0,ALWAYS
OR-WUD-001,5,12,0,ALWAYS
OR-WUD-001,5,13,0,ALWAYS
OR-WUD-001,5,14,0,ALWAYS
OR-WUD-001,5,15,0,ALWAYS
OR-WUD-001,5,16,0,ALWAYS
OR-WUD-001,5,17,0,ALWAYS
OR-WUD-001,5,18,0,ALWAYS
OR-WUD-001,5,19,0,ALWAYS
OR-WUD-001,5,20,0,ALWAYS
OR-WUD-001,5,21,0,ALWAYS
OR-WUD-001,5,22,0,ALWAYS
OR-WUD-001,5,23,0,ALWAYS
OR-WUD-001,5,24,0,ALWAYS
OR-WUD-001,5,25,0,ALWAYS
OR-WUD-001,5,26,0,ALWAYS
OR-WUD-001,5,27,0,ALWAYS
OR-WUD-001,5,28,0,ALWAYS
OR-WUD-001,5,29,0,ALWAYS
OR-WUD-001,5,30,0,ALWAYS
OR-WUD-001,6,1,0,ALWAYS
OR-WUD-001,6,2,0,ALWAYS
OR-WUD-001,6,3,0,ALWAYS
OR-WUD-001,6,4,0,ALWAYS
OR-WUD-001,6,5,0,ALWAYS
OR-WUD-001,6,6,0,ALWAYS
OR-WUD-001,6,7,0,ALWAYS
OR-WUD-001,6,8,0,ALWAYS
OR-WUD-001,6,9,0,ALWAYS
OR-WUD-001,6,10,0,ALWAYS
OR-WUD-001,6,11,0,ALWAYS
OR-WUD-001,6,12,0,ALWAYS
OR-WUD-001,6,13,0,ALWAYS
OR-WUD-001,6,14,0,ALWAYS
OR-WUD-001,6,15,0,ALWAYS
OR-WUD-001,6,16,0,ALWAYS
OR-WUD-001,6,17,0,ALWAYS
OR-WUD-001,6,18,0,ALWAYS
OR-WUD-001,6,19,0,ALWAYS
OR-WUD-001,6,20,0,ALWAYS
OR-WUD-001,6,21,0,ALWAYS
OR-WUD-001,6,22,0,ALWAYS
OR-WUD-001,6,23,0,ALWAYS
OR-WUD-001,6,24,0,ALWAYS
OR-WUD-001,6,25,0,ALWAYS
OR-WUD-001,6,26,0,ALWAYS
OR-WUD-001,6,27,0,ALWAYS
OR-WUD-001,6,28,0,ALWAYS
OR-WUD-001,6,29,0,ALWAYS
OR-WUD-001,6,30,0,ALWAYS
OR-WUD-001,7,1,0,ALWAYS
OR-WUD-001,7,2,0,ALWAYS
OR-WUD-001,7,3,0,ALWAYS
OR-WUD-001,7,4,0,ALWAYS
OR-WUD-001,7,5,0,ALWAYS
OR-WUD-001,7,6,0,ALWAYS
OR-WUD-001,7,7,0,ALWAYS
OR-WUD-001,7,8,0,ALWAYS
OR-WUD-001,7,9,0,ALWAYS
OR-WUD-001,7,10,0,ALWAYS
OR-WUD-001,7,11,0,ALWAYS
OR-WUD-001,7,12,0,ALWAYS
OR-WUD-001,7,13,0,ALWAYS
OR-WUD-001,7,14,0,ALWAYS
OR-WUD-001,7,15,0,ALWAYS
OR-WUD-001,7,16,0,ALWAYS
OR-WUD-001,7,17,0,ALWAYS
OR-WUD-001,7,18,0,ALWAYS
OR-WUD-001,7,19,0,ALWAYS
OR-WUD-001,7,20,0,ALWAYS
OR-WUD-001,7,21,0,ALWAYS
OR-WUD-001,7,22,0,ALWAYS
OR-WUD-001,7,23,0,ALWAYS
OR-WUD-001,7,24,0,ALWAYS
OR-WUD-001,7,25,0,ALWAYS
OR-WUD-001,7,26,0,ALWAYS
OR-WUD-001,7,27,0,ALWAYS
OR-WUD-001,7,28,0,ALWAYS
OR-WUD-001,7,29,0,ALWAYS
OR-WUD-001,7,30,0,ALWAYS
OR-WUD-001,8,1,0,ALWAYS
OR-WUD-001,8,2,0,ALWAYS
OR-WUD-001,8,3,0,ALWAYS
OR-WUD-001,8,4,0,ALWAYS
OR-WUD-001,8,5,0,ALWAYS
OR-WUD-001,8,6,0,ALWAYS
OR-WUD-001,8,7,0,ALWAYS
OR-WUD-001,8,8,0,ALWAYS
OR-WUD-001,8,9,0,ALWAYS
OR-WUD-001,8,10,0,ALWAYS
OR-WUD-001,8,11,0,ALWAYS
OR-WUD-001,8,12,0,ALWAYS
OR-WUD-001,8,13,0,ALWAYS
OR-WUD-001,8,14,0,ALWAYS
OR-WUD-001,8,15,0,ALWAYS
OR-WUD-001,8,16,0,ALWAYS
OR-WUD-001,8,17,0,ALWAYS
OR-WUD-001,8,18,0,ALWAYS
OR-WUD-001,8,19,0,ALWAYS
OR-WUD-001,8,20,0,ALWAYS
OR-WUD-001,8,21,0,ALWAYS
OR-WUD-001,8,22,0,ALWAYS
OR-WUD-001,8,23,0,ALWAYS
OR-WUD-001,8,24,0,ALWAYS
OR-WUD-001,8,25,0,ALWAYS
OR-WUD-001,8,26,0,ALWAYS
OR-WUD-001,8,27,0,ALWAYS
OR-WUD-001,8,28,0,ALWAYS
OR-WUD-001,8,29,0,ALWAYS
OR-WUD-001,8,30,0,ALWAYS
OR-WUD-001,9,1,0,ALWAYS
OR-WUD-001,9,2,0,ALWAYS
OR-WUD-001,9,3,0,ALWAYS
OR-WUD-001,9,4,0,ALWAYS
OR-WUD-001,9,5,0,ALWAYS
OR-WUD-001,9,6,0,ALWAYS
OR-WUD-001,9,7,0,ALWAYS
OR-WUD-001,9,8,0,ALWAYS
OR-WUD-001,9,9,0,ALWAYS
OR-WUD-001,9,10,0,ALWAYS
OR-WUD-001,9,11,0,ALWAYS
OR-WUD-001,9,12,0,ALWAYS
OR-WUD-001,9,13,0,ALWAYS
OR-WUD-001,9,14,0,ALWAYS
OR-WUD-001,9,15,0,ALWAYS
OR-WUD-001,9,16,0,ALWAYS
OR-WUD-001,9,17,0,ALWAYS
OR-WUD-001,9,18,0,ALWAYS
OR-WUD-001,9,19,0,ALWAYS
OR-WUD-001,9,20,0,ALWAYS
OR-WUD-001,9,21,0,ALWAYS
OR-WUD-001,9,22,0,ALWAYS
OR-WUD-001,9,23,0,ALWAYS
OR-WUD-001,9,24,0,ALWAYS
OR-WUD-001,9,25,0,ALWAYS
OR-WUD-001,9,26,0,ALWAYS
OR-WUD-001,9,27,0,ALWAYS
OR-WUD-001,9,28,0,ALWAYS
OR-WUD-001,9,29,0,ALWAYS
OR-WUD-001,9,30,0,ALWAYS
OR-WUD-001,10,1,0,ALWAYS
OR-WUD-001,10,2,0,ALWAYS
OR-WUD-001,10,3,0,ALWAYS
OR-WUD-001,10,4,0,ALWAYS
OR-WUD-001,10,5,0,ALWAYS
OR-WUD-001,10,6,0,ALWAYS
OR-WUD-001,10,7,0,ALWAYS
OR-WUD-001,10,8,0,ALWAYS
OR-WUD-001,10,9,0,ALWAYS
OR-WUD-001,10,10,0,ALWAYS
OR-WUD-001,10,11,0,ALWAYS
OR-WUD-001,10,12,0,ALWAYS
OR-WUD-001,10,13,0,ALWAYS
OR-WUD-001,10,14,0,ALWAYS
OR-WUD-001,10,15,0,ALWAYS
OR-WUD-001,10,16,0,ALWAYS
OR-WUD-001,10,17,0,ALWAYS
OR-WUD-001,10,18,0,ALWAYS
OR-WUD-001,10,19,0,ALWAYS
OR-WUD-001,10,20,0,ALWAYS
OR-WUD-001,10,21,0,ALWAYS
OR-WUD-001,10,22,0,ALWAYS
OR-WUD-001,10,23,0,ALWAYS
OR-WUD-001,10,24,0,ALWAYS
OR-WUD-001,10,25,0,ALWAYS
OR-WUD-001,10,26,0,ALWAYS
OR-WUD-001,10,27,0,ALWAYS
OR-WUD-001,10,28,0,ALWAYS
OR-WUD-001,10,29,0,ALWAYS
OR-WUD-001,10,30,0,ALWAYS
OR-WUD-001,11,1,0,ALWAYS
OR-WUD-001,11,2,0,ALWAYS
OR-WUD-001,11,3,0,ALWAYS
OR-WUD-001,11,4,0,ALWAYS
OR-WUD-001,11,5,0,ALWAYS
OR-WUD-001,11,6,0,ALWAYS
OR-WUD-001,11,7,0,ALWAYS
OR-WUD-001,11,8,0,ALWAYS
OR-WUD-001,11,9,0,ALWAYS
OR-WUD-001,11,10,0,ALWAYS
OR-WUD-001,11,11,0,ALWAYS
OR-WUD-001,11,12,0,ALWAYS
OR-WUD-001,11,13,0,ALWAYS
OR-WUD-001,11,14,0,ALWAYS
OR-WUD-001,11,15,0,ALWAYS
OR-WUD-001,11,16,0,ALWAYS
OR-WUD-001,11,17,0,ALWAYS
OR-WUD-001,11,18,0,ALWAYS
OR-WUD-001,11,19,0,ALWAYS
OR-WUD-001,11,20,0,ALWAYS
OR-WUD-001,11,21,0,ALWAYS
OR-WUD-001,11,22,0,ALWAYS
OR-WUD-001,11,23,0,ALWAYS
OR-WUD-001,11,24,0,ALWAYS
OR-WUD-001,11,25,0,ALWAYS
OR-WUD-001,11,26,0,ALWAYS
OR-WUD-001,11,27,0,ALWAYS
OR-WUD-001,11,28,0,ALWAYS
OR-WUD-001,11,29,0,ALWAYS
OR-WUD-001,11,30,0,ALWAYS
OR-WUD-001,12,1,0,ALWAYS
OR-WUD-001,12,2,0,ALWAYS
OR-WUD-001,12,3,0,ALWAYS
OR-WUD-001,12,4,0,ALWAYS
OR-WUD-001,12,5,0,ALWAYS
OR-WUD-001,12,6,0,ALWAYS
OR-WUD-001,12,7,0,ALWAYS
OR-WUD-001,12,8,0,ALWAYS
OR-WUD-001,12,9,0,ALWAYS
OR-WUD-001,12,10,0,ALWAYS
OR-WUD-001,12,11,0,ALWAYS
OR-WUD-001,12,12,0,ALWAYS
OR-WUD-001,12,13,0,ALWAYS
OR-WUD-001,12,14,0,ALWAYS
OR-WUD-001,12,15,0,ALWAYS
OR-WUD-001,12,16,0,ALWAYS
OR-WUD-001,12,17,0,ALWAYS
OR-WUD-001,12,18,0,ALWAYS
OR-WUD-001,12,19,0,ALWAYS
OR-WUD-001,12,20,0,ALWAYS
OR-WUD-001,12,21,0,ALWAYS
OR-WUD-001,12,22,0,ALWAYS
OR-WUD-001,12,23,0,ALWAYS
OR-WUD-001,12,24,0,ALWAYS
OR-WUD-001,12,25,0,ALWAYS
OR-WUD-001,12,26,0,ALWAYS
OR-WUD-001,12,27,0,ALWAYS
OR-WUD-001,12,28,0,ALWAYS
OR-WUD-001,12,29,0,ALWAYS
OR-WUD-001,12,30,0,ALWAYS
OR-WUD-001,13,1,0,ALWAYS
OR-WUD-001,13,2,0,ALWAYS
OR-WUD-001,13,3,0,ALWAYS
OR-WUD-001,13,4,0,ALWAYS
OR-WUD-001,13,5,0,ALWAYS
OR-WUD-001,13,6,0,ALWAYS
TI-BEE-001,1,1,0,ALWAYS
TI-BEE-001,1,2,0,ALWAYS
TI-BEE-001,1,3,0,ALWAYS
TI-BEE-001,1,4,0,ALWAYS
TI-BEE-001,1,5,0,ALWAYS
TI-BEE-001,1,6,0,ALWAYS
TI-BEE-001,1,7,0,ALWAYS
TI-BEE-001,1,8,0,ALWAYS
TI-BEE-001,1,9,0,ALWAYS
TI-BEE-001,1,10,0,ALWAYS
TI-BEE-001,1,11,0,ALWAYS
TI-BEE-001,1,12,0,ALWAYS
TI-BEE-001,1,13,0,ALWAYS
TI-BEE-001,1,14,0,ALWAYS
TI-BEE-001,1,15,0,ALWAYS
TI-BEE-001,1,16,0,ALWAYS
TI-BEE-001,1,17,0,ALWAYS
TI-BEE-001,1,18,0,ALWAYS
TI-BEE-001,1,19,0,ALWAYS
TI-BEE-001,1,20,0,ALWAYS
TI-BEE-001,1,21,0,ALWAYS
TI-BEE-001,1,22,0,ALWAYS
TI-BEE-001,1,23,0,ALWAYS
TI-BEE-001,1,24,0,ALWAYS
TI-BEE-001,1,25,0,ALWAYS
TI-BEE-001,1,26,0,ALWAYS
TI-BEE-001,1,27,0,ALWAYS
TI-BEE-001,1,28,0,ALWAYS
TI-BEE-001,1,29,0,ALWAYS
TI-BEE-001,1,30,0,ALWAYS
TI-BEE-001,2,1,0,ALWAYS
TI-BEE-001,2,2,0,ALWAYS
TI-BEE-001,2,3,0,ALWAYS
TI-BEE-001,2,4,0,ALWAYS
TI-BEE-001,2,5,0,ALWAYS
TI-BEE-001,2,6,0,ALWAYS
TI-BEE-001,2,7,0,ALWAYS
TI-BEE-001,2,8,0,ALWAYS
TI-BEE-001,2,9,0,ALWAYS
TI-BEE-001,2,10,0,ALWAYS
TI-BEE-001,2,11,0,ALWAYS
TI-BEE-001,2,12,0,ALWAYS
TI-BEE-001,2,13,0,ALWAYS
TI-BEE-001,2,14,0,ALWAYS
TI-BEE-001,2,15,0,ALWAYS
TI-BEE-001,2,16,0,ALWAYS
TI-BEE-001,2,17,0,ALWAYS
TI-BEE-001,2,18,0,ALWAYS
TI-BEE-001,2,19,0,ALWAYS
TI-BEE-001,2,20,0,ALWAYS
TI-BEE-001,2,21,0,ALWAYS
TI-BEE-001,2,22,0,ALWAYS
TI-BEE-001,2,23,0,ALWAYS
TI-BEE-001,2,24,0,ALWAYS
TI-BEE-001,2,25,0,ALWAYS
TI-BEE-001,2,26,0,ALWAYS
TI-BEE-001,2,27,0,ALWAYS
TI-BEE-001,2,28,0,ALWAYS
TI-BEE-001,2,29,0,ALWAYS
TI-BEE-001,2,30,0,ALWAYS
TI-BEE-001,3,1,0,ALWAYS
TI-BEE-001,3,2,0,ALWAYS
TI-BEE-001,3,3,0,ALWAYS
TI-BEE-001,3,4,0,ALWAYS
TI-BEE-001,3,5,0,ALWAYS
TI-BEE-001,3,6,0,ALWAYS
TI-BEE-001,3,7,0,ALWAYS
TI-BEE-001,3,8,0,ALWAYS
TI-BEE-001,3,9,0,ALWAYS
TI-BEE-001,3,10,0,ALWAYS
TI-BEE-001,3,11,0,ALWAYS
TI-BEE-001,3,12,0,ALWAYS
TI-BEE-001,3,13,0,ALWAYS
TI-BEE-001,3,14,0,ALWAYS
TI-BEE-001,3,15,0,ALWAYS
TI-BEE-001,3,16,0,ALWAYS
TI-BEE-001,3,17,0,ALWAYS
TI-BEE-001,3,18,0,ALWAYS
TI-BEE-001,3,19,0,ALWAYS
TI-BEE-001,3,20,0,ALWAYS
TI-BEE-001,3,21,0,ALWAYS
TI-BEE-001,3,22,0,ALWAYS
TI-BEE-001,3,23,0,ALWAYS
TI-BEE-001,3,24,0,ALWAYS
TI-BEE-001,3,25,0,ALWAYS
TI-BEE-001,3,26,0,ALWAYS
TI-BEE-001,3,27,0,ALWAYS
TI-BEE-001,3,28,0,ALWAYS
TI-BEE-001,3,29,0,ALWAYS
TI-BEE-001,3,30,0,ALWAYS
TI-BEE-001,4,1,0,ALWAYS
TI-BEE-001,4,2,0,ALWAYS
TI-BEE-001,4,3,0,ALWAYS
TI-BEE-001,4,4,0,ALWAYS
TI-BEE-001,4,5,0,ALWAYS
TI-BEE-001,4,6,0,ALWAYS
TI-BEE-001,4,7,0,ALWAYS
TI-BEE-001,4,8,0,ALWAYS
TI-BEE-001,4,9,0,ALWAYS
TI-BEE-001,4,10,0,ALWAYS
TI-BEE-001,4,11,0,ALWAYS
TI-BEE-001,4,12,0,ALWAYS
TI-BEE-001,4,13,0,ALWAYS
TI-BEE-001,4,14,0,ALWAYS
TI-BEE-001,4,15,0,ALWAYS
TI-BEE-001,4,16,0,ALWAYS
TI-BEE-001,4,17,0,ALWAYS
TI-BEE-001,4,18,0,ALWAYS
TI-BEE-001,4,19,0,ALWAYS
TI-BEE-001,4,20,0,ALWAYS
TI-BEE-001,4,21,0,ALWAYS
TI-BEE-001,4,22,0,ALWAYS
TI-BEE-001,4,23,0,ALWAYS
TI-BEE-001,4,24,0,ALWAYS
TI-BEE-001,4,25,0,ALWAYS
TI-BEE-001,4,26,0,ALWAYS
TI-BEE-001,4,27,0,ALWAYS
TI-BEE-001,4,28,0,ALWAYS
TI-BEE-001,4,29,0,ALWAYS
TI-BEE-001,4,30,0,ALWAYS
TI-BEE-001,5,1,0,ALWAYS
TI-BEE-001,5,2,0,ALWAYS
TI-BEE-001,5,3,0,ALWAYS
TI-BEE-001,5,4,0,ALWAYS
TI-BEE-001,5,5,0,ALWAYS
TI-BEE-001,5,6,0,ALWAYS
TI-BEE-001,5,7,0,ALWAYS
TI-BEE-001,5,8,0,ALWAYS
TI-BEE-001,5,9,0,ALWAYS
TI-BEE-001,5,10,0,ALWAYS
TI-BEE-001,5,11,0,ALWAYS
TI-BEE-001,5,12,0,ALWAYS
TI-BEE-001,5,13,0,ALWAYS
TI-BEE-001,5,14,0,ALWAYS
TI-BEE-001,5,15,0,ALWAYS
TI-BEE-001,5,16,0,ALWAYS
TI-BEE-001,5,17,0,ALWAYS
TI-BEE-001,5,18,0,ALWAYS
TI-BEE-001,5,19,0,ALWAYS
TI-BEE-001,5,20,0,ALWAYS
TI-BEE-001,5,21,0,ALWAYS
TI-BEE-001,5,22,0,ALWAYS
TI-BEE-001,5,23,0,ALWAYS
TI-BEE-001,5,24,0,ALWAYS
TI-BEE-001,5,25,0,ALWAYS
TI-BEE-001,5,26,0,ALWAYS
TI-BEE-001,5,27,0,ALWAYS
TI-BEE-001,5,28,0,ALWAYS
TI-BEE-001,5,29,0,ALWAYS
TI-BEE-001,5,30,0,ALWAYS
TI-BEE-001,6,1,0,ALWAYS
TI-BEE-001,6,2,0,ALWAYS
TI-BEE-001,6,3,0,ALWAYS
TI-BEE-001,6,4,0,ALWAYS
TI-BEE-001,6,5,0,ALWAYS
TI-BEE-001,6,6,0,ALWAYS
TI-BEE-001,6,7,0,ALWAYS
TI-BEE-001,6,8,0,ALWAYS
TI-BEE-001,6,9,0,ALWAYS
TI-BEE-001,6,10,0,ALWAYS
TI-BEE-001,6,11,0,ALWAYS
TI-BEE-001,6,12,0,ALWAYS
TI-BEE-001,6,13,0,ALWAYS
TI-BEE-001,6,14,0,ALWAYS
TI-BEE-001,6,15,0,ALWAYS
TI-BEE-001,6,16,0,ALWAYS
TI-BEE-001,6,17,0,ALWAYS
TI-BEE-001,6,18,0,ALWAYS
TI-BEE-001,6,19,0,ALWAYS
TI-BEE-001,6,20,0,ALWAYS
TI-BEE-001,6,21,0,ALWAYS
TI-BEE-001,6,22,0,ALWAYS
TI-BEE-001,6,23,0,ALWAYS
TI-BEE-001,6,24,0,ALWAYS
TI-BEE-001,6,25,0,ALWAYS
TI-BEE-001,6,26,0,ALWAYS
TI-BEE-001,6,27,0,ALWAYS
TI-BEE-001,6,28,0,ALWAYS
TI-BEE-001,6,29,0,ALWAYS
TI-BEE-001,6,30,0,ALWAYS
TI-BEE-001,7,1,0,ALWAYS
TI-BEE-001,7,2,0,ALWAYS
TI-BEE-001,7,3,0,ALWAYS
TI-BEE-001,7,4,0,ALWAYS
TI-BEE-001,7,5,0,ALWAYS
TI-BEE-001,7,6,0,ALWAYS
TI-BEE-001,7,7,0,ALWAYS
TI-BEE-001,7,8,0,ALWAYS
TI-BEE-001,7,9,0,ALWAYS
TI-BEE-001,7,10,0,ALWAYS
TI-BEE-001,7,11,0,ALWAYS
TI-BEE-001,7,12,0,ALWAYS
TI-BEE-001,7,13,0,ALWAYS
TI-BEE-001,7,14,0,ALWAYS
TI-BEE-001,7,15,0,ALWAYS
TI-BEE-001,7,16,0,ALWAYS
TI-BEE-001,7,17,0,ALWAYS
TI-BEE-001,7,18,0,ALWAYS
TI-BEE-001,7,19,0,ALWAYS
TI-BEE-001,7,20,0,ALWAYS
TI-BEE-001,7,21,0,ALWAYS
TI-BEE-001,7,22,0,ALWAYS
TI-BEE-001,7,23,0,ALWAYS
TI-BEE-001,7,24,0,ALWAYS
TI-BEE-001,7,25,0,ALWAYS
TI-BEE-001,7,26,0,ALWAYS
TI-BEE-001,7,27,0,ALWAYS
TI-BEE-001,7,28,0,ALWAYS
TI-BEE-001,7,29,0,ALWAYS
TI-BEE-001,7,30,0,ALWAYS
TI-BEE-001,8,1,0,ALWAYS
TI-BEE-001,8,2,0,ALWAYS
TI-BEE-001,8,3,0,ALWAYS
TI-BEE-001,8,4,0,ALWAYS
TI-BEE-001,8,5,0,ALWAYS
TI-BEE-001,8,6,0,ALWAYS
TI-BEE-001,8,7,0,ALWAYS
TI-BEE-001,8,8,0,ALWAYS
TI-BEE-001,8,9,0,ALWAYS
TI-BEE-001,8,10,0,ALWAYS
TI-BEE-001,8,11,0,ALWAYS
TI-BEE-001,8,12,0,ALWAYS
TI-BEE-001,8,13,0,ALWAYS
TI-BEE-001,8,14,0,ALWAYS
TI-BEE-001,8,15,0,ALWAYS
TI-BEE-001,8,16,0,ALWAYS
TI-BEE-001,8,17,0,ALWAYS
TI-BEE-001,8,18,0,ALWAYS
TI-BEE-001,8,19,0,ALWAYS
TI-BEE-001,8,20,0,ALWAYS
TI-BEE-001,8,21,0,ALWAYS
TI-BEE-001,8,22,0,ALWAYS
TI-BEE-001,8,23,0,ALWAYS
TI-BEE-001,8,24,0,ALWAYS
TI-BEE-001,8,25,0,ALWAYS
TI-BEE-001,8,26,0,ALWAYS
TI-BEE-001,8,27,0,ALWAYS
TI-BEE-001,8,28,0,ALWAYS
TI-BEE-001,8,29,0,ALWAYS
TI-BEE-001,8,30,0,ALWAYS
TI-BEE-001,9,1,0,ALWAYS
TI-BEE-001,9,2,0,ALWAYS
TI-BEE-001,9,3,0,ALWAYS
TI-BEE-001,9,4,0,ALWAYS
TI-BEE-001,9,5,0,ALWAYS
TI-BEE-001,9,6,0,ALWAYS
TI-BEE-001,9,7,0,ALWAYS
TI-BEE-001,9,8,0,ALWAYS
TI-BEE-001,9,9,0,ALWAYS
TI-BEE-001,9,10,0,ALWAYS
TI-BEE-001,9,11,0,ALWAYS
TI-BEE-001,9,12,0,ALWAYS
TI-BEE-001,9,13,0,ALWAYS
TI-BEE-001,9,14,0,ALWAYS
TI-BEE-001,9,15,0,ALWAYS
TI-BEE-001,9,16,0,ALWAYS
TI-BEE-001,9,17,0,ALWAYS
TI-BEE-001,9,18,0,ALWAYS
TI-BEE-001,9,19,0,ALWAYS
TI-BEE-001,9,20,0,ALWAYS
TI-BEE-001,9,21,0,ALWAYS
TI-BEE-001,9,22,0,ALWAYS
TI-BEE-001,9,23,0,ALWAYS
TI-BEE-001,9,24,0,ALWAYS
TI-BEE-001,9,25,0,ALWAYS
TI-BEE-001,9,26,0,ALWAYS
TI-BEE-001,9,27,0,ALWAYS
TI-BEE-001,9,28,0,ALWAYS
TI-BEE-001,9,29,0,ALWAYS
TI-BEE-001,9,30,0,ALWAYS
TI-BEE-001,10,1,0,ALWAYS
TI-BEE-001,10,2,0,ALWAYS
TI-BEE-001,10,3,0,ALWAYS
TI-BEE-001,10,4,0,ALWAYS
TI-BEE-001,10,5,0,ALWAYS
TI-BEE-001,10,6,0,ALWAYS
TI-BEE-001,10,7,0,ALWAYS
TI-BEE-001,10,8,0,ALWAYS
TI-BEE-001,10,9,0,ALWAYS
TI-BEE-001,10,10,0,ALWAYS
TI-BEE-001,10,11,0,ALWAYS
TI-BEE-001,10,12,0,ALWAYS
TI-BEE-001,10,13,0,ALWAYS
TI-BEE-001,10,14,0,ALWAYS
TI-BEE-001,10,15,0,ALWAYS
TI-BEE-001,10,16,0,ALWAYS
TI-BEE-001,10,17,0,ALWAYS
TI-BEE-001,10,18,0,ALWAYS
TI-BEE-001,10,19,0,ALWAYS
TI-BEE-001,10,20,0,ALWAYS
TI-BEE-001,10,21,0,ALWAYS
TI-BEE-001,10,22,0,ALWAYS
TI-BEE-001,10,23,0,ALWAYS
TI-BEE-001,10,24,0,ALWAYS
TI-BEE-001,10,25,0,ALWAYS
TI-BEE-001,10,26,0,ALWAYS
TI-BEE-001,10,27,0,ALWAYS
TI-BEE-001,10,28,0,ALWAYS
TI-BEE-001,10,29,0,ALWAYS
TI-BEE-001,10,30,0,ALWAYS
TI-BEE-001,11,1,0,ALWAYS
TI-BEE-001,11,2,0,ALWAYS
TI-BEE-001,11,3,0,ALWAYS
TI-BEE-001,11,4,0,ALWAYS
TI-BEE-001,11,5,0,ALWAYS
TI-BEE-001,11,6,0,ALWAYS
TI-BEE-001,11,7,0,ALWAYS
TI-BEE-001,11,8,0,ALWAYS
TI-BEE-001,11,9,0,ALWAYS
TI-BEE-001,11,10,0,ALWAYS
TI-BEE-001,11,11,0,ALWAYS
TI-BEE-001,11,12,0,ALWAYS
TI-BEE-001,11,13,0,ALWAYS
TI-BEE-001,11,14,0,ALWAYS
TI-BEE-001,11,15,0,ALWAYS
TI-BEE-001,11,16,0,ALWAYS
TI-BEE-001,11,17,0,ALWAYS
TI-BEE-001,11,18,0,ALWAYS
TI-BEE-001,11,19,0,ALWAYS
TI-BEE-001,11,20,0,ALWAYS
TI-BEE-001,11,21,0,ALWAYS
TI-BEE-001,11,22,0,ALWAYS
TI-BEE-001,11,23,0,ALWAYS
TI-BEE-001,11,24,0,ALWAYS
TI-BEE-001,11,25,0,ALWAYS
TI-BEE-001,11,26,0,ALWAYS
TI-BEE-001,11,27,0,ALWAYS
TI-BEE-001,11,28,0,ALWAYS
TI-BEE-001,11,29,0,ALWAYS
TI-BEE-001,11,30,0,ALWAYS
TI-BEE-001,12,1,0,ALWAYS
TI-BEE-001,12,2,0,ALWAYS
TI-BEE-001,12,3,0,ALWAYS
TI-BEE-001,12,4,0,ALWAYS
TI-BEE-001,12,5,0,ALWAYS
TI-BEE-001,12,6,0,ALWAYS
TI-BEE-001,12,7,0,ALWAYS
TI-BEE-001,12,8,0,ALWAYS
TI-BEE-001,12,9,0,ALWAYS
TI-BEE-001,12,10,0,ALWAYS
TI-BEE-001,12,11,0,ALWAYS
TI-BEE-001,12,12,0,ALWAYS
TI-BEE-001,12,13,0,ALWAYS
TI-BEE-001,12,14,0,ALWAYS
TI-BEE-001,12,15,0,ALWAYS
TI-BEE-001,12,16,0,ALWAYS
TI-BEE-001,12,17,0,ALWAYS
TI-BEE-001,12,18,0,ALWAYS
TI-BEE-001,12,19,0,ALWAYS
TI-BEE-001,12,20,0,ALWAYS
TI-BEE-001,12,21,0,ALWAYS
TI-BEE-001,12,22,0,ALWAYS
TI-BEE-001,12,23,0,ALWAYS
TI-BEE-001,12,24,0,ALWAYS
TI-BEE-001,12,25,0,ALWAYS
TI-BEE-001,12,26,0,ALWAYS
TI-BEE-001,12,27,0,ALWAYS
TI-BEE-001,12,28,0,ALWAYS
TI-BEE-001,12,29,0,ALWAYS
TI-BEE-001,12,30,0,ALWAYS
TI-BEE-001,13,1,0,ALWAYS
TI-BEE-001,13,2,0,ALWAYS
TI-BEE-001,13,3,0,ALWAYS
TI-BEE-001,13,4,0,ALWAYS
TI-BEE-001,13,5,0,ALWAYS
TI-BEE-001,13,6,0,ALWAYS
TI-MZM-001,1,1,0,ALWAYS
TI-MZM-001,1,2,0,ALWAYS
TI-MZM-001,1,3,0,ALWAYS
TI-MZM-001,1,4,0,ALWAYS
TI-MZM-001,1,5,0,ALWAYS
TI-MZM-001,1,6,0,ALWAYS
TI-MZM-001,1,7,0,ALWAYS
TI-MZM-001,1,8,0,ALWAYS
TI-MZM-001,1,9,0,ALWAYS
TI-MZM-001,1,10,0,ALWAYS
TI-MZM-001,1,11,0,ALWAYS
TI-MZM-001,1,12,0,ALWAYS
TI-MZM-001,1,13,0,ALWAYS
TI-MZM-001,1,14,0,ALWAYS
TI-MZM-001,1,15,0,ALWAYS
TI-MZM-001,1,16,0,ALWAYS
TI-MZM-001,1,17,0,ALWAYS
TI-MZM-001,1,18,0,ALWAYS
TI-MZM-001,1,19,0,ALWAYS
TI-MZM-001,1,20,0,ALWAYS
TI-MZM-001,1,21,0,ALWAYS
TI-MZM-001,1,22,0,ALWAYS
TI-MZM-001,1,23,0,ALWAYS
TI-MZM-001,1,24,0,ALWAYS
TI-MZM-001,1,25,0,ALWAYS
TI-MZM-001,1,26,0,ALWAYS
TI-MZM-001,1,27,0,ALWAYS
TI-MZM-001,1,28,0,ALWAYS
TI-MZM-001,1,29,0,ALWAYS
TI-MZM-001,1,30,0,ALWAYS
TI-MZM-001,2,1,0,ALWAYS
TI-MZM-001,2,2,0,ALWAYS
TI-MZM-001,2,3,0,ALWAYS
TI-MZM-001,2,4,0,ALWAYS
TI-MZM-001,2,5,0,ALWAYS
TI-MZM-001,2,6,0,ALWAYS
TI-MZM-001,2,7,0,ALWAYS
TI-MZM-001,2,8,0,ALWAYS
TI-MZM-001,2,9,0,ALWAYS
TI-MZM-001,2,10,0,ALWAYS
TI-MZM-001,2,11,0,ALWAYS
TI-MZM-001,2,12,0,ALWAYS
TI-MZM-001,2,13,0,ALWAYS
TI-MZM-001,2,14,0,ALWAYS
TI-MZM-001,2,15,0,ALWAYS
TI-MZM-001,2,16,0,ALWAYS
TI-MZM-001,2,17,0,ALWAYS
TI-MZM-001,2,18,0,ALWAYS
TI-MZM-001,2,19,0,ALWAYS
TI-MZM-001,2,20,0,ALWAYS
TI-MZM-001,2,21,0,ALWAYS
TI-MZM-001,2,22,0,ALWAYS
TI-MZM-001,2,23,0,ALWAYS
TI-MZM-001,2,24,0,ALWAYS
TI-MZM-001,2,25,0,ALWAYS
TI-MZM-001,2,26,0,ALWAYS
TI-MZM-001,2,27,0,ALWAYS
TI-MZM-001,2,28,0,ALWAYS
TI-MZM-001,2,29,0,ALWAYS
TI-MZM-001,2,30,0,ALWAYS
TI-MZM-001,3,1,0,ALWAYS
TI-MZM-001,3,2,0,ALWAYS
TI-MZM-001,3,3,0,ALWAYS
TI-MZM-001,3,4,0,ALWAYS
TI-MZM-001,3,5,0,ALWAYS
TI-MZM-001,3,6,0,ALWAYS
TI-MZM-001,3,7,0,ALWAYS
TI-MZM-001,3,8,0,ALWAYS
TI-MZM-001,3,9,0,ALWAYS
TI-MZM-001,3,10,0,ALWAYS
TI-MZM-001,3,11,0,ALWAYS
TI-MZM-001,3,12,0,ALWAYS
TI-MZM-001,3,13,0,ALWAYS
TI-MZM-001,3,14,0,ALWAYS
TI-MZM-001,3,15,0,ALWAYS
TI-MZM-001,3,16,0,ALWAYS
TI-MZM-001,3,17,0,ALWAYS
TI-MZM-001,3,18,0,ALWAYS
TI-MZM-001,3,19,0,ALWAYS
TI-MZM-001,3,20,0,ALWAYS
TI-MZM-001,3,21,0,ALWAYS
TI-MZM-001,3,22,0,ALWAYS
TI-MZM-001,3,23,0,ALWAYS
TI-MZM-001,3,24,0,ALWAYS
TI-MZM-001,3,25,0,ALWAYS
TI-MZM-001,3,26,0,ALWAYS
TI-MZM-001,3,27,0,ALWAYS
TI-MZM-001,3,28,0,ALWAYS
TI-MZM-001,3,29,0,ALWAYS
TI-MZM-001,3,30,0,ALWAYS
TI-MZM-001,4,1,0,ALWAYS
TI-MZM-001,4,2,0,ALWAYS
TI-MZM-001,4,3,0,ALWAYS
TI-MZM-001,4,4,0,ALWAYS
TI-MZM-001,4,5,0,ALWAYS
TI-MZM-001,4,6,0,ALWAYS
TI-MZM-001,4,7,0,ALWAYS
TI-MZM-001,4,8,0,ALWAYS
TI-MZM-001,4,9,0,ALWAYS
TI-MZM-001,4,10,0,ALWAYS
TI-MZM-001,4,11,0,ALWAYS
TI-MZM-001,4,12,0,ALWAYS
TI-MZM-001,4,13,0,ALWAYS
TI-MZM-001,4,14,0,ALWAYS
TI-MZM-001,4,15,0,ALWAYS
TI-MZM-001,4,16,0,ALWAYS
TI-MZM-001,4,17,0,ALWAYS
TI-MZM-001,4,18,0,ALWAYS
TI-MZM-001,4,19,0,ALWAYS
TI-MZM-001,4,20,0,ALWAYS
TI-MZM-001,4,21,0,ALWAYS
TI-MZM-001,4,22,0,ALWAYS
TI-MZM-001,4,23,0,ALWAYS
TI-MZM-001,4,24,0,ALWAYS
TI-MZM-001,4,25,0,ALWAYS
TI-MZM-001,4,26,0,ALWAYS
TI-MZM-001,4,27,0,ALWAYS
TI-MZM-001,4,28,0,ALWAYS
TI-MZM-001,4,29,0,ALWAYS
TI-MZM-001,4,30,0,ALWAYS
TI-MZM-001,5,1,0,ALWAYS
TI-MZM-001,5,2,0,ALWAYS
TI-MZM-001,5,3,0,ALWAYS
TI-MZM-001,5,4,0,ALWAYS
TI-MZM-001,5,5,0,ALWAYS
TI-MZM-001,5,6,0,ALWAYS
TI-MZM-001,5,7,0,ALWAYS
TI-MZM-001,5,8,0,ALWAYS
TI-MZM-001,5,9,0,ALWAYS
TI-MZM-001,5,10,0,ALWAYS
TI-MZM-001,5,11,0,ALWAYS
TI-MZM-001,5,12,0,ALWAYS
TI-MZM-001,5,13,0,ALWAYS
TI-MZM-001,5,14,0,ALWAYS
TI-MZM-001,5,15,0,ALWAYS
TI-MZM-001,5,16,0,ALWAYS
TI-MZM-001,5,17,0,ALWAYS
TI-MZM-001,5,18,0,ALWAYS
TI-MZM-001,5,19,0,ALWAYS
TI-MZM-001,5,20,0,ALWAYS
TI-MZM-001,5,21,0,ALWAYS
TI-MZM-001,5,22,0,ALWAYS
TI-MZM-001,5,23,0,ALWAYS
TI-MZM-001,5,24,0,ALWAYS
TI-MZM-001,5,25,0,ALWAYS
TI-MZM-001,5,26,0,ALWAYS
TI-MZM-001,5,27,0,ALWAYS
TI-MZM-001,5,28,0,ALWAYS
TI-MZM-001,5,29,0,ALWAYS
TI-MZM-001,5,30,0,ALWAYS
TI-MZM-001,6,1,0,ALWAYS
TI-MZM-001,6,2,0,ALWAYS
TI-MZM-001,6,3,0,ALWAYS
TI-MZM-001,6,4,0,ALWAYS
TI-MZM-001,6,5,0,ALWAYS
TI-MZM-001,6,6,0,ALWAYS
TI-MZM-001,6,7,0,ALWAYS
TI-MZM-001,6,8,0,ALWAYS
TI-MZM-001,6,9,0,ALWAYS
TI-MZM-001,6,10,0,ALWAYS
TI-MZM-001,6,11,0,ALWAYS
TI-MZM-001,6,12,0,ALWAYS
TI-MZM-001,6,13,0,ALWAYS
TI-MZM-001,6,14,0,ALWAYS
TI-MZM-001,6,15,0,ALWAYS
TI-MZM-001,6,16,0,ALWAYS
TI-MZM-001,6,17,0,ALWAYS
TI-MZM-001,6,18,0,ALWAYS
TI-MZM-001,6,19,0,ALWAYS
TI-MZM-001,6,20,0,ALWAYS
TI-MZM-001,6,21,0,ALWAYS
TI-MZM-001,6,22,0,ALWAYS
TI-MZM-001,6,23,0,ALWAYS
TI-MZM-001,6,24,0,ALWAYS
TI-MZM-001,6,25,0,ALWAYS
TI-MZM-001,6,26,0,ALWAYS
TI-MZM-001,6,27,0,ALWAYS
TI-MZM-001,6,28,0,ALWAYS
TI-MZM-001,6,29,0,ALWAYS
TI-MZM-001,6,30,0,ALWAYS
TI-MZM-001,7,1,0,ALWAYS
TI-MZM-001,7,2,0,ALWAYS
TI-MZM-001,7,3,0,ALWAYS
TI-MZM-001,7,4,0,ALWAYS
TI-MZM-001,7,5,0,ALWAYS
TI-MZM-001,7,6,0,ALWAYS
TI-MZM-001,7,7,0,ALWAYS
TI-MZM-001,7,8,0,ALWAYS
TI-MZM-001,7,9,0,ALWAYS
TI-MZM-001,7,10,0,ALWAYS
TI-MZM-001,7,11,0,ALWAYS
TI-MZM-001,7,12,0,ALWAYS
TI-MZM-001,7,13,0,ALWAYS
TI-MZM-001,7,14,0,ALWAYS
TI-MZM-001,7,15,0,ALWAYS
TI-MZM-001,7,16,0,ALWAYS
TI-MZM-001,7,17,0,ALWAYS
TI-MZM-001,7,18,0,ALWAYS
TI-MZM-001,7,19,0,ALWAYS
TI-MZM-001,7,20,0,ALWAYS
TI-MZM-001,7,21,0,ALWAYS
TI-MZM-001,7,22,0,ALWAYS
TI-MZM-001,7,23,0,ALWAYS
TI-MZM-001,7,24,0,ALWAYS
TI-MZM-001,7,25,0,ALWAYS
TI-MZM-001,7,26,0,ALWAYS
TI-MZM-001,7,27,0,ALWAYS
TI-MZM-001,7,28,0,ALWAYS
TI-MZM-001,7,29,0,ALWAYS
TI-MZM-001,7,30,0,ALWAYS
TI-MZM-001,8,1,0,ALWAYS
TI-MZM-001,8,2,0,ALWAYS
TI-MZM-001,8,3,0,ALWAYS
TI-MZM-001,8,4,0,ALWAYS
TI-MZM-001,8,5,0,ALWAYS
TI-MZM-001,8,6,0,ALWAYS
TI-MZM-001,8,7,0,ALWAYS
TI-MZM-001,8,8,0,ALWAYS
TI-MZM-001,8,9,0,ALWAYS
TI-MZM-001,8,10,0,ALWAYS
TI-MZM-001,8,11,0,ALWAYS
TI-MZM-001,8,12,0,ALWAYS
TI-MZM-001,8,13,0,ALWAYS
TI-MZM-001,8,14,0,ALWAYS
TI-MZM-001,8,15,0,ALWAYS
TI-MZM-001,8,16,0,ALWAYS
TI-MZM-001,8,17,0,ALWAYS
TI-MZM-001,8,18,0,ALWAYS
TI-MZM-001,8,19,0,ALWAYS
TI-MZM-001,8,20,0,ALWAYS
TI-MZM-001,8,21,0,ALWAYS
TI-MZM-001,8,22,0,ALWAYS
TI-MZM-001,8,23,0,ALWAYS
TI-MZM-001,8,24,0,ALWAYS
TI-MZM-001,8,25,0,ALWAYS
TI-MZM-001,8,26,0,ALWAYS
TI-MZM-001,8,27,0,ALWAYS
TI-MZM-001,8,28,0,ALWAYS
TI-MZM-001,8,29,0,ALWAYS
TI-MZM-001,8,30,0,ALWAYS
TI-MZM-001,9,1,0,ALWAYS
TI-MZM-001,9,2,0,ALWAYS
TI-MZM-001,9,3,0,ALWAYS
TI-MZM-001,9,4,0,ALWAYS
TI-MZM-001,9,5,0,ALWAYS
TI-MZM-001,9,6,0,ALWAYS
TI-MZM-001,9,7,0,ALWAYS
TI-MZM-001,9,8,0,ALWAYS
TI-MZM-001,9,9,0,ALWAYS
TI-MZM-001,9,10,0,ALWAYS
TI-MZM-001,9,11,0,ALWAYS
TI-MZM-001,9,12,0,ALWAYS
TI-MZM-001,9,13,0,ALWAYS
TI-MZM-001,9,14,0,ALWAYS
TI-MZM-001,9,15,0,ALWAYS
TI-MZM-001,9,16,0,ALWAYS
TI-MZM-001,9,17,0,ALWAYS
TI-MZM-001,9,18,0,ALWAYS
TI-MZM-001,9,19,0,ALWAYS
TI-MZM-001,9,20,0,ALWAYS
TI-MZM-001,9,21,0,ALWAYS
TI-MZM-001,9,22,0,ALWAYS
TI-MZM-001,9,23,0,ALWAYS
TI-MZM-001,9,24,0,ALWAYS
TI-MZM-001,9,25,0,ALWAYS
TI-MZM-001,9,26,0,ALWAYS
TI-MZM-001,9,27,0,ALWAYS
TI-MZM-001,9,28,0,ALWAYS
TI-MZM-001,9,29,0,ALWAYS
TI-MZM-001,9,30,0,ALWAYS
TI-MZM-001,10,1,0,ALWAYS
TI-MZM-001,10,2,0,ALWAYS
TI-MZM-001,10,3,0,ALWAYS
TI-MZM-001,10,4,0,ALWAYS
TI-MZM-001,10,5,0,ALWAYS
TI-MZM-001,10,6,0,ALWAYS
TI-MZM-001,10,7,0,ALWAYS
TI-MZM-001,10,8,0,ALWAYS
TI-MZM-001,10,9,0,ALWAYS
TI-MZM-001,10,10,0,ALWAYS
TI-MZM-001,10,11,0,ALWAYS
TI-MZM-001,10,12,0,ALWAYS
TI-MZM-001,10,13,0,ALWAYS
TI-MZM-001,10,14,0,ALWAYS
TI-MZM-001,10,15,0,ALWAYS
TI-MZM-001,10,16,0,ALWAYS
TI-MZM-001,10,17,0,ALWAYS
TI-MZM-001,10,18,0,ALWAYS
TI-MZM-001,10,19,0,ALWAYS
TI-MZM-001,10,20,0,ALWAYS
TI-MZM-001,10,21,0,ALWAYS
TI-MZM-001,10,22,0,ALWAYS
TI-MZM-001,10,23,0,ALWAYS
TI-MZM-001,10,24,0,ALWAYS
TI-MZM-001,10,25,0,ALWAYS
TI-MZM-001,10,26,0,ALWAYS
TI-MZM-001,10,27,0,ALWAYS
TI-MZM-001,10,28,0,ALWAYS
TI-MZM-001,10,29,0,ALWAYS
TI-MZM-001,10,30,0,ALWAYS
TI-MZM-001,11,1,0,ALWAYS
TI-MZM-001,11,2,0,ALWAYS
TI-MZM-001,11,3,0,ALWAYS
TI-MZM-001,11,4,0,ALWAYS
TI-MZM-001,11,5,0,ALWAYS
TI-MZM-001,11,6,0,ALWAYS
TI-MZM-001,11,7,0,ALWAYS
TI-MZM-001,11,8,0,ALWAYS
TI-MZM-001,11,9,0,ALWAYS
TI-MZM-001,11,10,0,ALWAYS
TI-MZM-001,11,11,0,ALWAYS
TI-MZM-001,11,12,0,ALWAYS
TI-MZM-001,11,13,0,ALWAYS
TI-MZM-001,11,14,0,ALWAYS
TI-MZM-001,11,15,0,ALWAYS
TI-MZM-001,11,16,0,ALWAYS
TI-MZM-001,11,17,0,ALWAYS
TI-MZM-001,11,18,0,ALWAYS
TI-MZM-001,11,19,0,ALWAYS
TI-MZM-001,11,20,0,ALWAYS
TI-MZM-001,11,21,0,ALWAYS
TI-MZM-001,11,22,0,ALWAYS
TI-MZM-001,11,23,0,ALWAYS
TI-MZM-001,11,24,0,ALWAYS
TI-MZM-001,11,25,0,ALWAYS
TI-MZM-001,11,26,0,ALWAYS
TI-MZM-001,11,27,0,ALWAYS
TI-MZM-001,11,28,0,ALWAYS
TI-MZM-001,11,29,0,ALWAYS
TI-MZM-001,11,30,0,ALWAYS
TI-MZM-001,12,1,0,ALWAYS
TI-MZM-001,12,2,0,ALWAYS
TI-MZM-001,12,3,0,ALWAYS
TI-MZM-001,12,4,0,ALWAYS
TI-MZM-001,12,5,0,ALWAYS
TI-MZM-001,12,6,0,ALWAYS
TI-MZM-001,12,7,0,ALWAYS
TI-MZM-001,12,8,0,ALWAYS
TI-MZM-001,12,9,0,ALWAYS
TI-MZM-001,12,10,0,ALWAYS
TI-MZM-001,12,11,0,ALWAYS
TI-MZM-001,12,12,0,ALWAYS
TI-MZM-001,12,13,0,ALWAYS
TI-MZM-001,12,14,0,ALWAYS
TI-MZM-001,12,15,0,ALWAYS
TI-MZM-001,12,16,0,ALWAYS
TI-MZM-001,12,17,0,ALWAYS
TI-MZM-001,12,18,0,ALWAYS
TI-MZM-001,12,19,0,ALWAYS
TI-MZM-001,12,20,0,ALWAYS
TI-MZM-001,12,21,0,ALWAYS
TI-MZM-001,12,22,0,ALWAYS
TI-MZM-001,12,23,0,ALWAYS
TI-MZM-001,12,24,0,ALWAYS
TI-MZM-001,12,25,0,ALWAYS
TI-MZM-001,12,26,0,ALWAYS
TI-MZM-001,12,27,0,ALWAYS
TI-MZM-001,12,28,0,ALWAYS
TI-MZM-001,12,29,0,ALWAYS
TI-MZM-001,12,30,0,ALWAYS
TI-MZM-001,13,1,0,ALWAYS
TI-MZM-001,13,2,0,ALWAYS
TI-MZM-001,13,3,0,ALWAYS
TI-MZM-001,13,4,0,ALWAYS
TI-MZM-001,13,5,0,ALWAYS
TI-MZM-001,13,6,0,ALWAYS
TI-MZM-002,1,1,0,ALWAYS
TI-MZM-002,1,2,0,ALWAYS
TI-MZM-002,1,3,0,ALWAYS
TI-MZM-002,1,4,0,ALWAYS
TI-MZM-002,1,5,0,ALWAYS
TI-MZM-002,1,6,0,ALWAYS
TI-MZM-002,1,7,0,ALWAYS
TI-MZM-002,1,8,0,ALWAYS
TI-MZM-002,1,9,0,ALWAYS
TI-MZM-002,1,10,0,ALWAYS
TI-MZM-002,1,11,0,ALWAYS
TI-MZM-002,1,12,0,ALWAYS
TI-MZM-002,1,13,0,ALWAYS
TI-MZM-002,1,14,0,ALWAYS
TI-MZM-002,1,15,0,ALWAYS
TI-MZM-002,1,16,0,ALWAYS
TI-MZM-002,1,17,0,ALWAYS
TI-MZM-002,1,18,0,ALWAYS
TI-MZM-002,1,19,0,ALWAYS
TI-MZM-002,1,20,0,ALWAYS
TI-MZM-002,1,21,0,ALWAYS
TI-MZM-002,1,22,0,ALWAYS
TI-MZM-002,1,23,0,ALWAYS
TI-MZM-002,1,24,0,ALWAYS
TI-MZM-002,1,25,0,ALWAYS
TI-MZM-002,1,26,0,ALWAYS
TI-MZM-002,1,27,0,ALWAYS
TI-MZM-002,1,28,0,ALWAYS
TI-MZM-002,1,29,0,ALWAYS
TI-MZM-002,1,30,0,ALWAYS
TI-MZM-002,2,1,0,ALWAYS
TI-MZM-002,2,2,0,ALWAYS
TI-MZM-002,2,3,0,ALWAYS
TI-MZM-002,2,4,0,ALWAYS
TI-MZM-002,2,5,0,ALWAYS
TI-MZM-002,2,6,0,ALWAYS
TI-MZM-002,2,7,0,ALWAYS
TI-MZM-002,2,8,0,ALWAYS
TI-MZM-002,2,9,0,ALWAYS
TI-MZM-002,2,10,0,ALWAYS
TI-MZM-002,2,11,0,ALWAYS
TI-MZM-002,2,12,0,ALWAYS
TI-MZM-002,2,13,0,ALWAYS
TI-MZM-002,2,14,0,ALWAYS
TI-MZM-002,2,15,0,ALWAYS
TI-MZM-002,2,16,0,ALWAYS
TI-MZM-002,2,17,0,ALWAYS
TI-MZM-002,2,18,0,ALWAYS
TI-MZM-002,2,19,0,ALWAYS
TI-MZM-002,2,20,0,ALWAYS
TI-MZM-002,2,21,0,ALWAYS
TI-MZM-002,2,22,0,ALWAYS
TI-MZM-002,2,23,0,ALWAYS
TI-MZM-002,2,24,0,ALWAYS
TI-MZM-002,2,25,0,ALWAYS
TI-MZM-002,2,26,0,ALWAYS
TI-MZM-002,2,27,0,ALWAYS
TI-MZM-002,2,28,0,ALWAYS
TI-MZM-002,2,29,0,ALWAYS
TI-MZM-002,2,30,0,ALWAYS
TI-MZM-002,3,1,0,ALWAYS
TI-MZM-002,3,2,0,ALWAYS
TI-MZM-002,3,3,0,ALWAYS
TI-MZM-002,3,4,0,ALWAYS
TI-MZM-002,3,5,0,ALWAYS
TI-MZM-002,3,6,0,ALWAYS
TI-MZM-002,3,7,0,ALWAYS
TI-MZM-002,3,8,0,ALWAYS
TI-MZM-002,3,9,0,ALWAYS
TI-MZM-002,3,10,0,ALWAYS
TI-MZM-002,3,11,0,ALWAYS
TI-MZM-002,3,12,0,ALWAYS
TI-MZM-002,3,13,0,ALWAYS
TI-MZM-002,3,14,0,ALWAYS
TI-MZM-002,3,15,0,ALWAYS
TI-MZM-002,3,16,0,ALWAYS
TI-MZM-002,3,17,0,ALWAYS
TI-MZM-002,3,18,0,ALWAYS
TI-MZM-002,3,19,0,ALWAYS
TI-MZM-002,3,20,0,ALWAYS
TI-MZM-002,3,21,0,ALWAYS
TI-MZM-002,3,22,0,ALWAYS
TI-MZM-002,3,23,0,ALWAYS
TI-MZM-002,3,24,0,ALWAYS
TI-MZM-002,3,25,0,ALWAYS
TI-MZM-002,3,26,0,ALWAYS
TI-MZM-002,3,27,0,ALWAYS
TI-MZM-002,3,28,0,ALWAYS
TI-MZM-002,3,29,0,ALWAYS
TI-MZM-002,3,30,0,ALWAYS
TI-MZM-002,4,1,0,ALWAYS
TI-MZM-002,4,2,0,ALWAYS
TI-MZM-002,4,3,0,ALWAYS
TI-MZM-002,4,4,0,ALWAYS
TI-MZM-002,4,5,0,ALWAYS
TI-MZM-002,4,6,0,ALWAYS
TI-MZM-002,4,7,0,ALWAYS
TI-MZM-002,4,8,0,ALWAYS
TI-MZM-002,4,9,0,ALWAYS
TI-MZM-002,4,10,0,ALWAYS
TI-MZM-002,4,11,0,ALWAYS
TI-MZM-002,4,12,0,ALWAYS
TI-MZM-002,4,13,0,ALWAYS
TI-MZM-002,4,14,0,ALWAYS
TI-MZM-002,4,15,0,ALWAYS
TI-MZM-002,4,16,0,ALWAYS
TI-MZM-002,4,17,0,ALWAYS
TI-MZM-002,4,18,0,ALWAYS
TI-MZM-002,4,19,0,ALWAYS
TI-MZM-002,4,20,0,ALWAYS
TI-MZM-002,4,21,0,ALWAYS
TI-MZM-002,4,22,0,ALWAYS
TI-MZM-002,4,23,0,ALWAYS
TI-MZM-002,4,24,0,ALWAYS
TI-MZM-002,4,25,0,ALWAYS
TI-MZM-002,4,26,0,ALWAYS
TI-MZM-002,4,27,0,ALWAYS
TI-MZM-002,4,28,0,ALWAYS
TI-MZM-002,4,29,0,ALWAYS
TI-MZM-002,4,30,0,ALWAYS
TI-MZM-002,5,1,0,ALWAYS
TI-MZM-002,5,2,0,ALWAYS
TI-MZM-002,5,3,0,ALWAYS
TI-MZM-002,5,4,0,ALWAYS
TI-MZM-002,5,5,0,ALWAYS
TI-MZM-002,5,6,0,ALWAYS
TI-MZM-002,5,7,0,ALWAYS
TI-MZM-002,5,8,0,ALWAYS
TI-MZM-002,5,9,0,ALWAYS
TI-MZM-002,5,10,0,ALWAYS
TI-MZM-002,5,11,0,ALWAYS
TI-MZM-002,5,12,0,ALWAYS
TI-MZM-002,5,13,0,ALWAYS
TI-MZM-002,5,14,0,ALWAYS
TI-MZM-002,5,15,0,ALWAYS
TI-MZM-002,5,16,0,ALWAYS
TI-MZM-002,5,17,0,ALWAYS
TI-MZM-002,5,18,0,ALWAYS
TI-MZM-002,5,19,0,ALWAYS
TI-MZM-002,5,20,0,ALWAYS
TI-MZM-002,5,21,0,ALWAYS
TI-MZM-002,5,22,0,ALWAYS
TI-MZM-002,5,23,0,ALWAYS
TI-MZM-002,5,24,0,ALWAYS
TI-MZM-002,5,25,0,ALWAYS
TI-MZM-002,5,26,0,ALWAYS
TI-MZM-002,5,27,0,ALWAYS
TI-MZM-002,5,28,0,ALWAYS
TI-MZM-002,5,29,0,ALWAYS
TI-MZM-002,5,30,0,ALWAYS
TI-MZM-002,6,1,0,ALWAYS
TI-MZM-002,6,2,0,ALWAYS
TI-MZM-002,6,3,0,ALWAYS
TI-MZM-002,6,4,0,ALWAYS
TI-MZM-002,6,5,0,ALWAYS
TI-MZM-002,6,6,0,ALWAYS
TI-MZM-002,6,7,0,ALWAYS
TI-MZM-002,6,8,0,ALWAYS
TI-MZM-002,6,9,0,ALWAYS
TI-MZM-002,6,10,0,ALWAYS
TI-MZM-002,6,11,0,ALWAYS
TI-MZM-002,6,12,0,ALWAYS
TI-MZM-002,6,13,0,ALWAYS
TI-MZM-002,6,14,0,ALWAYS
TI-MZM-002,6,15,0,ALWAYS
TI-MZM-002,6,16,0,ALWAYS
TI-MZM-002,6,17,0,ALWAYS
TI-MZM-002,6,18,0,ALWAYS
TI-MZM-002,6,19,0,ALWAYS
TI-MZM-002,6,20,0,ALWAYS
TI-MZM-002,6,21,0,ALWAYS
TI-MZM-002,6,22,0,ALWAYS
TI-MZM-002,6,23,0,ALWAYS
TI-MZM-002,6,24,0,ALWAYS
TI-MZM-002,6,25,0,ALWAYS
TI-MZM-002,6,26,0,ALWAYS
TI-MZM-002,6,27,0,ALWAYS
TI-MZM-002,6,28,0,ALWAYS
TI-MZM-002,6,29,0,ALWAYS
TI-MZM-002,6,30,0,ALWAYS
TI-MZM-002,7,1,0,ALWAYS
TI-MZM-002,7,2,0,ALWAYS
TI-MZM-002,7,3,0,ALWAYS
TI-MZM-002,7,4,0,ALWAYS
TI-MZM-002,7,5,0,ALWAYS
TI-MZM-002,7,6,0,ALWAYS
TI-MZM-002,7,7,0,ALWAYS
TI-MZM-002,7,8,0,ALWAYS
TI-MZM-002,7,9,0,ALWAYS
TI-MZM-002,7,10,0,ALWAYS
TI-MZM-002,7,11,0,ALWAYS
TI-MZM-002,7,12,0,ALWAYS
TI-MZM-002,7,13,0,ALWAYS
TI-MZM-002,7,14,0,ALWAYS
TI-MZM-002,7,15,0,ALWAYS
TI-MZM-002,7,16,0,ALWAYS
TI-MZM-002,7,17,0,ALWAYS
TI-MZM-002,7,18,0,ALWAYS
TI-MZM-002,7,19,0,ALWAYS
TI-MZM-002,7,20,0,ALWAYS
TI-MZM-002,7,21,0,ALWAYS
TI-MZM-002,7,22,0,ALWAYS
TI-MZM-002,7,23,0,ALWAYS
TI-MZM-002,7,24,0,ALWAYS
TI-MZM-002,7,25,0,ALWAYS
TI-MZM-002,7,26,0,ALWAYS
TI-MZM-002,7,27,0,ALWAYS
TI-MZM-002,7,28,0,ALWAYS
TI-MZM-002,7,29,0,ALWAYS
TI-MZM-002,7,30,0,ALWAYS
TI-MZM-002,8,1,0,ALWAYS
TI-MZM-002,8,2,0,ALWAYS
TI-MZM-002,8,3,0,ALWAYS
TI-MZM-002,8,4,0,ALWAYS
TI-MZM-002,8,5,0,ALWAYS
TI-MZM-002,8,6,0,ALWAYS
TI-MZM-002,8,7,0,ALWAYS
TI-MZM-002,8,8,0,ALWAYS
TI-MZM-002,8,9,0,ALWAYS
TI-MZM-002,8,10,0,ALWAYS
TI-MZM-002,8,11,0,ALWAYS
TI-MZM-002,8,12,0,ALWAYS
TI-MZM-002,8,13,0,ALWAYS
TI-MZM-002,8,14,0,ALWAYS
TI-MZM-002,8,15,0,ALWAYS
TI-MZM-002,8,16,0,ALWAYS
TI-MZM-002,8,17,0,ALWAYS
TI-MZM-002,8,18,0,ALWAYS
TI-MZM-002,8,19,0,ALWAYS
TI-MZM-002,8,20,0,ALWAYS
TI-MZM-002,8,21,0,ALWAYS
TI-MZM-002,8,22,0,ALWAYS
TI-MZM-002,8,23,0,ALWAYS
TI-MZM-002,8,24,0,ALWAYS
TI-MZM-002,8,25,0,ALWAYS
TI-MZM-002,8,26,0,ALWAYS
TI-MZM-002,8,27,0,ALWAYS
TI-MZM-002,8,28,0,ALWAYS
TI-MZM-002,8,29,0,ALWAYS
TI-MZM-002,8,30,0,ALWAYS
TI-MZM-002,9,1,0,ALWAYS
TI-MZM-002,9,2,0,ALWAYS
TI-MZM-002,9,3,0,ALWAYS
TI-MZM-002,9,4,0,ALWAYS
TI-MZM-002,9,5,0,ALWAYS
TI-MZM-002,9,6,0,ALWAYS
TI-MZM-002,9,7,0,ALWAYS
TI-MZM-002,9,8,0,ALWAYS
TI-MZM-002,9,9,0,ALWAYS
TI-MZM-002,9,10,0,ALWAYS
TI-MZM-002,9,11,0,ALWAYS
TI-MZM-002,9,12,0,ALWAYS
TI-MZM-002,9,13,0,ALWAYS
TI-MZM-002,9,14,0,ALWAYS
TI-MZM-002,9,15,0,ALWAYS
TI-MZM-002,9,16,0,ALWAYS
TI-MZM-002,9,17,0,ALWAYS
TI-MZM-002,9,18,0,ALWAYS
TI-MZM-002,9,19,0,ALWAYS
TI-MZM-002,9,20,0,ALWAYS
TI-MZM-002,9,21,0,ALWAYS
TI-MZM-002,9,22,0,ALWAYS
TI-MZM-002,9,23,0,ALWAYS
TI-MZM-002,9,24,0,ALWAYS
TI-MZM-002,9,25,0,ALWAYS
TI-MZM-002,9,26,0,ALWAYS
TI-MZM-002,9,27,0,ALWAYS
TI-MZM-002,9,28,0,ALWAYS
TI-MZM-002,9,29,0,ALWAYS
TI-MZM-002,9,30,0,ALWAYS
TI-MZM-002,10,1,0,ALWAYS
TI-MZM-002,10,2,0,ALWAYS
TI-MZM-002,10,3,0,ALWAYS
TI-MZM-002,10,4,0,ALWAYS
TI-MZM-002,10,5,0,ALWAYS
TI-MZM-002,10,6,0,ALWAYS
TI-MZM-002,10,7,0,ALWAYS
TI-MZM-002,10,8,0,ALWAYS
TI-MZM-002,10,9,0,ALWAYS
TI-MZM-002,10,10,0,ALWAYS
TI-MZM-002,10,11,0,ALWAYS
TI-MZM-002,10,12,0,ALWAYS
TI-MZM-002,10,13,0,ALWAYS
TI-MZM-002,10,14,0,ALWAYS
TI-MZM-002,10,15,0,ALWAYS
TI-MZM-002,10,16,0,ALWAYS
TI-MZM-002,10,17,0,ALWAYS
TI-MZM-002,10,18,0,ALWAYS
TI-MZM-002,10,19,0,ALWAYS
TI-MZM-002,10,20,0,ALWAYS
TI-MZM-002,10,21,0,ALWAYS
TI-MZM-002,10,22,0,ALWAYS
TI-MZM-002,10,23,0,ALWAYS
TI-MZM-002,10,24,0,ALWAYS
TI-MZM-002,10,25,0,ALWAYS
TI-MZM-002,10,26,0,ALWAYS
TI-MZM-002,10,27,0,ALWAYS
TI-MZM-002,10,28,0,ALWAYS
TI-MZM-002,10,29,0,ALWAYS
TI-MZM-002,10,30,0,ALWAYS
TI-MZM-002,11,1,0,ALWAYS
TI-MZM-002,11,2,0,ALWAYS
TI-MZM-002,11,3,0,ALWAYS
TI-MZM-002,11,4,0,ALWAYS
TI-MZM-002,11,5,0,ALWAYS
TI-MZM-002,11,6,0,ALWAYS
TI-MZM-002,11,7,0,ALWAYS
TI-MZM-002,11,8,0,ALWAYS
TI-MZM-002,11,9,0,ALWAYS
TI-MZM-002,11,10,0,ALWAYS
TI-MZM-002,11,11,0,ALWAYS
TI-MZM-002,11,12,0,ALWAYS
TI-MZM-002,11,13,0,ALWAYS
TI-MZM-002,11,14,0,ALWAYS
TI-MZM-002,11,15,0,ALWAYS
TI-MZM-002,11,16,0,ALWAYS
TI-MZM-002,11,17,0,ALWAYS
TI-MZM-002,11,18,0,ALWAYS
TI-MZM-002,11,19,0,ALWAYS
TI-MZM-002,11,20,0,ALWAYS
TI-MZM-002,11,21,0,ALWAYS
TI-MZM-002,11,22,0,ALWAYS
TI-MZM-002,11,23,0,ALWAYS
TI-MZM-002,11,24,0,ALWAYS
TI-MZM-002,11,25,0,ALWAYS
TI-MZM-002,11,26,0,ALWAYS
TI-MZM-002,11,27,0,ALWAYS
TI-MZM-002,11,28,0,ALWAYS
TI-MZM-002,11,29,0,ALWAYS
TI-MZM-002,11,30,0,ALWAYS
TI-MZM-002,12,1,0,ALWAYS
TI-MZM-002,12,2,0,ALWAYS
TI-MZM-002,12,3,0,ALWAYS
TI-MZM-002,12,4,0,ALWAYS
TI-MZM-002,12,5,0,ALWAYS
TI-MZM-002,12,6,0,ALWAYS
TI-MZM-002,12,7,0,ALWAYS
TI-MZM-002,12,8,0,ALWAYS
TI-MZM-002,12,9,0,ALWAYS
TI-MZM-002,12,10,0,ALWAYS
TI-MZM-002,12,11,0,ALWAYS
TI-MZM-002,12,12,0,ALWAYS
TI-MZM-002,12,13,0,ALWAYS
TI-MZM-002,12,14,0,ALWAYS
TI-MZM-002,12,15,0,ALWAYS
TI-MZM-002,12,16,0,ALWAYS
TI-MZM-002,12,17,0,ALWAYS
TI-MZM-002,12,18,0,ALWAYS
TI-MZM-002,12,19,0,ALWAYS
TI-MZM-002,12,20,0,ALWAYS
TI-MZM-002,12,21,0,ALWAYS
TI-MZM-002,12,22,0,ALWAYS
TI-MZM-002,12,23,0,ALWAYS
TI-MZM-002,12,24,0,ALWAYS
TI-MZM-002,12,25,0,ALWAYS
TI-MZM-002,12,26,0,ALWAYS
TI-MZM-002,12,27,0,ALWAYS
TI-MZM-002,12,28,0,ALWAYS
TI-MZM-002,12,29,0,ALWAYS
TI-MZM-002,12,30,0,ALWAYS
TI-MZM-002,13,1,0,ALWAYS
TI-MZM-002,13,2,0,ALWAYS
TI-MZM-002,13,3,0,ALWAYS
TI-MZM-002,13,4,0,ALWAYS
TI-MZM-002,13,5,0,ALWAYS
TI-MZM-002,13,6,0,ALWAYS
TI-TSE-001,1,1,0,ALWAYS
TI-TSE-001,1,2,0,ALWAYS
TI-TSE-001,1,3,0,ALWAYS
TI-TSE-001,1,4,0,ALWAYS
TI-TSE-001,1,5,0,ALWAYS
TI-TSE-001,1,6,0,ALWAYS
TI-TSE-001,1,7,0,ALWAYS
TI-TSE-001,1,8,0,ALWAYS
TI-TSE-001,1,9,0,ALWAYS
TI-TSE-001,1,10,0,ALWAYS
TI-TSE-001,1,11,0,ALWAYS
TI-TSE-001,1,12,0,ALWAYS
TI-TSE-001,1,13,0,ALWAYS
TI-TSE-001,1,14,0,ALWAYS
TI-TSE-001,1,15,0,ALWAYS
TI-TSE-001,1,16,0,ALWAYS
TI-TSE-001,1,17,0,ALWAYS
TI-TSE-001,1,18,0,ALWAYS
TI-TSE-001,1,19,0,ALWAYS
TI-TSE-001,1,20,0,ALWAYS
TI-TSE-001,1,21,0,ALWAYS
TI-TSE-001,1,22,0,ALWAYS
TI-TSE-001,1,23,0,ALWAYS
TI-TSE-001,1,24,0,ALWAYS
TI-TSE-001,1,25,0,ALWAYS
TI-TSE-001,1,26,0,ALWAYS
TI-TSE-001,1,27,0,ALWAYS
TI-TSE-001,1,28,0,ALWAYS
TI-TSE-001,1,29,0,ALWAYS
TI-TSE-001,1,30,0,ALWAYS
TI-TSE-001,2,1,0,ALWAYS
TI-TSE-001,2,2,0,ALWAYS
TI-TSE-001,2,3,0,ALWAYS
TI-TSE-001,2,4,0,ALWAYS
TI-TSE-001,2,5,0,ALWAYS
TI-TSE-001,2,6,0,ALWAYS
TI-TSE-001,2,7,0,ALWAYS
TI-TSE-001,2,8,0,ALWAYS
TI-TSE-001,2,9,0,ALWAYS
TI-TSE-001,2,10,0,ALWAYS
TI-TSE-001,2,11,0,ALWAYS
TI-TSE-001,2,12,0,ALWAYS
TI-TSE-001,2,13,0,ALWAYS
TI-TSE-001,2,14,0,ALWAYS
TI-TSE-001,2,15,0,ALWAYS
TI-TSE-001,2,16,0,ALWAYS
TI-TSE-001,2,17,0,ALWAYS
TI-TSE-001,2,18,0,ALWAYS
TI-TSE-001,2,19,0,ALWAYS
TI-TSE-001,2,20,0,ALWAYS
TI-TSE-001,2,21,0,ALWAYS
TI-TSE-001,2,22,0,ALWAYS
TI-TSE-001,2,23,0,ALWAYS
TI-TSE-001,2,24,0,ALWAYS
TI-TSE-001,2,25,0,ALWAYS
TI-TSE-001,2,26,0,ALWAYS
TI-TSE-001,2,27,0,ALWAYS
TI-TSE-001,2,28,0,ALWAYS
TI-TSE-001,2,29,0,ALWAYS
TI-TSE-001,2,30,0,ALWAYS
TI-TSE-001,3,1,0,ALWAYS
TI-TSE-001,3,2,0,ALWAYS
TI-TSE-001,3,3,0,ALWAYS
TI-TSE-001,3,4,0,ALWAYS
TI-TSE-001,3,5,0,ALWAYS
TI-TSE-001,3,6,0,ALWAYS
TI-TSE-001,3,7,0,ALWAYS
TI-TSE-001,3,8,0,ALWAYS
TI-TSE-001,3,9,0,ALWAYS
TI-TSE-001,3,10,0,ALWAYS
TI-TSE-001,3,11,0,ALWAYS
TI-TSE-001,3,12,0,ALWAYS
TI-TSE-001,3,13,0,ALWAYS
TI-TSE-001,3,14,0,ALWAYS
TI-TSE-001,3,15,0,ALWAYS
TI-TSE-001,3,16,0,ALWAYS
TI-TSE-001,3,17,0,ALWAYS
TI-TSE-001,3,18,0,ALWAYS
TI-TSE-001,3,19,0,ALWAYS
TI-TSE-001,3,20,0,ALWAYS
TI-TSE-001,3,21,0,ALWAYS
TI-TSE-001,3,22,0,ALWAYS
TI-TSE-001,3,23,0,ALWAYS
TI-TSE-001,3,24,0,ALWAYS
TI-TSE-001,3,25,0,ALWAYS
TI-TSE-001,3,26,0,ALWAYS
TI-TSE-001,3,27,0,ALWAYS
TI-TSE-001,3,28,0,ALWAYS
TI-TSE-001,3,29,0,ALWAYS
TI-TSE-001,3,30,0,ALWAYS
TI-TSE-001,4,1,0,ALWAYS
TI-TSE-001,4,2,0,ALWAYS
TI-TSE-001,4,3,0,ALWAYS
TI-TSE-001,4,4,0,ALWAYS
TI-TSE-001,4,5,0,ALWAYS
TI-TSE-001,4,6,0,ALWAYS
TI-TSE-001,4,7,0,ALWAYS
TI-TSE-001,4,8,0,ALWAYS
TI-TSE-001,4,9,0,ALWAYS
TI-TSE-001,4,10,0,ALWAYS
TI-TSE-001,4,11,0,ALWAYS
TI-TSE-001,4,12,0,ALWAYS
TI-TSE-001,4,13,0,ALWAYS
TI-TSE-001,4,14,0,ALWAYS
TI-TSE-001,4,15,0,ALWAYS
TI-TSE-001,4,16,0,ALWAYS
TI-TSE-001,4,17,0,ALWAYS
TI-TSE-001,4,18,0,ALWAYS
TI-TSE-001,4,19,0,ALWAYS
TI-TSE-001,4,20,0,ALWAYS
TI-TSE-001,4,21,0,ALWAYS
TI-TSE-001,4,22,0,ALWAYS
TI-TSE-001,4,23,0,ALWAYS
TI-TSE-001,4,24,0,ALWAYS
TI-TSE-001,4,25,0,ALWAYS
TI-TSE-001,4,26,0,ALWAYS
TI-TSE-001,4,27,0,ALWAYS
TI-TSE-001,4,28,0,ALWAYS
TI-TSE-001,4,29,0,ALWAYS
TI-TSE-001,4,30,0,ALWAYS
TI-TSE-001,5,1,0,ALWAYS
TI-TSE-001,5,2,0,ALWAYS
TI-TSE-001,5,3,0,ALWAYS
TI-TSE-001,5,4,0,ALWAYS
TI-TSE-001,5,5,0,ALWAYS
TI-TSE-001,5,6,0,ALWAYS
TI-TSE-001,5,7,0,ALWAYS
TI-TSE-001,5,8,0,ALWAYS
TI-TSE-001,5,9,0,ALWAYS
TI-TSE-001,5,10,0,ALWAYS
TI-TSE-001,5,11,0,ALWAYS
TI-TSE-001,5,12,0,ALWAYS
TI-TSE-001,5,13,0,ALWAYS
TI-TSE-001,5,14,0,ALWAYS
TI-TSE-001,5,15,0,ALWAYS
TI-TSE-001,5,16,0,ALWAYS
TI-TSE-001,5,17,0,ALWAYS
TI-TSE-001,5,18,0,ALWAYS
TI-TSE-001,5,19,0,ALWAYS
TI-TSE-001,5,20,0,ALWAYS
TI-TSE-001,5,21,0,ALWAYS
TI-TSE-001,5,22,0,ALWAYS
TI-TSE-001,5,23,0,ALWAYS
TI-TSE-001,5,24,0,ALWAYS
TI-TSE-001,5,25,0,ALWAYS
TI-TSE-001,5,26,0,ALWAYS
TI-TSE-001,5,27,0,ALWAYS
TI-TSE-001,5,28,0,ALWAYS
TI-TSE-001,5,29,0,ALWAYS
TI-TSE-001,5,30,0,ALWAYS
TI-TSE-001,6,1,0,ALWAYS
TI-TSE-001,6,2,0,ALWAYS
TI-TSE-001,6,3,0,ALWAYS
TI-TSE-001,6,4,0,ALWAYS
TI-TSE-001,6,5,0,ALWAYS
TI-TSE-001,6,6,0,ALWAYS
TI-TSE-001,6,7,0,ALWAYS
TI-TSE-001,6,8,0,ALWAYS
TI-TSE-001,6,9,0,ALWAYS
TI-TSE-001,6,10,0,ALWAYS
TI-TSE-001,6,11,0,ALWAYS
TI-TSE-001,6,12,0,ALWAYS
TI-TSE-001,6,13,0,ALWAYS
TI-TSE-001,6,14,0,ALWAYS
TI-TSE-001,6,15,0,ALWAYS
TI-TSE-001,6,16,0,ALWAYS
TI-TSE-001,6,17,0,ALWAYS
TI-TSE-001,6,18,0,ALWAYS
TI-TSE-001,6,19,0,ALWAYS
TI-TSE-001,6,20,0,ALWAYS
TI-TSE-001,6,21,0,ALWAYS
TI-TSE-001,6,22,0,ALWAYS
TI-TSE-001,6,23,0,ALWAYS
TI-TSE-001,6,24,0,ALWAYS
TI-TSE-001,6,25,0,ALWAYS
TI-TSE-001,6,26,0,ALWAYS
TI-TSE-001,6,27,0,ALWAYS
TI-TSE-001,6,28,0,ALWAYS
TI-TSE-001,6,29,0,ALWAYS
TI-TSE-001,6,30,0,ALWAYS
TI-TSE-001,7,1,0,ALWAYS
TI-TSE-001,7,2,0,ALWAYS
TI-TSE-001,7,3,0,ALWAYS
TI-TSE-001,7,4,0,ALWAYS
TI-TSE-001,7,5,0,ALWAYS
TI-TSE-001,7,6,0,ALWAYS
TI-TSE-001,7,7,0,ALWAYS
TI-TSE-001,7,8,0,ALWAYS
TI-TSE-001,7,9,0,ALWAYS
TI-TSE-001,7,10,0,ALWAYS
TI-TSE-001,7,11,0,ALWAYS
TI-TSE-001,7,12,0,ALWAYS
TI-TSE-001,7,13,0,ALWAYS
TI-TSE-001,7,14,0,ALWAYS
TI-TSE-001,7,15,0,ALWAYS
TI-TSE-001,7,16,0,ALWAYS
TI-TSE-001,7,17,0,ALWAYS
TI-TSE-001,7,18,0,ALWAYS
TI-TSE-001,7,19,0,ALWAYS
TI-TSE-001,7,20,0,ALWAYS
TI-TSE-001,7,21,0,ALWAYS
TI-TSE-001,7,22,0,ALWAYS
TI-TSE-001,7,23,0,ALWAYS
TI-TSE-001,7,24,0,ALWAYS
TI-TSE-001,7,25,0,ALWAYS
TI-TSE-001,7,26,0,ALWAYS
TI-TSE-001,7,27,0,ALWAYS
TI-TSE-001,7,28,0,ALWAYS
TI-TSE-001,7,29,0,ALWAYS
TI-TSE-001,7,30,0,ALWAYS
TI-TSE-001,8,1,0,ALWAYS
TI-TSE-001,8,2,0,ALWAYS
TI-TSE-001,8,3,0,ALWAYS
TI-TSE-001,8,4,0,ALWAYS
TI-TSE-001,8,5,0,ALWAYS
TI-TSE-001,8,6,0,ALWAYS
TI-TSE-001,8,7,0,ALWAYS
TI-TSE-001,8,8,0,ALWAYS
TI-TSE-001,8,9,0,ALWAYS
TI-TSE-001,8,10,0,ALWAYS
TI-TSE-001,8,11,0,ALWAYS
TI-TSE-001,8,12,0,ALWAYS
TI-TSE-001,8,13,0,ALWAYS
TI-TSE-001,8,14,0,ALWAYS
TI-TSE-001,8,15,0,ALWAYS
TI-TSE-001,8,16,0,ALWAYS
TI-TSE-001,8,17,0,ALWAYS
TI-TSE-001,8,18,0,ALWAYS
TI-TSE-001,8,19,0,ALWAYS
TI-TSE-001,8,20,0,ALWAYS
TI-TSE-001,8,21,0,ALWAYS
TI-TSE-001,8,22,0,ALWAYS
TI-TSE-001,8,23,0,ALWAYS
TI-TSE-001,8,24,0,ALWAYS
TI-TSE-001,8,25,0,ALWAYS
TI-TSE-001,8,26,0,ALWAYS
TI-TSE-001,8,27,0,ALWAYS
TI-TSE-001,8,28,0,ALWAYS
TI-TSE-001,8,29,0,ALWAYS
TI-TSE-001,8,30,0,ALWAYS
TI-TSE-001,9,1,0,ALWAYS
TI-TSE-001,9,2,0,ALWAYS
TI-TSE-001,9,3,0,ALWAYS
TI-TSE-001,9,4,0,ALWAYS
TI-TSE-001,9,5,0,ALWAYS
TI-TSE-001,9,6,0,ALWAYS
TI-TSE-001,9,7,0,ALWAYS
TI-TSE-001,9,8,0,ALWAYS
TI-TSE-001,9,9,0,ALWAYS
TI-TSE-001,9,10,0,ALWAYS
TI-TSE-001,9,11,0,ALWAYS
TI-TSE-001,9,12,0,ALWAYS
TI-TSE-001,9,13,0,ALWAYS
TI-TSE-001,9,14,0,ALWAYS
TI-TSE-001,9,15,0,ALWAYS
TI-TSE-001,9,16,0,ALWAYS
TI-TSE-001,9,17,0,ALWAYS
TI-TSE-001,9,18,0,ALWAYS
TI-TSE-001,9,19,0,ALWAYS
TI-TSE-001,9,20,0,ALWAYS
TI-TSE-001,9,21,0,ALWAYS
TI-TSE-001,9,22,0,ALWAYS
TI-TSE-001,9,23,0,ALWAYS
TI-TSE-001,9,24,0,ALWAYS
TI-TSE-001,9,25,0,ALWAYS
TI-TSE-001,9,26,0,ALWAYS
TI-TSE-001,9,27,0,ALWAYS
TI-TSE-001,9,28,0,ALWAYS
TI-TSE-001,9,29,0,ALWAYS
TI-TSE-001,9,30,0,ALWAYS
TI-TSE-001,10,1,0,ALWAYS
TI-TSE-001,10,2,0,ALWAYS
TI-TSE-001,10,3,0,ALWAYS
TI-TSE-001,10,4,0,ALWAYS
TI-TSE-001,10,5,0,ALWAYS
TI-TSE-001,10,6,0,ALWAYS
TI-TSE-001,10,7,0,ALWAYS
TI-TSE-001,10,8,0,ALWAYS
TI-TSE-001,10,9,0,ALWAYS
TI-TSE-001,10,10,0,ALWAYS
TI-TSE-001,10,11,0,ALWAYS
TI-TSE-001,10,12,0,ALWAYS
TI-TSE-001,10,13,0,ALWAYS
TI-TSE-001,10,14,0,ALWAYS
TI-TSE-001,10,15,0,ALWAYS
TI-TSE-001,10,16,0,ALWAYS
TI-TSE-001,10,17,0,ALWAYS
TI-TSE-001,10,18,0,ALWAYS
TI-TSE-001,10,19,0,ALWAYS
TI-TSE-001,10,20,0,ALWAYS
TI-TSE-001,10,21,0,ALWAYS
TI-TSE-001,10,22,0,ALWAYS
TI-TSE-001,10,23,0,ALWAYS
TI-TSE-001,10,24,0,ALWAYS
TI-TSE-001,10,25,0,ALWAYS
TI-TSE-001,10,26,0,ALWAYS
TI-TSE-001,10,27,0,ALWAYS
TI-TSE-001,10,28,0,ALWAYS
TI-TSE-001,10,29,0,ALWAYS
TI-TSE-001,10,30,0,ALWAYS
TI-TSE-001,11,1,0,ALWAYS
TI-TSE-001,11,2,0,ALWAYS
TI-TSE-001,11,3,0,ALWAYS
TI-TSE-001,11,4,0,ALWAYS
TI-TSE-001,11,5,0,ALWAYS
TI-TSE-001,11,6,0,ALWAYS
TI-TSE-001,11,7,0,ALWAYS
TI-TSE-001,11,8,0,ALWAYS
TI-TSE-001,11,9,0,ALWAYS
TI-TSE-001,11,10,0,ALWAYS
TI-TSE-001,11,11,0,ALWAYS
TI-TSE-001,11,12,0,ALWAYS
TI-TSE-001,11,13,0,ALWAYS
TI-TSE-001,11,14,0,ALWAYS
TI-TSE-001,11,15,0,ALWAYS
TI-TSE-001,11,16,0,ALWAYS
TI-TSE-001,11,17,0,ALWAYS
TI-TSE-001,11,18,0,ALWAYS
TI-TSE-001,11,19,0,ALWAYS
TI-TSE-001,11,20,0,ALWAYS
TI-TSE-001,11,21,0,ALWAYS
TI-TSE-001,11,22,0,ALWAYS
TI-TSE-001,11,23,0,ALWAYS
TI-TSE-001,11,24,0,ALWAYS
TI-TSE-001,11,25,0,ALWAYS
TI-TSE-001,11,26,0,ALWAYS
TI-TSE-001,11,27,0,ALWAYS
TI-TSE-001,11,28,0,ALWAYS
TI-TSE-001,11,29,0,ALWAYS
TI-TSE-001,11,30,0,ALWAYS
TI-TSE-001,12,1,0,ALWAYS
TI-TSE-001,12,2,0,ALWAYS
TI-TSE-001,12,3,0,ALWAYS
TI-TSE-001,12,4,0,ALWAYS
TI-TSE-001,12,5,0,ALWAYS
TI-TSE-001,12,6,0,ALWAYS
TI-TSE-001,12,7,0,ALWAYS
TI-TSE-001,12,8,0,ALWAYS
TI-TSE-001,12,9,0,ALWAYS
TI-TSE-001,12,10,0,ALWAYS
TI-TSE-001,12,11,0,ALWAYS
TI-TSE-001,12,12,0,ALWAYS
TI-TSE-001,12,13,0,ALWAYS
TI-TSE-001,12,14,0,ALWAYS
TI-TSE-001,12,15,0,ALWAYS
TI-TSE-001,12,16,0,ALWAYS
TI-TSE-001,12,17,0,ALWAYS
TI-TSE-001,12,18,0,ALWAYS
TI-TSE-001,12,19,0,ALWAYS
TI-TSE-001,12,20,0,ALWAYS
TI-TSE-001,12,21,0,ALWAYS
TI-TSE-001,12,22,0,ALWAYS
TI-TSE-001,12,23,0,ALWAYS
TI-TSE-001,12,24,0,ALWAYS
TI-TSE-001,12,25,0,ALWAYS
TI-TSE-001,12,26,0,ALWAYS
TI-TSE-001,12,27,0,ALWAYS
TI-TSE-001,12,28,0,ALWAYS
TI-TSE-001,12,29,0,ALWAYS
TI-TSE-001,12,30,0,ALWAYS
TI-TSE-001,13,1,0,ALWAYS
TI-TSE-001,13,2,0,ALWAYS
TI-TSE-001,13,3,0,ALWAYS
TI-TSE-001,13,4,0,ALWAYS
TI-TSE-001,13,5,0,ALWAYS
TI-TSE-001,13,6,0,ALWAYS
TI-TSE-002,1,1,0,ALWAYS
TI-TSE-002,1,2,0,ALWAYS
TI-TSE-002,1,3,0,ALWAYS
TI-TSE-002,1,4,0,ALWAYS
TI-TSE-002,1,5,0,ALWAYS
TI-TSE-002,1,6,0,ALWAYS
TI-TSE-002,1,7,0,ALWAYS
TI-TSE-002,1,8,0,ALWAYS
TI-TSE-002,1,9,0,ALWAYS
TI-TSE-002,1,10,0,ALWAYS
TI-TSE-002,1,11,0,ALWAYS
TI-TSE-002,1,12,0,ALWAYS
TI-TSE-002,1,13,0,ALWAYS
TI-TSE-002,1,14,0,ALWAYS
TI-TSE-002,1,15,0,ALWAYS
TI-TSE-002,1,16,0,ALWAYS
TI-TSE-002,1,17,0,ALWAYS
TI-TSE-002,1,18,0,ALWAYS
TI-TSE-002,1,19,0,ALWAYS
TI-TSE-002,1,20,0,ALWAYS
TI-TSE-002,1,21,0,ALWAYS
TI-TSE-002,1,22,0,ALWAYS
TI-TSE-002,1,23,0,ALWAYS
TI-TSE-002,1,24,0,ALWAYS
TI-TSE-002,1,25,0,ALWAYS
TI-TSE-002,1,26,0,ALWAYS
TI-TSE-002,1,27,0,ALWAYS
TI-TSE-002,1,28,0,ALWAYS
TI-TSE-002,1,29,0,ALWAYS
TI-TSE-002,1,30,0,ALWAYS
TI-TSE-002,2,1,0,ALWAYS
TI-TSE-002,2,2,0,ALWAYS
TI-TSE-002,2,3,0,ALWAYS
TI-TSE-002,2,4,0,ALWAYS
TI-TSE-002,2,5,0,ALWAYS
TI-TSE-002,2,6,0,ALWAYS
TI-TSE-002,2,7,0,ALWAYS
TI-TSE-002,2,8,0,ALWAYS
TI-TSE-002,2,9,0,ALWAYS
TI-TSE-002,2,10,0,ALWAYS
TI-TSE-002,2,11,0,ALWAYS
TI-TSE-002,2,12,0,ALWAYS
TI-TSE-002,2,13,0,ALWAYS
TI-TSE-002,2,14,0,ALWAYS
TI-TSE-002,2,15,0,ALWAYS
TI-TSE-002,2,16,0,ALWAYS
TI-TSE-002,2,17,0,ALWAYS
TI-TSE-002,2,18,0,ALWAYS
TI-TSE-002,2,19,0,ALWAYS
TI-TSE-002,2,20,0,ALWAYS
TI-TSE-002,2,21,0,ALWAYS
TI-TSE-002,2,22,0,ALWAYS
TI-TSE-002,2,23,0,ALWAYS
TI-TSE-002,2,24,0,ALWAYS
TI-TSE-002,2,25,0,ALWAYS
TI-TSE-002,2,26,0,ALWAYS
TI-TSE-002,2,27,0,ALWAYS
TI-TSE-002,2,28,0,ALWAYS
TI-TSE-002,2,29,0,ALWAYS
TI-TSE-002,2,30,0,ALWAYS
TI-TSE-002,3,1,0,ALWAYS
TI-TSE-002,3,2,0,ALWAYS
TI-TSE-002,3,3,0,ALWAYS
TI-TSE-002,3,4,0,ALWAYS
TI-TSE-002,3,5,0,ALWAYS
TI-TSE-002,3,6,0,ALWAYS
TI-TSE-002,3,7,0,ALWAYS
TI-TSE-002,3,8,0,ALWAYS
TI-TSE-002,3,9,0,ALWAYS
TI-TSE-002,3,10,0,ALWAYS
TI-TSE-002,3,11,0,ALWAYS
TI-TSE-002,3,12,0,ALWAYS
TI-TSE-002,3,13,0,ALWAYS
TI-TSE-002,3,14,0,ALWAYS
TI-TSE-002,3,15,0,ALWAYS
TI-TSE-002,3,16,0,ALWAYS
TI-TSE-002,3,17,0,ALWAYS
TI-TSE-002,3,18,0,ALWAYS
TI-TSE-002,3,19,0,ALWAYS
TI-TSE-002,3,20,0,ALWAYS
TI-TSE-002,3,21,0,ALWAYS
TI-TSE-002,3,22,0,ALWAYS
TI-TSE-002,3,23,0,ALWAYS
TI-TSE-002,3,24,0,ALWAYS
TI-TSE-002,3,25,0,ALWAYS
TI-TSE-002,3,26,0,ALWAYS
TI-TSE-002,3,27,0,ALWAYS
TI-TSE-002,3,28,0,ALWAYS
TI-TSE-002,3,29,0,ALWAYS
TI-TSE-002,3,30,0,ALWAYS
TI-TSE-002,4,1,0,ALWAYS
TI-TSE-002,4,2,0,ALWAYS
TI-TSE-002,4,3,0,ALWAYS
TI-TSE-002,4,4,0,ALWAYS
TI-TSE-002,4,5,0,ALWAYS
TI-TSE-002,4,6,0,ALWAYS
TI-TSE-002,4,7,0,ALWAYS
TI-TSE-002,4,8,0,ALWAYS
TI-TSE-002,4,9,0,ALWAYS
TI-TSE-002,4,10,0,ALWAYS
TI-TSE-002,4,11,0,ALWAYS
TI-TSE-002,4,12,0,ALWAYS
TI-TSE-002,4,13,0,ALWAYS
TI-TSE-002,4,14,0,ALWAYS
TI-TSE-002,4,15,0,ALWAYS
TI-TSE-002,4,16,0,ALWAYS
TI-TSE-002,4,17,0,ALWAYS
TI-TSE-002,4,18,0,ALWAYS
TI-TSE-002,4,19,0,ALWAYS
TI-TSE-002,4,20,0,ALWAYS
TI-TSE-002,4,21,0,ALWAYS
TI-TSE-002,4,22,0,ALWAYS
TI-TSE-002,4,23,0,ALWAYS
TI-TSE-002,4,24,0,ALWAYS
TI-TSE-002,4,25,0,ALWAYS
TI-TSE-002,4,26,0,ALWAYS
TI-TSE-002,4,27,0,ALWAYS
TI-TSE-002,4,28,0,ALWAYS
TI-TSE-002,4,29,0,ALWAYS
TI-TSE-002,4,30,0,ALWAYS
TI-TSE-002,5,1,0,ALWAYS
TI-TSE-002,5,2,0,ALWAYS
TI-TSE-002,5,3,0,ALWAYS
TI-TSE-002,5,4,0,ALWAYS
TI-TSE-002,5,5,0,ALWAYS
TI-TSE-002,5,6,0,ALWAYS
TI-TSE-002,5,7,0,ALWAYS
TI-TSE-002,5,8,0,ALWAYS
TI-TSE-002,5,9,0,ALWAYS
TI-TSE-002,5,10,0,ALWAYS
TI-TSE-002,5,11,0,ALWAYS
TI-TSE-002,5,12,0,ALWAYS
TI-TSE-002,5,13,0,ALWAYS
TI-TSE-002,5,14,0,ALWAYS
TI-TSE-002,5,15,0,ALWAYS
TI-TSE-002,5,16,0,ALWAYS
TI-TSE-002,5,17,0,ALWAYS
TI-TSE-002,5,18,0,ALWAYS
TI-TSE-002,5,19,0,ALWAYS
TI-TSE-002,5,20,0,ALWAYS
TI-TSE-002,5,21,0,ALWAYS
TI-TSE-002,5,22,0,ALWAYS
TI-TSE-002,5,23,0,ALWAYS
TI-TSE-002,5,24,0,ALWAYS
TI-TSE-002,5,25,0,ALWAYS
TI-TSE-002,5,26,0,ALWAYS
TI-TSE-002,5,27,0,ALWAYS
TI-TSE-002,5,28,0,ALWAYS
TI-TSE-002,5,29,0,ALWAYS
TI-TSE-002,5,30,0,ALWAYS
TI-TSE-002,6,1,0,ALWAYS
TI-TSE-002,6,2,0,ALWAYS
TI-TSE-002,6,3,0,ALWAYS
TI-TSE-002,6,4,0,ALWAYS
TI-TSE-002,6,5,0,ALWAYS
TI-TSE-002,6,6,0,ALWAYS
TI-TSE-002,6,7,0,ALWAYS
TI-TSE-002,6,8,0,ALWAYS
TI-TSE-002,6,9,0,ALWAYS
TI-TSE-002,6,10,0,ALWAYS
TI-TSE-002,6,11,0,ALWAYS
TI-TSE-002,6,12,0,ALWAYS
TI-TSE-002,6,13,0,ALWAYS
TI-TSE-002,6,14,0,ALWAYS
TI-TSE-002,6,15,0,ALWAYS
TI-TSE-002,6,16,0,ALWAYS
TI-TSE-002,6,17,0,ALWAYS
TI-TSE-002,6,18,0,ALWAYS
TI-TSE-002,6,19,0,ALWAYS
TI-TSE-002,6,20,0,ALWAYS
TI-TSE-002,6,21,0,ALWAYS
TI-TSE-002,6,22,0,ALWAYS
TI-TSE-002,6,23,0,ALWAYS
TI-TSE-002,6,24,0,ALWAYS
TI-TSE-002,6,25,0,ALWAYS
TI-TSE-002,6,26,0,ALWAYS
TI-TSE-002,6,27,0,ALWAYS
TI-TSE-002,6,28,0,ALWAYS
TI-TSE-002,6,29,0,ALWAYS
TI-TSE-002,6,30,0,ALWAYS
TI-TSE-002,7,1,0,ALWAYS
TI-TSE-002,7,2,0,ALWAYS
TI-TSE-002,7,3,0,ALWAYS
TI-TSE-002,7,4,0,ALWAYS
TI-TSE-002,7,5,0,ALWAYS
TI-TSE-002,7,6,0,ALWAYS
TI-TSE-002,7,7,0,ALWAYS
TI-TSE-002,7,8,0,ALWAYS
TI-TSE-002,7,9,0,ALWAYS
TI-TSE-002,7,10,0,ALWAYS
TI-TSE-002,7,11,0,ALWAYS
TI-TSE-002,7,12,0,ALWAYS
TI-TSE-002,7,13,0,ALWAYS
TI-TSE-002,7,14,0,ALWAYS
TI-TSE-002,7,15,0,ALWAYS
TI-TSE-002,7,16,0,ALWAYS
TI-TSE-002,7,17,0,ALWAYS
TI-TSE-002,7,18,0,ALWAYS
TI-TSE-002,7,19,0,ALWAYS
TI-TSE-002,7,20,0,ALWAYS
TI-TSE-002,7,21,0,ALWAYS
TI-TSE-002,7,22,0,ALWAYS
TI-TSE-002,7,23,0,ALWAYS
TI-TSE-002,7,24,0,ALWAYS
TI-TSE-002,7,25,0,ALWAYS
TI-TSE-002,7,26,0,ALWAYS
TI-TSE-002,7,27,0,ALWAYS
TI-TSE-002,7,28,0,ALWAYS
TI-TSE-002,7,29,0,ALWAYS
TI-TSE-002,7,30,0,ALWAYS
TI-TSE-002,8,1,0,ALWAYS
TI-TSE-002,8,2,0,ALWAYS
TI-TSE-002,8,3,0,ALWAYS
TI-TSE-002,8,4,0,ALWAYS
TI-TSE-002,8,5,0,ALWAYS
TI-TSE-002,8,6,0,ALWAYS
TI-TSE-002,8,7,0,ALWAYS
TI-TSE-002,8,8,0,ALWAYS
TI-TSE-002,8,9,0,ALWAYS
TI-TSE-002,8,10,0,ALWAYS
TI-TSE-002,8,11,0,ALWAYS
TI-TSE-002,8,12,0,ALWAYS
TI-TSE-002,8,13,0,ALWAYS
TI-TSE-002,8,14,0,ALWAYS
TI-TSE-002,8,15,0,ALWAYS
TI-TSE-002,8,16,0,ALWAYS
TI-TSE-002,8,17,0,ALWAYS
TI-TSE-002,8,18,0,ALWAYS
TI-TSE-002,8,19,0,ALWAYS
TI-TSE-002,8,20,0,ALWAYS
TI-TSE-002,8,21,0,ALWAYS
TI-TSE-002,8,22,0,ALWAYS
TI-TSE-002,8,23,0,ALWAYS
TI-TSE-002,8,24,0,ALWAYS
TI-TSE-002,8,25,0,ALWAYS
TI-TSE-002,8,26,0,ALWAYS
TI-TSE-002,8,27,0,ALWAYS
TI-TSE-002,8,28,0,ALWAYS
TI-TSE-002,8,29,0,ALWAYS
TI-TSE-002,8,30,0,ALWAYS
TI-TSE-002,9,1,0,ALWAYS
TI-TSE-002,9,2,0,ALWAYS
TI-TSE-002,9,3,0,ALWAYS
TI-TSE-002,9,4,0,ALWAYS
TI-TSE-002,9,5,0,ALWAYS
TI-TSE-002,9,6,0,ALWAYS
TI-TSE-002,9,7,0,ALWAYS
TI-TSE-002,9,8,0,ALWAYS
TI-TSE-002,9,9,0,ALWAYS
TI-TSE-002,9,10,0,ALWAYS
TI-TSE-002,9,11,0,ALWAYS
TI-TSE-002,9,12,0,ALWAYS
TI-TSE-002,9,13,0,ALWAYS
TI-TSE-002,9,14,0,ALWAYS
TI-TSE-002,9,15,0,ALWAYS
TI-TSE-002,9,16,0,ALWAYS
TI-TSE-002,9,17,0,ALWAYS
TI-TSE-002,9,18,0,ALWAYS
TI-TSE-002,9,19,0,ALWAYS
TI-TSE-002,9,20,0,ALWAYS
TI-TSE-002,9,21,0,ALWAYS
TI-TSE-002,9,22,0,ALWAYS
TI-TSE-002,9,23,0,ALWAYS
TI-TSE-002,9,24,0,ALWAYS
TI-TSE-002,9,25,0,ALWAYS
TI-TSE-002,9,26,0,ALWAYS
TI-TSE-002,9,27,0,ALWAYS
TI-TSE-002,9,28,0,ALWAYS
TI-TSE-002,9,29,0,ALWAYS
TI-TSE-002,9,30,0,ALWAYS
TI-TSE-002,10,1,0,ALWAYS
TI-TSE-002,10,2,0,ALWAYS
TI-TSE-002,10,3,0,ALWAYS
TI-TSE-002,10,4,0,ALWAYS
TI-TSE-002,10,5,0,ALWAYS
TI-TSE-002,10,6,0,ALWAYS
TI-TSE-002,10,7,0,ALWAYS
TI-TSE-002,10,8,0,ALWAYS
TI-TSE-002,10,9,0,ALWAYS
TI-TSE-002,10,10,0,ALWAYS
TI-TSE-002,10,11,0,ALWAYS
TI-TSE-002,10,12,0,ALWAYS
TI-TSE-002,10,13,0,ALWAYS
TI-TSE-002,10,14,0,ALWAYS
TI-TSE-002,10,15,0,ALWAYS
TI-TSE-002,10,16,0,ALWAYS
TI-TSE-002,10,17,0,ALWAYS
TI-TSE-002,10,18,0,ALWAYS
TI-TSE-002,10,19,0,ALWAYS
TI-TSE-002,10,20,0,ALWAYS
TI-TSE-002,10,21,0,ALWAYS
TI-TSE-002,10,22,0,ALWAYS
TI-TSE-002,10,23,0,ALWAYS
TI-TSE-002,10,24,0,ALWAYS
TI-TSE-002,10,25,0,ALWAYS
TI-TSE-002,10,26,0,ALWAYS
TI-TSE-002,10,27,0,ALWAYS
TI-TSE-002,10,28,0,ALWAYS
TI-TSE-002,10,29,0,ALWAYS
TI-TSE-002,10,30,0,ALWAYS
TI-TSE-002,11,1,0,ALWAYS
TI-TSE-002,11,2,0,ALWAYS
TI-TSE-002,11,3,0,ALWAYS
TI-TSE-002,11,4,0,ALWAYS
TI-TSE-002,11,5,0,ALWAYS
TI-TSE-002,11,6,0,ALWAYS
TI-TSE-002,11,7,0,ALWAYS
TI-TSE-002,11,8,0,ALWAYS
TI-TSE-002,11,9,0,ALWAYS
TI-TSE-002,11,10,0,ALWAYS
TI-TSE-002,11,11,0,ALWAYS
TI-TSE-002,11,12,0,ALWAYS
TI-TSE-002,11,13,0,ALWAYS
TI-TSE-002,11,14,0,ALWAYS
TI-TSE-002,11,15,0,ALWAYS
TI-TSE-002,11,16,0,ALWAYS
TI-TSE-002,11,17,0,ALWAYS
TI-TSE-002,11,18,0,ALWAYS
TI-TSE-002,11,19,0,ALWAYS
TI-TSE-002,11,20,0,ALWAYS
TI-TSE-002,11,21,0,ALWAYS
TI-TSE-002,11,22,0,ALWAYS
TI-TSE-002,11,23,0,ALWAYS
TI-TSE-002,11,24,0,ALWAYS
TI-TSE-002,11,25,0,ALWAYS
TI-TSE-002,11,26,0,ALWAYS
TI-TSE-002,11,27,0,ALWAYS
TI-TSE-002,11,28,0,ALWAYS
TI-TSE-002,11,29,0,ALWAYS
TI-TSE-002,11,30,0,ALWAYS
TI-TSE-002,12,1,0,ALWAYS
TI-TSE-002,12,2,0,ALWAYS
TI-TSE-002,12,3,0,ALWAYS
TI-TSE-002,12,4,0,ALWAYS
TI-TSE-002,12,5,0,ALWAYS
TI-TSE-002,12,6,0,ALWAYS
TI-TSE-002,12,7,0,ALWAYS
TI-TSE-002,12,8,0,ALWAYS
TI-TSE-002,12,9,0,ALWAYS
TI-TSE-002,12,10,0,ALWAYS
TI-TSE-002,12,11,0,ALWAYS
TI-TSE-002,12,12,0,ALWAYS
TI-TSE-002,12,13,0,ALWAYS
TI-TSE-002,12,14,0,ALWAYS
TI-TSE-002,12,15,0,ALWAYS
TI-TSE-002,12,16,0,ALWAYS
TI-TSE-002,12,17,0,ALWAYS
TI-TSE-002,12,18,0,ALWAYS
TI-TSE-002,12,19,0,ALWAYS
TI-TSE-002,12,20,0,ALWAYS
TI-TSE-002,12,21,0,ALWAYS
TI-TSE-002,12,22,0,ALWAYS
TI-TSE-002,12,23,0,ALWAYS
TI-TSE-002,12,24,0,ALWAYS
TI-TSE-002,12,25,0,ALWAYS
TI-TSE-002,12,26,0,ALWAYS
TI-TSE-002,12,27,0,ALWAYS
TI-TSE-002,12,28,0,ALWAYS
TI-TSE-002,12,29,0,ALWAYS
TI-TSE-002,12,30,0,ALWAYS
TI-TSE-002,13,1,0,ALWAYS
TI-TSE-002,13,2,0,ALWAYS
TI-TSE-002,13,3,0,ALWAYS
TI-TSE-002,13,4,0,ALWAYS
TI-TSE-002,13,5,0,ALWAYS
TI-TSE-002,13,6,0,ALWAYS
TI-TSE-003,1,1,0,ALWAYS
TI-TSE-003,1,2,0,ALWAYS
TI-TSE-003,1,3,0,ALWAYS
TI-TSE-003,1,4,0,ALWAYS
TI-TSE-003,1,5,0,ALWAYS
TI-TSE-003,1,6,0,ALWAYS
TI-TSE-003,1,7,0,ALWAYS
TI-TSE-003,1,8,0,ALWAYS
TI-TSE-003,1,9,0,ALWAYS
TI-TSE-003,1,10,0,ALWAYS
TI-TSE-003,1,11,0,ALWAYS
TI-TSE-003,1,12,0,ALWAYS
TI-TSE-003,1,13,0,ALWAYS
TI-TSE-003,1,14,0,ALWAYS
TI-TSE-003,1,15,0,ALWAYS
TI-TSE-003,1,16,0,ALWAYS
TI-TSE-003,1,17,0,ALWAYS
TI-TSE-003,1,18,0,ALWAYS
TI-TSE-003,1,19,0,ALWAYS
TI-TSE-003,1,20,0,ALWAYS
TI-TSE-003,1,21,0,ALWAYS
TI-TSE-003,1,22,0,ALWAYS
TI-TSE-003,1,23,0,ALWAYS
TI-TSE-003,1,24,0,ALWAYS
TI-TSE-003,1,25,0,ALWAYS
TI-TSE-003,1,26,0,ALWAYS
TI-TSE-003,1,27,0,ALWAYS
TI-TSE-003,1,28,0,ALWAYS
TI-TSE-003,1,29,0,ALWAYS
TI-TSE-003,1,30,0,ALWAYS
TI-TSE-003,2,1,0,ALWAYS
TI-TSE-003,2,2,0,ALWAYS
TI-TSE-003,2,3,0,ALWAYS
TI-TSE-003,2,4,0,ALWAYS
TI-TSE-003,2,5,0,ALWAYS
TI-TSE-003,2,6,0,ALWAYS
TI-TSE-003,2,7,0,ALWAYS
TI-TSE-003,2,8,0,ALWAYS
TI-TSE-003,2,9,0,ALWAYS
TI-TSE-003,2,10,0,ALWAYS
TI-TSE-003,2,11,0,ALWAYS
TI-TSE-003,2,12,0,ALWAYS
TI-TSE-003,2,13,0,ALWAYS
TI-TSE-003,2,14,0,ALWAYS
TI-TSE-003,2,15,0,ALWAYS
TI-TSE-003,2,16,0,ALWAYS
TI-TSE-003,2,17,0,ALWAYS
TI-TSE-003,2,18,0,ALWAYS
TI-TSE-003,2,19,0,ALWAYS
TI-TSE-003,2,20,0,ALWAYS
TI-TSE-003,2,21,0,ALWAYS
TI-TSE-003,2,22,0,ALWAYS
TI-TSE-003,2,23,0,ALWAYS
TI-TSE-003,2,24,0,ALWAYS
TI-TSE-003,2,25,0,ALWAYS
TI-TSE-003,2,26,0,ALWAYS
TI-TSE-003,2,27,0,ALWAYS
TI-TSE-003,2,28,0,ALWAYS
TI-TSE-003,2,29,0,ALWAYS
TI-TSE-003,2,30,0,ALWAYS
TI-TSE-003,3,1,0,ALWAYS
TI-TSE-003,3,2,0,ALWAYS
TI-TSE-003,3,3,0,ALWAYS
TI-TSE-003,3,4,0,ALWAYS
TI-TSE-003,3,5,0,ALWAYS
TI-TSE-003,3,6,0,ALWAYS
TI-TSE-003,3,7,0,ALWAYS
TI-TSE-003,3,8,0,ALWAYS
TI-TSE-003,3,9,0,ALWAYS
TI-TSE-003,3,10,0,ALWAYS
TI-TSE-003,3,11,0,ALWAYS
TI-TSE-003,3,12,0,ALWAYS
TI-TSE-003,3,13,0,ALWAYS
TI-TSE-003,3,14,0,ALWAYS
TI-TSE-003,3,15,0,ALWAYS
TI-TSE-003,3,16,0,ALWAYS
TI-TSE-003,3,17,0,ALWAYS
TI-TSE-003,3,18,0,ALWAYS
TI-TSE-003,3,19,0,ALWAYS
TI-TSE-003,3,20,0,ALWAYS
TI-TSE-003,3,21,0,ALWAYS
TI-TSE-003,3,22,0,ALWAYS
TI-TSE-003,3,23,0,ALWAYS
TI-TSE-003,3,24,0,ALWAYS
TI-TSE-003,3,25,0,ALWAYS
TI-TSE-003,3,26,0,ALWAYS
TI-TSE-003,3,27,0,ALWAYS
TI-TSE-003,3,28,0,ALWAYS
TI-TSE-003,3,29,0,ALWAYS
TI-TSE-003,3,30,0,ALWAYS
TI-TSE-003,4,1,0,ALWAYS
TI-TSE-003,4,2,0,ALWAYS
TI-TSE-003,4,3,0,ALWAYS
TI-TSE-003,4,4,0,ALWAYS
TI-TSE-003,4,5,0,ALWAYS
TI-TSE-003,4,6,0,ALWAYS
TI-TSE-003,4,7,0,ALWAYS
TI-TSE-003,4,8,0,ALWAYS
TI-TSE-003,4,9,0,ALWAYS
TI-TSE-003,4,10,0,ALWAYS
TI-TSE-003,4,11,0,ALWAYS
TI-TSE-003,4,12,0,ALWAYS
TI-TSE-003,4,13,0,ALWAYS
TI-TSE-003,4,14,0,ALWAYS
TI-TSE-003,4,15,0,ALWAYS
TI-TSE-003,4,16,0,ALWAYS
TI-TSE-003,4,17,0,ALWAYS
TI-TSE-003,4,18,0,ALWAYS
TI-TSE-003,4,19,0,ALWAYS
TI-TSE-003,4,20,0,ALWAYS
TI-TSE-003,4,21,0,ALWAYS
TI-TSE-003,4,22,0,ALWAYS
TI-TSE-003,4,23,0,ALWAYS
TI-TSE-003,4,24,0,ALWAYS
TI-TSE-003,4,25,0,ALWAYS
TI-TSE-003,4,26,0,ALWAYS
TI-TSE-003,4,27,0,ALWAYS
TI-TSE-003,4,28,0,ALWAYS
TI-TSE-003,4,29,0,ALWAYS
TI-TSE-003,4,30,0,ALWAYS
TI-TSE-003,5,1,0,ALWAYS
TI-TSE-003,5,2,0,ALWAYS
TI-TSE-003,5,3,0,ALWAYS
TI-TSE-003,5,4,0,ALWAYS
TI-TSE-003,5,5,0,ALWAYS
TI-TSE-003,5,6,0,ALWAYS
TI-TSE-003,5,7,0,ALWAYS
TI-TSE-003,5,8,0,ALWAYS
TI-TSE-003,5,9,0,ALWAYS
TI-TSE-003,5,10,0,ALWAYS
TI-TSE-003,5,11,0,ALWAYS
TI-TSE-003,5,12,0,ALWAYS
TI-TSE-003,5,13,0,ALWAYS
TI-TSE-003,5,14,0,ALWAYS
TI-TSE-003,5,15,0,ALWAYS
TI-TSE-003,5,16,0,ALWAYS
TI-TSE-003,5,17,0,ALWAYS
TI-TSE-003,5,18,0,ALWAYS
TI-TSE-003,5,19,0,ALWAYS
TI-TSE-003,5,20,0,ALWAYS
TI-TSE-003,5,21,0,ALWAYS
TI-TSE-003,5,22,0,ALWAYS
TI-TSE-003,5,23,0,ALWAYS
TI-TSE-003,5,24,0,ALWAYS
TI-TSE-003,5,25,0,ALWAYS
TI-TSE-003,5,26,0,ALWAYS
TI-TSE-003,5,27,0,ALWAYS
TI-TSE-003,5,28,0,ALWAYS
TI-TSE-003,5,29,0,ALWAYS
TI-TSE-003,5,30,0,ALWAYS
TI-TSE-003,6,1,0,ALWAYS
TI-TSE-003,6,2,0,ALWAYS
TI-TSE-003,6,3,0,ALWAYS
TI-TSE-003,6,4,0,ALWAYS
TI-TSE-003,6,5,0,ALWAYS
TI-TSE-003,6,6,0,ALWAYS
TI-TSE-003,6,7,0,ALWAYS
TI-TSE-003,6,8,0,ALWAYS
TI-TSE-003,6,9,0,ALWAYS
TI-TSE-003,6,10,0,ALWAYS
TI-TSE-003,6,11,0,ALWAYS
TI-TSE-003,6,12,0,ALWAYS
TI-TSE-003,6,13,0,ALWAYS
TI-TSE-003,6,14,0,ALWAYS
TI-TSE-003,6,15,0,ALWAYS
TI-TSE-003,6,16,0,ALWAYS
TI-TSE-003,6,17,0,ALWAYS
TI-TSE-003,6,18,0,ALWAYS
TI-TSE-003,6,19,0,ALWAYS
TI-TSE-003,6,20,0,ALWAYS
TI-TSE-003,6,21,0,ALWAYS
TI-TSE-003,6,22,0,ALWAYS
TI-TSE-003,6,23,0,ALWAYS
TI-TSE-003,6,24,0,ALWAYS
TI-TSE-003,6,25,0,ALWAYS
TI-TSE-003,6,26,0,ALWAYS
TI-TSE-003,6,27,0,ALWAYS
TI-TSE-003,6,28,0,ALWAYS
TI-TSE-003,6,29,0,ALWAYS
TI-TSE-003,6,30,0,ALWAYS
TI-TSE-003,7,1,0,ALWAYS
TI-TSE-003,7,2,0,ALWAYS
TI-TSE-003,7,3,0,ALWAYS
TI-TSE-003,7,4,0,ALWAYS
TI-TSE-003,7,5,0,ALWAYS
TI-TSE-003,7,6,0,ALWAYS
TI-TSE-003,7,7,0,ALWAYS
TI-TSE-003,7,8,0,ALWAYS
TI-TSE-003,7,9,0,ALWAYS
TI-TSE-003,7,10,0,ALWAYS
TI-TSE-003,7,11,0,ALWAYS
TI-TSE-003,7,12,0,ALWAYS
TI-TSE-003,7,13,0,ALWAYS
TI-TSE-003,7,14,0,ALWAYS
TI-TSE-003,7,15,0,ALWAYS
TI-TSE-003,7,16,0,ALWAYS
TI-TSE-003,7,17,0,ALWAYS
TI-TSE-003,7,18,0,ALWAYS
TI-TSE-003,7,19,0,ALWAYS
TI-TSE-003,7,20,0,ALWAYS
TI-TSE-003,7,21,0,ALWAYS
TI-TSE-003,7,22,0,ALWAYS
TI-TSE-003,7,23,0,ALWAYS
TI-TSE-003,7,24,0,ALWAYS
TI-TSE-003,7,25,0,ALWAYS
TI-TSE-003,7,26,0,ALWAYS
TI-TSE-003,7,27,0,ALWAYS
TI-TSE-003,7,28,0,ALWAYS
TI-TSE-003,7,29,0,ALWAYS
TI-TSE-003,7,30,0,ALWAYS
TI-TSE-003,8,1,0,ALWAYS
TI-TSE-003,8,2,0,ALWAYS
TI-TSE-003,8,3,0,ALWAYS
TI-TSE-003,8,4,0,ALWAYS
TI-TSE-003,8,5,0,ALWAYS
TI-TSE-003,8,6,0,ALWAYS
TI-TSE-003,8,7,0,ALWAYS
TI-TSE-003,8,8,0,ALWAYS
TI-TSE-003,8,9,0,ALWAYS
TI-TSE-003,8,10,0,ALWAYS
TI-TSE-003,8,11,0,ALWAYS
TI-TSE-003,8,12,0,ALWAYS
TI-TSE-003,8,13,0,ALWAYS
TI-TSE-003,8,14,0,ALWAYS
TI-TSE-003,8,15,0,ALWAYS
TI-TSE-003,8,16,0,ALWAYS
TI-TSE-003,8,17,0,ALWAYS
TI-TSE-003,8,18,0,ALWAYS
TI-TSE-003,8,19,0,ALWAYS
TI-TSE-003,8,20,0,ALWAYS
TI-TSE-003,8,21,0,ALWAYS
TI-TSE-003,8,22,0,ALWAYS
TI-TSE-003,8,23,0,ALWAYS
TI-TSE-003,8,24,0,ALWAYS
TI-TSE-003,8,25,0,ALWAYS
TI-TSE-003,8,26,0,ALWAYS
TI-TSE-003,8,27,0,ALWAYS
TI-TSE-003,8,28,0,ALWAYS
TI-TSE-003,8,29,0,ALWAYS
TI-TSE-003,8,30,0,ALWAYS
TI-TSE-003,9,1,0,ALWAYS
TI-TSE-003,9,2,0,ALWAYS
TI-TSE-003,9,3,0,ALWAYS
TI-TSE-003,9,4,0,ALWAYS
TI-TSE-003,9,5,0,ALWAYS
TI-TSE-003,9,6,0,ALWAYS
TI-TSE-003,9,7,0,ALWAYS
TI-TSE-003,9,8,0,ALWAYS
TI-TSE-003,9,9,0,ALWAYS
TI-TSE-003,9,10,0,ALWAYS
TI-TSE-003,9,11,0,ALWAYS
TI-TSE-003,9,12,0,ALWAYS
TI-TSE-003,9,13,0,ALWAYS
TI-TSE-003,9,14,0,ALWAYS
TI-TSE-003,9,15,0,ALWAYS
TI-TSE-003,9,16,0,ALWAYS
TI-TSE-003,9,17,0,ALWAYS
TI-TSE-003,9,18,0,ALWAYS
TI-TSE-003,9,19,0,ALWAYS
TI-TSE-003,9,20,0,ALWAYS
TI-TSE-003,9,21,0,ALWAYS
TI-TSE-003,9,22,0,ALWAYS
TI-TSE-003,9,23,0,ALWAYS
TI-TSE-003,9,24,0,ALWAYS
TI-TSE-003,9,25,0,ALWAYS
TI-TSE-003,9,26,0,ALWAYS
TI-TSE-003,9,27,0,ALWAYS
TI-TSE-003,9,28,0,ALWAYS
TI-TSE-003,9,29,0,ALWAYS
TI-TSE-003,9,30,0,ALWAYS
TI-TSE-003,10,1,0,ALWAYS
TI-TSE-003,10,2,0,ALWAYS
TI-TSE-003,10,3,0,ALWAYS
TI-TSE-003,10,4,0,ALWAYS
TI-TSE-003,10,5,0,ALWAYS
TI-TSE-003,10,6,0,ALWAYS
TI-TSE-003,10,7,0,ALWAYS
TI-TSE-003,10,8,0,ALWAYS
TI-TSE-003,10,9,0,ALWAYS
TI-TSE-003,10,10,0,ALWAYS
TI-TSE-003,10,11,0,ALWAYS
TI-TSE-003,10,12,0,ALWAYS
TI-TSE-003,10,13,0,ALWAYS
TI-TSE-003,10,14,0,ALWAYS
TI-TSE-003,10,15,0,ALWAYS
TI-TSE-003,10,16,0,ALWAYS
TI-TSE-003,10,17,0,ALWAYS
TI-TSE-003,10,18,0,ALWAYS
TI-TSE-003,10,19,0,ALWAYS
TI-TSE-003,10,20,0,ALWAYS
TI-TSE-003,10,21,0,ALWAYS
TI-TSE-003,10,22,0,ALWAYS
TI-TSE-003,10,23,0,ALWAYS
TI-TSE-003,10,24,0,ALWAYS
TI-TSE-003,10,25,0,ALWAYS
TI-TSE-003,10,26,0,ALWAYS
TI-TSE-003,10,27,0,ALWAYS
TI-TSE-003,10,28,0,ALWAYS
TI-TSE-003,10,29,0,ALWAYS
TI-TSE-003,10,30,0,ALWAYS
TI-TSE-003,11,1,0,ALWAYS
TI-TSE-003,11,2,0,ALWAYS
TI-TSE-003,11,3,0,ALWAYS
TI-TSE-003,11,4,0,ALWAYS
TI-TSE-003,11,5,0,ALWAYS
TI-TSE-003,11,6,0,ALWAYS
TI-TSE-003,11,7,0,ALWAYS
TI-TSE-003,11,8,0,ALWAYS
TI-TSE-003,11,9,0,ALWAYS
TI-TSE-003,11,10,0,ALWAYS
TI-TSE-003,11,11,0,ALWAYS
TI-TSE-003,11,12,0,ALWAYS
TI-TSE-003,11,13,0,ALWAYS
TI-TSE-003,11,14,0,ALWAYS
TI-TSE-003,11,15,0,ALWAYS
TI-TSE-003,11,16,0,ALWAYS
TI-TSE-003,11,17,0,ALWAYS
TI-TSE-003,11,18,0,ALWAYS
TI-TSE-003,11,19,0,ALWAYS
TI-TSE-003,11,20,0,ALWAYS
TI-TSE-003,11,21,0,ALWAYS
TI-TSE-003,11,22,0,ALWAYS
TI-TSE-003,11,23,0,ALWAYS
TI-TSE-003,11,24,0,ALWAYS
TI-TSE-003,11,25,0,ALWAYS
TI-TSE-003,11,26,0,ALWAYS
TI-TSE-003,11,27,0,ALWAYS
TI-TSE-003,11,28,0,ALWAYS
TI-TSE-003,11,29,0,ALWAYS
TI-TSE-003,11,30,0,ALWAYS
TI-TSE-003,12,1,0,ALWAYS
TI-TSE-003,12,2,0,ALWAYS
TI-TSE-003,12,3,0,ALWAYS
TI-TSE-003,12,4,0,ALWAYS
TI-TSE-003,12,5,0,ALWAYS
TI-TSE-003,12,6,0,ALWAYS
TI-TSE-003,12,7,0,ALWAYS
TI-TSE-003,12,8,0,ALWAYS
TI-TSE-003,12,9,0,ALWAYS
TI-TSE-003,12,10,0,ALWAYS
TI-TSE-003,12,11,0,ALWAYS
TI-TSE-003,12,12,0,ALWAYS
TI-TSE-003,12,13,0,ALWAYS
TI-TSE-003,12,14,0,ALWAYS
TI-TSE-003,12,15,0,ALWAYS
TI-TSE-003,12,16,0,ALWAYS
TI-TSE-003,12,17,0,ALWAYS
TI-TSE-003,12,18,0,ALWAYS
TI-TSE-003,12,19,0,ALWAYS
TI-TSE-003,12,20,0,ALWAYS
TI-TSE-003,12,21,0,ALWAYS
TI-TSE-003,12,22,0,ALWAYS
TI-TSE-003,12,23,0,ALWAYS
TI-TSE-003,12,24,0,ALWAYS
TI-TSE-003,12,25,0,ALWAYS
TI-TSE-003,12,26,0,ALWAYS
TI-TSE-003,12,27,0,ALWAYS
TI-TSE-003,12,28,0,ALWAYS
TI-TSE-003,12,29,0,ALWAYS
TI-TSE-003,12,30,0,ALWAYS
TI-TSE-003,13,1,0,ALWAYS
TI-TSE-003,13,2,0,ALWAYS
TI-TSE-003,13,3,0,ALWAYS
TI-TSE-003,13,4,0,ALWAYS
TI-TSE-003,13,5,0,ALWAYS
TI-TSE-003,13,6,0,ALWAYS
